{"skeleton":{"hash":"QyY7A81GztSKXXL8FUAUpuwlPkY","spine":"3.1.03","width":72.61,"height":100.82},"bones":[{"name":"root"},{"name":"bone","parent":"root","x":1.29,"y":26.06},{"name":"9","parent":"bone","length":11.7,"x":-7.18,"y":-7.62,"rotation":88.49},{"name":"bone2","parent":"9","length":15.77,"x":11.7,"rotation":-17.35},{"name":"2","parent":"bone2","length":30.34,"x":15.58,"y":-0.37,"rotation":17.15},{"name":"1","parent":"2","length":8.62,"x":-16.48,"y":10.6,"rotation":3.72},{"name":"3","parent":"1","length":9.94,"x":2.09,"y":-1.61,"rotation":-75.81},{"name":"4","parent":"1","length":7.03,"x":1.61,"y":0.56,"rotation":45.73},{"name":"5","parent":"bone2","length":17.81,"x":17.89,"y":-17.4,"rotation":-120.88},{"name":"6","parent":"5","length":8.7,"x":22.66,"y":0.68,"rotation":-30.61},{"name":"7","parent":"6","length":10.88,"x":7.76,"y":-0.1,"rotation":-20.97},{"name":"8","parent":"5","length":5.41,"x":13.66,"y":-2.71,"rotation":-37.58},{"name":"10","parent":"bone2","length":13.5,"x":7.53,"y":9.24,"rotation":152.25},{"name":"11","parent":"10","length":9.93,"x":15.09,"y":0.2,"rotation":29.2},{"name":"12","parent":"11","length":7.74,"x":9.79,"y":-0.21,"rotation":16.08},{"name":"13","parent":"10","length":4.8,"x":9.9,"y":2.63,"rotation":46.64},{"name":"14","parent":"9","length":6.16,"x":0.24,"y":0.08,"rotation":179.11},{"name":"15","parent":"14","length":5.45,"x":-1.44,"y":9.95,"rotation":32.24},{"name":"16","parent":"14","length":4.88,"x":-1.19,"y":-5.18,"rotation":-20.92},{"name":"17","parent":"bone","length":14.1,"x":-5.2,"y":-13.14,"rotation":-97.32},{"name":"18","parent":"bone","length":9.82,"x":4.8,"y":-23.02,"rotation":-19.96},{"name":"19","parent":"bone","length":7.65,"x":-10.85,"y":-22.38,"rotation":-157.15},{"name":"bone3","parent":"3","length":11.4,"x":9.94,"rotation":15.58},{"name":"bone4","parent":"bone3","length":12.14,"x":11.4,"y":-0.01,"rotation":7.53},{"name":"bone5","parent":"bone4","length":11.18,"x":12.14,"rotation":12.39},{"name":"bone6","parent":"4","length":7.64,"x":7.03,"y":-0.02,"rotation":-13.65},{"name":"bone7","parent":"bone6","length":5.81,"x":7.74,"y":-0.06,"rotation":-5.08},{"name":"bone8","parent":"bone7","length":6.15,"x":5.81,"rotation":-8.65},{"name":"bone9","parent":"8","length":5.88,"x":5.41,"rotation":-0.28},{"name":"bone10","parent":"bone9","length":5.87,"x":5.88,"rotation":-0.88},{"name":"bone11","parent":"bone10","length":5.56,"x":5.87,"rotation":2.35},{"name":"bone12","parent":"13","length":4.09,"x":4.8,"rotation":1.18},{"name":"bone13","parent":"bone12","length":4.45,"x":4.09,"rotation":-1.23},{"name":"bone14","parent":"bone13","length":5.07,"x":4.45,"rotation":1.98},{"name":"bone15","parent":"14","length":5.26,"x":6.16,"rotation":2.39},{"name":"bone16","parent":"bone15","length":5,"x":5.26,"rotation":-0.01},{"name":"bone17","parent":"15","length":5.98,"x":5.45,"y":-0.02,"rotation":5.54},{"name":"bone18","parent":"bone17","length":4.67,"x":5.98,"rotation":17.49},{"name":"bone19","parent":"bone18","length":4.48,"x":4.67,"rotation":6.14},{"name":"bone20","parent":"16","length":4.3,"x":4.88,"rotation":5.95},{"name":"bone21","parent":"bone20","length":4.42,"x":4.3,"rotation":0.5},{"name":"fx_face","parent":"2","length":15.44,"x":-0.2,"y":5.31,"rotation":3.56},{"name":"shadow","parent":"root","length":11.54,"x":-0.2,"y":-1.06,"rotation":-90.63}],"slots":[{"name":"shadow","bone":"shadow","attachment":"shadow"},{"name":"15","bone":"18","attachment":"15"},{"name":"14","bone":"19","attachment":"14"},{"name":"13","bone":"17","attachment":"13"},{"name":"12","bone":"16","attachment":"12"},{"name":"11","bone":"13","attachment":"11"},{"name":"10","bone":"10","attachment":"10"},{"name":"9","bone":"9","attachment":"9"},{"name":"4","bone":"8","attachment":"4"},{"name":"3","bone":"5","attachment":"3"},{"name":"2","bone":"2","attachment":"2"},{"name":"fx_face","bone":"fx_face","attachment":"fx_face","blend":"additive"},{"name":"1","bone":"4","attachment":"1"},{"name":"8","bone":"12","attachment":"8"},{"name":"7","bone":"11","attachment":"7"},{"name":"6","bone":"7","attachment":"6"},{"name":"5","bone":"6","attachment":"5"}],"skins":{"default":{"1":{"1":{"type":"weightedmesh","uvs":[0.92895,0.11742,1,0.09353,1,0.42454,0.91946,0.60881,0.75962,0.81356,0.51906,1,0.25458,1,0.1519,1,0.09176,0.8784,0,0.63952,0,0.39383,0,0.07306,0.01425,0.07388,0.14241,0,0.17722,0.23344,0.20965,0.34085,0.23694,0.43125,0.25555,0.49289,0.30928,0.43761,0.37505,0.36994,0.43519,0.16178,0.46367,0,0.81838,0,0.9068,0,0.25485,0.85801,0.41451,0.76618,0.55861,0.56505,0.69481,0.32295,0.17237,0.7146,0.11071,0.51315,0.06803,0.35268,0.87515,0.26074],"triangles":[30,11,12,30,10,11,30,14,15,30,12,14,12,13,14,9,10,29,10,30,29,15,29,30,15,16,29,8,9,28,9,29,28,28,29,16,6,24,5,6,7,24,7,8,24,8,28,24,25,24,17,24,28,17,2,27,31,2,31,1,3,27,2,27,20,22,27,22,31,22,20,21,0,22,23,0,31,22,31,0,1,25,26,4,4,26,3,26,27,3,26,19,27,19,20,27,24,25,5,5,25,4,26,25,18,18,19,26,18,25,17,17,28,16],"vertices":[1,24,15.27,-8.34,1,1,24,18.9,-11.72,1,1,24,10.59,-18.28,1,5,5,8.09,-45.86,0.00169,23,18.37999,-16.62,0.27957,24,2.52,-17.58,0.71873,25,-26.02,-44.42,0,26,-29.72,-47.16,0,7,5,1.93,-34.59999,2.1E-4,22,18.98,-13.85,0.12553,23,5.69,-14.71,0.676,24,-9.45,-12.98,0.19824,7,-24.96,-24.78,0,25,-25.26,-31.61,0,26,-30.09,-34.34,0,6,6,14.34,-9.34,0.23144,22,1.73,-10.18,0.71427,23,-10.92,-8.81,0.05427,7,-16.69,-9.2,0,25,-20.9,-14.52,0,26,-27.25,-16.93,0,4,5,-2.81,0.42,0.99327,7,-3.18,3.06,0.00502,25,-10.66,0.58999,0.0017,26,-18.39,-0.97,0,4,5,-2.56,7.5,0.05865,22,-19.79999,3.15,0,7,2.05,7.83,0.82267,25,-6.69,6.45,0.11866,4,22,-21.28,8.64999,0,7,7.74,7.74,0.59298,25,-1.14,7.71,0.39612,26,-9.54,6.95,0.01088,5,22,-22.64,18.48,0,7,17.56,6.34,0.06397,25,8.72999,8.66,0.52081,26,0.21,8.78,0.41126,27,-6.85,7.84,0.00394,4,22,-18.5,25.17,0,25,15.24,4.26,0.03255,26,7.09,4.96,0.54887,27,0.51,5.1,0.41855,1,27,10.13,1.52,1,1,27,9.76,0.61,1,1,27,8.89,-8.5,1,4,5,21.88,4.9,0.07329,25,12.63,-8.74,0.02981,26,5.64,-8.21,0.32084,27,1.04999,-8.14,0.57603,4,5,18.37,2.78,0.24308,25,8.53,-8.66,0.17302,26,1.55,-8.5,0.39019,27,-2.94,-9.04,0.19368,7,5,15.41,1,0.49676,6,0.72,13.55,0.00451,22,-5.23,15.54,0.00828,23,-14.46,17.59,9.0E-5,25,5.08,-8.6,0.2297,26,-1.89,-8.74,0.21432,27,-6.31,-9.8,0.0463,7,5,13.4,-0.2,0.72741,6,1.4,11.3,0.03204,22,-5.17999,13.18,0.0377,23,-14.71,15.25,0.00186,25,2.73,-8.56,0.12549,26,-4.23999,-8.91,0.06934,27,-8.6,-10.31,0.0061,7,5,15.04,-3.97,0.65355,6,5.45,11.97,0.10284,22,-1.09,12.74,0.19986,23,-10.72,14.28,0.01999,7,6.12,-12.78,0,25,2.10999,-12.62,0.01411,26,-4.48999,-13.01,0.00963,6,5,17.04,-8.58,0.3687,6,10.42,12.78,0.06731,22,3.9,12.19,0.43054,23,-5.84,13.08,0.12694,24,-14.76,16.64,0.00647,7,4.21,-17.44,0,8,5,23.56,-12.96,0.12263,6,16.26,18.02,8.7E-4,22,10.93,15.67,0.34817,23,1.58,15.6,0.42974,24,-6.96,17.51,0.09854,7,5.62,-25.16,0,25,4.55,-24.76,0,26,-0.99,-24.89,0,7,5,28.66,-15.11,0.07851,22,15.33,19.03,0.24987,23,6.38,18.37,0.48668,24,-1.67,19.17,0.18489,7,7.65,-30.31,0,25,7.74,-29.29,0,26,2.58,-29.12,1.0E-5,1,24,13.49,-0.03,1,1,24,17.27,-4.81,1,1,7,-0.14,-0.3,1,2,6,9.5,-0.15,0.5,22,-0.46,-0.02,0.5,2,22,11.38,0.21,0.5,23,0,0.22,0.5,2,23,12.18,0.26,0.5,24,0.09,0.25,0.5,2,7,7.15,0.12,0.5,25,0.07,0.16,0.5,2,25,7.79,0.07,0.5,26,0.04,0.14,0.5,2,26,5.96,0.22,0.5,27,0.1,0.24,0.5,1,24,9.35999,-8.27,1],"hull":24}},"10":{"10":{"x":6.53,"y":0.66,"rotation":136.64,"width":14,"height":15}},"11":{"11":{"type":"weightedmesh","uvs":[1,0.27405,1,0.48207,1,0.68609,1,1,0.56983,1,0.1918,1,0,0.88607,0,0.70605,0,0.46803,0,0.26601,0,0,0.46539,0,1,0,0.48623,0.28203,0.50712,0.48205,0.52801,0.69007],"triangles":[5,6,7,15,5,7,4,15,2,5,15,4,4,2,3,15,14,1,2,15,1,7,8,14,7,14,15,8,9,13,14,13,0,8,13,14,14,0,1,9,10,11,13,11,12,0,13,12,9,11,13],"vertices":[3,15,4.5,3.08,0.54429,31,-0.23,3.09,0.45569,33,-8.72999,3.31,0,2,31,4.13,3,0.50207,32,-0.02,3,0.49792,3,31,8.41,2.91,4.1E-4,32,4.25,3,0.59222,33,-0.09,3,0.40736,1,33,6.49,2.77,1,1,33,6.4,0.19,1,1,33,6.32,-2.06,1,2,32,8.45,-2.99,6.4E-4,33,3.89,-3.13,0.99935,2,32,4.67,-2.99,0.46578,33,0.11,-3,0.53421,3,15,8.57,-2.91,0.00394,31,3.7,-2.98,0.5675,32,-0.32,-2.99,0.42854,3,15,4.33,-2.91,0.62824,31,-0.52999,-2.89,0.37175,33,-9.10999,-2.68,0,2,15,-1.25,-2.9,1,33,-14.69,-2.48,0,1,15,-1.25,-0.11,1,2,15,-1.24,3.09,0.99999,33,-14.49,3.51,0,2,15,4.67,0,0.5,31,-0.13,0.01,0.5,2,31,4.06,0.04,0.5,32,-0.03,0.04,0.5,2,32,4.33,0.16,0.5,33,-0.1,0.17,0.5],"hull":13}},"12":{"12":{"type":"weightedmesh","uvs":[0.7517,0.17054,0.82963,0.40117,1,0.63736,1,0.92162,1,1,0.58296,1,0.28449,1,0.08296,1,0,0.86974,0,0.79438,0,0.48117,0,0.2145,0.07407,0,0.17359,0,0.23407,0,0.28858,0,0.38963,0,0.52119,0,0.69407,0,0.28022,0.48892,0.27727,0.74304,0.62804,0.3459,0.72989,0.60049,0.82938,0.72362,0.0862,0.33907,0.05267,0.53609,0.44074,0.42403,0.48963,0.69831,0.16963,0.46593,0.14518,0.6526],"triangles":[29,20,7,9,29,8,8,29,7,9,25,29,9,10,25,29,25,28,28,25,24,25,10,24,10,11,24,24,11,13,13,11,12,5,3,4,5,23,3,23,2,3,23,22,2,23,27,22,23,5,27,27,26,22,22,1,2,26,21,22,22,21,1,21,0,1,0,17,18,0,21,17,6,27,5,7,20,6,6,20,27,27,20,19,20,29,19,14,24,13,14,28,24,28,14,15,26,16,17,19,26,27,29,28,19,26,19,15,28,15,19,15,16,26,26,17,21],"vertices":[3,17,3.81,5.66,0.73071,36,-1.08,5.82,0.2624,37,-4.98,7.68,0.00688,4,17,9.41,5.7,0.08792,36,4.48999,5.32,0.53605,37,0.17,5.52,0.3296,38,-3.87,5.98,0.0464,3,36,12.08,7.47,0.00497,37,8.06,5.29,0.09892,38,3.93,4.9,0.8961,2,38,7.02,-0.2,1,39,1.77,34.99,0,3,34,10.7,26.06,0,38,7.87,-1.61,0.99999,39,3.34,35.48,0,7,34,10.73,11.05,0.07334,35,5.47,11.05,0.29222,36,9.63,-9.18,0.22547,37,0.72,-9.85,0.38567,38,-4.96999,-9.37,0.02304,39,7.85,21.16,0,40,3.73,21.13,2.4E-4,4,35,5.5,0.31,0.99714,36,3.43,-17.95,0.00153,37,-7.82,-16.36,0.00131,39,11.09,10.92,0,6,16,17.21999,-6.48,0,34,10.78,-6.94,0.00163,35,5.52,-6.94,0.3925,36,-0.75,-23.88,2.0E-5,37,-13.6,-20.75,2.0E-5,40,9,3.92,0.60579,7,16,14.62,-9.58,3.0E-5,34,8.05,-9.93,9.0E-5,35,2.79,-9.93,0.08671,36,-4.69999,-24.74,0,37,-17.62999,-20.37999,0,39,11.56,0.33,3.6E-4,40,7.26,0.26,0.91278,6,16,13.04,-9.64999,3.0E-5,35,1.21,-9.93,0.00981,36,-5.99,-23.82,0,37,-18.59,-19.12,0,39,10.05,-0.14,9.9E-4,40,5.75,-0.19,0.98915,2,39,3.78,-2.11999,0.74541,40,-0.52999,-2.10999,0.25458,2,18,3.73,-3.93,0.77756,39,-1.55,-3.8,0.22243,1,18,-1.46,-3.28,1,1,16,-3.89,-4.15,1,1,16,-3.98,-1.98,1,1,16,-4.07,-0.02,1,1,16,-4.23,3.61,1,1,16,-4.44,8.34,1,2,17,-0.31,5.64,0.97301,36,-5.19999,6.2,0.02698,2,16,6.19,0.13,0.5,34,0.03,0.13,0.5,2,34,5.36,0.03,0.5,35,0.1,0.03,0.5,2,17,4.81,-0.02,0.5,36,-0.64,0.06,0.5,2,36,5.83,-0.02,0.5,37,-0.14,0.02,0.5,2,37,4.27,0.13,0.5,38,-0.38,0.18,0.5,2,18,4.89,-0.05,0.5,39,0,-0.06,0.5,2,39,4.31,0.03,0.5,40,0.01,0.03,0.5,8,16,4.57,5.84,0.45708,34,-1.34,5.9,0.1474,35,-6.6,5.9,0.02178,17,2.89,-6.68,0.29043,36,-3.19,-6.38,0.08099,37,-10.67,-3.32,0.0023,39,-2.13,12.64,0,40,-6.32,12.7,0,8,16,10.25,7.85,0.06883,34,4.41,7.67,0.22683,35,-0.84,7.68,0.26742,17,8.77,-8.01,0.04237,36,2.52,-8.27,0.28297,37,-5.78,-6.84,0.11144,39,2.82,16.04999,0,40,-1.33,16.07,9.0E-5,5,16,4.19,-3.69,0.47274,34,-2.10999,-3.61,0.06123,18,4.5,3.31,0.28669,39,-0.03,3.32,0.177,40,-4.3,3.36,0.00232,7,16,9.84,-4.56,0.00969,34,3.48,-4.71999,0.17075,35,-1.77,-4.71999,0.11201,36,-5.41,-17.84,0,37,-16.23,-13.58,0,39,5.64,3.94,0.10031,40,1.37,3.93,0.60722],"hull":19}},"13":{"13":{"x":5.84,"y":6.52,"rotation":97.31,"width":34,"height":17}},"14":{"14":{"x":3.22,"y":-0.39,"rotation":156.98,"width":9,"height":6}},"15":{"15":{"x":4.39,"y":0.26,"rotation":20.05,"width":13,"height":6}},"2":{"2":{"type":"mesh","uvs":[0.92632,0.0807,0.95312,0.25192,1,0.3611,1,0.57203,1,0.72588,0.85664,0.93185,0.75748,1,0.22684,1,0,0.87477,0,0.69362,0,0.50999,0,0.30899,0.125,0.10551,0.33136,0,0.49752,0,0.77356,0,0.1518,0.42811,0.12768,0.58196,0.19736,0.67625,0.31528,0.41322,0.55916,0.42314,0.73872,0.56459,0.36084,0.15266,0.19468,0.17003,0.17619,0.28135,0.33809,0.28278,0.60204,0.31892,0.67172,0.19485,0.84592,0.4157,0.87004,0.73085],"triangles":[22,13,14,23,12,13,22,23,13,27,14,15,27,15,0,22,14,27,27,0,1,24,12,23,25,23,22,24,23,25,11,12,24,26,22,27,25,22,26,19,24,25,28,27,1,28,1,2,26,27,28,20,25,26,19,25,20,16,11,24,16,24,19,10,11,16,28,20,26,21,20,28,28,2,3,29,21,28,17,10,16,19,17,16,18,17,19,9,10,17,9,17,18,3,29,28,4,29,3,8,9,18,29,6,21,5,29,4,21,7,18,8,18,7,5,6,29,18,19,20,18,20,21,6,7,21],"vertices":[36.33,-22.27,27.13,-23.88,21.3,-26.39,9.92,-26.73,1.61,-26.97,-9.71,-20.12999,-13.53,-15.28,-14.31,11.23,-7.88,22.76,1.89,23.05,11.8,23.34,22.65,23.66,33.81,17.73,39.81,7.59,40.06,-0.71,40.46,-14.5,16.44,15.88,8.1,16.84,3.11,13.21,17.48,7.74,17.31,-4.46,9.93,-13.66,31.61,5.87,30.43,14.15,24.4,14.9,24.56,6.8,22.99,-6.44,29.79,-9.72,18.12999,-18.78,1.15,-20.48],"hull":16}},"3":{"3":{"x":8.8,"y":-0.71,"rotation":49.54,"width":20,"height":21}},"4":{"4":{"type":"weightedmesh","uvs":[1,0.22896,1,0.44952,1,0.74361,1,0.84864,0.70613,1,0.3359,1,0,1,0,0.70948,0,0.4469,0,0.21058,0,0,0.47765,0,1,0,0.4304,0.23158,0.36739,0.48103,0.34376,0.73836],"triangles":[4,15,2,6,7,15,5,6,15,4,5,15,2,3,4,7,8,14,15,7,14,14,1,2,15,14,2,14,8,9,13,0,1,13,14,9,14,13,1,13,9,10,11,12,0,11,13,10,13,11,0],"vertices":[3,11,4.86,4.52,0.63996,28,-0.76,4.48,0.36002,30,-12.28,4.94999,0,4,11,10.14999,4.67,0.01524,28,4.51,4.88,0.68424,29,-1.24,4.92,0.30045,30,-6.99,5.09,6.0E-5,3,28,11.55,5.42,0.00266,29,5.8,5.28,0.50598,30,0.05,5.28,0.49134,3,28,14.06,5.61,0,29,8.31,5.41,0.21108,30,2.57,5.35,0.78891,2,29,12.06,3.25,0.00277,30,6.27,3.1,0.99722,2,28,18.09,0.58999,0,30,6.35,0.14,1,2,28,18.29,-2.08,0,30,6.42,-2.54,1,2,29,5.39,-2.74,0.66882,30,-0.54,-2.73,0.33117,2,28,5.06,-3.09,0.69533,29,-0.89,-3.06,0.30466,2,11,4.65,-3.48,0.62785,28,-0.58999,-3.52,0.37214,1,11,-0.39,-3.63,1,2,11,-0.5,0.18,1,30,-17.67,0.63,0,2,11,-0.62,4.36,0.99999,30,-17.78,4.8,0,2,11,5.05,-0.03,0.5,28,-0.35,-0.05,0.5,2,28,5.65,-0.09,0.5,29,-0.23,-0.09,0.5,2,29,5.94,0.03,0.5,30,0.07,0.03,0.5],"hull":13}},"5":{"5":{"x":0.49,"y":0.89,"rotation":80.28,"width":12,"height":19}},"6":{"6":{"x":5.5,"y":-1.19,"rotation":101.27,"width":12,"height":14}},"7":{"7":{"x":3.24,"y":-0.51,"rotation":107.43,"width":10,"height":18}},"8":{"8":{"x":3.65,"y":0.74,"rotation":91.26,"width":8,"height":12}},"9":{"9":{"type":"weightedmesh","uvs":[1,0.08194,1,0.28497,1,0.40235,1,0.59587,0.82168,0.79573,0.70412,1,0.31404,1,0.08823,1,0.04175,0.71525,0,0.45945,0,0.22469,0,0.10097,0.08057,0,0.47873,0,0.86257,0,0.31404,0.52147,0.3982,0.25498,0.31404,0.66883],"triangles":[10,11,12,14,0,1,16,12,13,10,12,16,16,13,14,1,16,14,16,1,2,15,9,10,16,15,10,15,16,2,4,15,2,2,3,4,4,17,15,8,9,15,17,8,15,6,7,8,5,6,17,6,8,17,4,5,17],"vertices":[1,3,20.43,-18.81,1,2,2,19.71999,-24.19,0.07729,3,14.86,-20.70999,0.9227,2,2,16.32,-24.28,0.14523,3,11.64,-21.81,0.85476,2,2,10.71,-24.43,0.25933,3,6.33,-23.62,0.74066,2,2,4.73999,-18.16,0.56002,3,-1.22,-19.41,0.43997,1,2,-1.28,-14.09,1,1,2,-1.65,-0.05,1,1,2,-1.86,8.06,1,2,2,6.34,9.95,0.85171,3,-8.08,7.91,0.14827,2,2,13.72,11.65,0.3889,3,-1.54,11.73,0.61109,2,2,20.52,11.83,0.09687,3,4.89,13.92,0.90312,1,3,8.29,15.08,1,1,3,12,13.28,1,1,3,16.62,-0.28,1,1,3,21.09,-13.36,1,2,2,12.22,0.3,0.5,3,0.4,0.44,0.5,1,3,8.68999,0.07,1,1,2,7.94,0.19,1],"hull":15}},"fx_face":{"fx_face":{"x":4.58,"y":-3.87,"rotation":-91.88,"width":40,"height":38}},"shadow":{"shadow":{"x":-1.2,"y":0.13,"scaleX":0.77,"scaleY":0.77,"rotation":90.6,"width":85,"height":42}}}},"animations":{"wait_DL":{"slots":{"fx_face":{"color":[{"time":0,"color":"ffffffff"},{"time":0.6666,"color":"ffffff00"},{"time":1.3333,"color":"ffffffff"}]}},"bones":{"root":{"rotate":[{"time":0,"angle":0,"curve":"stepped"},{"time":1.3333,"angle":0}],"translate":[{"time":0,"x":0,"y":0,"curve":"stepped"},{"time":1.3333,"x":0,"y":0}],"scale":[{"time":0,"x":1,"y":1,"curve":"stepped"},{"time":1.3333,"x":1,"y":1}]},"bone":{"rotate":[{"time":0,"angle":0,"curve":"stepped"},{"time":1.3333,"angle":0}],"translate":[{"time":0,"x":0,"y":0,"curve":"stepped"},{"time":1.3333,"x":0,"y":0}],"scale":[{"time":0,"x":1,"y":1,"curve":"stepped"},{"time":1.3333,"x":1,"y":1}]},"9":{"rotate":[{"time":0,"angle":0,"curve":[0.25,0,0.75,1]},{"time":0.6666,"angle":2.98,"curve":[0.422,0,0.672,1]},{"time":1.3333,"angle":0}],"translate":[{"time":0,"x":0,"y":0,"curve":[0.247,0,0.729,0.9]},{"time":0.6666,"x":0.05,"y":-4.49,"curve":[0.422,0,0.672,1]},{"time":1.3333,"x":0,"y":0}],"scale":[{"time":0,"x":1,"y":1,"curve":"stepped"},{"time":1.3333,"x":1,"y":1}]},"bone2":{"rotate":[{"time":0,"angle":0,"curve":"stepped"},{"time":1.3333,"angle":0}],"translate":[{"time":0,"x":0,"y":0},{"time":0.6666,"x":-0.82,"y":0.16},{"time":1.3333,"x":0,"y":0}],"scale":[{"time":0,"x":1,"y":1,"curve":"stepped"},{"time":1.3333,"x":1,"y":1}]},"2":{"rotate":[{"time":0,"angle":0},{"time":0.4,"angle":-2.5},{"time":0.8666,"angle":3.58},{"time":1.3333,"angle":0}],"translate":[{"time":0,"x":0,"y":0},{"time":0.4,"x":0.33,"y":0.02},{"time":0.8666,"x":-0.82,"y":-0.02},{"time":1.3333,"x":0,"y":0}],"scale":[{"time":0,"x":1,"y":1,"curve":"stepped"},{"time":1.3333,"x":1,"y":1}]},"1":{"rotate":[{"time":0,"angle":0,"curve":"stepped"},{"time":0.4,"angle":0,"curve":"stepped"},{"time":0.8666,"angle":0,"curve":"stepped"},{"time":1.3333,"angle":0}],"translate":[{"time":0,"x":0,"y":0,"curve":"stepped"},{"time":0.4,"x":0,"y":0,"curve":"stepped"},{"time":0.8666,"x":0,"y":0,"curve":"stepped"},{"time":1.3333,"x":0,"y":0}],"scale":[{"time":0,"x":1,"y":1,"curve":"stepped"},{"time":0.4,"x":1,"y":1,"curve":"stepped"},{"time":0.8666,"x":1,"y":1,"curve":"stepped"},{"time":1.3333,"x":1,"y":1}]},"3":{"rotate":[{"time":0,"angle":0},{"time":0.4,"angle":-4.52},{"time":0.8666,"angle":5.89},{"time":1.3333,"angle":0}],"translate":[{"time":0,"x":0,"y":0,"curve":"stepped"},{"time":0.4,"x":0,"y":0,"curve":"stepped"},{"time":0.8666,"x":0,"y":0,"curve":"stepped"},{"time":1.3333,"x":0,"y":0}],"scale":[{"time":0,"x":1,"y":1,"curve":"stepped"},{"time":0.4,"x":1,"y":1,"curve":"stepped"},{"time":0.8666,"x":1,"y":1,"curve":"stepped"},{"time":1.3333,"x":1,"y":1}]},"bone3":{"rotate":[{"time":0,"angle":0},{"time":0.4,"angle":2.35},{"time":0.8666,"angle":-2.75},{"time":1.3333,"angle":0}],"translate":[{"time":0,"x":0,"y":0,"curve":"stepped"},{"time":0.4,"x":0,"y":0,"curve":"stepped"},{"time":0.8666,"x":0,"y":0,"curve":"stepped"},{"time":1.3333,"x":0,"y":0}],"scale":[{"time":0,"x":1,"y":1,"curve":"stepped"},{"time":0.4,"x":1,"y":1,"curve":"stepped"},{"time":0.8666,"x":1,"y":1,"curve":"stepped"},{"time":1.3333,"x":1,"y":1}]},"bone4":{"rotate":[{"time":0,"angle":0},{"time":0.4,"angle":-4.71},{"time":0.8666,"angle":-7.02},{"time":1.3333,"angle":0}],"translate":[{"time":0,"x":0,"y":0,"curve":"stepped"},{"time":0.4,"x":0,"y":0,"curve":"stepped"},{"time":0.8666,"x":0,"y":0,"curve":"stepped"},{"time":1.3333,"x":0,"y":0}],"scale":[{"time":0,"x":1,"y":1,"curve":"stepped"},{"time":0.4,"x":1,"y":1,"curve":"stepped"},{"time":0.8666,"x":1,"y":1,"curve":"stepped"},{"time":1.3333,"x":1,"y":1}]},"bone5":{"rotate":[{"time":0,"angle":0},{"time":0.4,"angle":-2.49},{"time":0.8666,"angle":-16.64},{"time":1.3333,"angle":0}],"translate":[{"time":0,"x":0,"y":0,"curve":"stepped"},{"time":0.4,"x":0,"y":0,"curve":"stepped"},{"time":0.8666,"x":0,"y":0,"curve":"stepped"},{"time":1.3333,"x":0,"y":0}],"scale":[{"time":0,"x":1,"y":1,"curve":"stepped"},{"time":0.4,"x":1,"y":1,"curve":"stepped"},{"time":0.8666,"x":1,"y":1,"curve":"stepped"},{"time":1.3333,"x":1,"y":1}]},"4":{"rotate":[{"time":0,"angle":0},{"time":0.4,"angle":7.8},{"time":0.8666,"angle":-6.2},{"time":1.3333,"angle":0}],"translate":[{"time":0,"x":0,"y":0,"curve":"stepped"},{"time":0.4,"x":0,"y":0,"curve":"stepped"},{"time":0.8666,"x":0,"y":0,"curve":"stepped"},{"time":1.3333,"x":0,"y":0}],"scale":[{"time":0,"x":1,"y":1,"curve":"stepped"},{"time":0.4,"x":1,"y":1,"curve":"stepped"},{"time":0.8666,"x":1,"y":1,"curve":"stepped"},{"time":1.3333,"x":1,"y":1}]},"bone6":{"rotate":[{"time":0,"angle":0},{"time":0.4,"angle":0.69},{"time":0.8666,"angle":6.06},{"time":1.3333,"angle":0}],"translate":[{"time":0,"x":0,"y":0,"curve":"stepped"},{"time":0.4,"x":0,"y":0,"curve":"stepped"},{"time":0.8666,"x":0,"y":0,"curve":"stepped"},{"time":1.3333,"x":0,"y":0}],"scale":[{"time":0,"x":1,"y":1,"curve":"stepped"},{"time":0.4,"x":1,"y":1,"curve":"stepped"},{"time":0.8666,"x":1,"y":1,"curve":"stepped"},{"time":1.3333,"x":1,"y":1}]},"bone7":{"rotate":[{"time":0,"angle":0},{"time":0.4,"angle":-0.48},{"time":0.8666,"angle":8.21},{"time":1.3333,"angle":0}],"translate":[{"time":0,"x":0,"y":0,"curve":"stepped"},{"time":0.4,"x":0,"y":0,"curve":"stepped"},{"time":0.8666,"x":0,"y":0,"curve":"stepped"},{"time":1.3333,"x":0,"y":0}],"scale":[{"time":0,"x":1,"y":1,"curve":"stepped"},{"time":0.4,"x":1,"y":1,"curve":"stepped"},{"time":0.8666,"x":1,"y":1,"curve":"stepped"},{"time":1.3333,"x":1,"y":1}]},"bone8":{"rotate":[{"time":0,"angle":0},{"time":0.4,"angle":-7.95},{"time":0.8666,"angle":13.46},{"time":1.3333,"angle":0}],"translate":[{"time":0,"x":0,"y":0,"curve":"stepped"},{"time":0.4,"x":0,"y":0,"curve":"stepped"},{"time":0.8666,"x":0,"y":0,"curve":"stepped"},{"time":1.3333,"x":0,"y":0}],"scale":[{"time":0,"x":1,"y":1,"curve":"stepped"},{"time":0.4,"x":1,"y":1,"curve":"stepped"},{"time":0.8666,"x":1,"y":1,"curve":"stepped"},{"time":1.3333,"x":1,"y":1}]},"5":{"rotate":[{"time":0,"angle":0},{"time":0.4666,"angle":28.01},{"time":0.9,"angle":11.41},{"time":1.3333,"angle":0}],"translate":[{"time":0,"x":0,"y":0,"curve":"stepped"},{"time":0.4666,"x":0,"y":0,"curve":"stepped"},{"time":0.9,"x":0,"y":0,"curve":"stepped"},{"time":1.3333,"x":0,"y":0}],"scale":[{"time":0,"x":1,"y":1,"curve":"stepped"},{"time":0.4666,"x":1,"y":1,"curve":"stepped"},{"time":0.9,"x":1,"y":1,"curve":"stepped"},{"time":1.3333,"x":1,"y":1}]},"6":{"rotate":[{"time":0,"angle":0},{"time":0.4666,"angle":3.53},{"time":0.9,"angle":38.69},{"time":1.3333,"angle":0}],"translate":[{"time":0,"x":0,"y":0,"curve":"stepped"},{"time":0.4666,"x":0,"y":0,"curve":"stepped"},{"time":0.9,"x":0,"y":0,"curve":"stepped"},{"time":1.3333,"x":0,"y":0}],"scale":[{"time":0,"x":1,"y":1,"curve":"stepped"},{"time":0.4666,"x":1,"y":1,"curve":"stepped"},{"time":0.9,"x":1,"y":1,"curve":"stepped"},{"time":1.3333,"x":1,"y":1}]},"7":{"rotate":[{"time":0,"angle":0},{"time":0.4666,"angle":-3.32},{"time":0.9,"angle":41.43},{"time":1.3333,"angle":0}],"translate":[{"time":0,"x":0,"y":0,"curve":"stepped"},{"time":0.4666,"x":0,"y":0,"curve":"stepped"},{"time":0.9,"x":0,"y":0,"curve":"stepped"},{"time":1.3333,"x":0,"y":0}],"scale":[{"time":0,"x":1,"y":1,"curve":"stepped"},{"time":0.4666,"x":1,"y":1,"curve":"stepped"},{"time":0.9,"x":1,"y":1,"curve":"stepped"},{"time":1.3333,"x":1,"y":1}]},"8":{"rotate":[{"time":0,"angle":0},{"time":0.1666,"angle":-27.88},{"time":0.4666,"angle":-4.86},{"time":0.9,"angle":14.86},{"time":1.3333,"angle":0}],"translate":[{"time":0,"x":0,"y":0,"curve":"stepped"},{"time":0.4666,"x":0,"y":0,"curve":"stepped"},{"time":0.9,"x":0,"y":0,"curve":"stepped"},{"time":1.3333,"x":0,"y":0}],"scale":[{"time":0,"x":1,"y":1,"curve":"stepped"},{"time":0.4666,"x":1,"y":1,"curve":"stepped"},{"time":0.9,"x":1,"y":1,"curve":"stepped"},{"time":1.3333,"x":1,"y":1}]},"bone9":{"rotate":[{"time":0,"angle":0},{"time":0.4666,"angle":-21.28},{"time":0.9,"angle":11.15},{"time":1.3333,"angle":0}],"translate":[{"time":0,"x":0,"y":0,"curve":"stepped"},{"time":0.4666,"x":0,"y":0,"curve":"stepped"},{"time":0.9,"x":0,"y":0,"curve":"stepped"},{"time":1.3333,"x":0,"y":0}],"scale":[{"time":0,"x":1,"y":1,"curve":"stepped"},{"time":0.4666,"x":1,"y":1,"curve":"stepped"},{"time":0.9,"x":1,"y":1,"curve":"stepped"},{"time":1.3333,"x":1,"y":1}]},"bone10":{"rotate":[{"time":0,"angle":0},{"time":0.1666,"angle":9.39},{"time":0.4666,"angle":-22.97},{"time":0.9,"angle":17.83},{"time":1.3333,"angle":0}],"translate":[{"time":0,"x":0,"y":0,"curve":"stepped"},{"time":0.4666,"x":0,"y":0,"curve":"stepped"},{"time":0.9,"x":0,"y":0,"curve":"stepped"},{"time":1.3333,"x":0,"y":0}],"scale":[{"time":0,"x":1,"y":1,"curve":"stepped"},{"time":0.4666,"x":1,"y":1,"curve":"stepped"},{"time":0.9,"x":1,"y":1,"curve":"stepped"},{"time":1.3333,"x":1,"y":1}]},"bone11":{"rotate":[{"time":0,"angle":0},{"time":0.1666,"angle":9.7},{"time":0.4666,"angle":-14.31},{"time":0.9,"angle":25.81},{"time":1.3333,"angle":0}],"translate":[{"time":0,"x":0,"y":0,"curve":"stepped"},{"time":0.4666,"x":0,"y":0,"curve":"stepped"},{"time":0.9,"x":0,"y":0,"curve":"stepped"},{"time":1.3333,"x":0,"y":0}],"scale":[{"time":0,"x":1,"y":1,"curve":"stepped"},{"time":0.4666,"x":1,"y":1,"curve":"stepped"},{"time":0.9,"x":1,"y":1,"curve":"stepped"},{"time":1.3333,"x":1,"y":1}]},"10":{"rotate":[{"time":0,"angle":0},{"time":0.4666,"angle":-29.17},{"time":0.9,"angle":-2.57},{"time":1.3333,"angle":0}],"translate":[{"time":0,"x":0,"y":0,"curve":"stepped"},{"time":0.4666,"x":0,"y":0,"curve":"stepped"},{"time":0.9,"x":0,"y":0,"curve":"stepped"},{"time":1.3333,"x":0,"y":0}],"scale":[{"time":0,"x":1,"y":1,"curve":"stepped"},{"time":0.4666,"x":1,"y":1,"curve":"stepped"},{"time":0.9,"x":1,"y":1,"curve":"stepped"},{"time":1.3333,"x":1,"y":1}]},"11":{"rotate":[{"time":0,"angle":0},{"time":0.4666,"angle":1.02},{"time":0.9,"angle":-36.49},{"time":1.3333,"angle":0}],"translate":[{"time":0,"x":0,"y":0,"curve":"stepped"},{"time":0.4666,"x":0,"y":0,"curve":"stepped"},{"time":0.9,"x":0,"y":0,"curve":"stepped"},{"time":1.3333,"x":0,"y":0}],"scale":[{"time":0,"x":1,"y":1,"curve":"stepped"},{"time":0.4666,"x":1,"y":1,"curve":"stepped"},{"time":0.9,"x":1,"y":1,"curve":"stepped"},{"time":1.3333,"x":1,"y":1}]},"12":{"rotate":[{"time":0,"angle":0},{"time":0.4666,"angle":13.49},{"time":0.9,"angle":-33.32},{"time":1.3333,"angle":0}],"translate":[{"time":0,"x":0,"y":0,"curve":"stepped"},{"time":0.4666,"x":0,"y":0,"curve":"stepped"},{"time":0.9,"x":0,"y":0,"curve":"stepped"},{"time":1.3333,"x":0,"y":0}],"scale":[{"time":0,"x":1,"y":1,"curve":"stepped"},{"time":0.4666,"x":1,"y":1,"curve":"stepped"},{"time":0.9,"x":1,"y":1,"curve":"stepped"},{"time":1.3333,"x":1,"y":1}]},"13":{"rotate":[{"time":0,"angle":0},{"time":0.1666,"angle":17.6},{"time":0.4666,"angle":5.43},{"time":0.9,"angle":-19.5},{"time":1.3333,"angle":0}],"translate":[{"time":0,"x":0,"y":0,"curve":"stepped"},{"time":0.4666,"x":0,"y":0,"curve":"stepped"},{"time":0.9,"x":0,"y":0,"curve":"stepped"},{"time":1.3333,"x":0,"y":0}],"scale":[{"time":0,"x":1,"y":1,"curve":"stepped"},{"time":0.4666,"x":1,"y":1,"curve":"stepped"},{"time":0.9,"x":1,"y":1,"curve":"stepped"},{"time":1.3333,"x":1,"y":1}]},"bone12":{"rotate":[{"time":0,"angle":0},{"time":0.4666,"angle":13.85},{"time":0.9,"angle":-16.77},{"time":1.3333,"angle":0}],"translate":[{"time":0,"x":0,"y":0,"curve":"stepped"},{"time":0.4666,"x":0,"y":0,"curve":"stepped"},{"time":0.9,"x":0,"y":0,"curve":"stepped"},{"time":1.3333,"x":0,"y":0}],"scale":[{"time":0,"x":1,"y":1,"curve":"stepped"},{"time":0.4666,"x":1,"y":1,"curve":"stepped"},{"time":0.9,"x":1,"y":1,"curve":"stepped"},{"time":1.3333,"x":1,"y":1}]},"bone13":{"rotate":[{"time":0,"angle":0},{"time":0.1666,"angle":-1.59},{"time":0.4666,"angle":23.89},{"time":0.9,"angle":-21.62},{"time":1.3333,"angle":0}],"translate":[{"time":0,"x":0,"y":0,"curve":"stepped"},{"time":0.4666,"x":0,"y":0,"curve":"stepped"},{"time":0.9,"x":0,"y":0,"curve":"stepped"},{"time":1.3333,"x":0,"y":0}],"scale":[{"time":0,"x":1,"y":1,"curve":"stepped"},{"time":0.4666,"x":1,"y":1,"curve":"stepped"},{"time":0.9,"x":1,"y":1,"curve":"stepped"},{"time":1.3333,"x":1,"y":1}]},"bone14":{"rotate":[{"time":0,"angle":0},{"time":0.1666,"angle":-6.34},{"time":0.4666,"angle":19.89},{"time":0.9,"angle":-22.75},{"time":1.3333,"angle":0}],"translate":[{"time":0,"x":0,"y":0,"curve":"stepped"},{"time":0.4666,"x":0,"y":0,"curve":"stepped"},{"time":0.9,"x":0,"y":0,"curve":"stepped"},{"time":1.3333,"x":0,"y":0}],"scale":[{"time":0,"x":1,"y":1,"curve":"stepped"},{"time":0.4666,"x":1,"y":1,"curve":"stepped"},{"time":0.9,"x":1,"y":1,"curve":"stepped"},{"time":1.3333,"x":1,"y":1}]},"14":{"rotate":[{"time":0,"angle":0,"curve":"stepped"},{"time":0.4,"angle":0,"curve":"stepped"},{"time":0.8333,"angle":0,"curve":"stepped"},{"time":1.3333,"angle":0}],"translate":[{"time":0,"x":0,"y":0,"curve":"stepped"},{"time":0.4,"x":0,"y":0,"curve":"stepped"},{"time":0.8333,"x":0,"y":0,"curve":"stepped"},{"time":1.3333,"x":0,"y":0}],"scale":[{"time":0,"x":1,"y":1,"curve":"stepped"},{"time":0.4,"x":1,"y":1,"curve":"stepped"},{"time":0.8333,"x":1,"y":1,"curve":"stepped"},{"time":1.3333,"x":1,"y":1}]},"bone15":{"rotate":[{"time":0,"angle":0,"curve":"stepped"},{"time":0.4,"angle":0,"curve":"stepped"},{"time":0.8333,"angle":0,"curve":"stepped"},{"time":1.3333,"angle":0}],"translate":[{"time":0,"x":0,"y":0,"curve":"stepped"},{"time":0.4,"x":0,"y":0,"curve":"stepped"},{"time":0.8333,"x":0,"y":0,"curve":"stepped"},{"time":1.3333,"x":0,"y":0}],"scale":[{"time":0,"x":1,"y":1,"curve":"stepped"},{"time":0.4,"x":1,"y":1,"curve":"stepped"},{"time":0.8333,"x":1,"y":1,"curve":"stepped"},{"time":1.3333,"x":1,"y":1}]},"bone16":{"rotate":[{"time":0,"angle":0,"curve":"stepped"},{"time":0.4,"angle":0,"curve":"stepped"},{"time":0.8333,"angle":0,"curve":"stepped"},{"time":1.3333,"angle":0}],"translate":[{"time":0,"x":0,"y":0,"curve":"stepped"},{"time":0.4,"x":0,"y":0,"curve":"stepped"},{"time":0.8333,"x":0,"y":0,"curve":"stepped"},{"time":1.3333,"x":0,"y":0}],"scale":[{"time":0,"x":1,"y":1,"curve":"stepped"},{"time":0.4,"x":1,"y":1,"curve":"stepped"},{"time":0.8333,"x":1,"y":1,"curve":"stepped"},{"time":1.3333,"x":1,"y":1}]},"15":{"rotate":[{"time":0,"angle":0},{"time":0.4,"angle":19.89},{"time":0.8333,"angle":5.07},{"time":1.3333,"angle":0}],"translate":[{"time":0,"x":0,"y":0,"curve":"stepped"},{"time":0.4,"x":0,"y":0,"curve":"stepped"},{"time":0.8333,"x":0,"y":0,"curve":"stepped"},{"time":1.3333,"x":0,"y":0}],"scale":[{"time":0,"x":1,"y":1,"curve":"stepped"},{"time":0.4,"x":1,"y":1,"curve":"stepped"},{"time":0.8333,"x":1,"y":1,"curve":"stepped"},{"time":1.3333,"x":1,"y":1}]},"bone17":{"rotate":[{"time":0,"angle":0,"curve":"stepped"},{"time":0.4,"angle":0},{"time":0.8333,"angle":9.81},{"time":1.3333,"angle":0}],"translate":[{"time":0,"x":0,"y":0,"curve":"stepped"},{"time":0.4,"x":0,"y":0,"curve":"stepped"},{"time":0.8333,"x":0,"y":0,"curve":"stepped"},{"time":1.3333,"x":0,"y":0}],"scale":[{"time":0,"x":1,"y":1,"curve":"stepped"},{"time":0.4,"x":1,"y":1,"curve":"stepped"},{"time":0.8333,"x":1,"y":1,"curve":"stepped"},{"time":1.3333,"x":1,"y":1}]},"bone18":{"rotate":[{"time":0,"angle":0},{"time":0.4,"angle":-23.98},{"time":0.8333,"angle":11.09},{"time":1.3333,"angle":0}],"translate":[{"time":0,"x":0,"y":0,"curve":"stepped"},{"time":0.4,"x":0,"y":0,"curve":"stepped"},{"time":0.8333,"x":0,"y":0,"curve":"stepped"},{"time":1.3333,"x":0,"y":0}],"scale":[{"time":0,"x":1,"y":1,"curve":"stepped"},{"time":0.4,"x":1,"y":1,"curve":"stepped"},{"time":0.8333,"x":1,"y":1,"curve":"stepped"},{"time":1.3333,"x":1,"y":1}]},"bone19":{"rotate":[{"time":0,"angle":0},{"time":0.4,"angle":-17.05},{"time":0.8333,"angle":20.47},{"time":1.3333,"angle":0}],"translate":[{"time":0,"x":0,"y":0,"curve":"stepped"},{"time":0.4,"x":0,"y":0,"curve":"stepped"},{"time":0.8333,"x":0,"y":0,"curve":"stepped"},{"time":1.3333,"x":0,"y":0}],"scale":[{"time":0,"x":1,"y":1,"curve":"stepped"},{"time":0.4,"x":1,"y":1,"curve":"stepped"},{"time":0.8333,"x":1,"y":1,"curve":"stepped"},{"time":1.3333,"x":1,"y":1}]},"16":{"rotate":[{"time":0,"angle":0},{"time":0.4,"angle":-17.44},{"time":0.8333,"angle":-3.32},{"time":1.3333,"angle":0}],"translate":[{"time":0,"x":0,"y":0,"curve":"stepped"},{"time":0.4,"x":0,"y":0,"curve":"stepped"},{"time":0.8333,"x":0,"y":0,"curve":"stepped"},{"time":1.3333,"x":0,"y":0}],"scale":[{"time":0,"x":1,"y":1,"curve":"stepped"},{"time":0.4,"x":1,"y":1,"curve":"stepped"},{"time":0.8333,"x":1,"y":1,"curve":"stepped"},{"time":1.3333,"x":1,"y":1}]},"bone20":{"rotate":[{"time":0,"angle":0},{"time":0.4,"angle":1.64},{"time":0.8333,"angle":-20.19},{"time":1.3333,"angle":0}],"translate":[{"time":0,"x":0,"y":0,"curve":"stepped"},{"time":0.4,"x":0,"y":0,"curve":"stepped"},{"time":0.8333,"x":0,"y":0,"curve":"stepped"},{"time":1.3333,"x":0,"y":0}],"scale":[{"time":0,"x":1,"y":1,"curve":"stepped"},{"time":0.4,"x":1,"y":1,"curve":"stepped"},{"time":0.8333,"x":1,"y":1,"curve":"stepped"},{"time":1.3333,"x":1,"y":1}]},"bone21":{"rotate":[{"time":0,"angle":0,"curve":"stepped"},{"time":0.4,"angle":0},{"time":0.8333,"angle":-20.52},{"time":1.3333,"angle":0}],"translate":[{"time":0,"x":0,"y":0,"curve":"stepped"},{"time":0.4,"x":0,"y":0,"curve":"stepped"},{"time":0.8333,"x":0,"y":0,"curve":"stepped"},{"time":1.3333,"x":0,"y":0}],"scale":[{"time":0,"x":1,"y":1,"curve":"stepped"},{"time":0.4,"x":1,"y":1,"curve":"stepped"},{"time":0.8333,"x":1,"y":1,"curve":"stepped"},{"time":1.3333,"x":1,"y":1}]},"17":{"rotate":[{"time":0,"angle":0,"curve":"stepped"},{"time":1.3333,"angle":0}],"translate":[{"time":0,"x":0,"y":0},{"time":0.6666,"x":-0.52,"y":-2.56},{"time":1.3333,"x":0,"y":0}],"scale":[{"time":0,"x":1,"y":1},{"time":0.6666,"x":0.873,"y":1.026},{"time":1.3333,"x":1,"y":1}]},"18":{"rotate":[{"time":0,"angle":0,"curve":"stepped"},{"time":1.3333,"angle":0}],"translate":[{"time":0,"x":0,"y":0,"curve":"stepped"},{"time":1.3333,"x":0,"y":0}],"scale":[{"time":0,"x":1,"y":1,"curve":"stepped"},{"time":1.3333,"x":1,"y":1}]},"19":{"rotate":[{"time":0,"angle":0,"curve":"stepped"},{"time":1.3333,"angle":0}],"translate":[{"time":0,"x":0,"y":0,"curve":"stepped"},{"time":1.3333,"x":0,"y":0}],"scale":[{"time":0,"x":1,"y":1,"curve":"stepped"},{"time":1.3333,"x":1,"y":1}]},"shadow":{"rotate":[{"time":0,"angle":0,"curve":"stepped"},{"time":1.3333,"angle":0}],"translate":[{"time":0,"x":0,"y":0,"curve":"stepped"},{"time":1.3333,"x":0,"y":0}],"scale":[{"time":0,"x":1,"y":1},{"time":0.6666,"x":1.093,"y":1.088},{"time":1.3333,"x":1,"y":1}]}},"ffd":{"default":{"2":{"2":[{"time":0},{"time":0.4,"offset":2,"vertices":[0.33472,-0.30885,1.0299,-1.57018,1.35168,-1.55727,-0.58543,-1.4738,0.11623,-2.89598,0,0,0,0,0,0,-1.75728,3.63586,2.01411,2.01458,2.22017,0.89483,1.27421,0.37343,0.9589,0.19961,1.46091,-0.26366,0.65652,-0.29597,0,0,0,0,0,0,0,0,0,0,0,0,2.42626,-0.22493,0,0,0.79155,0.35405,1.60888,0.06456,2.92832,-0.68821,2.77389,-0.85557,0.99762,-0.76569,-1.05518,-1.81495]},{"time":0.8666,"vertices":[-1.7291,0.61696,-1.766,0.13532,-1.65467,-0.51919,-1.0746,0.7283,0,0,0,0,0,0,0,0,0,0,-2.14922,1.4566,-1.82752,-0.6674,-1.93885,-0.01293,-1.32128,-0.38324,0,0,0,0,-1.43262,0.27125,0,0,0,0,0,0,0,0,0,0,0,0,0,0,-2.07479,0.32045,-1.23515,0.74059,-0.96327,0.07381,-1.61776,-0.03752,-2.11171,-0.16117,-2.74159,0.04858]},{"time":1.3333}]},"9":{"9":[{"time":0},{"time":0.4,"offset":6,"vertices":[0.50193,-0.38173,0.59291,-0.21495,0.37411,-0.63311,0.54575,-0.49302,0.6255,-0.76092,0.82383,-0.54016,0.37242,-0.88536,0,0,0.011,1.63951,0.51292,1.25778,0.11504,1.35359,0.8955,1.88583,0.29323,2.06717,0,0,0,0,0,0,0,0,0,0,0,0,2.39791,0.23614,2.219,0.93968,1.0124,0.57212,0.76008,0.49938]},{"time":0.8666,"offset":2,"vertices":[0.38252,0.24589,0.29196,0.34869,-1.25259,0.52544,-1.3524,0.12855,-0.11769,0.50652,-0.26325,0.44854,0,0,0,0,-1.1307,0.27114,-0.3783,0.00631,0.3783,-0.00631,0,0,0,0,-1.00881,0.01683,-0.96815,-0.28441,-0.75871,-0.11347,-0.69056,-0.33433,-0.13537,-0.43416,0,0,0,0,0,0,-0.88271,0.01472,-0.84713,-0.24886,-0.78285,0.42734,-1.51532,-0.10085]},{"time":1.3333}]}}}},"wait_special_DL":{"slots":{"fx_face":{"color":[{"time":0,"color":"ffffffff"},{"time":0.6666,"color":"ffffff00"},{"time":1.3333,"color":"ffffffff"},{"time":2,"color":"ffffff00"},{"time":2.6666,"color":"ffffffff","curve":"stepped"},{"time":3.5333,"color":"ffffffff"}]}},"bones":{"root":{"rotate":[{"time":0,"angle":0,"curve":"stepped"},{"time":0.3333,"angle":0,"curve":"stepped"},{"time":0.6666,"angle":0,"curve":"stepped"},{"time":0.9333,"angle":0,"curve":"stepped"},{"time":1.3333,"angle":0,"curve":"stepped"},{"time":1.9333,"angle":0,"curve":"stepped"},{"time":2.5333,"angle":0,"curve":"stepped"},{"time":3.1333,"angle":0,"curve":"stepped"},{"time":3.5333,"angle":0}],"translate":[{"time":0,"x":0,"y":0,"curve":"stepped"},{"time":0.3333,"x":0,"y":0,"curve":"stepped"},{"time":0.6666,"x":0,"y":0,"curve":"stepped"},{"time":0.9333,"x":0,"y":0,"curve":"stepped"},{"time":1.3333,"x":0,"y":0,"curve":"stepped"},{"time":1.9333,"x":0,"y":0,"curve":"stepped"},{"time":2.5333,"x":0,"y":0,"curve":"stepped"},{"time":3.1333,"x":0,"y":0,"curve":"stepped"},{"time":3.5333,"x":0,"y":0}],"scale":[{"time":0,"x":1,"y":1,"curve":"stepped"},{"time":0.3333,"x":1,"y":1,"curve":"stepped"},{"time":0.6666,"x":1,"y":1,"curve":"stepped"},{"time":0.9333,"x":1,"y":1,"curve":"stepped"},{"time":1.3333,"x":1,"y":1,"curve":"stepped"},{"time":1.9333,"x":1,"y":1,"curve":"stepped"},{"time":2.5333,"x":1,"y":1,"curve":"stepped"},{"time":3.1333,"x":1,"y":1,"curve":"stepped"},{"time":3.5333,"x":1,"y":1}]},"bone":{"rotate":[{"time":0,"angle":0,"curve":"stepped"},{"time":0.3333,"angle":0,"curve":"stepped"},{"time":0.6666,"angle":0,"curve":"stepped"},{"time":0.9333,"angle":0,"curve":"stepped"},{"time":1.3333,"angle":0,"curve":"stepped"},{"time":1.9333,"angle":0,"curve":"stepped"},{"time":2.5333,"angle":0,"curve":"stepped"},{"time":3.1333,"angle":0,"curve":"stepped"},{"time":3.5333,"angle":0}],"translate":[{"time":0,"x":0,"y":0},{"time":0.3333,"x":0,"y":0.3,"curve":"stepped"},{"time":0.6666,"x":0,"y":0.3},{"time":0.9333,"x":0.49,"y":3.01},{"time":1.3333,"x":0,"y":0,"curve":"stepped"},{"time":1.9333,"x":0,"y":0,"curve":"stepped"},{"time":2.5333,"x":0,"y":0,"curve":"stepped"},{"time":3.1333,"x":0,"y":0,"curve":"stepped"},{"time":3.5333,"x":0,"y":0}],"scale":[{"time":0,"x":1,"y":1,"curve":"stepped"},{"time":0.3333,"x":1,"y":1,"curve":"stepped"},{"time":0.6666,"x":1,"y":1,"curve":"stepped"},{"time":0.9333,"x":1,"y":1,"curve":"stepped"},{"time":1.3333,"x":1,"y":1,"curve":"stepped"},{"time":1.9333,"x":1,"y":1,"curve":"stepped"},{"time":2.5333,"x":1,"y":1,"curve":"stepped"},{"time":3.1333,"x":1,"y":1,"curve":"stepped"},{"time":3.5333,"x":1,"y":1}]},"9":{"rotate":[{"time":0,"angle":0},{"time":0.3333,"angle":6.31},{"time":0.6666,"angle":10.67},{"time":0.9333,"angle":0},{"time":1.3333,"angle":5.16},{"time":1.9333,"angle":0},{"time":2.5333,"angle":5.16},{"time":3.1333,"angle":0,"curve":"stepped"},{"time":3.5333,"angle":0}],"translate":[{"time":0,"x":0,"y":0},{"time":0.3333,"x":0.05,"y":-4.49},{"time":0.6666,"x":0.46,"y":-7.04},{"time":0.9333,"x":0,"y":0},{"time":1.3333,"x":0,"y":-1.62},{"time":1.9333,"x":0,"y":0},{"time":2.5333,"x":0,"y":-1.62},{"time":3.1333,"x":0,"y":0,"curve":"stepped"},{"time":3.5333,"x":0,"y":0}],"scale":[{"time":0,"x":1,"y":1,"curve":"stepped"},{"time":0.3333,"x":1,"y":1},{"time":0.6666,"x":0.965,"y":1},{"time":0.9333,"x":1,"y":1,"curve":"stepped"},{"time":1.3333,"x":1,"y":1,"curve":"stepped"},{"time":1.9333,"x":1,"y":1,"curve":"stepped"},{"time":2.5333,"x":1,"y":1,"curve":"stepped"},{"time":3.1333,"x":1,"y":1,"curve":"stepped"},{"time":3.5333,"x":1,"y":1}]},"bone2":{"rotate":[{"time":0,"angle":0,"curve":"stepped"},{"time":0.3333,"angle":0},{"time":0.6666,"angle":4.33},{"time":0.9333,"angle":-2.65},{"time":1.3333,"angle":0,"curve":"stepped"},{"time":1.9333,"angle":0,"curve":"stepped"},{"time":2.5333,"angle":0,"curve":"stepped"},{"time":3.1333,"angle":0,"curve":"stepped"},{"time":3.5333,"angle":0}],"translate":[{"time":0,"x":0,"y":0},{"time":0.3333,"x":-0.82,"y":0.16},{"time":0.6666,"x":-5.84,"y":1.79},{"time":0.9333,"x":0,"y":0,"curve":"stepped"},{"time":1.3333,"x":0,"y":0,"curve":"stepped"},{"time":1.9333,"x":0,"y":0,"curve":"stepped"},{"time":2.5333,"x":0,"y":0,"curve":"stepped"},{"time":3.1333,"x":0,"y":0,"curve":"stepped"},{"time":3.5333,"x":0,"y":0}],"scale":[{"time":0,"x":1,"y":1,"curve":"stepped"},{"time":0.3333,"x":1,"y":1,"curve":"stepped"},{"time":0.6666,"x":1,"y":1,"curve":"stepped"},{"time":0.9333,"x":1,"y":1,"curve":"stepped"},{"time":1.3333,"x":1,"y":1,"curve":"stepped"},{"time":1.9333,"x":1,"y":1,"curve":"stepped"},{"time":2.5333,"x":1,"y":1,"curve":"stepped"},{"time":3.1333,"x":1,"y":1,"curve":"stepped"},{"time":3.5333,"x":1,"y":1}]},"2":{"rotate":[{"time":0,"angle":0},{"time":0.3333,"angle":0.97},{"time":0.6666,"angle":6.65},{"time":0.9333,"angle":-6.58},{"time":1.3333,"angle":0,"curve":"stepped"},{"time":1.9333,"angle":0,"curve":"stepped"},{"time":2.5333,"angle":0,"curve":"stepped"},{"time":3.1333,"angle":0,"curve":"stepped"},{"time":3.5333,"angle":0}],"translate":[{"time":0,"x":0,"y":0},{"time":0.3333,"x":-0.33,"y":0,"curve":"stepped"},{"time":0.6666,"x":-0.33,"y":0},{"time":0.9333,"x":0,"y":0,"curve":"stepped"},{"time":1.3333,"x":0,"y":0,"curve":"stepped"},{"time":1.9333,"x":0,"y":0,"curve":"stepped"},{"time":2.5333,"x":0,"y":0,"curve":"stepped"},{"time":3.1333,"x":0,"y":0,"curve":"stepped"},{"time":3.5333,"x":0,"y":0}],"scale":[{"time":0,"x":1,"y":1,"curve":"stepped"},{"time":0.3333,"x":1,"y":1,"curve":"stepped"},{"time":0.6666,"x":1,"y":1,"curve":"stepped"},{"time":0.9333,"x":1,"y":1,"curve":"stepped"},{"time":1.3333,"x":1,"y":1,"curve":"stepped"},{"time":1.9333,"x":1,"y":1,"curve":"stepped"},{"time":2.5333,"x":1,"y":1,"curve":"stepped"},{"time":3.1333,"x":1,"y":1,"curve":"stepped"},{"time":3.5333,"x":1,"y":1}]},"1":{"rotate":[{"time":0,"angle":0,"curve":"stepped"},{"time":0.3333,"angle":0,"curve":"stepped"},{"time":0.6666,"angle":0,"curve":"stepped"},{"time":0.9333,"angle":0,"curve":"stepped"},{"time":1.3333,"angle":0,"curve":"stepped"},{"time":1.9333,"angle":0,"curve":"stepped"},{"time":2.5333,"angle":0,"curve":"stepped"},{"time":3.1333,"angle":0,"curve":"stepped"},{"time":3.5333,"angle":0}],"translate":[{"time":0,"x":0,"y":0,"curve":"stepped"},{"time":0.3333,"x":0,"y":0,"curve":"stepped"},{"time":0.6666,"x":0,"y":0,"curve":"stepped"},{"time":0.9333,"x":0,"y":0,"curve":"stepped"},{"time":1.3333,"x":0,"y":0,"curve":"stepped"},{"time":1.9333,"x":0,"y":0,"curve":"stepped"},{"time":2.5333,"x":0,"y":0,"curve":"stepped"},{"time":3.1333,"x":0,"y":0,"curve":"stepped"},{"time":3.5333,"x":0,"y":0}],"scale":[{"time":0,"x":1,"y":1,"curve":"stepped"},{"time":0.3333,"x":1,"y":1,"curve":"stepped"},{"time":0.6666,"x":1,"y":1,"curve":"stepped"},{"time":0.9333,"x":1,"y":1,"curve":"stepped"},{"time":1.3333,"x":1,"y":1,"curve":"stepped"},{"time":1.9333,"x":1,"y":1,"curve":"stepped"},{"time":2.5333,"x":1,"y":1,"curve":"stepped"},{"time":3.1333,"x":1,"y":1,"curve":"stepped"},{"time":3.5333,"x":1,"y":1}]},"3":{"rotate":[{"time":0,"angle":0},{"time":0.3333,"angle":1.43},{"time":0.6666,"angle":10.21},{"time":0.9333,"angle":12.71},{"time":1.3333,"angle":0,"curve":"stepped"},{"time":1.9333,"angle":0,"curve":"stepped"},{"time":2.5333,"angle":0,"curve":"stepped"},{"time":3.1333,"angle":0,"curve":"stepped"},{"time":3.5333,"angle":0}],"translate":[{"time":0,"x":0,"y":0,"curve":"stepped"},{"time":0.3333,"x":0,"y":0,"curve":"stepped"},{"time":0.6666,"x":0,"y":0,"curve":"stepped"},{"time":0.9333,"x":0,"y":0,"curve":"stepped"},{"time":1.3333,"x":0,"y":0,"curve":"stepped"},{"time":1.9333,"x":0,"y":0,"curve":"stepped"},{"time":2.5333,"x":0,"y":0,"curve":"stepped"},{"time":3.1333,"x":0,"y":0,"curve":"stepped"},{"time":3.5333,"x":0,"y":0}],"scale":[{"time":0,"x":1,"y":1,"curve":"stepped"},{"time":0.3333,"x":1,"y":1,"curve":"stepped"},{"time":0.6666,"x":1,"y":1,"curve":"stepped"},{"time":0.9333,"x":1,"y":1,"curve":"stepped"},{"time":1.3333,"x":1,"y":1,"curve":"stepped"},{"time":1.9333,"x":1,"y":1,"curve":"stepped"},{"time":2.5333,"x":1,"y":1,"curve":"stepped"},{"time":3.1333,"x":1,"y":1,"curve":"stepped"},{"time":3.5333,"x":1,"y":1}]},"bone3":{"rotate":[{"time":0,"angle":0},{"time":0.3333,"angle":-0.56},{"time":0.6666,"angle":-13.39},{"time":0.9333,"angle":-12.8},{"time":1.3333,"angle":0,"curve":"stepped"},{"time":1.9333,"angle":0,"curve":"stepped"},{"time":2.5333,"angle":0,"curve":"stepped"},{"time":3.1333,"angle":0,"curve":"stepped"},{"time":3.5333,"angle":0}],"translate":[{"time":0,"x":0,"y":0,"curve":"stepped"},{"time":0.3333,"x":0,"y":0,"curve":"stepped"},{"time":0.6666,"x":0,"y":0,"curve":"stepped"},{"time":0.9333,"x":0,"y":0,"curve":"stepped"},{"time":1.3333,"x":0,"y":0,"curve":"stepped"},{"time":1.9333,"x":0,"y":0,"curve":"stepped"},{"time":2.5333,"x":0,"y":0,"curve":"stepped"},{"time":3.1333,"x":0,"y":0,"curve":"stepped"},{"time":3.5333,"x":0,"y":0}],"scale":[{"time":0,"x":1,"y":1,"curve":"stepped"},{"time":0.3333,"x":1,"y":1,"curve":"stepped"},{"time":0.6666,"x":1,"y":1,"curve":"stepped"},{"time":0.9333,"x":1,"y":1,"curve":"stepped"},{"time":1.3333,"x":1,"y":1,"curve":"stepped"},{"time":1.9333,"x":1,"y":1,"curve":"stepped"},{"time":2.5333,"x":1,"y":1,"curve":"stepped"},{"time":3.1333,"x":1,"y":1,"curve":"stepped"},{"time":3.5333,"x":1,"y":1}]},"bone4":{"rotate":[{"time":0,"angle":0},{"time":0.3333,"angle":6.35},{"time":0.6666,"angle":-12.42},{"time":0.9333,"angle":-6.89},{"time":1.3333,"angle":4.58},{"time":1.9333,"angle":-4.09},{"time":2.5333,"angle":4.58},{"time":3.1333,"angle":-4.09},{"time":3.5333,"angle":0}],"translate":[{"time":0,"x":0,"y":0,"curve":"stepped"},{"time":0.3333,"x":0,"y":0,"curve":"stepped"},{"time":0.6666,"x":0,"y":0,"curve":"stepped"},{"time":0.9333,"x":0,"y":0,"curve":"stepped"},{"time":1.3333,"x":0,"y":0,"curve":"stepped"},{"time":1.9333,"x":0,"y":0,"curve":"stepped"},{"time":2.5333,"x":0,"y":0,"curve":"stepped"},{"time":3.1333,"x":0,"y":0,"curve":"stepped"},{"time":3.5333,"x":0,"y":0}],"scale":[{"time":0,"x":1,"y":1,"curve":"stepped"},{"time":0.3333,"x":1,"y":1,"curve":"stepped"},{"time":0.6666,"x":1,"y":1,"curve":"stepped"},{"time":0.9333,"x":1,"y":1,"curve":"stepped"},{"time":1.3333,"x":1,"y":1,"curve":"stepped"},{"time":1.9333,"x":1,"y":1,"curve":"stepped"},{"time":2.5333,"x":1,"y":1,"curve":"stepped"},{"time":3.1333,"x":1,"y":1,"curve":"stepped"},{"time":3.5333,"x":1,"y":1}]},"bone5":{"rotate":[{"time":0,"angle":0},{"time":0.3333,"angle":-0.74},{"time":0.6666,"angle":-18.12},{"time":0.9333,"angle":-18.9},{"time":1.3333,"angle":0},{"time":1.9333,"angle":-17.49},{"time":2.5333,"angle":0},{"time":3.1333,"angle":-17.49},{"time":3.5333,"angle":0}],"translate":[{"time":0,"x":0,"y":0,"curve":"stepped"},{"time":0.3333,"x":0,"y":0,"curve":"stepped"},{"time":0.6666,"x":0,"y":0,"curve":"stepped"},{"time":0.9333,"x":0,"y":0,"curve":"stepped"},{"time":1.3333,"x":0,"y":0,"curve":"stepped"},{"time":1.9333,"x":0,"y":0,"curve":"stepped"},{"time":2.5333,"x":0,"y":0,"curve":"stepped"},{"time":3.1333,"x":0,"y":0,"curve":"stepped"},{"time":3.5333,"x":0,"y":0}],"scale":[{"time":0,"x":1,"y":1,"curve":"stepped"},{"time":0.3333,"x":1,"y":1,"curve":"stepped"},{"time":0.6666,"x":1,"y":1,"curve":"stepped"},{"time":0.9333,"x":1,"y":1,"curve":"stepped"},{"time":1.3333,"x":1,"y":1,"curve":"stepped"},{"time":1.9333,"x":1,"y":1,"curve":"stepped"},{"time":2.5333,"x":1,"y":1,"curve":"stepped"},{"time":3.1333,"x":1,"y":1,"curve":"stepped"},{"time":3.5333,"x":1,"y":1}]},"4":{"rotate":[{"time":0,"angle":0},{"time":0.3333,"angle":-0.19},{"time":0.6666,"angle":-17.12},{"time":0.9333,"angle":-8.66},{"time":1.3333,"angle":-7.45,"curve":"stepped"},{"time":1.9333,"angle":-7.45,"curve":"stepped"},{"time":2.5333,"angle":-7.45,"curve":"stepped"},{"time":3.1333,"angle":-7.45},{"time":3.5333,"angle":0}],"translate":[{"time":0,"x":0,"y":0,"curve":"stepped"},{"time":0.3333,"x":0,"y":0,"curve":"stepped"},{"time":0.6666,"x":0,"y":0,"curve":"stepped"},{"time":0.9333,"x":0,"y":0,"curve":"stepped"},{"time":1.3333,"x":0,"y":0,"curve":"stepped"},{"time":1.9333,"x":0,"y":0,"curve":"stepped"},{"time":2.5333,"x":0,"y":0,"curve":"stepped"},{"time":3.1333,"x":0,"y":0,"curve":"stepped"},{"time":3.5333,"x":0,"y":0}],"scale":[{"time":0,"x":1,"y":1,"curve":"stepped"},{"time":0.3333,"x":1,"y":1,"curve":"stepped"},{"time":0.6666,"x":1,"y":1,"curve":"stepped"},{"time":0.9333,"x":1,"y":1,"curve":"stepped"},{"time":1.3333,"x":1,"y":1,"curve":"stepped"},{"time":1.9333,"x":1,"y":1,"curve":"stepped"},{"time":2.5333,"x":1,"y":1,"curve":"stepped"},{"time":3.1333,"x":1,"y":1,"curve":"stepped"},{"time":3.5333,"x":1,"y":1}]},"bone6":{"rotate":[{"time":0,"angle":0},{"time":0.3333,"angle":-3.43},{"time":0.6666,"angle":10.54},{"time":0.9333,"angle":12.04},{"time":1.3333,"angle":0.35},{"time":1.9333,"angle":-5.41},{"time":2.5333,"angle":0.35},{"time":3.1333,"angle":-5.41},{"time":3.5333,"angle":0}],"translate":[{"time":0,"x":0,"y":0,"curve":"stepped"},{"time":0.3333,"x":0,"y":0,"curve":"stepped"},{"time":0.6666,"x":0,"y":0,"curve":"stepped"},{"time":0.9333,"x":0,"y":0,"curve":"stepped"},{"time":1.3333,"x":0,"y":0,"curve":"stepped"},{"time":1.9333,"x":0,"y":0,"curve":"stepped"},{"time":2.5333,"x":0,"y":0,"curve":"stepped"},{"time":3.1333,"x":0,"y":0,"curve":"stepped"},{"time":3.5333,"x":0,"y":0}],"scale":[{"time":0,"x":1,"y":1,"curve":"stepped"},{"time":0.3333,"x":1,"y":1,"curve":"stepped"},{"time":0.6666,"x":1,"y":1,"curve":"stepped"},{"time":0.9333,"x":1,"y":1,"curve":"stepped"},{"time":1.3333,"x":1,"y":1,"curve":"stepped"},{"time":1.9333,"x":1,"y":1,"curve":"stepped"},{"time":2.5333,"x":1,"y":1,"curve":"stepped"},{"time":3.1333,"x":1,"y":1,"curve":"stepped"},{"time":3.5333,"x":1,"y":1}]},"bone7":{"rotate":[{"time":0,"angle":0},{"time":0.3333,"angle":-3.33},{"time":0.6666,"angle":17.92},{"time":0.9333,"angle":9.67},{"time":1.3333,"angle":-6.68,"curve":"stepped"},{"time":1.9333,"angle":-6.68,"curve":"stepped"},{"time":2.5333,"angle":-6.68,"curve":"stepped"},{"time":3.1333,"angle":-6.68},{"time":3.5333,"angle":0}],"translate":[{"time":0,"x":0,"y":0,"curve":"stepped"},{"time":0.3333,"x":0,"y":0,"curve":"stepped"},{"time":0.6666,"x":0,"y":0,"curve":"stepped"},{"time":0.9333,"x":0,"y":0,"curve":"stepped"},{"time":1.3333,"x":0,"y":0,"curve":"stepped"},{"time":1.9333,"x":0,"y":0,"curve":"stepped"},{"time":2.5333,"x":0,"y":0,"curve":"stepped"},{"time":3.1333,"x":0,"y":0,"curve":"stepped"},{"time":3.5333,"x":0,"y":0}],"scale":[{"time":0,"x":1,"y":1,"curve":"stepped"},{"time":0.3333,"x":1,"y":1,"curve":"stepped"},{"time":0.6666,"x":1,"y":1,"curve":"stepped"},{"time":0.9333,"x":1,"y":1,"curve":"stepped"},{"time":1.3333,"x":1,"y":1,"curve":"stepped"},{"time":1.9333,"x":1,"y":1,"curve":"stepped"},{"time":2.5333,"x":1,"y":1,"curve":"stepped"},{"time":3.1333,"x":1,"y":1,"curve":"stepped"},{"time":3.5333,"x":1,"y":1}]},"bone8":{"rotate":[{"time":0,"angle":0},{"time":0.3333,"angle":4.28},{"time":0.6666,"angle":24.31},{"time":0.9333,"angle":18.21},{"time":1.3333,"angle":0,"curve":"stepped"},{"time":1.9333,"angle":0,"curve":"stepped"},{"time":2.5333,"angle":0,"curve":"stepped"},{"time":3.1333,"angle":0,"curve":"stepped"},{"time":3.5333,"angle":0}],"translate":[{"time":0,"x":0,"y":0,"curve":"stepped"},{"time":0.3333,"x":0,"y":0,"curve":"stepped"},{"time":0.6666,"x":0,"y":0,"curve":"stepped"},{"time":0.9333,"x":0,"y":0,"curve":"stepped"},{"time":1.3333,"x":0,"y":0,"curve":"stepped"},{"time":1.9333,"x":0,"y":0,"curve":"stepped"},{"time":2.5333,"x":0,"y":0,"curve":"stepped"},{"time":3.1333,"x":0,"y":0,"curve":"stepped"},{"time":3.5333,"x":0,"y":0}],"scale":[{"time":0,"x":1,"y":1,"curve":"stepped"},{"time":0.3333,"x":1,"y":1,"curve":"stepped"},{"time":0.6666,"x":1,"y":1,"curve":"stepped"},{"time":0.9333,"x":1,"y":1,"curve":"stepped"},{"time":1.3333,"x":1,"y":1,"curve":"stepped"},{"time":1.9333,"x":1,"y":1,"curve":"stepped"},{"time":2.5333,"x":1,"y":1,"curve":"stepped"},{"time":3.1333,"x":1,"y":1,"curve":"stepped"},{"time":3.5333,"x":1,"y":1}]},"5":{"rotate":[{"time":0,"angle":0},{"time":0.3333,"angle":28.05},{"time":0.6666,"angle":34.08},{"time":0.9333,"angle":16.07},{"time":1.3333,"angle":-8.17},{"time":1.9333,"angle":2.16},{"time":2.5333,"angle":-8.17},{"time":3.1333,"angle":2.16},{"time":3.5333,"angle":0}],"translate":[{"time":0,"x":0,"y":0,"curve":"stepped"},{"time":0.3333,"x":0,"y":0,"curve":"stepped"},{"time":0.6666,"x":0,"y":0,"curve":"stepped"},{"time":0.9333,"x":0,"y":0,"curve":"stepped"},{"time":1.3333,"x":0,"y":0,"curve":"stepped"},{"time":1.9333,"x":0,"y":0,"curve":"stepped"},{"time":2.5333,"x":0,"y":0,"curve":"stepped"},{"time":3.1333,"x":0,"y":0,"curve":"stepped"},{"time":3.5333,"x":0,"y":0}],"scale":[{"time":0,"x":1,"y":1,"curve":"stepped"},{"time":0.3333,"x":1,"y":1,"curve":"stepped"},{"time":0.6666,"x":1,"y":1,"curve":"stepped"},{"time":0.9333,"x":1,"y":1,"curve":"stepped"},{"time":1.3333,"x":1,"y":1,"curve":"stepped"},{"time":1.9333,"x":1,"y":1,"curve":"stepped"},{"time":2.5333,"x":1,"y":1,"curve":"stepped"},{"time":3.1333,"x":1,"y":1,"curve":"stepped"},{"time":3.5333,"x":1,"y":1}]},"6":{"rotate":[{"time":0,"angle":0},{"time":0.3333,"angle":0.2},{"time":0.6666,"angle":10.64},{"time":0.9333,"angle":38.04},{"time":1.3333,"angle":15.64},{"time":1.9333,"angle":20.88},{"time":2.5333,"angle":15.64},{"time":3.1333,"angle":20.88},{"time":3.5333,"angle":0}],"translate":[{"time":0,"x":0,"y":0,"curve":"stepped"},{"time":0.3333,"x":0,"y":0,"curve":"stepped"},{"time":0.6666,"x":0,"y":0,"curve":"stepped"},{"time":0.9333,"x":0,"y":0,"curve":"stepped"},{"time":1.3333,"x":0,"y":0,"curve":"stepped"},{"time":1.9333,"x":0,"y":0,"curve":"stepped"},{"time":2.5333,"x":0,"y":0,"curve":"stepped"},{"time":3.1333,"x":0,"y":0,"curve":"stepped"},{"time":3.5333,"x":0,"y":0}],"scale":[{"time":0,"x":1,"y":1,"curve":"stepped"},{"time":0.3333,"x":1,"y":1},{"time":0.6666,"x":1.107,"y":1},{"time":0.9333,"x":1,"y":1,"curve":"stepped"},{"time":1.3333,"x":1,"y":1,"curve":"stepped"},{"time":1.9333,"x":1,"y":1,"curve":"stepped"},{"time":2.5333,"x":1,"y":1,"curve":"stepped"},{"time":3.1333,"x":1,"y":1,"curve":"stepped"},{"time":3.5333,"x":1,"y":1}]},"7":{"rotate":[{"time":0,"angle":0},{"time":0.3333,"angle":17.33},{"time":0.6666,"angle":39.33},{"time":0.9333,"angle":40.06},{"time":1.3333,"angle":0},{"time":1.9333,"angle":14.7},{"time":2.5333,"angle":0},{"time":3.1333,"angle":14.7},{"time":3.5333,"angle":0}],"translate":[{"time":0,"x":0,"y":0,"curve":"stepped"},{"time":0.3333,"x":0,"y":0,"curve":"stepped"},{"time":0.6666,"x":0,"y":0,"curve":"stepped"},{"time":0.9333,"x":0,"y":0,"curve":"stepped"},{"time":1.3333,"x":0,"y":0,"curve":"stepped"},{"time":1.9333,"x":0,"y":0,"curve":"stepped"},{"time":2.5333,"x":0,"y":0,"curve":"stepped"},{"time":3.1333,"x":0,"y":0,"curve":"stepped"},{"time":3.5333,"x":0,"y":0}],"scale":[{"time":0,"x":1,"y":1,"curve":"stepped"},{"time":0.3333,"x":1,"y":1,"curve":"stepped"},{"time":0.6666,"x":1,"y":1,"curve":"stepped"},{"time":0.9333,"x":1,"y":1,"curve":"stepped"},{"time":1.3333,"x":1,"y":1,"curve":"stepped"},{"time":1.9333,"x":1,"y":1,"curve":"stepped"},{"time":2.5333,"x":1,"y":1,"curve":"stepped"},{"time":3.1333,"x":1,"y":1,"curve":"stepped"},{"time":3.5333,"x":1,"y":1}]},"8":{"rotate":[{"time":0,"angle":0},{"time":0.3333,"angle":-35.91},{"time":0.6666,"angle":-28.23},{"time":0.7666,"angle":-33.96},{"time":0.9333,"angle":-21.57},{"time":1.1,"angle":-8.46},{"time":1.3333,"angle":6.63},{"time":1.9333,"angle":-20.53},{"time":2.1333,"angle":-3.2},{"time":2.5333,"angle":8.12},{"time":3.1333,"angle":-35.37},{"time":3.2666,"angle":-14.04},{"time":3.5333,"angle":0}],"translate":[{"time":0,"x":0,"y":0,"curve":"stepped"},{"time":0.3333,"x":0,"y":0,"curve":"stepped"},{"time":0.6666,"x":0,"y":0,"curve":"stepped"},{"time":0.9333,"x":0,"y":0,"curve":"stepped"},{"time":1.3333,"x":0,"y":0,"curve":"stepped"},{"time":1.9333,"x":0,"y":0,"curve":"stepped"},{"time":2.5333,"x":0,"y":0,"curve":"stepped"},{"time":3.1333,"x":0,"y":0,"curve":"stepped"},{"time":3.5333,"x":0,"y":0}],"scale":[{"time":0,"x":1,"y":1,"curve":"stepped"},{"time":0.3333,"x":1,"y":1,"curve":"stepped"},{"time":0.6666,"x":1,"y":1,"curve":"stepped"},{"time":0.9333,"x":1,"y":1,"curve":"stepped"},{"time":1.3333,"x":1,"y":1,"curve":"stepped"},{"time":1.9333,"x":1,"y":1,"curve":"stepped"},{"time":2.5333,"x":1,"y":1,"curve":"stepped"},{"time":3.1333,"x":1,"y":1,"curve":"stepped"},{"time":3.5333,"x":1,"y":1}]},"bone9":{"rotate":[{"time":0,"angle":0},{"time":0.3333,"angle":-16.49},{"time":0.4666,"angle":-18.64},{"time":0.6666,"angle":8.48},{"time":0.7666,"angle":7.87},{"time":0.9333,"angle":-20.8},{"time":1.1,"angle":-12.99},{"time":1.3333,"angle":20.14},{"time":1.5333,"angle":11.11},{"time":1.9333,"angle":-3.57},{"time":2.1333,"angle":-12.84},{"time":2.5333,"angle":16.38},{"time":3.1333,"angle":-0.48},{"time":3.2666,"angle":-3.01},{"time":3.5333,"angle":0}],"translate":[{"time":0,"x":0,"y":0,"curve":"stepped"},{"time":0.3333,"x":0,"y":0,"curve":"stepped"},{"time":0.6666,"x":0,"y":0,"curve":"stepped"},{"time":0.9333,"x":0,"y":0,"curve":"stepped"},{"time":1.3333,"x":0,"y":0,"curve":"stepped"},{"time":1.9333,"x":0,"y":0,"curve":"stepped"},{"time":2.5333,"x":0,"y":0,"curve":"stepped"},{"time":3.1333,"x":0,"y":0,"curve":"stepped"},{"time":3.5333,"x":0,"y":0}],"scale":[{"time":0,"x":1,"y":1,"curve":"stepped"},{"time":0.3333,"x":1,"y":1,"curve":"stepped"},{"time":0.6666,"x":1,"y":1,"curve":"stepped"},{"time":0.9333,"x":1,"y":1,"curve":"stepped"},{"time":1.3333,"x":1,"y":1,"curve":"stepped"},{"time":1.9333,"x":1,"y":1,"curve":"stepped"},{"time":2.5333,"x":1,"y":1,"curve":"stepped"},{"time":3.1333,"x":1,"y":1,"curve":"stepped"},{"time":3.5333,"x":1,"y":1}]},"bone10":{"rotate":[{"time":0,"angle":0},{"time":0.3333,"angle":-5.69},{"time":0.4666,"angle":-14.01},{"time":0.6666,"angle":-12.77},{"time":0.7666,"angle":18.04},{"time":0.9333,"angle":21.56},{"time":1.1,"angle":-15.12},{"time":1.3333,"angle":-8.41},{"time":1.5333,"angle":20.46},{"time":1.9333,"angle":9.91},{"time":2.1333,"angle":-15.8},{"time":2.5333,"angle":-1.3},{"time":2.7333,"angle":25.98},{"time":3.1333,"angle":26.48},{"time":3.2666,"angle":-10.31},{"time":3.5333,"angle":0}],"translate":[{"time":0,"x":0,"y":0,"curve":"stepped"},{"time":0.3333,"x":0,"y":0,"curve":"stepped"},{"time":0.6666,"x":0,"y":0,"curve":"stepped"},{"time":0.9333,"x":0,"y":0,"curve":"stepped"},{"time":1.3333,"x":0,"y":0,"curve":"stepped"},{"time":1.9333,"x":0,"y":0,"curve":"stepped"},{"time":2.5333,"x":0,"y":0,"curve":"stepped"},{"time":3.1333,"x":0,"y":0,"curve":"stepped"},{"time":3.5333,"x":0,"y":0}],"scale":[{"time":0,"x":1,"y":1,"curve":"stepped"},{"time":0.3333,"x":1,"y":1,"curve":"stepped"},{"time":0.6666,"x":1,"y":1,"curve":"stepped"},{"time":0.9333,"x":1,"y":1,"curve":"stepped"},{"time":1.3333,"x":1,"y":1,"curve":"stepped"},{"time":1.9333,"x":1,"y":1,"curve":"stepped"},{"time":2.5333,"x":1,"y":1,"curve":"stepped"},{"time":3.1333,"x":1,"y":1,"curve":"stepped"},{"time":3.5333,"x":1,"y":1}]},"bone11":{"rotate":[{"time":0,"angle":0},{"time":0.3333,"angle":2.44},{"time":0.4666,"angle":-23.24},{"time":0.6666,"angle":-24.06},{"time":0.7666,"angle":-1.13},{"time":0.9333,"angle":30.73},{"time":1.1,"angle":-11.88},{"time":1.3333,"angle":-12.86},{"time":1.5333,"angle":13.51},{"time":1.9333,"angle":17.69},{"time":2.1333,"angle":-9.01},{"time":2.5333,"angle":-10.69},{"time":2.7333,"angle":17.11},{"time":3.1333,"angle":9.45},{"time":3.2666,"angle":-8.59},{"time":3.5333,"angle":0}],"translate":[{"time":0,"x":0,"y":0,"curve":"stepped"},{"time":0.3333,"x":0,"y":0,"curve":"stepped"},{"time":0.6666,"x":0,"y":0,"curve":"stepped"},{"time":0.9333,"x":0,"y":0,"curve":"stepped"},{"time":1.3333,"x":0,"y":0,"curve":"stepped"},{"time":1.9333,"x":0,"y":0,"curve":"stepped"},{"time":2.5333,"x":0,"y":0,"curve":"stepped"},{"time":3.1333,"x":0,"y":0,"curve":"stepped"},{"time":3.5333,"x":0,"y":0}],"scale":[{"time":0,"x":1,"y":1,"curve":"stepped"},{"time":0.3333,"x":1,"y":1,"curve":"stepped"},{"time":0.6666,"x":1,"y":1,"curve":"stepped"},{"time":0.9333,"x":1,"y":1,"curve":"stepped"},{"time":1.3333,"x":1,"y":1,"curve":"stepped"},{"time":1.9333,"x":1,"y":1,"curve":"stepped"},{"time":2.5333,"x":1,"y":1,"curve":"stepped"},{"time":3.1333,"x":1,"y":1,"curve":"stepped"},{"time":3.5333,"x":1,"y":1}]},"10":{"rotate":[{"time":0,"angle":0},{"time":0.3333,"angle":-11},{"time":0.6666,"angle":11.22},{"time":0.9333,"angle":-60.45},{"time":1.1333,"angle":-93.5},{"time":1.3333,"angle":-98.73},{"time":1.4333,"angle":-89.51},{"time":1.6,"angle":-93.07},{"time":1.9333,"angle":-98.73},{"time":2.2,"angle":-93.07},{"time":2.5333,"angle":-98.73},{"time":2.8,"angle":-93.07},{"time":3.1333,"angle":-98.73},{"time":3.3,"angle":-34.96},{"time":3.5333,"angle":0}],"translate":[{"time":0,"x":0,"y":0},{"time":0.3333,"x":3.78,"y":3.64,"curve":"stepped"},{"time":0.6666,"x":3.78,"y":3.64,"curve":"stepped"},{"time":0.9333,"x":3.78,"y":3.64,"curve":"stepped"},{"time":1.3333,"x":3.78,"y":3.64,"curve":"stepped"},{"time":1.6,"x":3.78,"y":3.64,"curve":"stepped"},{"time":1.9333,"x":3.78,"y":3.64,"curve":"stepped"},{"time":2.2,"x":3.78,"y":3.64,"curve":"stepped"},{"time":2.5333,"x":3.78,"y":3.64,"curve":"stepped"},{"time":2.8,"x":3.78,"y":3.64,"curve":"stepped"},{"time":3.1333,"x":3.78,"y":3.64},{"time":3.5333,"x":0,"y":0}],"scale":[{"time":0,"x":1,"y":1},{"time":0.3333,"x":1.185,"y":1.054},{"time":0.6666,"x":1.365,"y":1.167,"curve":"stepped"},{"time":0.9333,"x":1.365,"y":1.167,"curve":"stepped"},{"time":1.3333,"x":1.365,"y":1.167,"curve":"stepped"},{"time":1.6,"x":1.365,"y":1.167,"curve":"stepped"},{"time":1.9333,"x":1.365,"y":1.167,"curve":"stepped"},{"time":2.2,"x":1.365,"y":1.167,"curve":"stepped"},{"time":2.5333,"x":1.365,"y":1.167,"curve":"stepped"},{"time":2.8,"x":1.365,"y":1.167,"curve":"stepped"},{"time":3.1333,"x":1.365,"y":1.167},{"time":3.3,"x":1.044,"y":1.041},{"time":3.5333,"x":1,"y":1}]},"11":{"rotate":[{"time":0,"angle":0},{"time":0.3333,"angle":7.57},{"time":0.6666,"angle":74.25},{"time":0.9333,"angle":-15.64},{"time":1.1333,"angle":-26.72},{"time":1.3333,"angle":-64.22},{"time":1.4333,"angle":-37.99},{"time":1.6,"angle":7.21},{"time":1.7,"angle":-21.5},{"time":1.9333,"angle":-64.22},{"time":2.0333,"angle":-37.99},{"time":2.2,"angle":7.21},{"time":2.3,"angle":-21.5},{"time":2.5333,"angle":-64.22},{"time":2.6333,"angle":-37.99},{"time":2.8,"angle":7.21},{"time":2.9,"angle":-21.5},{"time":3.1333,"angle":-64.22},{"time":3.3,"angle":-58.9},{"time":3.5333,"angle":0}],"translate":[{"time":0,"x":0,"y":0},{"time":0.3333,"x":0.81,"y":-0.17,"curve":"stepped"},{"time":0.6666,"x":0.81,"y":-0.17,"curve":"stepped"},{"time":0.9333,"x":0.81,"y":-0.17,"curve":"stepped"},{"time":1.3333,"x":0.81,"y":-0.17,"curve":"stepped"},{"time":1.6,"x":0.81,"y":-0.17,"curve":"stepped"},{"time":1.9333,"x":0.81,"y":-0.17,"curve":"stepped"},{"time":2.2,"x":0.81,"y":-0.17,"curve":"stepped"},{"time":2.5333,"x":0.81,"y":-0.17,"curve":"stepped"},{"time":2.8,"x":0.81,"y":-0.17,"curve":"stepped"},{"time":3.1333,"x":0.81,"y":-0.17},{"time":3.5333,"x":0,"y":0}],"scale":[{"time":0,"x":1,"y":1,"curve":"stepped"},{"time":0.3333,"x":1,"y":1,"curve":"stepped"},{"time":0.6666,"x":1,"y":1,"curve":"stepped"},{"time":0.9333,"x":1,"y":1,"curve":"stepped"},{"time":1.3333,"x":1,"y":1,"curve":"stepped"},{"time":1.6,"x":1,"y":1,"curve":"stepped"},{"time":1.9333,"x":1,"y":1,"curve":"stepped"},{"time":2.2,"x":1,"y":1,"curve":"stepped"},{"time":2.5333,"x":1,"y":1,"curve":"stepped"},{"time":2.8,"x":1,"y":1,"curve":"stepped"},{"time":3.1333,"x":1,"y":1,"curve":"stepped"},{"time":3.5333,"x":1,"y":1}]},"12":{"rotate":[{"time":0,"angle":0},{"time":0.3333,"angle":-8.11},{"time":0.6666,"angle":17.39},{"time":0.9333,"angle":11.26},{"time":1.1333,"angle":17.06},{"time":1.3333,"angle":-38.61},{"time":1.4333,"angle":-77.81},{"time":1.6,"angle":13.95},{"time":1.7,"angle":36.41},{"time":1.9333,"angle":-38.61},{"time":2.0333,"angle":-77.81},{"time":2.2,"angle":13.95},{"time":2.3,"angle":36.41},{"time":2.5333,"angle":-38.61},{"time":2.6333,"angle":-77.81},{"time":2.8,"angle":13.95},{"time":2.9,"angle":36.41},{"time":3.1333,"angle":-38.61},{"time":3.3,"angle":-34.44},{"time":3.5333,"angle":0}],"translate":[{"time":0,"x":0,"y":0,"curve":"stepped"},{"time":0.3333,"x":0,"y":0,"curve":"stepped"},{"time":0.6666,"x":0,"y":0,"curve":"stepped"},{"time":0.9333,"x":0,"y":0,"curve":"stepped"},{"time":1.3333,"x":0,"y":0,"curve":"stepped"},{"time":1.6,"x":0,"y":0,"curve":"stepped"},{"time":1.9333,"x":0,"y":0,"curve":"stepped"},{"time":2.2,"x":0,"y":0,"curve":"stepped"},{"time":2.5333,"x":0,"y":0,"curve":"stepped"},{"time":2.8,"x":0,"y":0,"curve":"stepped"},{"time":3.1333,"x":0,"y":0,"curve":"stepped"},{"time":3.5333,"x":0,"y":0}],"scale":[{"time":0,"x":1,"y":1,"curve":"stepped"},{"time":0.3333,"x":1,"y":1,"curve":"stepped"},{"time":0.6666,"x":1,"y":1},{"time":0.9333,"x":1.247,"y":0.964,"curve":"stepped"},{"time":1.3333,"x":1.247,"y":0.964,"curve":"stepped"},{"time":1.6,"x":1.247,"y":0.964,"curve":"stepped"},{"time":1.9333,"x":1.247,"y":0.964,"curve":"stepped"},{"time":2.2,"x":1.247,"y":0.964,"curve":"stepped"},{"time":2.5333,"x":1.247,"y":0.964,"curve":"stepped"},{"time":2.8,"x":1.247,"y":0.964,"curve":"stepped"},{"time":3.1333,"x":1.247,"y":0.964},{"time":3.5333,"x":1,"y":1}]},"13":{"rotate":[{"time":0,"angle":0},{"time":0.1666,"angle":13.25},{"time":0.3333,"angle":5.04},{"time":0.4666,"angle":12.49},{"time":0.6666,"angle":-14.88},{"time":0.7666,"angle":20.11},{"time":0.9333,"angle":17.4},{"time":1.1333,"angle":2},{"time":1.3333,"angle":22.44},{"time":1.5666,"angle":63.08},{"time":1.7,"angle":74.46},{"time":1.9333,"angle":66.06},{"time":2.5333,"angle":89.62},{"time":2.7333,"angle":75.45},{"time":3.1333,"angle":66.06},{"time":3.5333,"angle":0}],"translate":[{"time":0,"x":0,"y":0,"curve":"stepped"},{"time":0.3333,"x":0,"y":0,"curve":"stepped"},{"time":0.6666,"x":0,"y":0,"curve":"stepped"},{"time":0.9333,"x":0,"y":0,"curve":"stepped"},{"time":1.1333,"x":0,"y":0,"curve":"stepped"},{"time":1.3333,"x":0,"y":0,"curve":"stepped"},{"time":1.5666,"x":0,"y":0,"curve":"stepped"},{"time":1.9333,"x":0,"y":0,"curve":"stepped"},{"time":2.5333,"x":0,"y":0,"curve":"stepped"},{"time":3.1333,"x":0,"y":0,"curve":"stepped"},{"time":3.5333,"x":0,"y":0}],"scale":[{"time":0,"x":1,"y":1,"curve":"stepped"},{"time":0.3333,"x":1,"y":1,"curve":"stepped"},{"time":0.6666,"x":1,"y":1,"curve":"stepped"},{"time":0.9333,"x":1,"y":1,"curve":"stepped"},{"time":1.1333,"x":1,"y":1,"curve":"stepped"},{"time":1.3333,"x":1,"y":1,"curve":"stepped"},{"time":1.5666,"x":1,"y":1,"curve":"stepped"},{"time":1.9333,"x":1,"y":1,"curve":"stepped"},{"time":2.5333,"x":1,"y":1,"curve":"stepped"},{"time":3.1333,"x":1,"y":1,"curve":"stepped"},{"time":3.5333,"x":1,"y":1}]},"bone12":{"rotate":[{"time":0,"angle":0},{"time":0.1666,"angle":16.08},{"time":0.3333,"angle":18.38},{"time":0.4666,"angle":-24.79},{"time":0.6666,"angle":-17.76},{"time":0.7666,"angle":4.72},{"time":0.9333,"angle":2.39},{"time":1.1333,"angle":-27.4},{"time":1.3333,"angle":-21.84},{"time":1.5666,"angle":0.89},{"time":1.7,"angle":7.6},{"time":1.9333,"angle":-11.62},{"time":2.1333,"angle":-14.61},{"time":2.5333,"angle":14.89},{"time":3.1333,"angle":-11.62},{"time":3.2666,"angle":-41.39},{"time":3.5333,"angle":0}],"translate":[{"time":0,"x":0,"y":0,"curve":"stepped"},{"time":0.3333,"x":0,"y":0,"curve":"stepped"},{"time":0.6666,"x":0,"y":0,"curve":"stepped"},{"time":0.9333,"x":0,"y":0,"curve":"stepped"},{"time":1.1333,"x":0,"y":0,"curve":"stepped"},{"time":1.3333,"x":0,"y":0,"curve":"stepped"},{"time":1.5666,"x":0,"y":0,"curve":"stepped"},{"time":1.9333,"x":0,"y":0,"curve":"stepped"},{"time":2.5333,"x":0,"y":0,"curve":"stepped"},{"time":3.1333,"x":0,"y":0,"curve":"stepped"},{"time":3.5333,"x":0,"y":0}],"scale":[{"time":0,"x":1,"y":1,"curve":"stepped"},{"time":0.3333,"x":1,"y":1,"curve":"stepped"},{"time":0.6666,"x":1,"y":1,"curve":"stepped"},{"time":0.9333,"x":1,"y":1,"curve":"stepped"},{"time":1.1333,"x":1,"y":1,"curve":"stepped"},{"time":1.3333,"x":1,"y":1,"curve":"stepped"},{"time":1.5666,"x":1,"y":1,"curve":"stepped"},{"time":1.9333,"x":1,"y":1,"curve":"stepped"},{"time":2.5333,"x":1,"y":1,"curve":"stepped"},{"time":3.1333,"x":1,"y":1,"curve":"stepped"},{"time":3.5333,"x":1,"y":1}]},"bone13":{"rotate":[{"time":0,"angle":0},{"time":0.1666,"angle":-16.48},{"time":0.3333,"angle":11.45},{"time":0.4666,"angle":21.36},{"time":0.6666,"angle":5.8},{"time":0.7666,"angle":-4.39},{"time":0.9333,"angle":14.8},{"time":1.1333,"angle":11.66},{"time":1.3333,"angle":-44.16},{"time":1.5666,"angle":-7.37},{"time":1.7,"angle":20.27},{"time":1.9333,"angle":20.44},{"time":2.1333,"angle":-12.14},{"time":2.5333,"angle":-3.18},{"time":2.7333,"angle":24.46},{"time":3.1333,"angle":20.44},{"time":3.2666,"angle":-24.35},{"time":3.5333,"angle":0}],"translate":[{"time":0,"x":0,"y":0,"curve":"stepped"},{"time":0.3333,"x":0,"y":0,"curve":"stepped"},{"time":0.6666,"x":0,"y":0,"curve":"stepped"},{"time":0.9333,"x":0,"y":0,"curve":"stepped"},{"time":1.1333,"x":0,"y":0,"curve":"stepped"},{"time":1.3333,"x":0,"y":0,"curve":"stepped"},{"time":1.5666,"x":0,"y":0,"curve":"stepped"},{"time":1.9333,"x":0,"y":0,"curve":"stepped"},{"time":2.5333,"x":0,"y":0,"curve":"stepped"},{"time":3.1333,"x":0,"y":0,"curve":"stepped"},{"time":3.5333,"x":0,"y":0}],"scale":[{"time":0,"x":1,"y":1,"curve":"stepped"},{"time":0.3333,"x":1,"y":1,"curve":"stepped"},{"time":0.6666,"x":1,"y":1,"curve":"stepped"},{"time":0.9333,"x":1,"y":1,"curve":"stepped"},{"time":1.1333,"x":1,"y":1,"curve":"stepped"},{"time":1.3333,"x":1,"y":1,"curve":"stepped"},{"time":1.5666,"x":1,"y":1,"curve":"stepped"},{"time":1.9333,"x":1,"y":1,"curve":"stepped"},{"time":2.5333,"x":1,"y":1,"curve":"stepped"},{"time":3.1333,"x":1,"y":1,"curve":"stepped"},{"time":3.5333,"x":1,"y":1}]},"bone14":{"rotate":[{"time":0,"angle":0},{"time":0.1666,"angle":-15.62},{"time":0.3333,"angle":8.63},{"time":0.4666,"angle":19.99},{"time":0.6666,"angle":11.79},{"time":0.7666,"angle":-11.45},{"time":0.9333,"angle":14.81},{"time":1.1333,"angle":16.17},{"time":1.3333,"angle":-49.47},{"time":1.5666,"angle":-17.32},{"time":1.7,"angle":20.87},{"time":1.9333,"angle":17.86},{"time":2.1333,"angle":-22.62},{"time":2.5333,"angle":-16.39},{"time":2.7333,"angle":17.39},{"time":3.1333,"angle":17.86},{"time":3.2666,"angle":-35.9},{"time":3.5333,"angle":0}],"translate":[{"time":0,"x":0,"y":0,"curve":"stepped"},{"time":0.3333,"x":0,"y":0,"curve":"stepped"},{"time":0.6666,"x":0,"y":0,"curve":"stepped"},{"time":0.9333,"x":0,"y":0,"curve":"stepped"},{"time":1.1333,"x":0,"y":0,"curve":"stepped"},{"time":1.3333,"x":0,"y":0,"curve":"stepped"},{"time":1.5666,"x":0,"y":0,"curve":"stepped"},{"time":1.9333,"x":0,"y":0,"curve":"stepped"},{"time":2.5333,"x":0,"y":0,"curve":"stepped"},{"time":3.1333,"x":0,"y":0,"curve":"stepped"},{"time":3.5333,"x":0,"y":0}],"scale":[{"time":0,"x":1,"y":1,"curve":"stepped"},{"time":0.3333,"x":1,"y":1,"curve":"stepped"},{"time":0.6666,"x":1,"y":1,"curve":"stepped"},{"time":0.9333,"x":1,"y":1,"curve":"stepped"},{"time":1.1333,"x":1,"y":1,"curve":"stepped"},{"time":1.3333,"x":1,"y":1,"curve":"stepped"},{"time":1.5666,"x":1,"y":1,"curve":"stepped"},{"time":1.9333,"x":1,"y":1,"curve":"stepped"},{"time":2.5333,"x":1,"y":1,"curve":"stepped"},{"time":3.1333,"x":1,"y":1,"curve":"stepped"},{"time":3.5333,"x":1,"y":1}]},"14":{"rotate":[{"time":0,"angle":0,"curve":"stepped"},{"time":0.3333,"angle":0,"curve":"stepped"},{"time":0.6666,"angle":0,"curve":"stepped"},{"time":0.9333,"angle":0,"curve":"stepped"},{"time":1.3333,"angle":0,"curve":"stepped"},{"time":1.9333,"angle":0,"curve":"stepped"},{"time":2.5333,"angle":0,"curve":"stepped"},{"time":3.1333,"angle":0,"curve":"stepped"},{"time":3.5333,"angle":0}],"translate":[{"time":0,"x":0,"y":0,"curve":"stepped"},{"time":0.3333,"x":0,"y":0,"curve":"stepped"},{"time":0.6666,"x":0,"y":0,"curve":"stepped"},{"time":0.9333,"x":0,"y":0,"curve":"stepped"},{"time":1.3333,"x":0,"y":0,"curve":"stepped"},{"time":1.9333,"x":0,"y":0,"curve":"stepped"},{"time":2.5333,"x":0,"y":0,"curve":"stepped"},{"time":3.1333,"x":0,"y":0,"curve":"stepped"},{"time":3.5333,"x":0,"y":0}],"scale":[{"time":0,"x":1,"y":1,"curve":"stepped"},{"time":0.3333,"x":1,"y":1,"curve":"stepped"},{"time":0.6666,"x":1,"y":1,"curve":"stepped"},{"time":0.9333,"x":1,"y":1,"curve":"stepped"},{"time":1.3333,"x":1,"y":1,"curve":"stepped"},{"time":1.9333,"x":1,"y":1,"curve":"stepped"},{"time":2.5333,"x":1,"y":1,"curve":"stepped"},{"time":3.1333,"x":1,"y":1,"curve":"stepped"},{"time":3.5333,"x":1,"y":1}]},"bone15":{"rotate":[{"time":0,"angle":0,"curve":"stepped"},{"time":0.3333,"angle":0,"curve":"stepped"},{"time":0.6666,"angle":0,"curve":"stepped"},{"time":0.9333,"angle":0,"curve":"stepped"},{"time":1.3333,"angle":0,"curve":"stepped"},{"time":1.9333,"angle":0,"curve":"stepped"},{"time":2.5333,"angle":0,"curve":"stepped"},{"time":3.1333,"angle":0,"curve":"stepped"},{"time":3.5333,"angle":0}],"translate":[{"time":0,"x":0,"y":0,"curve":"stepped"},{"time":0.3333,"x":0,"y":0,"curve":"stepped"},{"time":0.6666,"x":0,"y":0,"curve":"stepped"},{"time":0.9333,"x":0,"y":0,"curve":"stepped"},{"time":1.3333,"x":0,"y":0,"curve":"stepped"},{"time":1.9333,"x":0,"y":0,"curve":"stepped"},{"time":2.5333,"x":0,"y":0,"curve":"stepped"},{"time":3.1333,"x":0,"y":0,"curve":"stepped"},{"time":3.5333,"x":0,"y":0}],"scale":[{"time":0,"x":1,"y":1,"curve":"stepped"},{"time":0.3333,"x":1,"y":1,"curve":"stepped"},{"time":0.6666,"x":1,"y":1,"curve":"stepped"},{"time":0.9333,"x":1,"y":1,"curve":"stepped"},{"time":1.3333,"x":1,"y":1,"curve":"stepped"},{"time":1.9333,"x":1,"y":1,"curve":"stepped"},{"time":2.5333,"x":1,"y":1,"curve":"stepped"},{"time":3.1333,"x":1,"y":1,"curve":"stepped"},{"time":3.5333,"x":1,"y":1}]},"bone16":{"rotate":[{"time":0,"angle":0,"curve":"stepped"},{"time":0.3333,"angle":0,"curve":"stepped"},{"time":0.6666,"angle":0,"curve":"stepped"},{"time":0.9333,"angle":0,"curve":"stepped"},{"time":1.3333,"angle":0,"curve":"stepped"},{"time":1.9333,"angle":0,"curve":"stepped"},{"time":2.5333,"angle":0,"curve":"stepped"},{"time":3.1333,"angle":0,"curve":"stepped"},{"time":3.5333,"angle":0}],"translate":[{"time":0,"x":0,"y":0,"curve":"stepped"},{"time":0.3333,"x":0,"y":0,"curve":"stepped"},{"time":0.6666,"x":0,"y":0,"curve":"stepped"},{"time":0.9333,"x":0,"y":0,"curve":"stepped"},{"time":1.3333,"x":0,"y":0,"curve":"stepped"},{"time":1.9333,"x":0,"y":0,"curve":"stepped"},{"time":2.5333,"x":0,"y":0,"curve":"stepped"},{"time":3.1333,"x":0,"y":0,"curve":"stepped"},{"time":3.5333,"x":0,"y":0}],"scale":[{"time":0,"x":1,"y":1,"curve":"stepped"},{"time":0.3333,"x":1,"y":1,"curve":"stepped"},{"time":0.6666,"x":1,"y":1,"curve":"stepped"},{"time":0.9333,"x":1,"y":1,"curve":"stepped"},{"time":1.3333,"x":1,"y":1,"curve":"stepped"},{"time":1.9333,"x":1,"y":1,"curve":"stepped"},{"time":2.5333,"x":1,"y":1,"curve":"stepped"},{"time":3.1333,"x":1,"y":1,"curve":"stepped"},{"time":3.5333,"x":1,"y":1}]},"15":{"rotate":[{"time":0,"angle":0},{"time":0.3333,"angle":20.87},{"time":0.6666,"angle":1.39},{"time":0.9333,"angle":7.59,"curve":"stepped"},{"time":1.3333,"angle":7.59,"curve":"stepped"},{"time":1.9333,"angle":7.59,"curve":"stepped"},{"time":2.5333,"angle":7.59,"curve":"stepped"},{"time":3.1333,"angle":7.59},{"time":3.5333,"angle":0}],"translate":[{"time":0,"x":0,"y":0,"curve":"stepped"},{"time":0.3333,"x":0,"y":0,"curve":"stepped"},{"time":0.6666,"x":0,"y":0,"curve":"stepped"},{"time":0.9333,"x":0,"y":0,"curve":"stepped"},{"time":1.3333,"x":0,"y":0,"curve":"stepped"},{"time":1.9333,"x":0,"y":0,"curve":"stepped"},{"time":2.5333,"x":0,"y":0,"curve":"stepped"},{"time":3.1333,"x":0,"y":0,"curve":"stepped"},{"time":3.5333,"x":0,"y":0}],"scale":[{"time":0,"x":1,"y":1,"curve":"stepped"},{"time":0.3333,"x":1,"y":1,"curve":"stepped"},{"time":0.6666,"x":1,"y":1,"curve":"stepped"},{"time":0.9333,"x":1,"y":1,"curve":"stepped"},{"time":1.3333,"x":1,"y":1,"curve":"stepped"},{"time":1.9333,"x":1,"y":1,"curve":"stepped"},{"time":2.5333,"x":1,"y":1,"curve":"stepped"},{"time":3.1333,"x":1,"y":1,"curve":"stepped"},{"time":3.5333,"x":1,"y":1}]},"bone17":{"rotate":[{"time":0,"angle":0},{"time":0.3333,"angle":-8.9},{"time":0.6666,"angle":8.77},{"time":0.9333,"angle":-11.87},{"time":1.3333,"angle":3.67},{"time":1.9333,"angle":-11.87},{"time":2.5333,"angle":3.67},{"time":3.1333,"angle":-0.51},{"time":3.5333,"angle":0}],"translate":[{"time":0,"x":0,"y":0,"curve":"stepped"},{"time":0.3333,"x":0,"y":0,"curve":"stepped"},{"time":0.6666,"x":0,"y":0,"curve":"stepped"},{"time":0.9333,"x":0,"y":0,"curve":"stepped"},{"time":1.3333,"x":0,"y":0,"curve":"stepped"},{"time":1.9333,"x":0,"y":0,"curve":"stepped"},{"time":2.5333,"x":0,"y":0,"curve":"stepped"},{"time":3.1333,"x":0,"y":0,"curve":"stepped"},{"time":3.5333,"x":0,"y":0}],"scale":[{"time":0,"x":1,"y":1,"curve":"stepped"},{"time":0.3333,"x":1,"y":1,"curve":"stepped"},{"time":0.6666,"x":1,"y":1,"curve":"stepped"},{"time":0.9333,"x":1,"y":1,"curve":"stepped"},{"time":1.3333,"x":1,"y":1,"curve":"stepped"},{"time":1.9333,"x":1,"y":1,"curve":"stepped"},{"time":2.5333,"x":1,"y":1,"curve":"stepped"},{"time":3.1333,"x":1,"y":1,"curve":"stepped"},{"time":3.5333,"x":1,"y":1}]},"bone18":{"rotate":[{"time":0,"angle":0},{"time":0.3333,"angle":-22.81},{"time":0.6666,"angle":-2.37},{"time":0.9333,"angle":-17.45},{"time":1.3333,"angle":1.57},{"time":1.9333,"angle":-17.45},{"time":2.5333,"angle":1.57},{"time":3.1333,"angle":-1.31},{"time":3.5333,"angle":0}],"translate":[{"time":0,"x":0,"y":0,"curve":"stepped"},{"time":0.3333,"x":0,"y":0,"curve":"stepped"},{"time":0.6666,"x":0,"y":0,"curve":"stepped"},{"time":0.9333,"x":0,"y":0,"curve":"stepped"},{"time":1.3333,"x":0,"y":0,"curve":"stepped"},{"time":1.9333,"x":0,"y":0,"curve":"stepped"},{"time":2.5333,"x":0,"y":0,"curve":"stepped"},{"time":3.1333,"x":0,"y":0,"curve":"stepped"},{"time":3.5333,"x":0,"y":0}],"scale":[{"time":0,"x":1,"y":1,"curve":"stepped"},{"time":0.3333,"x":1,"y":1,"curve":"stepped"},{"time":0.6666,"x":1,"y":1,"curve":"stepped"},{"time":0.9333,"x":1,"y":1,"curve":"stepped"},{"time":1.3333,"x":1,"y":1,"curve":"stepped"},{"time":1.9333,"x":1,"y":1,"curve":"stepped"},{"time":2.5333,"x":1,"y":1,"curve":"stepped"},{"time":3.1333,"x":1,"y":1,"curve":"stepped"},{"time":3.5333,"x":1,"y":1}]},"bone19":{"rotate":[{"time":0,"angle":0},{"time":0.3333,"angle":-15.02},{"time":0.6666,"angle":19.94},{"time":0.9333,"angle":-17.26},{"time":1.3333,"angle":0},{"time":1.9333,"angle":-17.26},{"time":2.5333,"angle":0,"curve":"stepped"},{"time":3.1333,"angle":0,"curve":"stepped"},{"time":3.5333,"angle":0}],"translate":[{"time":0,"x":0,"y":0,"curve":"stepped"},{"time":0.3333,"x":0,"y":0,"curve":"stepped"},{"time":0.6666,"x":0,"y":0,"curve":"stepped"},{"time":0.9333,"x":0,"y":0,"curve":"stepped"},{"time":1.3333,"x":0,"y":0,"curve":"stepped"},{"time":1.9333,"x":0,"y":0,"curve":"stepped"},{"time":2.5333,"x":0,"y":0,"curve":"stepped"},{"time":3.1333,"x":0,"y":0,"curve":"stepped"},{"time":3.5333,"x":0,"y":0}],"scale":[{"time":0,"x":1,"y":1,"curve":"stepped"},{"time":0.3333,"x":1,"y":1,"curve":"stepped"},{"time":0.6666,"x":1,"y":1,"curve":"stepped"},{"time":0.9333,"x":1,"y":1,"curve":"stepped"},{"time":1.3333,"x":1,"y":1,"curve":"stepped"},{"time":1.9333,"x":1,"y":1,"curve":"stepped"},{"time":2.5333,"x":1,"y":1,"curve":"stepped"},{"time":3.1333,"x":1,"y":1,"curve":"stepped"},{"time":3.5333,"x":1,"y":1}]},"16":{"rotate":[{"time":0,"angle":0},{"time":0.3333,"angle":-12.17},{"time":0.6666,"angle":-12.38},{"time":0.9333,"angle":-4.35},{"time":1.3333,"angle":-15.86},{"time":1.9333,"angle":-4.35},{"time":2.5333,"angle":-15.86},{"time":3.1333,"angle":0,"curve":"stepped"},{"time":3.5333,"angle":0}],"translate":[{"time":0,"x":0,"y":0,"curve":"stepped"},{"time":0.3333,"x":0,"y":0,"curve":"stepped"},{"time":0.6666,"x":0,"y":0,"curve":"stepped"},{"time":0.9333,"x":0,"y":0,"curve":"stepped"},{"time":1.3333,"x":0,"y":0,"curve":"stepped"},{"time":1.9333,"x":0,"y":0,"curve":"stepped"},{"time":2.5333,"x":0,"y":0,"curve":"stepped"},{"time":3.1333,"x":0,"y":0,"curve":"stepped"},{"time":3.5333,"x":0,"y":0}],"scale":[{"time":0,"x":1,"y":1,"curve":"stepped"},{"time":0.3333,"x":1,"y":1,"curve":"stepped"},{"time":0.6666,"x":1,"y":1},{"time":0.9333,"x":1.114,"y":1,"curve":"stepped"},{"time":1.3333,"x":1.114,"y":1,"curve":"stepped"},{"time":1.9333,"x":1.114,"y":1,"curve":"stepped"},{"time":2.5333,"x":1.114,"y":1,"curve":"stepped"},{"time":3.1333,"x":1.114,"y":1},{"time":3.5333,"x":1,"y":1}]},"bone20":{"rotate":[{"time":0,"angle":0},{"time":0.3333,"angle":-4.03},{"time":0.6666,"angle":-21.85},{"time":0.9333,"angle":2.32},{"time":1.3333,"angle":-21.7},{"time":1.9333,"angle":2.32},{"time":2.5333,"angle":-21.7},{"time":3.1333,"angle":-15.58},{"time":3.5333,"angle":0}],"translate":[{"time":0,"x":0,"y":0,"curve":"stepped"},{"time":0.3333,"x":0,"y":0,"curve":"stepped"},{"time":0.6666,"x":0,"y":0,"curve":"stepped"},{"time":0.9333,"x":0,"y":0,"curve":"stepped"},{"time":1.3333,"x":0,"y":0,"curve":"stepped"},{"time":1.9333,"x":0,"y":0,"curve":"stepped"},{"time":2.5333,"x":0,"y":0,"curve":"stepped"},{"time":3.1333,"x":0,"y":0,"curve":"stepped"},{"time":3.5333,"x":0,"y":0}],"scale":[{"time":0,"x":1,"y":1,"curve":"stepped"},{"time":0.3333,"x":1,"y":1,"curve":"stepped"},{"time":0.6666,"x":1,"y":1,"curve":"stepped"},{"time":0.9333,"x":1,"y":1,"curve":"stepped"},{"time":1.3333,"x":1,"y":1,"curve":"stepped"},{"time":1.9333,"x":1,"y":1,"curve":"stepped"},{"time":2.5333,"x":1,"y":1,"curve":"stepped"},{"time":3.1333,"x":1,"y":1,"curve":"stepped"},{"time":3.5333,"x":1,"y":1}]},"bone21":{"rotate":[{"time":0,"angle":0},{"time":0.3333,"angle":3.65},{"time":0.6666,"angle":-12.63},{"time":0.9333,"angle":12.82},{"time":1.3333,"angle":-12.24},{"time":1.9333,"angle":12.82},{"time":2.5333,"angle":-12.24,"curve":"stepped"},{"time":3.1333,"angle":-12.24},{"time":3.5333,"angle":0}],"translate":[{"time":0,"x":0,"y":0,"curve":"stepped"},{"time":0.3333,"x":0,"y":0,"curve":"stepped"},{"time":0.6666,"x":0,"y":0,"curve":"stepped"},{"time":0.9333,"x":0,"y":0,"curve":"stepped"},{"time":1.3333,"x":0,"y":0,"curve":"stepped"},{"time":1.9333,"x":0,"y":0,"curve":"stepped"},{"time":2.5333,"x":0,"y":0,"curve":"stepped"},{"time":3.1333,"x":0,"y":0,"curve":"stepped"},{"time":3.5333,"x":0,"y":0}],"scale":[{"time":0,"x":1,"y":1,"curve":"stepped"},{"time":0.3333,"x":1,"y":1,"curve":"stepped"},{"time":0.6666,"x":1,"y":1,"curve":"stepped"},{"time":0.9333,"x":1,"y":1,"curve":"stepped"},{"time":1.3333,"x":1,"y":1,"curve":"stepped"},{"time":1.9333,"x":1,"y":1,"curve":"stepped"},{"time":2.5333,"x":1,"y":1,"curve":"stepped"},{"time":3.1333,"x":1,"y":1,"curve":"stepped"},{"time":3.5333,"x":1,"y":1}]},"17":{"rotate":[{"time":0,"angle":0,"curve":"stepped"},{"time":0.3333,"angle":0,"curve":"stepped"},{"time":0.6666,"angle":0},{"time":0.9333,"angle":2.72},{"time":1.3333,"angle":0},{"time":1.9333,"angle":2.72},{"time":2.5333,"angle":0,"curve":"stepped"},{"time":3.1333,"angle":0,"curve":"stepped"},{"time":3.5333,"angle":0}],"translate":[{"time":0,"x":0,"y":0},{"time":0.3333,"x":-0.52,"y":-2.56,"curve":"stepped"},{"time":0.6666,"x":-0.52,"y":-2.56},{"time":0.9333,"x":0,"y":0,"curve":"stepped"},{"time":1.3333,"x":0,"y":0,"curve":"stepped"},{"time":1.9333,"x":0,"y":0,"curve":"stepped"},{"time":2.5333,"x":0,"y":0,"curve":"stepped"},{"time":3.1333,"x":0,"y":0,"curve":"stepped"},{"time":3.5333,"x":0,"y":0}],"scale":[{"time":0,"x":1,"y":1},{"time":0.3333,"x":0.873,"y":1.026,"curve":"stepped"},{"time":0.6666,"x":0.873,"y":1.026},{"time":0.9333,"x":1.068,"y":0.867},{"time":1.3333,"x":0.969,"y":1.049},{"time":1.9333,"x":1.068,"y":0.867},{"time":2.5333,"x":0.969,"y":1.049},{"time":3.1333,"x":0.993,"y":1.016},{"time":3.5333,"x":1,"y":1}]},"18":{"rotate":[{"time":0,"angle":0,"curve":"stepped"},{"time":0.3333,"angle":0,"curve":"stepped"},{"time":0.6666,"angle":0},{"time":0.9333,"angle":-18.33},{"time":1.3333,"angle":0,"curve":"stepped"},{"time":1.9333,"angle":0,"curve":"stepped"},{"time":2.5333,"angle":0,"curve":"stepped"},{"time":3.1333,"angle":0,"curve":"stepped"},{"time":3.5333,"angle":0}],"translate":[{"time":0,"x":0,"y":0,"curve":"stepped"},{"time":0.3333,"x":0,"y":0,"curve":"stepped"},{"time":0.6666,"x":0,"y":0,"curve":"stepped"},{"time":0.9333,"x":0,"y":0,"curve":"stepped"},{"time":1.3333,"x":0,"y":0,"curve":"stepped"},{"time":1.9333,"x":0,"y":0,"curve":"stepped"},{"time":2.5333,"x":0,"y":0,"curve":"stepped"},{"time":3.1333,"x":0,"y":0,"curve":"stepped"},{"time":3.5333,"x":0,"y":0}],"scale":[{"time":0,"x":1,"y":1,"curve":"stepped"},{"time":0.3333,"x":1,"y":1,"curve":"stepped"},{"time":0.6666,"x":1,"y":1,"curve":"stepped"},{"time":0.9333,"x":1,"y":1,"curve":"stepped"},{"time":1.3333,"x":1,"y":1,"curve":"stepped"},{"time":1.9333,"x":1,"y":1,"curve":"stepped"},{"time":2.5333,"x":1,"y":1,"curve":"stepped"},{"time":3.1333,"x":1,"y":1,"curve":"stepped"},{"time":3.5333,"x":1,"y":1}]},"19":{"rotate":[{"time":0,"angle":0,"curve":"stepped"},{"time":0.3333,"angle":0,"curve":"stepped"},{"time":0.6666,"angle":0},{"time":0.9333,"angle":26.17},{"time":1.3333,"angle":0,"curve":"stepped"},{"time":1.9333,"angle":0,"curve":"stepped"},{"time":2.5333,"angle":0,"curve":"stepped"},{"time":3.1333,"angle":0,"curve":"stepped"},{"time":3.5333,"angle":0}],"translate":[{"time":0,"x":0,"y":0,"curve":"stepped"},{"time":0.3333,"x":0,"y":0,"curve":"stepped"},{"time":0.6666,"x":0,"y":0,"curve":"stepped"},{"time":0.9333,"x":0,"y":0,"curve":"stepped"},{"time":1.3333,"x":0,"y":0,"curve":"stepped"},{"time":1.9333,"x":0,"y":0,"curve":"stepped"},{"time":2.5333,"x":0,"y":0,"curve":"stepped"},{"time":3.1333,"x":0,"y":0,"curve":"stepped"},{"time":3.5333,"x":0,"y":0}],"scale":[{"time":0,"x":1,"y":1,"curve":"stepped"},{"time":0.3333,"x":1,"y":1,"curve":"stepped"},{"time":0.6666,"x":1,"y":1,"curve":"stepped"},{"time":0.9333,"x":1,"y":1,"curve":"stepped"},{"time":1.3333,"x":1,"y":1,"curve":"stepped"},{"time":1.9333,"x":1,"y":1,"curve":"stepped"},{"time":2.5333,"x":1,"y":1,"curve":"stepped"},{"time":3.1333,"x":1,"y":1,"curve":"stepped"},{"time":3.5333,"x":1,"y":1}]},"shadow":{"rotate":[{"time":0,"angle":0,"curve":"stepped"},{"time":0.3333,"angle":0,"curve":"stepped"},{"time":0.6666,"angle":0,"curve":"stepped"},{"time":0.9333,"angle":0,"curve":"stepped"},{"time":1.3333,"angle":0,"curve":"stepped"},{"time":1.9333,"angle":0,"curve":"stepped"},{"time":2.5333,"angle":0,"curve":"stepped"},{"time":3.1333,"angle":0,"curve":"stepped"},{"time":3.5333,"angle":0}],"translate":[{"time":0,"x":0,"y":0,"curve":"stepped"},{"time":0.3333,"x":0,"y":0,"curve":"stepped"},{"time":0.6666,"x":0,"y":0,"curve":"stepped"},{"time":0.9333,"x":0,"y":0,"curve":"stepped"},{"time":1.3333,"x":0,"y":0,"curve":"stepped"},{"time":1.9333,"x":0,"y":0,"curve":"stepped"},{"time":2.5333,"x":0,"y":0,"curve":"stepped"},{"time":3.1333,"x":0,"y":0,"curve":"stepped"},{"time":3.5333,"x":0,"y":0}],"scale":[{"time":0,"x":1,"y":1},{"time":0.3333,"x":1.093,"y":1.088},{"time":0.6666,"x":1.128,"y":1.171},{"time":0.9333,"x":0.991,"y":0.941},{"time":1.3333,"x":1,"y":1},{"time":1.9333,"x":1.007,"y":0.968},{"time":2.5333,"x":1,"y":1},{"time":3.1333,"x":1.007,"y":0.968},{"time":3.5333,"x":1,"y":1}]},"fx_face":{"rotate":[{"time":0,"angle":0,"curve":"stepped"},{"time":0.6666,"angle":0,"curve":"stepped"},{"time":1.3333,"angle":0,"curve":"stepped"},{"time":2,"angle":0,"curve":"stepped"},{"time":2.6666,"angle":0,"curve":"stepped"},{"time":3.5333,"angle":0}],"translate":[{"time":0,"x":0,"y":0,"curve":"stepped"},{"time":0.6666,"x":0,"y":0,"curve":"stepped"},{"time":1.3333,"x":0,"y":0,"curve":"stepped"},{"time":2,"x":0,"y":0,"curve":"stepped"},{"time":2.6666,"x":0,"y":0,"curve":"stepped"},{"time":3.5333,"x":0,"y":0}],"scale":[{"time":0,"x":1,"y":1,"curve":"stepped"},{"time":0.6666,"x":1,"y":1,"curve":"stepped"},{"time":1.3333,"x":1,"y":1,"curve":"stepped"},{"time":2,"x":1,"y":1,"curve":"stepped"},{"time":2.6666,"x":1,"y":1,"curve":"stepped"},{"time":3.5333,"x":1,"y":1}]}},"ffd":{"default":{"2":{"2":[{"time":0},{"time":0.3333,"offset":2,"vertices":[3.5945,-2.26153,1.68376,-2.28583,-0.68825,-2.68883,0.65798,-4.09336,0,0,1.2807,0.08618,0,0,-0.02427,1.91071,2.66095,3.34316,2.72652,1.85246,2.35139,0.19302,2.12075,0.00364,0,0,0,0,0,0,0,0,0,0,0,0,0,0,0,0,0,0,2.48252,-2.7884,1.93138,0.23429,0.9226,0.75749,3.75957,-0.58147,4.97838,-1.12531,4.95776,-1.33532,3.8458,-1.86217,-0.20634,-2.10009]},{"time":0.6666,"offset":20,"vertices":[-0.47033,3.75754,3.19954,1.09776]},{"time":0.9333,"vertices":[-3.51507,0.39686,-3.23538,-1.0536,-5.01294,-0.75156,0,0,0,0,0,0,0,0,0,0,0,0,0,0,0,0,-3.60244,-0.26469,-3.64238,-0.05751,-1.69756,-0.11238,-0.78887,-0.36698,-3.56247,-0.47187,0,0,0,0,0,0,0,0,0,0,0,0,0.20724,0.03993,-1.2033,-0.4469,-3.55503,0.60409,-0.94866,0.46184,-0.70151,0.29459,-1.78493,-0.77393,-0.86877,0.04742]},{"time":1.3333,"offset":8,"vertices":[-0.86815,-0.37003,0,0,0,0,0,0,0,0,0,0,-1.72914,2.85354,-0.79128,0.89378,0,0,0,0,0,0,0,0,0,0,0,0,0,0,0,0,0,0,0,0,0,0,0,0,0,0,0,0,1.68504,-0.10249,1.4488,-0.51094,1.87007,-0.53657]},{"time":1.9333,"vertices":[-1.67508,-0.47141,0.8809,-1.24078,0,0,0,0,0,0,0,0,0,0,0,0,0,0,0,0,0,0,0,0,0,0,0,0,0,0,0,0,0,0,0,0,0,0,0,0,0,0,0,0,-1.42076,-1.94177,-1.22843,-1.30277,0,0,-0.62042,-0.44046,-1.64408,-1.5261,-2.88491,-2.40701,-1.25319,-0.45904]},{"time":2.5333,"offset":4,"vertices":[0.72159,1.43604,0,0,0,0,0,0,0,0,0,0,0,0,0,0,2.65571,1.95259,0,0,0,0,0,0,0,0,0,0,0,0,0,0,0,0,0,0,0,0,0,0,1.85728,-0.7472,0,0,0.90659,1.00191,2.75104,0.04408,1.06599,0.14657,1.90853,0.09531,-0.59346,0.67033]},{"time":3.1333,"vertices":[-1.67508,-0.47141,0.8809,-1.24078,0,0,0,0,0,0,0,0,0,0,0,0,0,0,0,0,0,0,0,0,0,0,0,0,0,0,0,0,0,0,0,0,0,0,0,0,0,0,0,0,-1.42076,-1.94177,-1.22843,-1.30277,0,0,-0.62042,-0.44046,-1.64408,-1.5261,-2.88491,-2.40701,-1.25319,-0.45904]},{"time":3.5333}]},"9":{"9":[{"time":0,"curve":"stepped"},{"time":0.3333,"curve":"stepped"},{"time":0.6666,"curve":"stepped"},{"time":0.9333,"curve":"stepped"},{"time":1.3333,"curve":"stepped"},{"time":1.9333,"curve":"stepped"},{"time":2.5333,"curve":"stepped"},{"time":3.1333,"curve":"stepped"},{"time":3.5333}]}}}}}}