{"skeleton":{"hash":"oEHBIaPDz0DOTm7Mmqw5s1XWN0o","spine":"3.1.03","width":301.59,"height":237},"bones":[{"name":"root"},{"name":"bone","parent":"root","x":-6.47,"y":64.03},{"name":"MON10078_DL_17","parent":"bone","length":22.57,"x":-3.21,"y":-22.54,"rotation":81.3},{"name":"bone2","parent":"MON10078_DL_17","length":34.41,"x":22.57,"rotation":0.92},{"name":"MON10078_DL_10","parent":"bone2","length":34.5,"x":34.51,"y":0.05,"rotation":4.69},{"name":"MON10078_DL_00","parent":"MON10078_DL_10","length":7.32,"x":25.57,"y":27.92,"rotation":84.93},{"name":"MON10078_DL_0","parent":"MON10078_DL_10","length":8.16,"x":113.78,"y":36.83,"rotation":-175.81},{"name":"MON10078_DL_01","parent":"MON10078_DL_10","length":8.82,"x":27.42,"y":7.79,"rotation":-83.56},{"name":"MON10078_DL_1","parent":"MON10078_DL_10","length":8.16,"x":114.5,"y":23.39,"rotation":-175.81},{"name":"MON10078_DL_2","parent":"MON10078_DL_10","length":8.16,"x":115.31,"y":8.26,"rotation":-175.81},{"name":"MON10078_DL_3","parent":"MON10078_DL_10","length":7.83,"x":-6.88,"y":13.99,"rotation":148.58},{"name":"MON10078_DL_12","parent":"bone2","length":27.32,"x":19.49,"y":-38.82,"rotation":-135.39},{"name":"MON10078_DL_11","parent":"MON10078_DL_12","length":15.93,"x":26.49,"y":0.13,"rotation":5.17},{"name":"MON10078_DL_4","parent":"MON10078_DL_11","length":12.48,"x":14.12,"y":0.06,"rotation":12.8},{"name":"MON10078_DL_6","parent":"MON10078_DL_4","length":24.33,"x":3.87,"y":-11.98,"rotation":80.51},{"name":"MON10078_DL_5","parent":"MON10078_DL_6","length":57.95,"x":23.36,"y":0.33,"rotation":3.5},{"name":"MON10078_DL_7","parent":"bone2","length":28.89,"x":15.75,"y":-17.54,"rotation":-45.46},{"name":"MON10078_DL_08","parent":"MON10078_DL_10","length":15.61,"x":35.64,"y":14.19,"rotation":-46.7},{"name":"MON10078_DL_8","parent":"MON10078_DL_10","length":12.86,"x":33.99,"y":30.44,"rotation":52.71},{"name":"MON10078_DL_9","parent":"MON10078_DL_10","length":7.06,"x":7.38,"y":13.98,"rotation":-115.56},{"name":"MON10078_DL_010","parent":"MON10078_DL_10","length":6.49,"x":1.98,"y":17.84,"rotation":-91.5},{"name":"MON10078_DL_18","parent":"bone2","length":21.38,"x":4.52,"y":28.52,"rotation":147.58},{"name":"MON10078_DL_19","parent":"MON10078_DL_18","length":11.41,"x":20.39,"y":-0.38,"rotation":-4.82},{"name":"MON10078_DL_13","parent":"MON10078_DL_19","length":13.33,"x":10.27,"y":-0.38,"rotation":-3.29},{"name":"MON10078_DL_16","parent":"bone2","length":23.38,"x":11.15,"y":31.01,"rotation":51.54},{"name":"bone3","parent":"bone","length":8.38,"x":-6.69,"y":-19.02,"rotation":-91.46},{"name":"MON10078_DL_20","parent":"bone3","length":12.21,"x":4.02,"y":0.87,"rotation":2.24},{"name":"MON10078_DL_21","parent":"bone3","length":14.6,"x":3.04,"y":19.59,"rotation":48.27},{"name":"MON10078_DL_22","parent":"bone3","length":10.28,"x":7,"y":-8.17,"rotation":-37.02},{"name":"MON10078_DL_23","parent":"bone3","length":24.11,"x":10.92,"y":23.27,"rotation":19.72},{"name":"MON10078_DL_24","parent":"MON10078_DL_23","length":10.7,"x":22.92,"y":0.16,"rotation":-5.35},{"name":"MON10078_DL_25","parent":"bone3","length":19.97,"x":15.26,"y":-6.72,"rotation":-5.44},{"name":"MON10078_DL_26","parent":"bone3","length":6.53,"x":5.88,"y":2.29,"rotation":2.94},{"name":"MON10078_DL_27","parent":"MON10078_DL_25","length":9.53,"x":19.26,"y":0.24,"rotation":16.21},{"name":"MON10078_DL_28","parent":"MON10078_DL_10","length":6.49,"x":6.33,"y":23.78,"rotation":121.94},{"name":"MON10078_DL_29","parent":"MON10078_DL_10","length":8.16,"x":101.93,"y":-38.24,"rotation":-175.81},{"name":"MON10078_DL_30","parent":"MON10078_DL_13","length":24.33,"x":4.62,"y":10.02,"scaleX":-1,"rotation":93.14},{"name":"MON10078_DL_31","parent":"MON10078_DL_30","length":57.95,"x":23.36,"y":0.33,"rotation":3.5},{"name":"MON10078_DL_32","parent":"bone2","length":24.29,"x":7.6,"y":-13.59,"rotation":-168.45},{"name":"bone4","parent":"MON10078_DL_20","length":11.58,"x":12.21,"rotation":-6.78},{"name":"bone5","parent":"bone4","length":10.2,"x":11.58,"rotation":0.13},{"name":"bone6","parent":"MON10078_DL_3","length":8.1,"x":7.83,"y":0.03,"rotation":-29.2},{"name":"bone7","parent":"bone6","length":7.78,"x":8.22,"y":0.26,"rotation":-30.4},{"name":"bone8","parent":"MON10078_DL_0","length":7.04,"x":8.16,"rotation":-2.44},{"name":"bone9","parent":"bone8","length":7.2,"x":7.04,"rotation":1.28},{"name":"bone10","parent":"bone9","length":5.12,"x":7.2,"rotation":-1.78},{"name":"bone11","parent":"MON10078_DL_1","length":7.04,"x":8.16,"rotation":-2.44},{"name":"bone12","parent":"bone11","length":7.2,"x":7.04,"rotation":1.28},{"name":"bone13","parent":"bone12","length":5.12,"x":7.2,"rotation":-1.78},{"name":"bone14","parent":"MON10078_DL_2","length":7.04,"x":8.16,"rotation":-2.44},{"name":"bone15","parent":"bone14","length":7.2,"x":7.04,"rotation":1.28},{"name":"bone16","parent":"bone15","length":5.12,"x":7.2,"rotation":-1.78},{"name":"bone17","parent":"MON10078_DL_29","length":7.04,"x":8.16,"rotation":-2.44},{"name":"bone18","parent":"bone17","length":7.2,"x":7.04,"rotation":1.28},{"name":"bone19","parent":"bone18","length":5.12,"x":7.2,"rotation":-1.78},{"name":"bone20","parent":"MON10078_DL_32","length":20.45,"x":23.02,"y":0.06,"rotation":-0.23},{"name":"bone21","parent":"bone20","length":19.46,"x":20.45,"rotation":-1.72},{"name":"bone22","parent":"MON10078_DL_32","length":23.87,"x":0.55,"y":-30.08,"rotation":-26.81},{"name":"bone23","parent":"bone22","length":20.12,"x":23.87,"y":0.07,"rotation":-4.39},{"name":"bone24","parent":"bone23","length":17.8,"x":19.97,"y":0.27,"rotation":-8.91},{"name":"bone25","parent":"MON10078_DL_32","length":20.48,"x":3.73,"y":29.85,"rotation":34.03},{"name":"bone26","parent":"bone25","length":20.89,"x":20.27,"y":0.33,"rotation":-6.59},{"name":"bone27","parent":"bone26","length":20.85,"x":20.89,"rotation":-1.96},{"name":"fx_saoguang","parent":"MON10078_DL_7","length":16.11,"x":37.83,"y":3.82,"scaleX":2,"scaleY":2,"rotation":-3.49},{"name":"fx_wuqi","parent":"MON10078_DL_31","length":24.89,"x":66.13,"y":-0.91,"scaleX":-2,"scaleY":2,"rotation":-166.33},{"name":"fx_wuqi2","parent":"MON10078_DL_5","length":24.89,"x":68.49,"y":0.5,"scaleX":-2,"scaleY":2,"rotation":-166.62},{"name":"shadow","parent":"root","length":12.71,"x":5.68,"y":-5.93,"rotation":-86.49}],"slots":[{"name":"shadow","bone":"shadow"},{"name":"MON10078_DL_33","bone":"MON10078_DL_30","attachment":"MON10078_DL_6"},{"name":"MON10078_DL_34","bone":"MON10078_DL_31","attachment":"MON10078_DL_5"},{"name":"MON10078_DL_32","bone":"MON10078_DL_29","attachment":"MON10078_DL_0"},{"name":"MON10078_DL_28","bone":"MON10078_DL_32","attachment":"MON10078_DL_28"},{"name":"MON10078_DL_27","bone":"MON10078_DL_27","attachment":"MON10078_DL_27"},{"name":"MON10078_DL_26","bone":"MON10078_DL_26","attachment":"MON10078_DL_26"},{"name":"MON10078_DL_25","bone":"MON10078_DL_25","attachment":"MON10078_DL_25"},{"name":"MON10078_DL_24","bone":"MON10078_DL_24","attachment":"MON10078_DL_24"},{"name":"MON10078_DL_23","bone":"MON10078_DL_23","attachment":"MON10078_DL_23"},{"name":"MON10078_DL_22","bone":"MON10078_DL_22","attachment":"MON10078_DL_22"},{"name":"MON10078_DL_21","bone":"MON10078_DL_21","attachment":"MON10078_DL_21"},{"name":"MON10078_DL_20","bone":"MON10078_DL_20","attachment":"MON10078_DL_20"},{"name":"MON10078_DL_19","bone":"MON10078_DL_19","attachment":"MON10078_DL_19"},{"name":"MON10078_DL_18","bone":"MON10078_DL_18","attachment":"MON10078_DL_18"},{"name":"MON10078_DL_17","bone":"MON10078_DL_17","attachment":"MON10078_DL_17"},{"name":"MON10078_DL_16","bone":"MON10078_DL_16","attachment":"MON10078_DL_16"},{"name":"MON10078_DL_13","bone":"MON10078_DL_13","attachment":"MON10078_DL_13"},{"name":"MON10078_DL_12","bone":"MON10078_DL_12","attachment":"MON10078_DL_12"},{"name":"MON10078_DL_11","bone":"MON10078_DL_11","attachment":"MON10078_DL_11"},{"name":"MON10078_DL_10","bone":"MON10078_DL_10","attachment":"MON10078_DL_10"},{"name":"MON10078_DL_9","bone":"MON10078_DL_9","attachment":"MON10078_DL_9"},{"name":"MON10078_DL_8","bone":"MON10078_DL_28","attachment":"MON10078_DL_8"},{"name":"MON10078_DL_010","bone":"MON10078_DL_010","attachment":"MON10078_DL_010"},{"name":"MON10078_DL_08","bone":"MON10078_DL_8","attachment":"MON10078_DL_08"},{"name":"MON10078_DL_01","bone":"MON10078_DL_01"},{"name":"MON10078_DL_00","bone":"MON10078_DL_00"},{"name":"MON10078_DL_7","bone":"MON10078_DL_7","attachment":"MON10078_DL_7"},{"name":"MON10078_DL_6","bone":"MON10078_DL_6","attachment":"MON10078_DL_6"},{"name":"MON10078_DL_5","bone":"MON10078_DL_5","attachment":"MON10078_DL_5"},{"name":"MON10078_DL_4","bone":"MON10078_DL_4","attachment":"MON10078_DL_4"},{"name":"MON10078_DL_3","bone":"MON10078_DL_3","attachment":"MON10078_DL_3"},{"name":"MON10078_DL_0","bone":"MON10078_DL_0","attachment":"MON10078_DL_0"},{"name":"MON10078_DL_30","bone":"MON10078_DL_1","attachment":"MON10078_DL_0"},{"name":"MON10078_DL_31","bone":"MON10078_DL_2","attachment":"MON10078_DL_0"},{"name":"fx_wuqi","bone":"fx_wuqi","blend":"additive"},{"name":"fx_wuqi2","bone":"fx_wuqi2","blend":"additive"},{"name":"fx_saoguang","bone":"fx_saoguang","attachment":"saoguang_00007","blend":"additive"}],"skins":{"default":{"MON10078_DL_0":{"MON10078_DL_0":{"type":"weightedmesh","uvs":[0.84142,0.36338,0.83394,0.51192,1,0.59531,1,0.73062,0.82886,0.81098,0.79481,1,0.51867,1,0.18005,1,0.19133,0.83217,0,0.76452,0,0.60384,0.21393,0.50234,0.21064,0.36023,0.20229,0,0.52739,0,0.85971,0,0.51834,0.35991,0.51845,0.56562,0.50932,0.76448],"triangles":[18,8,11,6,18,4,8,18,6,7,8,6,5,6,4,4,1,2,8,9,10,11,8,10,3,4,2,18,17,4,11,12,16,1,16,0,17,16,1,11,16,17,18,11,17,4,17,1,16,13,14,12,13,16,0,14,15,16,14,0],"vertices":[2,6,8.41,4.15,0.46579,43,0.07,4.16,0.5342,2,43,5.27,4.17,0.69083,44,-1.67,4.21999,0.30916,3,43,8.14,6.4,0.22796,44,1.24,6.37,0.76457,45,-6.14,6.19,0.00745,3,43,12.88,6.5,0.02721,44,5.98,6.37,0.7847,45,-1.41,6.33,0.18807,3,43,15.74,4.34,1.1E-4,44,8.79,4.15,0.33,45,1.46,4.19,0.66988,1,45,8.09,3.95,1,1,45,8.2,0.37,1,1,45,8.33,-4.02,1,2,44,9.53,-4.13,0.22684,45,2.46,-4.06,0.77315,2,44,7.16,-6.62,0.67669,45,0.17,-6.62,0.3233,3,43,8.72999,-6.58,0.13297,44,1.54,-6.62,0.84685,45,-5.44,-6.79,0.02016,3,6,13.11,-4.1,0.00198,43,5.12,-3.88,0.75206,44,-2,-3.84,0.24594,2,6,8.13,-4.04,0.48937,43,0.14,-4.03,0.51062,1,6,-4.46,-3.89,1,1,6,-4.38,0.32,1,1,6,-4.29,4.64,1,2,6,8.2,-0.04,0.5,43,0.04,-0.04,0.5,2,43,7.24,0.12,0.5,44,0.2,0.11,0.5,2,44,7.16,0,0.5,45,-0.03,0,0.5],"hull":16}},"MON10078_DL_00":{"MON10078_DL_00":{"x":2.48,"y":-1.11,"rotation":-171.86,"width":15,"height":17}},"MON10078_DL_01":{"MON10078_DL_01":{"x":6.05,"y":0.82,"rotation":-3.36,"width":32,"height":20}},"MON10078_DL_010":{"MON10078_DL_010":{"x":1.91,"y":-0.3,"rotation":4.54,"width":21,"height":13}},"MON10078_DL_08":{"MON10078_DL_08":{"x":-5.16,"y":-16.72,"rotation":-139.51,"width":61,"height":28}},"MON10078_DL_10":{"MON10078_DL_10":{"x":61.49,"y":-7.9,"rotation":-86.93,"width":113,"height":148}},"MON10078_DL_11":{"MON10078_DL_11":{"x":8.16,"y":-1.06,"rotation":47.9,"width":25,"height":28}},"MON10078_DL_12":{"MON10078_DL_12":{"x":18.01,"y":-0.79,"rotation":52.86,"width":42,"height":42}},"MON10078_DL_13":{"MON10078_DL_13":{"x":7.53,"y":-2.94,"rotation":138.17,"width":29,"height":30}},"MON10078_DL_16":{"MON10078_DL_16":{"x":17.03,"y":-4.55,"rotation":-133.67,"width":54,"height":57}},"MON10078_DL_17":{"MON10078_DL_17":{"type":"weightedmesh","uvs":[0.86624,0.18325,1,0.27367,1,0.41952,1,0.57702,0.8711,0.74024,0.86323,1,0.3832,1,0,1,0,0.68786,0,0.46618,0,0.25908,0.2512,0,0.50322,0,0.92324,0,0.42221,0.58285,0.22119,0.79286,0.40246,0.79404,0.61122,0.78703],"triangles":[15,8,9,17,14,4,14,15,9,16,15,14,17,16,14,7,8,15,6,15,16,7,15,6,5,17,4,6,16,17,5,6,17,0,12,13,0,1,2,14,9,10,14,0,2,14,11,12,14,12,0,2,4,14,14,10,11,3,4,2],"vertices":[2,3,32.9,-26.71,0.97809,2,55.91,-26.17,0.0219,2,3,27.71,-36.87,0.92633,2,50.88,-36.41,0.07366,2,3,17.29999,-38.28,0.85443,2,40.50999,-38,0.14556,2,3,6.07,-39.81,0.73033,2,29.3,-39.71,0.26966,2,3,-6.78,-32.46,0.43087,2,16.32,-32.57,0.56912,2,3,-25.39,-34.43999,0.15723,2,-2.24,-34.84999,0.84276,1,2,-7.32,-1.63,1,1,2,-11.37,24.87,1,2,3,-11.28,28.45,0.14949,2,10.83,28.27,0.8505,2,3,4.53,30.61,0.58766,2,26.61,30.68,0.41233,2,3,19.29999,32.62,0.87024,2,41.34999,32.93,0.12975,1,3,40.16,17.71999,1,2,3,42.54,0.24,0.99998,2,65.11,0.93,1.0E-5,1,3,46.51,-28.88,1,2,3,0.19,0.19,0.5,2,22.77,0.2,0.5,2,3,-16.68,12.09,0.01821,2,5.7,11.82,0.98178,1,2,7.53,-0.72,1,2,3,-12.58,-14.89,0.19646,2,10.24,-15.09,0.80353],"hull":14}},"MON10078_DL_18":{"MON10078_DL_18":{"x":13.16,"y":-1.4,"rotation":130.32,"width":31,"height":32}},"MON10078_DL_19":{"MON10078_DL_19":{"x":4.55,"y":0.84,"rotation":134.74,"width":22,"height":22}},"MON10078_DL_20":{"MON10078_DL_20":{"type":"weightedmesh","uvs":[1,0.4795,1,0.56236,0.39,1,0,0.58668,0,0.44858,0.12494,0.20698,0.23197,0,0.47506,0,0.79065,0,0.46662,0.36911,0.4283,0.6453,0.87424,0.19145],"triangles":[2,10,1,2,3,10,1,10,0,9,10,4,9,4,5,4,10,3,0,10,9,9,11,0,11,7,8,11,9,7,5,6,9,9,6,7],"vertices":[3,26,17.36,18.15,0.28763,39,2.97,18.62999,0.64889,40,-8.56,18.66,0.06346,3,26,20.84,18.1,0.23004,39,6.43,18.99,0.67771,40,-5.09,19.01,0.09224,1,40,15.28,0.23,1,3,26,21.37,-15.9,0.04534,39,10.97,-14.71,0.653,40,-0.64999,-14.71,0.30164,3,26,15.57,-15.82,0.15853,39,5.19999,-15.31,0.69136,40,-6.42,-15.29,0.15008,3,26,5.49,-11.43,0.74894,39,-5.33,-12.14,0.247,40,-16.94,-12.09,0.00405,3,26,-3.14,-7.66,0.99667,39,-14.35,-9.42,0.00332,40,-25.96,-9.35,0,2,26,-3.03,0.58999,1,40,-26.79,-1.12,0,3,26,-2.87,11.32,0.98792,39,-16.31,9.47,0.01207,40,-27.88,9.54,0,2,26,12.46,0.08,0.5,39,0.24,0.11,0.5,2,39,11.91,0.01,0.5,40,0.32,0.02,0.5,3,26,5.19999,14.05,0.79059,39,-8.60999,13.13,0.2093,40,-20.16,13.18,1.0E-4],"hull":9}},"MON10078_DL_21":{"MON10078_DL_21":{"x":10.26,"y":-2.68,"rotation":43.1,"width":38,"height":35}},"MON10078_DL_22":{"MON10078_DL_22":{"x":8.9,"y":1.98,"rotation":128.67,"width":23,"height":26}},"MON10078_DL_23":{"MON10078_DL_23":{"x":10.18,"y":-1.07,"rotation":71.63,"width":30,"height":29}},"MON10078_DL_24":{"MON10078_DL_24":{"x":5.56,"y":0.58,"rotation":77.01,"width":20,"height":21}},"MON10078_DL_25":{"MON10078_DL_25":{"x":9.49,"y":-0.09,"rotation":96.86,"width":19,"height":25}},"MON10078_DL_26":{"MON10078_DL_26":{"x":5.13,"y":2.38,"rotation":88.48,"width":33,"height":18}},"MON10078_DL_27":{"MON10078_DL_27":{"x":5.73,"y":-0.61,"rotation":80.63,"width":20,"height":16}},"MON10078_DL_28":{"MON10078_DL_28":{"type":"weightedmesh","uvs":[0.83198,0.21727,0.92043,0.49627,1,0.76927,1,0.92227,0.92011,0.95799,0.81486,0.988,0.69218,0.94927,0.58804,1,0.47447,1,0.23574,1,0,0.90358,0,0.68923,0.05153,0.57657,0.09599,0.3129,0.14728,0,0.2585,0,0.35123,0,0.60373,0,0.63369,0,0.74496,0,0.45062,2.0E-5,0.46079,0.37757,0.46763,0.6724,0.17576,0.39727,0.11584,0.65227,0.74924,0.30427,0.82342,0.56227,0.31128,0.43627,0.62085,0.35227,0.28133,0.72127,0.6451,0.62527,0.74871,0.58866,0.78919,0.80527,0.86806,0.74482,0.97195,0.67305],"triangles":[26,1,34,33,26,34,31,26,33,33,34,2,32,31,33,30,31,32,4,33,2,4,32,33,6,30,32,2,3,4,5,6,32,4,5,32,25,0,1,26,25,1,31,28,25,26,31,25,30,28,31,0,18,19,25,18,0,28,17,18,28,18,25,28,21,20,28,20,17,21,16,20,21,27,16,21,28,30,22,21,30,27,21,22,22,29,27,22,30,6,7,8,22,29,22,8,9,29,8,6,7,22,11,12,24,10,11,24,29,10,24,9,10,29,12,13,23,24,12,23,24,23,27,29,24,27,15,13,14,23,13,15,27,23,15,27,15,16],"vertices":[2,60,23.49,13.04,0.32922,61,1.74,12.99,0.67077,2,61,24.52,13.95,0.34888,62,3.14,14.07,0.65111,1,62,24.9,14.9,1,1,62,33.97,9.8,1,2,56,21.39,63.81,0.00384,62,30.49,-1.34,0.99615,4,56,22.93,48.7,0.09536,55,44.83,47.99,0.01217,61,45.26,-16.29999,0.01167,62,24.9,-15.46,0.88078,4,56,19.71999,31.25,0.41474,55,41.09999,30.64,0.06223,61,33.9,-29.93,0.10466,62,14.01,-29.47,0.41834,4,56,22.67,16.26,0.78448,55,43.6,15.56,0.03495,61,29.12,-44.45,0.05587,62,9.72,-44.14,0.12468,3,56,22.14,0.02,0.99951,61,20.68,-58.33,4.0E-5,62,1.76,-58.3,4.4E-4,5,58,32.36,26.57,0.1992,59,8.17,27.89,0.40397,56,21,-34.09,0.34202,55,40.43999,-34.71,0.05479,60,13.18,-86.93,0,2,59,22.82,-3.17,1,60,-12.67,-109.52,0,3,58,29.08,-13.08,0.05178,59,11.06,-11.79,0.94821,60,-24.18,-100.58,0,4,57,41.93999,-11.38,4.7E-4,58,18.87999,-10.05,0.53478,59,0.52,-10.37,0.46472,60,-25.71,-90.06,0,2,57,22.95,-12.53,0.57532,58,0.04,-12.65,0.42467,1,57,0.5,-14.09,1,3,57,-5.71,0.55,0.93687,38,-4.29,-27.02,0.06283,60,-38.5,-42.63,2.9E-4,3,57,-10.88,12.75,0.3758,38,-3.41,-13.79,0.62219,60,-30.36,-32.16,0.002,4,57,-23,41.32,8.2E-4,55,-24.43,17.01,0.0016,38,-1.35,17.16,0.24822,60,-11.32,-7.66,0.74934,3,57,-27.67,52.94,3.1E-4,38,-0.27,29.63,0.08,60,-3.45,2.06,0.91966,1,60,4.19,12.29,1,1,38,-2.46,0.38,1,2,55,0.22,0.06,0.5,38,23.24,0.13,0.5,2,56,-0.15,-0.21,0.5,55,20.29,-0.21,0.5,2,57,23.78,0.2,0.5,58,-0.1,0.12,0.5,2,58,19.23,0.47,0.5,59,-0.75,0.08,0.5,2,60,20.9,0.07,0.5,61,0.64999,-0.18,0.5,2,61,21.15,-0.22,0.5,62,0.26,-0.21,0.5,7,57,15.79,18.39,0.22429,58,-9.45,17.65,0.16499,59,-31.76,12.62,0.00827,56,-19.83,-21.44,0.05181,55,0,-20.85,0.39598,38,22.94,-20.78,0.15463,60,-12.44,-52.71,0,7,57,-3.23,56.05,3.0E-5,56,-21.24,20.70999,0.01782,55,-0.16,21.32,0.17145,38,22.93,21.39,0.14285,60,11.17,-17.76,0.55369,61,-6.96,-19.02,0.11394,62,-27.2,-19.95,1.8E-4,6,57,36.74,22.36,0.04401,58,11.13,23.2,0.31898,59,-12.28,21.28,0.12613,56,0.83,-26.65,0.26662,55,20.5,-26.68,0.23494,38,43.42,-26.69,0.00929,6,56,-2.51,25.26,0.26943,55,18.68,25.31,0.25167,38,41.8,25.31,0.00448,60,28.99,-25.07,0.04669,61,11.57,-24.24,0.28628,62,-8.49,-24.54,0.1414,4,56,-4.51,40.15,0.06014,55,17.12999,40.25,0.03867,61,17.14,-10.29,0.48277,62,-3.4,-10.39999,0.4184,4,56,10.39,45.44,0.10089,55,32.2,45.1,0.01763,61,32.73,-12.99,0.03423,62,12.27,-12.57,0.84723,1,62,14.21,-0.73,1,2,61,38.62,14.01,0.01374,62,17.23,14.61,0.98625],"hull":20}},"MON10078_DL_3":{"MON10078_DL_3":{"type":"weightedmesh","uvs":[1,0.36331,0.70981,0.87418,0.35761,1,0,0.84901,0,0.66045,0,0.48489,0.22377,0.54526,0.30179,0.29239,0.38791,0,0.73175,0,1,0,0.52902,0.57372,0.32756,0.7411],"triangles":[9,10,0,9,7,8,11,9,0,11,7,9,1,11,0,6,7,11,12,11,1,2,12,1,4,5,6,12,6,11,4,6,12,3,4,12,3,12,2],"vertices":[2,42,-24,-10.28,0,10,-5.88,11.73,1,2,41,-3.09,8.91,0.42276,10,9.47,9.32,0.57722,2,42,-1.35,5.47,0.42866,41,9.82,5.67,0.57133,2,42,12.09,3.16,0.99999,10,23.98,-12.57,0,2,42,12.41,-0.97,0.99999,10,20.58,-14.93,0,2,42,12.7,-4.82,1,10,17.4,-17.12999,0,3,42,4.34,-4.12,0.82843,41,9.88,-5.49,0.1505,10,13.77,-9.57,0.02105,3,42,1.88,-9.89,0.14564,41,4.84,-9.22,0.42381,10,7.56,-10.37,0.43053,3,42,-0.8,-16.54999,0.00296,41,-0.84,-13.6,0.11213,10,0.46,-11.42,0.8849,1,10,-6.79,-0.97,1,2,42,-23.39,-18.26,0,10,-12.44,7.18,1,2,41,0.01,0.03,0.5,10,7.85,0.05,0.5,2,42,0.18,-0.11,0.5,41,8.32,0.06,0.5],"hull":11}},"MON10078_DL_30":{"MON10078_DL_0":{"type":"weightedmesh","uvs":[0.84142,0.36338,0.83394,0.51192,1,0.59531,1,0.73062,0.82886,0.81098,0.79481,1,0.51867,1,0.18005,1,0.19133,0.83217,0,0.76452,0,0.60384,0.21393,0.50234,0.21064,0.36023,0.20229,0,0.52739,0,0.85971,0,0.51834,0.35991,0.51845,0.56562,0.50932,0.76448],"triangles":[18,8,11,6,18,4,8,18,6,7,8,6,5,6,4,4,1,2,8,9,10,11,8,10,3,4,2,18,17,4,11,12,16,1,16,0,17,16,1,11,16,17,18,11,17,4,17,1,16,13,14,12,13,16,0,14,15,16,14,0],"vertices":[2,8,8.41,4.15,0.46579,46,0.07,4.16,0.5342,2,46,5.27,4.17,0.69083,47,-1.67,4.21999,0.30916,3,46,8.14,6.4,0.22796,47,1.24,6.37,0.76457,48,-6.14,6.19,0.00745,3,46,12.88,6.5,0.02721,47,5.98,6.37,0.7847,48,-1.41,6.33,0.18807,3,46,15.74,4.34,1.1E-4,47,8.79,4.15,0.33,48,1.46,4.19,0.66988,1,48,8.09,3.95,1,1,48,8.2,0.37,1,1,48,8.33,-4.02,1,2,47,9.53,-4.13,0.22684,48,2.46,-4.06,0.77315,2,47,7.16,-6.62,0.67669,48,0.17,-6.62,0.3233,3,46,8.72999,-6.58,0.13297,47,1.54,-6.62,0.84685,48,-5.44,-6.79,0.02016,3,8,13.11,-4.1,0.00198,46,5.12,-3.88,0.75206,47,-2,-3.84,0.24594,2,8,8.13,-4.04,0.48937,46,0.14,-4.03,0.51062,1,8,-4.46,-3.89,1,1,8,-4.38,0.32,1,1,8,-4.29,4.64,1,2,8,8.2,-0.04,0.5,46,0.04,-0.04,0.5,2,46,7.24,0.12,0.5,47,0.2,0.11,0.5,2,47,7.16,0,0.5,48,-0.03,0,0.5],"hull":16}},"MON10078_DL_31":{"MON10078_DL_0":{"type":"weightedmesh","uvs":[0.84142,0.36338,0.83394,0.51192,1,0.59531,1,0.73062,0.82886,0.81098,0.79481,1,0.51867,1,0.18005,1,0.19133,0.83217,0,0.76452,0,0.60384,0.21393,0.50234,0.21064,0.36023,0.20229,0,0.52739,0,0.85971,0,0.51834,0.35991,0.51845,0.56562,0.50932,0.76448],"triangles":[18,8,11,6,18,4,8,18,6,7,8,6,5,6,4,4,1,2,8,9,10,11,8,10,3,4,2,18,17,4,11,12,16,1,16,0,17,16,1,11,16,17,18,11,17,4,17,1,16,13,14,12,13,16,0,14,15,16,14,0],"vertices":[2,9,8.41,4.15,0.46579,49,0.07,4.16,0.5342,2,49,5.27,4.17,0.69083,50,-1.67,4.21999,0.30916,3,49,8.14,6.4,0.22796,50,1.24,6.37,0.76457,51,-6.14,6.19,0.00745,3,49,12.88,6.5,0.02721,50,5.98,6.37,0.7847,51,-1.41,6.33,0.18807,3,49,15.74,4.34,1.1E-4,50,8.79,4.15,0.33,51,1.46,4.19,0.66988,1,51,8.09,3.95,1,1,51,8.2,0.37,1,1,51,8.33,-4.02,1,2,50,9.53,-4.13,0.22684,51,2.46,-4.06,0.77315,2,50,7.16,-6.62,0.67669,51,0.17,-6.62,0.3233,3,49,8.72999,-6.58,0.13297,50,1.54,-6.62,0.84685,51,-5.44,-6.79,0.02016,3,9,13.11,-4.1,0.00198,49,5.12,-3.88,0.75206,50,-2,-3.84,0.24594,2,9,8.13,-4.04,0.48937,49,0.14,-4.03,0.51062,1,9,-4.46,-3.89,1,1,9,-4.38,0.32,1,1,9,-4.29,4.64,1,2,9,8.2,-0.04,0.5,49,0.04,-0.04,0.5,2,49,7.24,0.12,0.5,50,0.2,0.11,0.5,2,50,7.16,0,0.5,51,-0.03,0,0.5],"hull":16}},"MON10078_DL_32":{"MON10078_DL_0":{"type":"weightedmesh","uvs":[0.84142,0.36338,0.83394,0.51192,1,0.59531,1,0.73062,0.82886,0.81098,0.79481,1,0.51867,1,0.18005,1,0.19133,0.83217,0,0.76452,0,0.60384,0.21393,0.50234,0.21064,0.36023,0.20229,0,0.52739,0,0.85971,0,0.51834,0.35991,0.51845,0.56562,0.50932,0.76448],"triangles":[18,8,11,6,18,4,8,18,6,7,8,6,5,6,4,4,1,2,8,9,10,11,8,10,3,4,2,18,17,4,11,12,16,1,16,0,17,16,1,11,16,17,18,11,17,4,17,1,16,13,14,12,13,16,0,14,15,16,14,0],"vertices":[2,35,8.41,4.15,0.46579,52,0.07,4.16,0.5342,2,52,5.27,4.17,0.69083,53,-1.67,4.21999,0.30916,3,52,8.14,6.4,0.22796,53,1.24,6.37,0.76457,54,-6.14,6.19,0.00745,3,52,12.88,6.5,0.02721,53,5.98,6.37,0.7847,54,-1.41,6.33,0.18807,3,52,15.74,4.34,1.1E-4,53,8.79,4.15,0.33,54,1.46,4.19,0.66988,1,54,8.09,3.95,1,1,54,8.2,0.37,1,1,54,8.33,-4.02,1,2,53,9.53,-4.13,0.22684,54,2.46,-4.06,0.77315,2,53,7.16,-6.62,0.67669,54,0.17,-6.62,0.3233,3,52,8.72999,-6.58,0.13297,53,1.54,-6.62,0.84685,54,-5.44,-6.79,0.02016,3,35,13.11,-4.1,0.00198,52,5.12,-3.88,0.75206,53,-2,-3.84,0.24594,2,35,8.13,-4.04,0.48937,52,0.14,-4.03,0.51062,1,35,-4.46,-3.89,1,1,35,-4.38,0.32,1,1,35,-4.29,4.64,1,2,35,8.2,-0.04,0.5,52,0.04,-0.04,0.5,2,52,7.24,0.12,0.5,53,0.2,0.11,0.5,2,53,7.16,0,0.5,54,-0.03,0,0.5],"hull":16}},"MON10078_DL_33":{"MON10078_DL_6":{"x":11.72,"y":-0.21,"rotation":-45.56,"width":30,"height":33}},"MON10078_DL_34":{"MON10078_DL_5":{"x":52.23,"y":1.5,"rotation":-48.77,"width":94,"height":105}},"MON10078_DL_4":{"MON10078_DL_4":{"x":7.32,"y":2.9,"rotation":35.42,"width":30,"height":31}},"MON10078_DL_5":{"MON10078_DL_5":{"x":52.23,"y":1.5,"rotation":-48.77,"width":94,"height":105}},"MON10078_DL_6":{"MON10078_DL_6":{"x":11.72,"y":-0.21,"rotation":-45.56,"width":30,"height":33}},"MON10078_DL_7":{"MON10078_DL_7":{"x":33.99,"y":-4.24,"rotation":-37.03,"width":86,"height":64}},"MON10078_DL_8":{"MON10078_DL_8":{"x":4.84,"y":-1.39,"rotation":150.88,"width":16,"height":11}},"MON10078_DL_9":{"MON10078_DL_9":{"x":7.14,"y":2.03,"rotation":28.84,"width":22,"height":11}},"fx_saoguang":{"saoguang_00000":{"rotation":-34.58,"width":42,"height":35},"saoguang_00001":{"rotation":-34.58,"width":42,"height":35},"saoguang_00002":{"rotation":-34.58,"width":42,"height":35},"saoguang_00003":{"rotation":-34.58,"width":42,"height":35},"saoguang_00004":{"rotation":-34.58,"width":42,"height":35},"saoguang_00005":{"rotation":-34.58,"width":42,"height":35},"saoguang_00006":{"rotation":-34.58,"width":42,"height":35},"saoguang_00007":{"rotation":-34.58,"width":42,"height":35}},"fx_wuqi":{"wuqi_00000":{"rotation":-37.98,"width":59,"height":66},"wuqi_00001":{"rotation":-37.98,"width":59,"height":66},"wuqi_00002":{"rotation":-37.98,"width":59,"height":66},"wuqi_00003":{"rotation":-37.98,"width":59,"height":66},"wuqi_00004":{"rotation":-37.98,"width":59,"height":66},"wuqi_00005":{"rotation":-37.98,"width":59,"height":66},"wuqi_00006":{"rotation":-37.98,"width":59,"height":66},"wuqi_00007":{"rotation":-37.98,"width":59,"height":66},"wuqi_00008":{"rotation":-37.98,"width":59,"height":66},"wuqi_00009":{"rotation":-37.98,"width":59,"height":66},"wuqi_00010":{"x":0.47,"y":0.9,"rotation":-37.98,"width":59,"height":66},"wuqi_00011":{"rotation":-37.98,"width":59,"height":66},"wuqi_00012":{"rotation":-37.98,"width":59,"height":66},"wuqi_00013":{"rotation":-37.98,"width":59,"height":66},"wuqi_00014":{"rotation":-37.98,"width":59,"height":66}},"fx_wuqi2":{"wuqi_00000":{"rotation":-37.98,"width":59,"height":66},"wuqi_00001":{"rotation":-37.98,"width":59,"height":66},"wuqi_00002":{"rotation":-37.98,"width":59,"height":66},"wuqi_00003":{"rotation":-37.98,"width":59,"height":66},"wuqi_00004":{"rotation":-37.98,"width":59,"height":66},"wuqi_00005":{"rotation":-37.98,"width":59,"height":66},"wuqi_00006":{"rotation":-37.98,"width":59,"height":66},"wuqi_00007":{"rotation":-37.98,"width":59,"height":66},"wuqi_00008":{"rotation":-37.98,"width":59,"height":66},"wuqi_00009":{"rotation":-37.98,"width":59,"height":66},"wuqi_00010":{"x":0.47,"y":0.9,"rotation":-37.98,"width":59,"height":66},"wuqi_00011":{"rotation":-37.98,"width":59,"height":66},"wuqi_00012":{"rotation":-37.98,"width":59,"height":66},"wuqi_00013":{"rotation":-37.98,"width":59,"height":66},"wuqi_00014":{"rotation":-37.98,"width":59,"height":66}},"shadow":{"shadow":{"x":-7.74,"y":-6.41,"scaleX":1.6,"scaleY":1.5,"rotation":86.49,"width":85,"height":42}}}},"animations":{"wait_DL":{"slots":{"MON10078_DL_00":{"attachment":[{"time":0,"name":null},{"time":1.2,"name":null},{"time":2.1666,"name":"MON10078_DL_00"},{"time":2.3,"name":null},{"time":2.4,"name":null}]},"MON10078_DL_01":{"attachment":[{"time":0,"name":null},{"time":1.2,"name":null},{"time":2.1666,"name":"MON10078_DL_01"},{"time":2.3,"name":null},{"time":2.4,"name":null}]},"fx_saoguang":{"attachment":[{"time":0,"name":"saoguang_00000"},{"time":0.0333,"name":"saoguang_00001"},{"time":0.0666,"name":"saoguang_00002"},{"time":0.1,"name":"saoguang_00003"},{"time":0.1333,"name":"saoguang_00004"},{"time":0.1666,"name":"saoguang_00005"},{"time":0.2,"name":"saoguang_00006"},{"time":0.2333,"name":"saoguang_00007"},{"time":0.2666,"name":null},{"time":2.4,"name":null}]},"fx_wuqi":{"attachment":[{"time":0,"name":"wuqi_00000"},{"time":0.0324,"name":"wuqi_00001"},{"time":0.0648,"name":"wuqi_00002"},{"time":0.0972,"name":"wuqi_00003"},{"time":0.1296,"name":"wuqi_00004"},{"time":0.162,"name":"wuqi_00005"},{"time":0.1944,"name":"wuqi_00006"},{"time":0.2268,"name":"wuqi_00007"},{"time":0.2592,"name":"wuqi_00008"},{"time":0.2916,"name":"wuqi_00009"},{"time":0.324,"name":"wuqi_00010"},{"time":0.3564,"name":"wuqi_00011"},{"time":0.3889,"name":"wuqi_00012"},{"time":0.4213,"name":"wuqi_00013"},{"time":0.4537,"name":"wuqi_00014"},{"time":0.4861,"name":"wuqi_00000"},{"time":0.5185,"name":"wuqi_00001"},{"time":0.5509,"name":"wuqi_00002"},{"time":0.5833,"name":"wuqi_00003"},{"time":0.6157,"name":"wuqi_00004"},{"time":0.6481,"name":"wuqi_00005"},{"time":0.6805,"name":"wuqi_00006"},{"time":0.7129,"name":"wuqi_00007"},{"time":0.7453,"name":"wuqi_00008"},{"time":0.7778,"name":"wuqi_00009"},{"time":0.8102,"name":"wuqi_00010"},{"time":0.8426,"name":"wuqi_00011"},{"time":0.875,"name":"wuqi_00012"},{"time":0.9074,"name":"wuqi_00013"},{"time":0.9398,"name":"wuqi_00014"},{"time":0.9722,"name":"wuqi_00000"},{"time":1.0046,"name":"wuqi_00001"},{"time":1.037,"name":"wuqi_00002"},{"time":1.0694,"name":"wuqi_00003"},{"time":1.1018,"name":"wuqi_00004"},{"time":1.1342,"name":"wuqi_00005"},{"time":1.1666,"name":"wuqi_00006"},{"time":1.1991,"name":"wuqi_00007"},{"time":1.2315,"name":"wuqi_00008"},{"time":1.2639,"name":"wuqi_00009"},{"time":1.2963,"name":"wuqi_00010"},{"time":1.3287,"name":"wuqi_00011"},{"time":1.3611,"name":"wuqi_00012"},{"time":1.3935,"name":"wuqi_00013"},{"time":1.4259,"name":"wuqi_00014"},{"time":1.4583,"name":"wuqi_00000"},{"time":1.4907,"name":"wuqi_00001"},{"time":1.5232,"name":"wuqi_00002"},{"time":1.5556,"name":"wuqi_00003"},{"time":1.588,"name":"wuqi_00004"},{"time":1.6204,"name":"wuqi_00005"},{"time":1.6528,"name":"wuqi_00006"},{"time":1.6852,"name":"wuqi_00007"},{"time":1.7176,"name":"wuqi_00008"},{"time":1.75,"name":"wuqi_00009"},{"time":1.7824,"name":"wuqi_00010"},{"time":1.8148,"name":"wuqi_00011"},{"time":1.8472,"name":"wuqi_00012"},{"time":1.8796,"name":"wuqi_00013"},{"time":1.9121,"name":"wuqi_00014"},{"time":1.9445,"name":"wuqi_00000"},{"time":1.9769,"name":"wuqi_00001"},{"time":2.0093,"name":"wuqi_00002"},{"time":2.0417,"name":"wuqi_00003"},{"time":2.0741,"name":"wuqi_00004"},{"time":2.1065,"name":"wuqi_00005"},{"time":2.1389,"name":"wuqi_00006"},{"time":2.1713,"name":"wuqi_00007"},{"time":2.2037,"name":"wuqi_00008"},{"time":2.2361,"name":"wuqi_00009"},{"time":2.2685,"name":"wuqi_00010"},{"time":2.301,"name":"wuqi_00011"},{"time":2.3333,"name":"wuqi_00012"},{"time":2.3658,"name":"wuqi_00013"},{"time":2.3982,"name":"wuqi_00014"}]},"fx_wuqi2":{"attachment":[{"time":0,"name":"wuqi_00000"},{"time":0.0324,"name":"wuqi_00001"},{"time":0.0648,"name":"wuqi_00002"},{"time":0.0972,"name":"wuqi_00003"},{"time":0.1296,"name":"wuqi_00004"},{"time":0.162,"name":"wuqi_00005"},{"time":0.1944,"name":"wuqi_00006"},{"time":0.2268,"name":"wuqi_00007"},{"time":0.2592,"name":"wuqi_00008"},{"time":0.2916,"name":"wuqi_00009"},{"time":0.324,"name":"wuqi_00010"},{"time":0.3564,"name":"wuqi_00011"},{"time":0.3888,"name":"wuqi_00012"},{"time":0.4212,"name":"wuqi_00013"},{"time":0.4536,"name":"wuqi_00014"},{"time":0.486,"name":"wuqi_00000"},{"time":0.5184,"name":"wuqi_00001"},{"time":0.5508,"name":"wuqi_00002"},{"time":0.5832,"name":"wuqi_00003"},{"time":0.6156,"name":"wuqi_00004"},{"time":0.648,"name":"wuqi_00005"},{"time":0.6804,"name":"wuqi_00006"},{"time":0.7128,"name":"wuqi_00007"},{"time":0.7452,"name":"wuqi_00008"},{"time":0.7776,"name":"wuqi_00009"},{"time":0.81,"name":"wuqi_00010"},{"time":0.8424,"name":"wuqi_00011"},{"time":0.8748,"name":"wuqi_00012"},{"time":0.9072,"name":"wuqi_00013"},{"time":0.9396,"name":"wuqi_00014"},{"time":0.972,"name":"wuqi_00000"},{"time":1.0044,"name":"wuqi_00001"},{"time":1.0368,"name":"wuqi_00002"},{"time":1.0692,"name":"wuqi_00003"},{"time":1.1016,"name":"wuqi_00004"},{"time":1.134,"name":"wuqi_00005"},{"time":1.1666,"name":"wuqi_00006"},{"time":1.1988,"name":"wuqi_00007"},{"time":1.2312,"name":"wuqi_00008"},{"time":1.2636,"name":"wuqi_00009"},{"time":1.296,"name":"wuqi_00010"},{"time":1.3284,"name":"wuqi_00011"},{"time":1.3608,"name":"wuqi_00012"},{"time":1.3932,"name":"wuqi_00013"},{"time":1.4256,"name":"wuqi_00014"},{"time":1.458,"name":"wuqi_00000"},{"time":1.4904,"name":"wuqi_00001"},{"time":1.5228,"name":"wuqi_00002"},{"time":1.5552,"name":"wuqi_00003"},{"time":1.5876,"name":"wuqi_00004"},{"time":1.62,"name":"wuqi_00005"},{"time":1.6524,"name":"wuqi_00006"},{"time":1.6848,"name":"wuqi_00007"},{"time":1.7172,"name":"wuqi_00008"},{"time":1.7496,"name":"wuqi_00009"},{"time":1.782,"name":"wuqi_00010"},{"time":1.8144,"name":"wuqi_00011"},{"time":1.8468,"name":"wuqi_00012"},{"time":1.8792,"name":"wuqi_00013"},{"time":1.9116,"name":"wuqi_00014"},{"time":1.944,"name":"wuqi_00000"},{"time":1.9764,"name":"wuqi_00001"},{"time":2.0088,"name":"wuqi_00002"},{"time":2.0412,"name":"wuqi_00003"},{"time":2.0736,"name":"wuqi_00004"},{"time":2.106,"name":"wuqi_00005"},{"time":2.1384,"name":"wuqi_00006"},{"time":2.1708,"name":"wuqi_00007"},{"time":2.2032,"name":"wuqi_00008"},{"time":2.2356,"name":"wuqi_00009"},{"time":2.268,"name":"wuqi_00010"},{"time":2.3004,"name":"wuqi_00011"},{"time":2.3328,"name":"wuqi_00012"},{"time":2.3652,"name":"wuqi_00013"},{"time":2.3976,"name":"wuqi_00014"}]}},"bones":{"bone":{"rotate":[{"time":0,"angle":0,"curve":"stepped"},{"time":0.6,"angle":0,"curve":"stepped"},{"time":1.2,"angle":0,"curve":"stepped"},{"time":1.8,"angle":0,"curve":"stepped"},{"time":2.4,"angle":0}],"translate":[{"time":0,"x":0,"y":0},{"time":0.6,"x":0,"y":-1.56},{"time":1.2,"x":0,"y":0},{"time":1.8,"x":0,"y":-1.56},{"time":2.4,"x":0,"y":0}],"scale":[{"time":0,"x":1,"y":1},{"time":0.6,"x":1.015,"y":0.973},{"time":1.2,"x":1,"y":1},{"time":1.8,"x":1.015,"y":0.973},{"time":2.4,"x":1,"y":1}]},"MON10078_DL_17":{"rotate":[{"time":0,"angle":0,"curve":"stepped"},{"time":0.6,"angle":0,"curve":"stepped"},{"time":1.2,"angle":0,"curve":"stepped"},{"time":1.8,"angle":0,"curve":"stepped"},{"time":2.4,"angle":0}],"translate":[{"time":0,"x":0,"y":0},{"time":0.6,"x":0,"y":-3.57},{"time":1.2,"x":0,"y":0},{"time":1.8,"x":0,"y":-3.57},{"time":2.4,"x":0,"y":0}],"scale":[{"time":0,"x":1,"y":1,"curve":"stepped"},{"time":0.6,"x":1,"y":1,"curve":"stepped"},{"time":1.2,"x":1,"y":1,"curve":"stepped"},{"time":1.8,"x":1,"y":1,"curve":"stepped"},{"time":2.4,"x":1,"y":1}]},"bone2":{"rotate":[{"time":0,"angle":0,"curve":"stepped"},{"time":0.6,"angle":0,"curve":"stepped"},{"time":1.2,"angle":0,"curve":"stepped"},{"time":1.8,"angle":0,"curve":"stepped"},{"time":2.4,"angle":0}],"translate":[{"time":0,"x":0,"y":0},{"time":0.6,"x":-1.86,"y":-0.28},{"time":1.2,"x":0,"y":0},{"time":1.8,"x":-1.86,"y":-0.28},{"time":2.4,"x":0,"y":0}],"scale":[{"time":0,"x":1,"y":1,"curve":"stepped"},{"time":0.6,"x":1,"y":1,"curve":"stepped"},{"time":1.2,"x":1,"y":1,"curve":"stepped"},{"time":1.8,"x":1,"y":1,"curve":"stepped"},{"time":2.4,"x":1,"y":1}]},"MON10078_DL_10":{"rotate":[{"time":0,"angle":0,"curve":"stepped"},{"time":0.6,"angle":0,"curve":"stepped"},{"time":1.2,"angle":0,"curve":"stepped"},{"time":1.8,"angle":0,"curve":"stepped"},{"time":2.4,"angle":0}],"translate":[{"time":0,"x":0,"y":0},{"time":0.6,"x":-4.91,"y":-0.66},{"time":1.2,"x":0,"y":0},{"time":1.8,"x":-4.91,"y":-0.66},{"time":2.4,"x":0,"y":0}],"scale":[{"time":0,"x":1,"y":1,"curve":"stepped"},{"time":0.6,"x":1,"y":1,"curve":"stepped"},{"time":1.2,"x":1,"y":1,"curve":"stepped"},{"time":1.8,"x":1,"y":1,"curve":"stepped"},{"time":2.4,"x":1,"y":1}]},"bone3":{"rotate":[{"time":0,"angle":0,"curve":"stepped"},{"time":0.6,"angle":0,"curve":"stepped"},{"time":1.2,"angle":0,"curve":"stepped"},{"time":1.8,"angle":0,"curve":"stepped"},{"time":2.4,"angle":0}],"translate":[{"time":0,"x":0,"y":0},{"time":0.6,"x":0,"y":-2.31},{"time":1.2,"x":0,"y":0},{"time":1.8,"x":0,"y":-2.31},{"time":2.4,"x":0,"y":0}],"scale":[{"time":0,"x":1,"y":1},{"time":0.6,"x":0.963,"y":1},{"time":1.2,"x":1,"y":1},{"time":1.8,"x":0.963,"y":1},{"time":2.4,"x":1,"y":1}]},"MON10078_DL_22":{"rotate":[{"time":0,"angle":0},{"time":0.6,"angle":-14.86},{"time":1.2,"angle":0},{"time":1.8,"angle":-14.86},{"time":2.4,"angle":0}],"translate":[{"time":0,"x":0,"y":0,"curve":"stepped"},{"time":0.6,"x":0,"y":0,"curve":"stepped"},{"time":1.2,"x":0,"y":0,"curve":"stepped"},{"time":1.8,"x":0,"y":0,"curve":"stepped"},{"time":2.4,"x":0,"y":0}],"scale":[{"time":0,"x":1,"y":1,"curve":"stepped"},{"time":0.6,"x":1,"y":1,"curve":"stepped"},{"time":1.2,"x":1,"y":1,"curve":"stepped"},{"time":1.8,"x":1,"y":1,"curve":"stepped"},{"time":2.4,"x":1,"y":1}]},"MON10078_DL_21":{"rotate":[{"time":0,"angle":0},{"time":0.6,"angle":11.1},{"time":1.2,"angle":0},{"time":1.8,"angle":11.1},{"time":2.4,"angle":0}],"translate":[{"time":0,"x":0,"y":0,"curve":"stepped"},{"time":0.6,"x":0,"y":0,"curve":"stepped"},{"time":1.2,"x":0,"y":0,"curve":"stepped"},{"time":1.8,"x":0,"y":0,"curve":"stepped"},{"time":2.4,"x":0,"y":0}],"scale":[{"time":0,"x":1,"y":1,"curve":"stepped"},{"time":0.6,"x":1,"y":1,"curve":"stepped"},{"time":1.2,"x":1,"y":1,"curve":"stepped"},{"time":1.8,"x":1,"y":1,"curve":"stepped"},{"time":2.4,"x":1,"y":1}]},"MON10078_DL_26":{"rotate":[{"time":0,"angle":0,"curve":"stepped"},{"time":0.6,"angle":0,"curve":"stepped"},{"time":1.2,"angle":0,"curve":"stepped"},{"time":1.8,"angle":0,"curve":"stepped"},{"time":2.4,"angle":0}],"translate":[{"time":0,"x":0,"y":0,"curve":"stepped"},{"time":0.6,"x":0,"y":0,"curve":"stepped"},{"time":1.2,"x":0,"y":0,"curve":"stepped"},{"time":1.8,"x":0,"y":0,"curve":"stepped"},{"time":2.4,"x":0,"y":0}],"scale":[{"time":0,"x":1,"y":1,"curve":"stepped"},{"time":0.6,"x":1,"y":1,"curve":"stepped"},{"time":1.2,"x":1,"y":1,"curve":"stepped"},{"time":1.8,"x":1,"y":1,"curve":"stepped"},{"time":2.4,"x":1,"y":1}]},"MON10078_DL_20":{"rotate":[{"time":0,"angle":0},{"time":0.6,"angle":-1.87},{"time":1.2,"angle":0},{"time":1.8,"angle":-1.87},{"time":2.4,"angle":0}],"translate":[{"time":0,"x":0,"y":0,"curve":"stepped"},{"time":0.6,"x":0,"y":0,"curve":"stepped"},{"time":1.2,"x":0,"y":0,"curve":"stepped"},{"time":1.8,"x":0,"y":0,"curve":"stepped"},{"time":2.4,"x":0,"y":0}],"scale":[{"time":0,"x":1,"y":1},{"time":0.6,"x":0.84,"y":1.026},{"time":1.2,"x":1,"y":1},{"time":1.8,"x":0.84,"y":1.026},{"time":2.4,"x":1,"y":1}]},"bone4":{"rotate":[{"time":0,"angle":0,"curve":"stepped"},{"time":0.6,"angle":0,"curve":"stepped"},{"time":1.2,"angle":0,"curve":"stepped"},{"time":1.8,"angle":0,"curve":"stepped"},{"time":2.4,"angle":0}],"translate":[{"time":0,"x":0,"y":0,"curve":"stepped"},{"time":0.6,"x":0,"y":0,"curve":"stepped"},{"time":1.2,"x":0,"y":0,"curve":"stepped"},{"time":1.8,"x":0,"y":0,"curve":"stepped"},{"time":2.4,"x":0,"y":0}],"scale":[{"time":0,"x":1,"y":1,"curve":"stepped"},{"time":1.2,"x":1,"y":1,"curve":"stepped"},{"time":2.4,"x":1,"y":1}]},"bone5":{"rotate":[{"time":0,"angle":0,"curve":"stepped"},{"time":0.6,"angle":0,"curve":"stepped"},{"time":1.2,"angle":0,"curve":"stepped"},{"time":1.8,"angle":0,"curve":"stepped"},{"time":2.4,"angle":0}],"translate":[{"time":0,"x":0,"y":0,"curve":"stepped"},{"time":0.6,"x":0,"y":0,"curve":"stepped"},{"time":1.2,"x":0,"y":0,"curve":"stepped"},{"time":1.8,"x":0,"y":0,"curve":"stepped"},{"time":2.4,"x":0,"y":0}],"scale":[{"time":0,"x":1,"y":1,"curve":"stepped"},{"time":1.2,"x":1,"y":1,"curve":"stepped"},{"time":2.4,"x":1,"y":1}]},"MON10078_DL_25":{"rotate":[{"time":0,"angle":0},{"time":0.6,"angle":-8.15},{"time":1.2,"angle":0},{"time":1.8,"angle":-8.15},{"time":2.4,"angle":0}],"translate":[{"time":0,"x":0,"y":0},{"time":0.6,"x":2.68,"y":0.06},{"time":1.2,"x":0,"y":0},{"time":1.8,"x":2.68,"y":0.06},{"time":2.4,"x":0,"y":0}],"scale":[{"time":0,"x":1,"y":1},{"time":0.6,"x":0.943,"y":1},{"time":1.2,"x":1,"y":1},{"time":1.8,"x":0.943,"y":1},{"time":2.4,"x":1,"y":1}]},"MON10078_DL_27":{"rotate":[{"time":0,"angle":0},{"time":0.6,"angle":6.94},{"time":1.2,"angle":0},{"time":1.8,"angle":6.94},{"time":2.4,"angle":0}],"translate":[{"time":0,"x":0,"y":0},{"time":0.6,"x":-1.68,"y":2.5},{"time":1.2,"x":0,"y":0},{"time":1.8,"x":-1.68,"y":2.5},{"time":2.4,"x":0,"y":0}],"scale":[{"time":0,"x":1,"y":1,"curve":"stepped"},{"time":0.6,"x":1,"y":1,"curve":"stepped"},{"time":1.2,"x":1,"y":1,"curve":"stepped"},{"time":1.8,"x":1,"y":1,"curve":"stepped"},{"time":2.4,"x":1,"y":1}]},"MON10078_DL_23":{"rotate":[{"time":0,"angle":0},{"time":0.6,"angle":-9.11},{"time":1.2,"angle":0},{"time":1.8,"angle":-9.11},{"time":2.4,"angle":0}],"translate":[{"time":0,"x":0,"y":0},{"time":0.6,"x":1.46,"y":0.03},{"time":1.2,"x":0,"y":0},{"time":1.8,"x":1.46,"y":0.03},{"time":2.4,"x":0,"y":0}],"scale":[{"time":0,"x":1,"y":1},{"time":0.6,"x":0.964,"y":1},{"time":1.2,"x":1,"y":1},{"time":1.8,"x":0.964,"y":1},{"time":2.4,"x":1,"y":1}]},"MON10078_DL_24":{"rotate":[{"time":0,"angle":0},{"time":0.6,"angle":9.94},{"time":1.2,"angle":0},{"time":1.8,"angle":9.94},{"time":2.4,"angle":0}],"translate":[{"time":0,"x":0,"y":0},{"time":0.6,"x":-0.98,"y":2.38},{"time":1.2,"x":0,"y":0},{"time":1.8,"x":-0.98,"y":2.38},{"time":2.4,"x":0,"y":0}],"scale":[{"time":0,"x":1,"y":1,"curve":"stepped"},{"time":0.6,"x":1,"y":1,"curve":"stepped"},{"time":1.2,"x":1,"y":1,"curve":"stepped"},{"time":1.8,"x":1,"y":1,"curve":"stepped"},{"time":2.4,"x":1,"y":1}]},"MON10078_DL_12":{"rotate":[{"time":0,"angle":0},{"time":0.1666,"angle":0.12},{"time":0.6,"angle":-12.1},{"time":1.2,"angle":0},{"time":1.3666,"angle":0.12},{"time":1.8,"angle":-12.1},{"time":2.4,"angle":0}],"translate":[{"time":0,"x":0,"y":0,"curve":"stepped"},{"time":0.6,"x":0,"y":0,"curve":"stepped"},{"time":1.2,"x":0,"y":0,"curve":"stepped"},{"time":1.8,"x":0,"y":0,"curve":"stepped"},{"time":2.4,"x":0,"y":0}],"scale":[{"time":0,"x":1,"y":1,"curve":"stepped"},{"time":0.6,"x":1,"y":1,"curve":"stepped"},{"time":1.2,"x":1,"y":1,"curve":"stepped"},{"time":1.8,"x":1,"y":1,"curve":"stepped"},{"time":2.4,"x":1,"y":1}]},"MON10078_DL_11":{"rotate":[{"time":0,"angle":0},{"time":0.1666,"angle":2.83},{"time":0.6,"angle":-14.27},{"time":1.2,"angle":0},{"time":1.3666,"angle":2.83},{"time":1.8,"angle":-14.27},{"time":2.4,"angle":0}],"translate":[{"time":0,"x":0,"y":0,"curve":"stepped"},{"time":0.6,"x":0,"y":0,"curve":"stepped"},{"time":1.2,"x":0,"y":0,"curve":"stepped"},{"time":1.8,"x":0,"y":0,"curve":"stepped"},{"time":2.4,"x":0,"y":0}],"scale":[{"time":0,"x":1,"y":1,"curve":"stepped"},{"time":0.6,"x":1,"y":1,"curve":"stepped"},{"time":1.2,"x":1,"y":1,"curve":"stepped"},{"time":1.8,"x":1,"y":1,"curve":"stepped"},{"time":2.4,"x":1,"y":1}]},"MON10078_DL_4":{"rotate":[{"time":0,"angle":0},{"time":0.1666,"angle":4.19},{"time":0.6,"angle":10.95},{"time":0.7666,"angle":0.22},{"time":1.2,"angle":0},{"time":1.3666,"angle":4.19},{"time":1.8,"angle":10.95},{"time":1.9666,"angle":0.22},{"time":2.4,"angle":0}],"translate":[{"time":0,"x":0,"y":0,"curve":"stepped"},{"time":0.6,"x":0,"y":0,"curve":"stepped"},{"time":1.2,"x":0,"y":0,"curve":"stepped"},{"time":1.8,"x":0,"y":0,"curve":"stepped"},{"time":2.4,"x":0,"y":0}],"scale":[{"time":0,"x":1,"y":1,"curve":"stepped"},{"time":0.6,"x":1,"y":1,"curve":"stepped"},{"time":1.2,"x":1,"y":1,"curve":"stepped"},{"time":1.8,"x":1,"y":1,"curve":"stepped"},{"time":2.4,"x":1,"y":1}]},"MON10078_DL_6":{"rotate":[{"time":0,"angle":0,"curve":"stepped"},{"time":0.6,"angle":0,"curve":"stepped"},{"time":1.2,"angle":0,"curve":"stepped"},{"time":1.8,"angle":0,"curve":"stepped"},{"time":2.4,"angle":0}],"translate":[{"time":0,"x":0,"y":0,"curve":"stepped"},{"time":0.6,"x":0,"y":0,"curve":"stepped"},{"time":1.2,"x":0,"y":0,"curve":"stepped"},{"time":1.8,"x":0,"y":0,"curve":"stepped"},{"time":2.4,"x":0,"y":0}],"scale":[{"time":0,"x":1,"y":1,"curve":"stepped"},{"time":0.6,"x":1,"y":1,"curve":"stepped"},{"time":1.2,"x":1,"y":1,"curve":"stepped"},{"time":1.8,"x":1,"y":1,"curve":"stepped"},{"time":2.4,"x":1,"y":1}]},"MON10078_DL_5":{"rotate":[{"time":0,"angle":0,"curve":"stepped"},{"time":0.6,"angle":0,"curve":"stepped"},{"time":1.2,"angle":0,"curve":"stepped"},{"time":1.8,"angle":0,"curve":"stepped"},{"time":2.4,"angle":0}],"translate":[{"time":0,"x":0,"y":0,"curve":"stepped"},{"time":0.6,"x":0,"y":0,"curve":"stepped"},{"time":1.2,"x":0,"y":0,"curve":"stepped"},{"time":1.8,"x":0,"y":0,"curve":"stepped"},{"time":2.4,"x":0,"y":0}],"scale":[{"time":0,"x":1,"y":1,"curve":"stepped"},{"time":0.6,"x":1,"y":1,"curve":"stepped"},{"time":1.2,"x":1,"y":1,"curve":"stepped"},{"time":1.8,"x":1,"y":1,"curve":"stepped"},{"time":2.4,"x":1,"y":1}]},"MON10078_DL_18":{"rotate":[{"time":0,"angle":0},{"time":0.1666,"angle":0.88},{"time":0.6,"angle":17.81},{"time":1.2,"angle":0},{"time":1.3666,"angle":0.88},{"time":1.8,"angle":17.81},{"time":2.4,"angle":0}],"translate":[{"time":0,"x":0,"y":0,"curve":"stepped"},{"time":0.6,"x":0,"y":0,"curve":"stepped"},{"time":1.2,"x":0,"y":0,"curve":"stepped"},{"time":1.8,"x":0,"y":0,"curve":"stepped"},{"time":2.4,"x":0,"y":0}],"scale":[{"time":0,"x":1,"y":1,"curve":"stepped"},{"time":0.6,"x":1,"y":1,"curve":"stepped"},{"time":1.2,"x":1,"y":1,"curve":"stepped"},{"time":1.8,"x":1,"y":1,"curve":"stepped"},{"time":2.4,"x":1,"y":1}]},"MON10078_DL_19":{"rotate":[{"time":0,"angle":0},{"time":0.1666,"angle":-1.46},{"time":0.6,"angle":12.57},{"time":1.2,"angle":0},{"time":1.3666,"angle":-1.46},{"time":1.8,"angle":12.57},{"time":2.4,"angle":0}],"translate":[{"time":0,"x":0,"y":0,"curve":"stepped"},{"time":0.6,"x":0,"y":0,"curve":"stepped"},{"time":1.2,"x":0,"y":0,"curve":"stepped"},{"time":1.8,"x":0,"y":0,"curve":"stepped"},{"time":2.4,"x":0,"y":0}],"scale":[{"time":0,"x":1,"y":1,"curve":"stepped"},{"time":0.6,"x":1,"y":1,"curve":"stepped"},{"time":1.2,"x":1,"y":1,"curve":"stepped"},{"time":1.8,"x":1,"y":1,"curve":"stepped"},{"time":2.4,"x":1,"y":1}]},"MON10078_DL_13":{"rotate":[{"time":0,"angle":0},{"time":0.1666,"angle":-7.84},{"time":0.6,"angle":-13.24},{"time":0.7666,"angle":-3.4},{"time":1.2,"angle":0},{"time":1.3666,"angle":-7.84},{"time":1.8,"angle":-13.24},{"time":1.9666,"angle":-3.4},{"time":2.4,"angle":0}],"translate":[{"time":0,"x":0,"y":0,"curve":"stepped"},{"time":0.6,"x":0,"y":0,"curve":"stepped"},{"time":1.2,"x":0,"y":0,"curve":"stepped"},{"time":1.8,"x":0,"y":0,"curve":"stepped"},{"time":2.4,"x":0,"y":0}],"scale":[{"time":0,"x":1,"y":1,"curve":"stepped"},{"time":0.6,"x":1,"y":1,"curve":"stepped"},{"time":1.2,"x":1,"y":1,"curve":"stepped"},{"time":1.8,"x":1,"y":1,"curve":"stepped"},{"time":2.4,"x":1,"y":1}]},"MON10078_DL_7":{"rotate":[{"time":0,"angle":0},{"time":0.6,"angle":-2.57},{"time":1.2,"angle":0},{"time":1.8,"angle":-2.57},{"time":2.4,"angle":0}],"translate":[{"time":0,"x":0,"y":0},{"time":0.6,"x":-1.81,"y":-0.24},{"time":1.2,"x":0,"y":0},{"time":1.8,"x":-1.81,"y":-0.24},{"time":2.4,"x":0,"y":0}],"scale":[{"time":0,"x":1,"y":1,"curve":"stepped"},{"time":0.6,"x":1,"y":1,"curve":"stepped"},{"time":1.2,"x":1,"y":1,"curve":"stepped"},{"time":1.8,"x":1,"y":1,"curve":"stepped"},{"time":2.4,"x":1,"y":1}]},"MON10078_DL_16":{"rotate":[{"time":0,"angle":0},{"time":0.6,"angle":3.46},{"time":1.2,"angle":0},{"time":1.8,"angle":3.46},{"time":2.4,"angle":0}],"translate":[{"time":0,"x":0,"y":0},{"time":0.6,"x":-1.81,"y":-0.24},{"time":1.2,"x":0,"y":0},{"time":1.8,"x":-1.81,"y":-0.24},{"time":2.4,"x":0,"y":0}],"scale":[{"time":0,"x":1,"y":1,"curve":"stepped"},{"time":0.6,"x":1,"y":1,"curve":"stepped"},{"time":1.2,"x":1,"y":1,"curve":"stepped"},{"time":1.8,"x":1,"y":1,"curve":"stepped"},{"time":2.4,"x":1,"y":1}]},"MON10078_DL_01":{"rotate":[{"time":0,"angle":0,"curve":"stepped"},{"time":0.6,"angle":0,"curve":"stepped"},{"time":1.2,"angle":0,"curve":"stepped"},{"time":1.8,"angle":0,"curve":"stepped"},{"time":2.4,"angle":0}],"translate":[{"time":0,"x":0,"y":0,"curve":"stepped"},{"time":0.6,"x":0,"y":0,"curve":"stepped"},{"time":1.2,"x":0,"y":0,"curve":"stepped"},{"time":1.8,"x":0,"y":0,"curve":"stepped"},{"time":2.4,"x":0,"y":0}],"scale":[{"time":0,"x":1,"y":1,"curve":"stepped"},{"time":0.6,"x":1,"y":1,"curve":"stepped"},{"time":1.2,"x":1,"y":1,"curve":"stepped"},{"time":1.8,"x":1,"y":1,"curve":"stepped"},{"time":2.4,"x":1,"y":1}]},"MON10078_DL_00":{"rotate":[{"time":0,"angle":0,"curve":"stepped"},{"time":0.6,"angle":0,"curve":"stepped"},{"time":1.2,"angle":0,"curve":"stepped"},{"time":1.8,"angle":0,"curve":"stepped"},{"time":2.4,"angle":0}],"translate":[{"time":0,"x":0,"y":0,"curve":"stepped"},{"time":0.6,"x":0,"y":0,"curve":"stepped"},{"time":1.2,"x":0,"y":0,"curve":"stepped"},{"time":1.8,"x":0,"y":0,"curve":"stepped"},{"time":2.4,"x":0,"y":0}],"scale":[{"time":0,"x":1,"y":1,"curve":"stepped"},{"time":0.6,"x":1,"y":1,"curve":"stepped"},{"time":1.2,"x":1,"y":1,"curve":"stepped"},{"time":1.8,"x":1,"y":1,"curve":"stepped"},{"time":2.4,"x":1,"y":1}]},"MON10078_DL_08":{"rotate":[{"time":0,"angle":0,"curve":"stepped"},{"time":0.6,"angle":0,"curve":"stepped"},{"time":1.2,"angle":0,"curve":"stepped"},{"time":1.8,"angle":0,"curve":"stepped"},{"time":2.4,"angle":0}],"translate":[{"time":0,"x":0,"y":0,"curve":"stepped"},{"time":0.6,"x":0,"y":0,"curve":"stepped"},{"time":1.2,"x":0,"y":0,"curve":"stepped"},{"time":1.8,"x":0,"y":0,"curve":"stepped"},{"time":2.4,"x":0,"y":0}],"scale":[{"time":0,"x":1,"y":1,"curve":"stepped"},{"time":0.6,"x":1,"y":1,"curve":"stepped"},{"time":1.2,"x":1,"y":1,"curve":"stepped"},{"time":1.8,"x":1,"y":1,"curve":"stepped"},{"time":2.4,"x":1,"y":1}]},"MON10078_DL_8":{"rotate":[{"time":0,"angle":0,"curve":"stepped"},{"time":0.6,"angle":0,"curve":"stepped"},{"time":1.2,"angle":0,"curve":"stepped"},{"time":1.8,"angle":0,"curve":"stepped"},{"time":2.4,"angle":0}],"translate":[{"time":0,"x":0,"y":0,"curve":"stepped"},{"time":0.6,"x":0,"y":0,"curve":"stepped"},{"time":1.2,"x":0,"y":0,"curve":"stepped"},{"time":1.8,"x":0,"y":0,"curve":"stepped"},{"time":2.4,"x":0,"y":0}],"scale":[{"time":0,"x":1,"y":1,"curve":"stepped"},{"time":0.6,"x":1,"y":1,"curve":"stepped"},{"time":1.2,"x":1,"y":1,"curve":"stepped"},{"time":1.8,"x":1,"y":1,"curve":"stepped"},{"time":2.4,"x":1,"y":1}]},"MON10078_DL_010":{"rotate":[{"time":0,"angle":0,"curve":"stepped"},{"time":0.6,"angle":0,"curve":"stepped"},{"time":1.2,"angle":0,"curve":"stepped"},{"time":1.8,"angle":0,"curve":"stepped"},{"time":2.4,"angle":0}],"translate":[{"time":0,"x":0,"y":0,"curve":"stepped"},{"time":0.6,"x":0,"y":0,"curve":"stepped"},{"time":1.2,"x":0,"y":0,"curve":"stepped"},{"time":1.8,"x":0,"y":0,"curve":"stepped"},{"time":2.4,"x":0,"y":0}],"scale":[{"time":0,"x":1,"y":1},{"time":0.6,"x":1.064,"y":0.734},{"time":1.2,"x":1,"y":1},{"time":1.8,"x":1.064,"y":0.734},{"time":2.4,"x":1,"y":1}]},"MON10078_DL_9":{"rotate":[{"time":0,"angle":0},{"time":0.6,"angle":16.76},{"time":1.2,"angle":0},{"time":1.8,"angle":16.76},{"time":2.4,"angle":0}],"translate":[{"time":0,"x":0,"y":0,"curve":"stepped"},{"time":0.6,"x":0,"y":0,"curve":"stepped"},{"time":1.2,"x":0,"y":0,"curve":"stepped"},{"time":1.8,"x":0,"y":0,"curve":"stepped"},{"time":2.4,"x":0,"y":0}],"scale":[{"time":0,"x":1,"y":1,"curve":"stepped"},{"time":0.6,"x":1,"y":1,"curve":"stepped"},{"time":1.2,"x":1,"y":1,"curve":"stepped"},{"time":1.8,"x":1,"y":1,"curve":"stepped"},{"time":2.4,"x":1,"y":1}]},"MON10078_DL_28":{"rotate":[{"time":0,"angle":0},{"time":0.6,"angle":-17.63},{"time":1.2,"angle":0},{"time":1.8,"angle":-17.63},{"time":2.4,"angle":0}],"translate":[{"time":0,"x":0,"y":0,"curve":"stepped"},{"time":0.6,"x":0,"y":0,"curve":"stepped"},{"time":1.2,"x":0,"y":0,"curve":"stepped"},{"time":1.8,"x":0,"y":0,"curve":"stepped"},{"time":2.4,"x":0,"y":0}],"scale":[{"time":0,"x":1,"y":1,"curve":"stepped"},{"time":0.6,"x":1,"y":1,"curve":"stepped"},{"time":1.2,"x":1,"y":1,"curve":"stepped"},{"time":1.8,"x":1,"y":1,"curve":"stepped"},{"time":2.4,"x":1,"y":1}]},"MON10078_DL_3":{"rotate":[{"time":0,"angle":0},{"time":0.4,"angle":0.59},{"time":0.8,"angle":2.94},{"time":1.2,"angle":0},{"time":1.6,"angle":0.59},{"time":2,"angle":2.94},{"time":2.4,"angle":0}],"translate":[{"time":0,"x":0,"y":0,"curve":"stepped"},{"time":0.4,"x":0,"y":0,"curve":"stepped"},{"time":0.8,"x":0,"y":0,"curve":"stepped"},{"time":1.2,"x":0,"y":0,"curve":"stepped"},{"time":1.6,"x":0,"y":0,"curve":"stepped"},{"time":2,"x":0,"y":0,"curve":"stepped"},{"time":2.4,"x":0,"y":0}],"scale":[{"time":0,"x":1,"y":1},{"time":0.6,"x":0.856,"y":1.047},{"time":1.2,"x":1,"y":1},{"time":1.8,"x":0.856,"y":1.047},{"time":2.4,"x":1,"y":1}]},"bone6":{"rotate":[{"time":0,"angle":0},{"time":0.4,"angle":-10.55},{"time":0.8,"angle":17.32},{"time":1.2,"angle":0},{"time":1.6,"angle":-10.55},{"time":2,"angle":17.32},{"time":2.4,"angle":0}],"translate":[{"time":0,"x":0,"y":0,"curve":"stepped"},{"time":0.4,"x":0,"y":0,"curve":"stepped"},{"time":0.8,"x":0,"y":0,"curve":"stepped"},{"time":1.2,"x":0,"y":0,"curve":"stepped"},{"time":1.6,"x":0,"y":0,"curve":"stepped"},{"time":2,"x":0,"y":0,"curve":"stepped"},{"time":2.4,"x":0,"y":0}],"scale":[{"time":0,"x":1,"y":1,"curve":"stepped"},{"time":0.4,"x":1,"y":1,"curve":"stepped"},{"time":0.8,"x":1,"y":1,"curve":"stepped"},{"time":1.2,"x":1,"y":1,"curve":"stepped"},{"time":1.6,"x":1,"y":1,"curve":"stepped"},{"time":2,"x":1,"y":1,"curve":"stepped"},{"time":2.4,"x":1,"y":1}]},"bone7":{"rotate":[{"time":0,"angle":0},{"time":0.4,"angle":19.64},{"time":0.8,"angle":-6.45},{"time":1.2,"angle":0},{"time":1.6,"angle":19.64},{"time":2,"angle":-6.45},{"time":2.4,"angle":0}],"translate":[{"time":0,"x":0,"y":0,"curve":"stepped"},{"time":0.4,"x":0,"y":0,"curve":"stepped"},{"time":0.8,"x":0,"y":0,"curve":"stepped"},{"time":1.2,"x":0,"y":0,"curve":"stepped"},{"time":1.6,"x":0,"y":0,"curve":"stepped"},{"time":2,"x":0,"y":0,"curve":"stepped"},{"time":2.4,"x":0,"y":0}],"scale":[{"time":0,"x":1,"y":1,"curve":"stepped"},{"time":0.4,"x":1,"y":1,"curve":"stepped"},{"time":0.8,"x":1,"y":1,"curve":"stepped"},{"time":1.2,"x":1,"y":1,"curve":"stepped"},{"time":1.6,"x":1,"y":1,"curve":"stepped"},{"time":2,"x":1,"y":1,"curve":"stepped"},{"time":2.4,"x":1,"y":1}]},"MON10078_DL_0":{"rotate":[{"time":0,"angle":0},{"time":0.3,"angle":346.46},{"time":0.6,"angle":0},{"time":0.9,"angle":13.34},{"time":1.2,"angle":0},{"time":1.5,"angle":346.46},{"time":1.8,"angle":0},{"time":2.1,"angle":13.34},{"time":2.4,"angle":0}],"translate":[{"time":0,"x":0,"y":0,"curve":"stepped"},{"time":0.3,"x":0,"y":0,"curve":"stepped"},{"time":0.6,"x":0,"y":0,"curve":"stepped"},{"time":0.9,"x":0,"y":0,"curve":"stepped"},{"time":1.2,"x":0,"y":0,"curve":"stepped"},{"time":1.5,"x":0,"y":0,"curve":"stepped"},{"time":1.8,"x":0,"y":0,"curve":"stepped"},{"time":2.1,"x":0,"y":0,"curve":"stepped"},{"time":2.4,"x":0,"y":0}],"scale":[{"time":0,"x":1,"y":1,"curve":"stepped"},{"time":0.3,"x":1,"y":1,"curve":"stepped"},{"time":0.6,"x":1,"y":1,"curve":"stepped"},{"time":0.9,"x":1,"y":1,"curve":"stepped"},{"time":1.2,"x":1,"y":1,"curve":"stepped"},{"time":1.5,"x":1,"y":1,"curve":"stepped"},{"time":1.8,"x":1,"y":1,"curve":"stepped"},{"time":2.1,"x":1,"y":1,"curve":"stepped"},{"time":2.4,"x":1,"y":1}]},"bone8":{"rotate":[{"time":0,"angle":0},{"time":0.3,"angle":-21.62},{"time":0.6,"angle":0},{"time":0.9,"angle":22.07},{"time":1.2,"angle":0},{"time":1.5,"angle":-21.62},{"time":1.8,"angle":0},{"time":2.1,"angle":22.07},{"time":2.4,"angle":0}],"translate":[{"time":0,"x":0,"y":0,"curve":"stepped"},{"time":0.3,"x":0,"y":0,"curve":"stepped"},{"time":0.6,"x":0,"y":0,"curve":"stepped"},{"time":0.9,"x":0,"y":0,"curve":"stepped"},{"time":1.2,"x":0,"y":0,"curve":"stepped"},{"time":1.5,"x":0,"y":0,"curve":"stepped"},{"time":1.8,"x":0,"y":0,"curve":"stepped"},{"time":2.1,"x":0,"y":0,"curve":"stepped"},{"time":2.4,"x":0,"y":0}],"scale":[{"time":0,"x":1,"y":1,"curve":"stepped"},{"time":0.3,"x":1,"y":1,"curve":"stepped"},{"time":0.6,"x":1,"y":1,"curve":"stepped"},{"time":0.9,"x":1,"y":1,"curve":"stepped"},{"time":1.2,"x":1,"y":1,"curve":"stepped"},{"time":1.5,"x":1,"y":1,"curve":"stepped"},{"time":1.8,"x":1,"y":1,"curve":"stepped"},{"time":2.1,"x":1,"y":1,"curve":"stepped"},{"time":2.4,"x":1,"y":1}]},"bone9":{"rotate":[{"time":0,"angle":0},{"time":0.3,"angle":3.67},{"time":0.6,"angle":0},{"time":0.9,"angle":-20.37},{"time":1.2,"angle":0},{"time":1.5,"angle":3.67},{"time":1.8,"angle":0},{"time":2.1,"angle":-20.37},{"time":2.4,"angle":0}],"translate":[{"time":0,"x":0,"y":0,"curve":"stepped"},{"time":0.3,"x":0,"y":0,"curve":"stepped"},{"time":0.6,"x":0,"y":0,"curve":"stepped"},{"time":0.9,"x":0,"y":0,"curve":"stepped"},{"time":1.2,"x":0,"y":0,"curve":"stepped"},{"time":1.5,"x":0,"y":0,"curve":"stepped"},{"time":1.8,"x":0,"y":0,"curve":"stepped"},{"time":2.1,"x":0,"y":0,"curve":"stepped"},{"time":2.4,"x":0,"y":0}],"scale":[{"time":0,"x":1,"y":1,"curve":"stepped"},{"time":0.3,"x":1,"y":1,"curve":"stepped"},{"time":0.6,"x":1,"y":1,"curve":"stepped"},{"time":0.9,"x":1,"y":1,"curve":"stepped"},{"time":1.2,"x":1,"y":1,"curve":"stepped"},{"time":1.5,"x":1,"y":1,"curve":"stepped"},{"time":1.8,"x":1,"y":1,"curve":"stepped"},{"time":2.1,"x":1,"y":1,"curve":"stepped"},{"time":2.4,"x":1,"y":1}]},"bone10":{"rotate":[{"time":0,"angle":0},{"time":0.3,"angle":18.66},{"time":0.6,"angle":0},{"time":0.9,"angle":-19.41},{"time":1.2,"angle":0},{"time":1.5,"angle":18.66},{"time":1.8,"angle":0},{"time":2.1,"angle":-19.41},{"time":2.4,"angle":0}],"translate":[{"time":0,"x":0,"y":0,"curve":"stepped"},{"time":0.3,"x":0,"y":0,"curve":"stepped"},{"time":0.6,"x":0,"y":0,"curve":"stepped"},{"time":0.9,"x":0,"y":0,"curve":"stepped"},{"time":1.2,"x":0,"y":0,"curve":"stepped"},{"time":1.5,"x":0,"y":0,"curve":"stepped"},{"time":1.8,"x":0,"y":0,"curve":"stepped"},{"time":2.1,"x":0,"y":0,"curve":"stepped"},{"time":2.4,"x":0,"y":0}],"scale":[{"time":0,"x":1,"y":1,"curve":"stepped"},{"time":0.3,"x":1,"y":1,"curve":"stepped"},{"time":0.6,"x":1,"y":1,"curve":"stepped"},{"time":0.9,"x":1,"y":1,"curve":"stepped"},{"time":1.2,"x":1,"y":1,"curve":"stepped"},{"time":1.5,"x":1,"y":1,"curve":"stepped"},{"time":1.8,"x":1,"y":1,"curve":"stepped"},{"time":2.1,"x":1,"y":1,"curve":"stepped"},{"time":2.4,"x":1,"y":1}]},"MON10078_DL_1":{"rotate":[{"time":0,"angle":0},{"time":0.3,"angle":347.71},{"time":0.6,"angle":0},{"time":0.9,"angle":18.86},{"time":1.2,"angle":0},{"time":1.5,"angle":347.71},{"time":1.8,"angle":0},{"time":2.1,"angle":18.86},{"time":2.4,"angle":0}],"translate":[{"time":0,"x":0,"y":0,"curve":"stepped"},{"time":0.6,"x":0,"y":0,"curve":"stepped"},{"time":1.2,"x":0,"y":0,"curve":"stepped"},{"time":1.8,"x":0,"y":0,"curve":"stepped"},{"time":2.4,"x":0,"y":0}],"scale":[{"time":0,"x":1,"y":1,"curve":"stepped"},{"time":0.6,"x":1,"y":1,"curve":"stepped"},{"time":1.2,"x":1,"y":1,"curve":"stepped"},{"time":1.8,"x":1,"y":1,"curve":"stepped"},{"time":2.4,"x":1,"y":1}]},"bone11":{"rotate":[{"time":0,"angle":0},{"time":0.3,"angle":-15.96},{"time":0.6,"angle":0},{"time":0.9,"angle":18.47},{"time":1.2,"angle":0},{"time":1.5,"angle":-15.96},{"time":1.8,"angle":0},{"time":2.1,"angle":18.47},{"time":2.4,"angle":0}],"translate":[{"time":0,"x":0,"y":0,"curve":"stepped"},{"time":0.6,"x":0,"y":0,"curve":"stepped"},{"time":1.2,"x":0,"y":0,"curve":"stepped"},{"time":1.8,"x":0,"y":0,"curve":"stepped"},{"time":2.4,"x":0,"y":0}],"scale":[{"time":0,"x":1,"y":1,"curve":"stepped"},{"time":0.6,"x":1,"y":1,"curve":"stepped"},{"time":1.2,"x":1,"y":1,"curve":"stepped"},{"time":1.8,"x":1,"y":1,"curve":"stepped"},{"time":2.4,"x":1,"y":1}]},"bone12":{"rotate":[{"time":0,"angle":0},{"time":0.3,"angle":-4.68},{"time":0.6,"angle":0},{"time":0.9,"angle":-15.05},{"time":1.2,"angle":0},{"time":1.5,"angle":-4.68},{"time":1.8,"angle":0},{"time":2.1,"angle":-15.05},{"time":2.4,"angle":0}],"translate":[{"time":0,"x":0,"y":0,"curve":"stepped"},{"time":0.6,"x":0,"y":0,"curve":"stepped"},{"time":1.2,"x":0,"y":0,"curve":"stepped"},{"time":1.8,"x":0,"y":0,"curve":"stepped"},{"time":2.4,"x":0,"y":0}],"scale":[{"time":0,"x":1,"y":1,"curve":"stepped"},{"time":0.6,"x":1,"y":1,"curve":"stepped"},{"time":1.2,"x":1,"y":1,"curve":"stepped"},{"time":1.8,"x":1,"y":1,"curve":"stepped"},{"time":2.4,"x":1,"y":1}]},"bone13":{"rotate":[{"time":0,"angle":0},{"time":0.3,"angle":20.05},{"time":0.6,"angle":0},{"time":0.9,"angle":-26.37},{"time":1.2,"angle":0},{"time":1.5,"angle":20.05},{"time":1.8,"angle":0},{"time":2.1,"angle":-26.37},{"time":2.4,"angle":0}],"translate":[{"time":0,"x":0,"y":0,"curve":"stepped"},{"time":0.6,"x":0,"y":0,"curve":"stepped"},{"time":1.2,"x":0,"y":0,"curve":"stepped"},{"time":1.8,"x":0,"y":0,"curve":"stepped"},{"time":2.4,"x":0,"y":0}],"scale":[{"time":0,"x":1,"y":1,"curve":"stepped"},{"time":0.6,"x":1,"y":1,"curve":"stepped"},{"time":1.2,"x":1,"y":1,"curve":"stepped"},{"time":1.8,"x":1,"y":1,"curve":"stepped"},{"time":2.4,"x":1,"y":1}]},"MON10078_DL_2":{"rotate":[{"time":0,"angle":0},{"time":0.3,"angle":348.77},{"time":0.6,"angle":0},{"time":0.9,"angle":17.92},{"time":1.2,"angle":0},{"time":1.5,"angle":348.77},{"time":1.8,"angle":0},{"time":2.1,"angle":17.92},{"time":2.4,"angle":0}],"translate":[{"time":0,"x":0,"y":0,"curve":"stepped"},{"time":0.6,"x":0,"y":0,"curve":"stepped"},{"time":1.2,"x":0,"y":0,"curve":"stepped"},{"time":1.8,"x":0,"y":0,"curve":"stepped"},{"time":2.4,"x":0,"y":0}],"scale":[{"time":0,"x":1,"y":1,"curve":"stepped"},{"time":0.6,"x":1,"y":1,"curve":"stepped"},{"time":1.2,"x":1,"y":1,"curve":"stepped"},{"time":1.8,"x":1,"y":1,"curve":"stepped"},{"time":2.4,"x":1,"y":1}]},"bone14":{"rotate":[{"time":0,"angle":0},{"time":0.3,"angle":-23.73},{"time":0.6,"angle":0},{"time":0.9,"angle":25.98},{"time":1.2,"angle":0},{"time":1.5,"angle":-23.73},{"time":1.8,"angle":0},{"time":2.1,"angle":25.98},{"time":2.4,"angle":0}],"translate":[{"time":0,"x":0,"y":0,"curve":"stepped"},{"time":0.6,"x":0,"y":0,"curve":"stepped"},{"time":1.2,"x":0,"y":0,"curve":"stepped"},{"time":1.8,"x":0,"y":0,"curve":"stepped"},{"time":2.4,"x":0,"y":0}],"scale":[{"time":0,"x":1,"y":1,"curve":"stepped"},{"time":0.6,"x":1,"y":1,"curve":"stepped"},{"time":1.2,"x":1,"y":1,"curve":"stepped"},{"time":1.8,"x":1,"y":1,"curve":"stepped"},{"time":2.4,"x":1,"y":1}]},"bone15":{"rotate":[{"time":0,"angle":0},{"time":0.3,"angle":4.46},{"time":0.6,"angle":0},{"time":0.9,"angle":-16.62},{"time":1.2,"angle":0},{"time":1.5,"angle":4.46},{"time":1.8,"angle":0},{"time":2.1,"angle":-16.62},{"time":2.4,"angle":0}],"translate":[{"time":0,"x":0,"y":0,"curve":"stepped"},{"time":0.6,"x":0,"y":0,"curve":"stepped"},{"time":1.2,"x":0,"y":0,"curve":"stepped"},{"time":1.8,"x":0,"y":0,"curve":"stepped"},{"time":2.4,"x":0,"y":0}],"scale":[{"time":0,"x":1,"y":1,"curve":"stepped"},{"time":0.6,"x":1,"y":1,"curve":"stepped"},{"time":1.2,"x":1,"y":1,"curve":"stepped"},{"time":1.8,"x":1,"y":1,"curve":"stepped"},{"time":2.4,"x":1,"y":1}]},"bone16":{"rotate":[{"time":0,"angle":0},{"time":0.3,"angle":20.39},{"time":0.6,"angle":0},{"time":0.9,"angle":-24.72},{"time":1.2,"angle":0},{"time":1.5,"angle":20.39},{"time":1.8,"angle":0},{"time":2.1,"angle":-24.72},{"time":2.4,"angle":0}],"translate":[{"time":0,"x":0,"y":0,"curve":"stepped"},{"time":0.6,"x":0,"y":0,"curve":"stepped"},{"time":1.2,"x":0,"y":0,"curve":"stepped"},{"time":1.8,"x":0,"y":0,"curve":"stepped"},{"time":2.4,"x":0,"y":0}],"scale":[{"time":0,"x":1,"y":1,"curve":"stepped"},{"time":0.6,"x":1,"y":1,"curve":"stepped"},{"time":1.2,"x":1,"y":1,"curve":"stepped"},{"time":1.8,"x":1,"y":1,"curve":"stepped"},{"time":2.4,"x":1,"y":1}]},"MON10078_DL_29":{"rotate":[{"time":0,"angle":0},{"time":0.3,"angle":336.45},{"time":0.6,"angle":0},{"time":0.9,"angle":31.91},{"time":1.2,"angle":0},{"time":1.5,"angle":336.45},{"time":1.8,"angle":0},{"time":2.1,"angle":31.91},{"time":2.4,"angle":0}],"translate":[{"time":0,"x":0,"y":0,"curve":"stepped"},{"time":0.6,"x":0,"y":0,"curve":"stepped"},{"time":1.2,"x":0,"y":0,"curve":"stepped"},{"time":1.8,"x":0,"y":0,"curve":"stepped"},{"time":2.4,"x":0,"y":0}],"scale":[{"time":0,"x":1,"y":1,"curve":"stepped"},{"time":0.6,"x":1,"y":1,"curve":"stepped"},{"time":1.2,"x":1,"y":1,"curve":"stepped"},{"time":1.8,"x":1,"y":1,"curve":"stepped"},{"time":2.4,"x":1,"y":1}]},"bone17":{"rotate":[{"time":0,"angle":0},{"time":0.3,"angle":-21.25},{"time":0.6,"angle":0},{"time":0.9,"angle":22.22},{"time":1.2,"angle":0},{"time":1.5,"angle":-21.25},{"time":1.8,"angle":0},{"time":2.1,"angle":22.22},{"time":2.4,"angle":0}],"translate":[{"time":0,"x":0,"y":0,"curve":"stepped"},{"time":0.6,"x":0,"y":0,"curve":"stepped"},{"time":1.2,"x":0,"y":0,"curve":"stepped"},{"time":1.8,"x":0,"y":0,"curve":"stepped"},{"time":2.4,"x":0,"y":0}],"scale":[{"time":0,"x":1,"y":1,"curve":"stepped"},{"time":0.6,"x":1,"y":1,"curve":"stepped"},{"time":1.2,"x":1,"y":1,"curve":"stepped"},{"time":1.8,"x":1,"y":1,"curve":"stepped"},{"time":2.4,"x":1,"y":1}]},"bone18":{"rotate":[{"time":0,"angle":0},{"time":0.3,"angle":9.39},{"time":0.6,"angle":0},{"time":0.9,"angle":-21.12},{"time":1.2,"angle":0},{"time":1.5,"angle":9.39},{"time":1.8,"angle":0},{"time":2.1,"angle":-21.12},{"time":2.4,"angle":0}],"translate":[{"time":0,"x":0,"y":0,"curve":"stepped"},{"time":0.6,"x":0,"y":0,"curve":"stepped"},{"time":1.2,"x":0,"y":0,"curve":"stepped"},{"time":1.8,"x":0,"y":0,"curve":"stepped"},{"time":2.4,"x":0,"y":0}],"scale":[{"time":0,"x":1,"y":1,"curve":"stepped"},{"time":0.6,"x":1,"y":1,"curve":"stepped"},{"time":1.2,"x":1,"y":1,"curve":"stepped"},{"time":1.8,"x":1,"y":1,"curve":"stepped"},{"time":2.4,"x":1,"y":1}]},"bone19":{"rotate":[{"time":0,"angle":0},{"time":0.3,"angle":22.27},{"time":0.6,"angle":0},{"time":0.9,"angle":-26.48},{"time":1.2,"angle":0},{"time":1.5,"angle":22.27},{"time":1.8,"angle":0},{"time":2.1,"angle":-26.48},{"time":2.4,"angle":0}],"translate":[{"time":0,"x":0,"y":0,"curve":"stepped"},{"time":0.6,"x":0,"y":0,"curve":"stepped"},{"time":1.2,"x":0,"y":0,"curve":"stepped"},{"time":1.8,"x":0,"y":0,"curve":"stepped"},{"time":2.4,"x":0,"y":0}],"scale":[{"time":0,"x":1,"y":1,"curve":"stepped"},{"time":0.6,"x":1,"y":1,"curve":"stepped"},{"time":1.2,"x":1,"y":1,"curve":"stepped"},{"time":1.8,"x":1,"y":1,"curve":"stepped"},{"time":2.4,"x":1,"y":1}]},"MON10078_DL_30":{"rotate":[{"time":0,"angle":0,"curve":"stepped"},{"time":0.6,"angle":0,"curve":"stepped"},{"time":1.2,"angle":0,"curve":"stepped"},{"time":1.8,"angle":0,"curve":"stepped"},{"time":2.4,"angle":0}],"translate":[{"time":0,"x":0,"y":0,"curve":"stepped"},{"time":0.6,"x":0,"y":0,"curve":"stepped"},{"time":1.2,"x":0,"y":0,"curve":"stepped"},{"time":1.8,"x":0,"y":0,"curve":"stepped"},{"time":2.4,"x":0,"y":0}],"scale":[{"time":0,"x":1,"y":1,"curve":"stepped"},{"time":0.6,"x":1,"y":1,"curve":"stepped"},{"time":1.2,"x":1,"y":1,"curve":"stepped"},{"time":1.8,"x":1,"y":1,"curve":"stepped"},{"time":2.4,"x":1,"y":1}]},"MON10078_DL_31":{"rotate":[{"time":0,"angle":0,"curve":"stepped"},{"time":0.6,"angle":0,"curve":"stepped"},{"time":1.2,"angle":0,"curve":"stepped"},{"time":1.8,"angle":0,"curve":"stepped"},{"time":2.4,"angle":0}],"translate":[{"time":0,"x":0,"y":0,"curve":"stepped"},{"time":0.6,"x":0,"y":0,"curve":"stepped"},{"time":1.2,"x":0,"y":0,"curve":"stepped"},{"time":1.8,"x":0,"y":0,"curve":"stepped"},{"time":2.4,"x":0,"y":0}],"scale":[{"time":0,"x":1,"y":1,"curve":"stepped"},{"time":0.6,"x":1,"y":1,"curve":"stepped"},{"time":1.2,"x":1,"y":1,"curve":"stepped"},{"time":1.8,"x":1,"y":1,"curve":"stepped"},{"time":2.4,"x":1,"y":1}]},"MON10078_DL_32":{"rotate":[{"time":0,"angle":0},{"time":0.4,"angle":2.98},{"time":0.8,"angle":-3.44},{"time":1.2,"angle":0},{"time":1.6,"angle":2.98},{"time":2,"angle":-3.44},{"time":2.4,"angle":0}],"translate":[{"time":0,"x":5.29,"y":0.72,"curve":"stepped"},{"time":0.4,"x":5.29,"y":0.72,"curve":"stepped"},{"time":0.8,"x":5.29,"y":0.72,"curve":"stepped"},{"time":1.2,"x":5.29,"y":0.72,"curve":"stepped"},{"time":1.6,"x":5.29,"y":0.72,"curve":"stepped"},{"time":2,"x":5.29,"y":0.72,"curve":"stepped"},{"time":2.4,"x":5.29,"y":0.72}],"scale":[{"time":0,"x":1,"y":1},{"time":0.4,"x":0.926,"y":1.026},{"time":0.8,"x":1.045,"y":0.964},{"time":1.2,"x":1,"y":1},{"time":1.6,"x":0.926,"y":1.026},{"time":2,"x":1.045,"y":0.964},{"time":2.4,"x":1,"y":1}]},"bone20":{"rotate":[{"time":0,"angle":0,"curve":"stepped"},{"time":0.4,"angle":0,"curve":"stepped"},{"time":0.8,"angle":0,"curve":"stepped"},{"time":1.2,"angle":0,"curve":"stepped"},{"time":1.6,"angle":0,"curve":"stepped"},{"time":2,"angle":0,"curve":"stepped"},{"time":2.4,"angle":0}],"translate":[{"time":0,"x":0,"y":0},{"time":0.4,"x":-6.83,"y":0.41},{"time":0.8,"x":0.86,"y":-0.06},{"time":1.2,"x":0,"y":0},{"time":1.6,"x":-6.83,"y":0.41},{"time":2,"x":0.86,"y":-0.06},{"time":2.4,"x":0,"y":0}],"scale":[{"time":0,"x":1,"y":1,"curve":"stepped"},{"time":0.4,"x":1,"y":1,"curve":"stepped"},{"time":0.8,"x":1,"y":1,"curve":"stepped"},{"time":1.2,"x":1,"y":1,"curve":"stepped"},{"time":1.6,"x":1,"y":1,"curve":"stepped"},{"time":2,"x":1,"y":1,"curve":"stepped"},{"time":2.4,"x":1,"y":1}]},"bone21":{"rotate":[{"time":0,"angle":0,"curve":"stepped"},{"time":0.4,"angle":0,"curve":"stepped"},{"time":0.8,"angle":0,"curve":"stepped"},{"time":1.2,"angle":0,"curve":"stepped"},{"time":1.6,"angle":0,"curve":"stepped"},{"time":2,"angle":0,"curve":"stepped"},{"time":2.4,"angle":0}],"translate":[{"time":0,"x":0,"y":0},{"time":0.4,"x":-6.83,"y":0.38},{"time":0.8,"x":3.02,"y":-0.2},{"time":1.2,"x":0,"y":0},{"time":1.6,"x":-6.83,"y":0.38},{"time":2,"x":3.02,"y":-0.2},{"time":2.4,"x":0,"y":0}],"scale":[{"time":0,"x":1,"y":1,"curve":"stepped"},{"time":0.4,"x":1,"y":1,"curve":"stepped"},{"time":0.8,"x":1,"y":1,"curve":"stepped"},{"time":1.2,"x":1,"y":1,"curve":"stepped"},{"time":1.6,"x":1,"y":1,"curve":"stepped"},{"time":2,"x":1,"y":1,"curve":"stepped"},{"time":2.4,"x":1,"y":1}]},"bone22":{"rotate":[{"time":0,"angle":0},{"time":0.4,"angle":-6.99},{"time":0.8,"angle":5.35},{"time":1.2,"angle":0},{"time":1.6,"angle":-6.99},{"time":2,"angle":5.35},{"time":2.4,"angle":0}],"translate":[{"time":0,"x":0,"y":0,"curve":"stepped"},{"time":0.4,"x":0,"y":0,"curve":"stepped"},{"time":0.8,"x":0,"y":0,"curve":"stepped"},{"time":1.2,"x":0,"y":0,"curve":"stepped"},{"time":1.6,"x":0,"y":0,"curve":"stepped"},{"time":2,"x":0,"y":0,"curve":"stepped"},{"time":2.4,"x":0,"y":0}],"scale":[{"time":0,"x":1,"y":1,"curve":"stepped"},{"time":0.4,"x":1,"y":1,"curve":"stepped"},{"time":0.8,"x":1,"y":1,"curve":"stepped"},{"time":1.2,"x":1,"y":1,"curve":"stepped"},{"time":1.6,"x":1,"y":1,"curve":"stepped"},{"time":2,"x":1,"y":1,"curve":"stepped"},{"time":2.4,"x":1,"y":1}]},"bone23":{"rotate":[{"time":0,"angle":0},{"time":0.4,"angle":-10.89},{"time":0.8,"angle":4.96},{"time":1.2,"angle":0},{"time":1.6,"angle":-10.89},{"time":2,"angle":4.96},{"time":2.4,"angle":0}],"translate":[{"time":0,"x":0,"y":0,"curve":"stepped"},{"time":0.4,"x":0,"y":0,"curve":"stepped"},{"time":0.8,"x":0,"y":0,"curve":"stepped"},{"time":1.2,"x":0,"y":0,"curve":"stepped"},{"time":1.6,"x":0,"y":0,"curve":"stepped"},{"time":2,"x":0,"y":0,"curve":"stepped"},{"time":2.4,"x":0,"y":0}],"scale":[{"time":0,"x":1,"y":1,"curve":"stepped"},{"time":0.4,"x":1,"y":1,"curve":"stepped"},{"time":0.8,"x":1,"y":1,"curve":"stepped"},{"time":1.2,"x":1,"y":1,"curve":"stepped"},{"time":1.6,"x":1,"y":1,"curve":"stepped"},{"time":2,"x":1,"y":1,"curve":"stepped"},{"time":2.4,"x":1,"y":1}]},"bone24":{"rotate":[{"time":0,"angle":0},{"time":0.4,"angle":20.87},{"time":0.8,"angle":-12.62},{"time":1.2,"angle":0},{"time":1.6,"angle":20.87},{"time":2,"angle":-12.62},{"time":2.4,"angle":0}],"translate":[{"time":0,"x":0,"y":0,"curve":"stepped"},{"time":0.4,"x":0,"y":0,"curve":"stepped"},{"time":0.8,"x":0,"y":0,"curve":"stepped"},{"time":1.2,"x":0,"y":0,"curve":"stepped"},{"time":1.6,"x":0,"y":0,"curve":"stepped"},{"time":2,"x":0,"y":0,"curve":"stepped"},{"time":2.4,"x":0,"y":0}],"scale":[{"time":0,"x":1,"y":1,"curve":"stepped"},{"time":0.4,"x":1,"y":1,"curve":"stepped"},{"time":0.8,"x":1,"y":1,"curve":"stepped"},{"time":1.2,"x":1,"y":1,"curve":"stepped"},{"time":1.6,"x":1,"y":1,"curve":"stepped"},{"time":2,"x":1,"y":1,"curve":"stepped"},{"time":2.4,"x":1,"y":1}]},"bone25":{"rotate":[{"time":0,"angle":0},{"time":0.4,"angle":4.82},{"time":0.8,"angle":-11.24},{"time":1.2,"angle":0},{"time":1.6,"angle":4.82},{"time":2,"angle":-11.24},{"time":2.4,"angle":0}],"translate":[{"time":0,"x":0,"y":0,"curve":"stepped"},{"time":0.4,"x":0,"y":0,"curve":"stepped"},{"time":0.8,"x":0,"y":0,"curve":"stepped"},{"time":1.2,"x":0,"y":0,"curve":"stepped"},{"time":1.6,"x":0,"y":0,"curve":"stepped"},{"time":2,"x":0,"y":0,"curve":"stepped"},{"time":2.4,"x":0,"y":0}],"scale":[{"time":0,"x":1,"y":1,"curve":"stepped"},{"time":0.4,"x":1,"y":1,"curve":"stepped"},{"time":0.8,"x":1,"y":1,"curve":"stepped"},{"time":1.2,"x":1,"y":1,"curve":"stepped"},{"time":1.6,"x":1,"y":1,"curve":"stepped"},{"time":2,"x":1,"y":1,"curve":"stepped"},{"time":2.4,"x":1,"y":1}]},"bone26":{"rotate":[{"time":0,"angle":0},{"time":0.4,"angle":8.52},{"time":0.8,"angle":-3.28},{"time":1.2,"angle":0},{"time":1.6,"angle":8.52},{"time":2,"angle":-3.28},{"time":2.4,"angle":0}],"translate":[{"time":0,"x":0,"y":0,"curve":"stepped"},{"time":0.4,"x":0,"y":0,"curve":"stepped"},{"time":0.8,"x":0,"y":0,"curve":"stepped"},{"time":1.2,"x":0,"y":0,"curve":"stepped"},{"time":1.6,"x":0,"y":0,"curve":"stepped"},{"time":2,"x":0,"y":0,"curve":"stepped"},{"time":2.4,"x":0,"y":0}],"scale":[{"time":0,"x":1,"y":1,"curve":"stepped"},{"time":0.4,"x":1,"y":1,"curve":"stepped"},{"time":0.8,"x":1,"y":1,"curve":"stepped"},{"time":1.2,"x":1,"y":1,"curve":"stepped"},{"time":1.6,"x":1,"y":1,"curve":"stepped"},{"time":2,"x":1,"y":1,"curve":"stepped"},{"time":2.4,"x":1,"y":1}]},"bone27":{"rotate":[{"time":0,"angle":0},{"time":0.4,"angle":-9.47},{"time":0.8,"angle":29.79},{"time":1.2,"angle":0},{"time":1.6,"angle":-9.47},{"time":2,"angle":29.79},{"time":2.4,"angle":0}],"translate":[{"time":0,"x":0,"y":0,"curve":"stepped"},{"time":0.4,"x":0,"y":0,"curve":"stepped"},{"time":0.8,"x":0,"y":0,"curve":"stepped"},{"time":1.2,"x":0,"y":0,"curve":"stepped"},{"time":1.6,"x":0,"y":0,"curve":"stepped"},{"time":2,"x":0,"y":0,"curve":"stepped"},{"time":2.4,"x":0,"y":0}],"scale":[{"time":0,"x":1,"y":1,"curve":"stepped"},{"time":0.4,"x":1,"y":1,"curve":"stepped"},{"time":0.8,"x":1,"y":1,"curve":"stepped"},{"time":1.2,"x":1,"y":1,"curve":"stepped"},{"time":1.6,"x":1,"y":1,"curve":"stepped"},{"time":2,"x":1,"y":1,"curve":"stepped"},{"time":2.4,"x":1,"y":1}]},"shadow":{"rotate":[{"time":0,"angle":0,"curve":"stepped"},{"time":0.6,"angle":0,"curve":"stepped"},{"time":1.2,"angle":0,"curve":"stepped"},{"time":1.8,"angle":0,"curve":"stepped"},{"time":2.4,"angle":0}],"translate":[{"time":0,"x":0,"y":0,"curve":"stepped"},{"time":0.6,"x":0,"y":0,"curve":"stepped"},{"time":1.2,"x":0,"y":0,"curve":"stepped"},{"time":1.8,"x":0,"y":0,"curve":"stepped"},{"time":2.4,"x":0,"y":0}],"scale":[{"time":0,"x":1,"y":1},{"time":0.6,"x":1.1,"y":1.1},{"time":1.2,"x":1,"y":1},{"time":1.8,"x":1.1,"y":1.1},{"time":2.4,"x":1,"y":1}]}},"ffd":{"default":{"MON10078_DL_17":{"MON10078_DL_17":[{"time":0,"offset":8,"vertices":[0.35792,-2.62774,0.40071,-2.62155,0,0,0,0,0,0,0,0,0,0,0,0,0,0,0,0,0,0,0,0,-0.22064,1.62004,-0.247,1.61624,0,0,0,0,0,0,0,0,0,0,0,0,5.24054,0.71378,5.2282,0.7991,1.03147,0.14049,1.02902,0.15728,1.02902,0.15728,1.03147,0.14049,1.02902,0.15728]},{"time":0.6,"offset":8,"vertices":[-3.20992,2.93125,-3.25736,2.87852,-0.31534,2.31497,-0.35306,2.30951,-2.75945,-0.37582,-2.75302,-0.42076,0,0,0,0,0,0,0,0,-2.57929,-1.69866,-2.55134,-1.74049,-2.57926,-1.69866,-2.55131,-1.7405,0,0,0,0,0,0,0,0,0,0,0,0,-2.75943,-0.37583,-2.75299,-0.42076,-2.75945,-0.37582,-2.75302,-0.42076,-2.75302,-0.42076,-2.75945,-0.37582,-2.75302,-0.42076]},{"time":1.2,"offset":8,"vertices":[0.35792,-2.62774,0.40071,-2.62155,0,0,0,0,0,0,0,0,0,0,0,0,0,0,0,0,0,0,0,0,-0.22064,1.62004,-0.247,1.61624,0,0,0,0,0,0,0,0,0,0,0,0,5.24054,0.71378,5.2282,0.7991,1.03147,0.14049,1.02902,0.15728,1.02902,0.15728,1.03147,0.14049,1.02902,0.15728]},{"time":1.8,"offset":8,"vertices":[-3.20992,2.93125,-3.25736,2.87852,-0.31534,2.31497,-0.35306,2.30951,-2.75945,-0.37582,-2.75302,-0.42076,0,0,0,0,0,0,0,0,-2.57929,-1.69866,-2.55134,-1.74049,-2.57926,-1.69866,-2.55131,-1.7405,0,0,0,0,0,0,0,0,0,0,0,0,-2.75943,-0.37583,-2.75299,-0.42076,-2.75945,-0.37582,-2.75302,-0.42076,-2.75302,-0.42076,-2.75945,-0.37582,-2.75302,-0.42076]},{"time":2.4,"offset":8,"vertices":[0.35792,-2.62774,0.40071,-2.62155,0,0,0,0,0,0,0,0,0,0,0,0,0,0,0,0,0,0,0,0,-0.22064,1.62004,-0.247,1.61624,0,0,0,0,0,0,0,0,0,0,0,0,5.24054,0.71378,5.2282,0.7991,1.03147,0.14049,1.02902,0.15728,1.02902,0.15728,1.03147,0.14049,1.02902,0.15728]}]},"MON10078_DL_28":{"MON10078_DL_28":[{"time":0},{"time":0.4,"offset":4,"vertices":[0.8771,-0.93794,1.04546,-0.74586,-0.21501,-5.98899,3.78291,-8.88861,4.05335,-2.50642,2.16319,-4.24691,-0.04255,-0.4324,-0.05532,-0.43095,-0.32441,-0.28895,-0.26084,-0.34752,-3.69338,0.27298,-3.68334,0.38261,-2.5293,2.70508,-3.01492,2.1509,-4.79891,0.35473,-4.786,0.49716,-3.28648,3.51474,-3.91743,2.79477,-2.78302,-3.97842,-4.74293,-1.03699,-4.4442,-1.95548,0.45372,-8.38565,-1.29437,-8.29743,-5.8366,-6.03491,-6.01307,-5.85874,-8.36101,-0.75881,4.62027,3.27337,4.29636,-3.68553,1.43084,-1.61614,1.06475,-1.87764,-1.56243,-1.4884,0,0,0,0,0,0,0,0,0,0,0,0,0,0,0,0,0,0,0,0,0,0,0,0,0,0,0,0,0,0,0,0,0,0,0,0,0,0,0,0,0,0,0,0,-3.86132,0.40111,-3.8599,0.41517,-1.90658,-1.76093,-1.95792,-1.70349,-4.18912,-2.19474,-3.46403,-3.22039,-0.94802,-0.88135,-1.11012,-0.66566,0,0,0,0,0,0,0,0,-6.09402,-3.19276,-5.03925,-4.68482,-5.90088,-3.53833,-6.85999,0.50711,-6.84166,0.71073,-6.83911,0.73564,-4.86402,4.86386,-4.95922,-2.59822,-5.58256,0.41268,-5.56765,0.57838,-5.56556,0.59866,-3.95827,3.95816,-3.8232,4.08865,-4.55719,3.25124,-4.07204,-6.84489,-2.12692,-7.67626,-3.67192,-7.06848,-7.07168,-3.66135,-7.17709,-3.44956,-7.18965,-3.42339,-4.28213,0.31655,-4.27071,0.44365,-4.26908,0.4592,-3.03621,3.03611,-2.9326,3.13622,-3.49561,2.49388,-4.05008,0.29939,-4.03926,0.41961,-2.77369,2.9663,-3.30619,2.35869,0.10494,1.06658,0.13661,1.06297,0.80036,0.71276,0.64349,0.85712,0.19674,1.61458,-2.27304,-4.88945,-1.26045,-5.24308]},{"time":0.8,"offset":4,"vertices":[-0.24098,-1.16599,-0.65062,-0.92109,-2.9337,-3.31153,-0.47933,6.29078,0.60716,3.82897,3.12372,2.44105,-2.18614,3.94037,-2.06796,4.00355,-1.1214,4.365,1.07348,4.37867,-0.64856,0.04794,-0.64682,0.06719,-0.44416,0.475,-0.52943,0.37771,-0.69809,0.0516,-0.69623,0.07232,-0.47809,0.51128,-0.56987,0.40655,-0.4875,-0.31263,-0.57028,0.10077,-0.57899,-0.0141,0.03781,-0.6988,-0.10786,-0.69145,-0.48638,-0.5029,-0.50108,-0.48822,-0.69675,-0.06323,-0.48786,-3.958,-3.84721,-1.2908,0.11923,-0.13467,0.08872,-0.15647,-0.1302,-0.12403,0,0,0,0,0,0,0,0,-0.79892,2.07004,-0.77783,2.07807,0,0,0,0,0,0,0,0,0,0,0,0,0,0,0,0,0,0,0,0,0,0,0,0,0,0,0,0,0,0,0,0,-0.32177,0.03342,-0.32165,0.03459,-0.15888,-0.14674,-0.16316,-0.14195,-0.29901,2.61004,-0.21018,2.52392,2.55201,-3.00874,3.43254,-1.82096,0,0,0,0,0,0,0,0,-0.50783,-0.26606,-0.41993,-0.3904,-0.49174,-0.29486,-0.57166,0.04225,-0.57013,0.05922,-0.56992,0.0613,-0.40533,0.40532,-0.41326,-0.21651,-0.46521,0.03439,-0.46397,0.04819,-0.46379,0.04988,-0.32985,0.32984,-0.3186,0.34072,-0.37976,0.27093,-0.33933,-0.5704,-0.17724,-0.63968,-0.30599,-0.58904,-0.5893,-0.30511,-0.59809,-0.28746,-0.59913,-0.28528,-0.35684,0.02637,-0.35589,0.03697,-0.35575,0.03826,-0.25301,0.25301,-0.24438,0.26135,-0.2913,0.20782,-0.3375,0.02494,-0.3366,0.03496,-0.23114,0.24719,-0.27551,0.19655,-1.0351,0.06123,-1.03276,0.09197,-0.94949,0.30033,-0.7325,0.75883,-0.42446,-1.42969,-1.49173,-5.44033,-3.51047,-4.36694]},{"time":1.2},{"time":1.6,"offset":4,"vertices":[0.8771,-0.93794,1.04546,-0.74586,-0.21501,-5.98899,3.78291,-8.88861,4.05335,-2.50642,2.16319,-4.24691,-0.04255,-0.4324,-0.05532,-0.43095,-0.32441,-0.28895,-0.26084,-0.34752,-3.69338,0.27298,-3.68334,0.38261,-2.5293,2.70508,-3.01492,2.1509,-4.79891,0.35473,-4.786,0.49716,-3.28648,3.51474,-3.91743,2.79477,-2.78302,-3.97842,-4.74293,-1.03699,-4.4442,-1.95548,0.45372,-8.38565,-1.29437,-8.29743,-5.8366,-6.03491,-6.01307,-5.85874,-8.36101,-0.75881,4.62027,3.27337,4.29636,-3.68553,1.43084,-1.61614,1.06475,-1.87764,-1.56243,-1.4884,0,0,0,0,0,0,0,0,0,0,0,0,0,0,0,0,0,0,0,0,0,0,0,0,0,0,0,0,0,0,0,0,0,0,0,0,0,0,0,0,0,0,0,0,-3.86132,0.40111,-3.8599,0.41517,-1.90658,-1.76093,-1.95792,-1.70349,-4.18912,-2.19474,-3.46403,-3.22039,-0.94802,-0.88135,-1.11012,-0.66566,0,0,0,0,0,0,0,0,-6.09402,-3.19276,-5.03925,-4.68482,-5.90088,-3.53833,-6.85999,0.50711,-6.84166,0.71073,-6.83911,0.73564,-4.86402,4.86386,-4.95922,-2.59822,-5.58256,0.41268,-5.56765,0.57838,-5.56556,0.59866,-3.95827,3.95816,-3.8232,4.08865,-4.55719,3.25124,-4.07204,-6.84489,-2.12692,-7.67626,-3.67192,-7.06848,-7.07168,-3.66135,-7.17709,-3.44956,-7.18965,-3.42339,-4.28213,0.31655,-4.27071,0.44365,-4.26908,0.4592,-3.03621,3.03611,-2.9326,3.13622,-3.49561,2.49388,-4.05008,0.29939,-4.03926,0.41961,-2.77369,2.9663,-3.30619,2.35869,0.10494,1.06658,0.13661,1.06297,0.80036,0.71276,0.64349,0.85712,0.19674,1.61458,-2.27304,-4.88945,-1.26045,-5.24308]},{"time":2,"offset":4,"vertices":[-0.24098,-1.16599,-0.65062,-0.92109,-2.9337,-3.31153,-0.47933,6.29078,0.60716,3.82897,3.12372,2.44105,-2.18614,3.94037,-2.06796,4.00355,-1.1214,4.365,1.07348,4.37867,-0.64856,0.04794,-0.64682,0.06719,-0.44416,0.475,-0.52943,0.37771,-0.69809,0.0516,-0.69623,0.07232,-0.47809,0.51128,-0.56987,0.40655,-0.4875,-0.31263,-0.57028,0.10077,-0.57899,-0.0141,0.03781,-0.6988,-0.10786,-0.69145,-0.48638,-0.5029,-0.50108,-0.48822,-0.69675,-0.06323,-0.48786,-3.958,-3.84721,-1.2908,0.11923,-0.13467,0.08872,-0.15647,-0.1302,-0.12403,0,0,0,0,0,0,0,0,-0.79892,2.07004,-0.77783,2.07807,0,0,0,0,0,0,0,0,0,0,0,0,0,0,0,0,0,0,0,0,0,0,0,0,0,0,0,0,0,0,0,0,-0.32177,0.03342,-0.32165,0.03459,-0.15888,-0.14674,-0.16316,-0.14195,-0.29901,2.61004,-0.21018,2.52392,2.55201,-3.00874,3.43254,-1.82096,0,0,0,0,0,0,0,0,-0.50783,-0.26606,-0.41993,-0.3904,-0.49174,-0.29486,-0.57166,0.04225,-0.57013,0.05922,-0.56992,0.0613,-0.40533,0.40532,-0.41326,-0.21651,-0.46521,0.03439,-0.46397,0.04819,-0.46379,0.04988,-0.32985,0.32984,-0.3186,0.34072,-0.37976,0.27093,-0.33933,-0.5704,-0.17724,-0.63968,-0.30599,-0.58904,-0.5893,-0.30511,-0.59809,-0.28746,-0.59913,-0.28528,-0.35684,0.02637,-0.35589,0.03697,-0.35575,0.03826,-0.25301,0.25301,-0.24438,0.26135,-0.2913,0.20782,-0.3375,0.02494,-0.3366,0.03496,-0.23114,0.24719,-0.27551,0.19655,-1.0351,0.06123,-1.03276,0.09197,-0.94949,0.30033,-0.7325,0.75883,-0.42446,-1.42969,-1.49173,-5.44033,-3.51047,-4.36694]},{"time":2.4}]}}}}}}