{"skeleton":{"hash":"V58cDJcXAQpawCif8sqoTpB4l0E","spine":"3.1.03","width":285.07,"height":254.6},"bones":[{"name":"root"},{"name":"FX_FLASH","parent":"root","length":75.7,"x":-102.83,"y":87.57,"rotation":90},{"name":"MON40055_12","parent":"root","length":20.14,"x":6.21,"y":38.11,"rotation":89.09},{"name":"bone","parent":"MON40055_12","length":32.46,"x":20.14,"y":-0.09,"rotation":0.9},{"name":"MON40055_15","parent":"bone","length":34.67,"x":34.28,"y":29.65,"rotation":160.34},{"name":"MON40055_14","parent":"MON40055_15","length":21.3,"x":33.64,"y":-0.4,"rotation":5.39},{"name":"MON40055_13","parent":"MON40055_14","length":11.84,"x":20.71,"y":0.21,"rotation":-17.48},{"name":"MON40055_16","parent":"MON40055_13","length":26.92,"x":11.15,"y":-0.45,"rotation":-81.49},{"name":"FX_WEAPON","parent":"MON40055_16","length":67.59,"x":80.46,"y":-29.47,"scaleX":2,"scaleY":2,"rotation":-1.43},{"name":"MON40055_3","parent":"bone","length":26.57,"x":32.19,"y":0.54,"rotation":0.45},{"name":"MON40055_1","parent":"MON40055_3","length":8.03,"x":28.15,"y":51.51,"rotation":-88.64},{"name":"MON40055_2","parent":"bone","length":20.88,"x":45.98,"y":-26.7,"rotation":-111.87},{"name":"MON40055_6","parent":"bone","length":38.33,"x":35.11,"y":-41.6,"rotation":-155.45},{"name":"MON40055_5","parent":"MON40055_6","length":28.12,"x":37.01,"y":-0.14,"rotation":-29.4},{"name":"MON40055_4","parent":"MON40055_5","length":12.53,"x":27.3,"y":-0.14,"rotation":-19.1},{"name":"MON40055_7","parent":"root","length":17.87,"x":-7.76,"y":45.3,"rotation":-90},{"name":"MON40055_8","parent":"MON40055_7","length":18.96,"x":13.23,"y":36.74,"rotation":-29.2},{"name":"MON40055_9","parent":"MON40055_8","length":12.04,"x":18.39,"y":-0.34,"rotation":45.22},{"name":"MON40055_10","parent":"MON40055_7","length":14.98,"x":13.9,"y":-4.96,"rotation":-43.13},{"name":"MON40055_11","parent":"MON40055_10","length":14.69,"x":14.74,"y":-0.24,"rotation":65.82},{"name":"MON40055_17","parent":"bone","length":14.55,"x":42.39,"y":-13.97,"rotation":3.6},{"name":"MON40055_18","parent":"root","length":26.92,"x":-336.16,"y":31.6,"rotation":156.51},{"name":"bone2","parent":"MON40055_7","length":6.29,"x":17.87,"rotation":2.7},{"name":"bone3","parent":"bone2","length":5.29,"x":6.29,"y":0.03,"rotation":-2.7},{"name":"bone13","parent":"MON40055_3","length":20.39,"x":24.74,"y":-9.29,"rotation":-48.84},{"name":"bone14","parent":"bone13","length":14.64,"x":20.39,"y":0.02,"rotation":2.7},{"name":"bone15","parent":"bone14","length":13.92,"x":14.64,"rotation":12.43},{"name":"bone16","parent":"bone15","length":15.82,"x":13.92,"y":0.02,"rotation":12.09},{"name":"fx_light","parent":"root","length":70.62,"x":-6.48,"y":7.97,"rotation":90},{"name":"fx_light2","parent":"root","length":70.62,"x":-64.78,"y":-34.84,"rotation":110},{"name":"fx_light3","parent":"root","length":70.62,"x":68.77,"y":-34.84,"rotation":110},{"name":"fx_light4","parent":"root","length":70.62,"x":-52.22,"y":-34.84,"scaleX":0.998,"rotation":70},{"name":"fx_light5","parent":"root","length":70.62,"x":74.77,"y":-35.84,"rotation":70},{"name":"fx_yinbo","parent":"root","length":24.58,"x":38.19,"y":25.34,"rotation":90},{"name":"fx_yinfu","parent":"root","length":26.38,"x":20.18,"y":58.17,"rotation":77.99},{"name":"fx_yinfu2","parent":"root","length":16.55,"x":19,"y":21.93,"rotation":157.01},{"name":"fx_yinfu3","parent":"root","length":9.37,"x":52.92,"y":34.85,"rotation":-5.71},{"name":"fx_yinfu4","parent":"root","length":19.64,"x":27.78,"y":5.04,"scaleX":0.6,"scaleY":0.6,"rotation":-96.17},{"name":"shadow","parent":"root","x":3.67,"y":10.95}],"slots":[{"name":"shadow","bone":"shadow"},{"name":"FX/light","bone":"fx_light","blend":"additive"},{"name":"fx_weapon","bone":"FX_WEAPON","attachment":"FX/weapon_00004"},{"name":"MON40055_17","bone":"MON40055_17","attachment":"MON40055_17"},{"name":"MON40055_16","bone":"MON40055_16","attachment":"MON40055_16"},{"name":"MON40055_18","bone":"MON40055_18"},{"name":"MON40055_15","bone":"MON40055_15","attachment":"MON40055_15"},{"name":"MON40055_14","bone":"MON40055_14","attachment":"MON40055_14"},{"name":"MON40055_13","bone":"MON40055_13","attachment":"MON40055_13"},{"name":"MON40055_12","bone":"MON40055_12","attachment":"MON40055_12"},{"name":"MON40055_11","bone":"MON40055_11","attachment":"MON40055_11"},{"name":"MON40055_10","bone":"MON40055_10","attachment":"MON40055_10"},{"name":"MON40055_9","bone":"MON40055_9","attachment":"MON40055_9"},{"name":"MON40055_8","bone":"MON40055_8","attachment":"MON40055_8"},{"name":"MON40055_7","bone":"MON40055_7","attachment":"MON40055_7"},{"name":"MON40055_6","bone":"MON40055_6","attachment":"MON40055_6"},{"name":"MON40055_5","bone":"MON40055_5","attachment":"MON40055_5"},{"name":"MON40055_4","bone":"MON40055_4","attachment":"MON40055_4"},{"name":"MON40055_3","bone":"MON40055_3","attachment":"MON40055_3"},{"name":"MON40055_2","bone":"MON40055_2","attachment":"MON40055_2"},{"name":"MON40055_1","bone":"MON40055_1"},{"name":"FX/lightbean","bone":"FX_FLASH","blend":"additive"},{"name":"FX/images/yinfu_01","bone":"fx_yinfu"},{"name":"FX/images/yinfu_02","bone":"fx_yinfu2"},{"name":"FX/images/yinfu_03","bone":"fx_yinfu3"},{"name":"FX/images/yinfu_04","bone":"fx_yinfu4"},{"name":"FX/yinbo","bone":"fx_yinbo"},{"name":"FX/light2","bone":"fx_light2","blend":"additive"},{"name":"FX/light3","bone":"fx_light3","blend":"additive"},{"name":"FX/light4","bone":"fx_light4","blend":"additive"},{"name":"FX/light5","bone":"fx_light5","blend":"additive"}],"skins":{"default":{"FX/images/yinfu_01":{"FX/images/yinfu_01":{"color":"4dff00ff","rotation":-77.96,"width":64,"height":64}},"FX/images/yinfu_02":{"FX/images/yinfu_02":{"color":"ffab00ff","scaleX":0.7,"scaleY":0.7,"rotation":-156.85,"width":64,"height":64}},"FX/images/yinfu_03":{"FX/images/yinfu_03":{"color":"ff004eff","scaleX":-0.8,"scaleY":0.8,"rotation":35.7,"width":64,"height":64}},"FX/images/yinfu_04":{"FX/images/yinfu_04":{"color":"8d00ffff","scaleX":1.3,"scaleY":1.3,"rotation":56.14,"width":64,"height":64}},"FX/light":{"FX/light":{"x":147.79,"scaleX":5.876,"scaleY":6.95,"rotation":-180,"width":64,"height":51}},"FX/light2":{"FX/light":{"color":"0572ff8c","x":180.61,"scaleX":5.876,"scaleY":1.752,"rotation":-180,"width":64,"height":51}},"FX/light3":{"FX/light":{"color":"0572ff8f","x":180.61,"scaleX":5.876,"scaleY":1.257,"rotation":-180,"width":64,"height":51}},"FX/light4":{"FX/light":{"color":"0572ff8d","x":180.61,"scaleX":5.876,"scaleY":2.014,"rotation":-180,"width":64,"height":51}},"FX/light5":{"FX/light":{"color":"0572ff90","x":180.61,"scaleX":5.876,"scaleY":1.52,"rotation":-180,"width":64,"height":51}},"FX/lightbean":{"FX/lightbean":{"scaleX":6,"scaleY":6,"rotation":-90,"width":64,"height":64}},"FX/yinbo":{"FX/yinbo":{"scaleX":3,"scaleY":3,"rotation":-90,"width":64,"height":64}},"MON40055_1":{"MON40055_1":{"x":9.89,"y":1.91,"rotation":-1.79,"width":56,"height":16}},"MON40055_10":{"MON40055_10":{"x":6.04,"y":0.12,"rotation":133.13,"width":33,"height":29}},"MON40055_11":{"MON40055_11":{"x":10.22,"y":1.38,"rotation":67.3,"width":27,"height":25}},"MON40055_12":{"MON40055_12":{"type":"weightedmesh","uvs":[0.45856,0.00392,0.40315,0,0,0.2271,0,0.56932,0.12196,0.69584,0.14918,0.69821,0.15498,0.71626,0.2831,0.98378,0.4631,1,0.66033,0.99544,0.7893,0.77264,0.79129,0.75165,0.79852,0.73721,1,0.5331,1,0.25646,0.58294,0.01274,0.45459,0.34542,0.46031,0.64044,0.45651,0.82785],"triangles":[13,12,16,17,5,16,3,16,5,5,4,3,12,17,16,3,2,16,16,14,13,2,1,16,16,15,14,16,0,15,16,1,0,7,18,8,8,18,9,9,18,10,7,6,18,10,18,11,18,6,17,11,18,17,11,17,12,6,5,17],"vertices":[2,2,88.86,0.79,0,3,68.72,-0.21,0.99999,2,2,89.2,6,0,3,69.15,4.98999,0.99999,2,2,64.08,43.5,0.00242,3,44.62,42.89,0.99757,2,2,27.12,42.92,0.18382,3,7.66,42.89,0.81617,2,2,13.64,31.24,0.45534,3,-5.99,31.43,0.54465,2,2,13.43,28.67,0.51187,3,-6.25,28.87,0.48812,2,2,11.48,28.1,0.5808,3,-8.2,28.32,0.41919,1,2,-17.2,15.6,1,1,2,-18.68,-1.34,1,1,2,-17.9,-19.87,1,2,2,6.35,-31.61,0.76877,3,-14.29,-31.29,0.23122,2,2,8.60999,-31.76,0.71782,3,-12.02,-31.48,0.28217,2,2,10.18999,-32.41,0.6664,3,-10.46,-32.16,0.33359,2,2,32.53,-51,0.16751,3,11.57,-51.1,0.83248,2,2,62.4,-50.52,0.02223,3,41.45,-51.1,0.97776,2,2,88.1,-10.91,0,3,67.76999,-11.9,0.99999,1,3,31.84,0.16,1,2,2,20.12999,-0.46,0.5,3,-0.01,-0.37,0.5,1,2,-0.1,-0.43,1],"hull":16}},"MON40055_13":{"MON40055_13":{"x":11.37,"y":-1.37,"rotation":121.74,"width":31,"height":29}},"MON40055_14":{"MON40055_14":{"x":11.97,"y":-0.09,"rotation":104.26,"width":33,"height":38}},"MON40055_15":{"MON40055_15":{"x":14.87,"y":1.86,"rotation":109.66,"width":34,"height":51}},"MON40055_16":{"MON40055_16":{"x":42.96,"y":-9.08,"rotation":-156.76,"width":109,"height":77}},"MON40055_17":{"MON40055_17":{"x":35.43,"y":-14.37,"rotation":-93.59,"width":162,"height":222}},"MON40055_18":{"MON40055_16":{"x":42.96,"y":-9.08,"rotation":-156.76,"width":109,"height":77}},"MON40055_2":{"MON40055_2":{"x":21.85,"y":-5.04,"rotation":21.88,"width":88,"height":62}},"MON40055_3":{"MON40055_3":{"type":"weightedmesh","uvs":[1,0.14624,1,0.29481,1,0.50928,0.93992,0.58433,0.72457,0.83963,0.5166,1,0,1,0,0,1,0,0.923,0.44467,0.86332,0.49289,0.78871,0.55145,0.67682,0.61688,0.92805,0.29479,0.85841,0.3723,0.78381,0.41879,0.7316,0.43945,0.7836,0.40407,0.95269,0.53024,0.84272,0.64723,0.74711,0.71786,0.67168,0.50292],"triangles":[16,17,15,16,15,11,21,16,11,12,21,11,6,21,12,16,7,17,21,7,16,4,20,19,6,7,21,5,6,12,4,5,12,4,12,20,20,12,19,4,19,3,7,8,17,3,19,11,12,11,19,11,15,10,3,10,18,3,11,10,18,9,2,10,9,18,3,18,2,8,0,17,13,0,1,17,0,13,13,14,17,15,17,14,9,14,13,9,13,1,10,14,9,15,14,10,9,1,2],"vertices":[2,27,59.42,10.61,0.89537,9,119.09,-54.92,0.10462,2,27,31.44,-0.23,0.96809,9,89.08,-54.7,0.0319,4,27,-8.95,-15.89,0.05206,26,8.5,-17.39,0.71698,25,26.69,-15.14,0.22419,24,47.77,-13.84,0.00675,3,26,-8.78,-18.68,0.19146,25,10.08,-20.12,0.57432,24,31.42,-19.59,0.2342,1,9,-20.68,-15.32,1,1,9,-52.85,14.03,1,1,9,-52.31,86.35,1,1,9,149.67,84.84,1,1,9,148.63,-55.14,1,2,27,-0.68,-1.13,0.5,26,13.49,-1.22,0.5,2,26,0.77,0.41,0.5,25,15.3,0.58,0.5,2,25,-0.43,-0.58999,0.5,24,19.99,-0.58,0.5,1,9,24.36,-8.97,1,3,27,27.8,9.14999,0.93138,26,39.18999,14.79,0.0048,9,89.16,-44.63,0.0638,4,27,9.68,12.58,0.9099,26,20.76,14.35,0.03677,25,31.82,18.5,0.00371,9,73.57,-34.75999,0.04961,4,27,-2.85,18.92,0.56649,26,7.17,17.93,0.23872,25,17.78,19.07,0.0655,9,64.26,-24.25,0.12927,1,9,60.14,-16.91,1,4,27,-0.08,20.03,0.56649,26,9.64,19.59,0.23872,25,19.84,21.22,0.0655,9,67.23,-24.24,0.12927,3,26,1.33,-14.18,0.47904,25,18.99,-13.55,0.44926,24,40.00999,-12.61,0.07168,3,26,-26.87,-14.27,0.00721,25,-8.52,-19.71999,0.31628,24,12.8,-20.07,0.67649,1,9,3.89,-18.66,1,1,9,47.38,-8.42,1],"hull":9}},"MON40055_4":{"MON40055_4":{"x":10.44,"y":-0.05,"rotation":113.97,"width":36,"height":33}},"MON40055_5":{"MON40055_5":{"x":14.85,"y":-0.98,"rotation":94.86,"width":37,"height":41}},"MON40055_6":{"MON40055_6":{"x":19.23,"y":-1.09,"rotation":65.46,"width":41,"height":52}},"MON40055_7":{"MON40055_7":{"type":"mesh","uvs":[1,1,0,1,0,0,1,0],"triangles":[1,2,3,1,3,0],"vertices":[33.61,49.3,33.61,-17.69,-8.38,-17.69,-8.38,49.3],"hull":4}},"MON40055_8":{"MON40055_8":{"x":8.8,"y":-1.09,"rotation":119.2,"width":30,"height":31}},"MON40055_9":{"MON40055_9":{"x":8.09,"y":1.85,"rotation":73.98,"width":30,"height":31}},"fx_weapon":{"FX/weapon_00000":{"type":"mesh","uvs":[0.73783,0.2262,1,0.44579,1,0.83239,0.76164,1,0.20926,1,0,0.86641,0,0.62208,0,0.20765,0.29498,0,0.66164,0,0.35212,0.21692,0.46164,0.55404,0.53307,0.45507],"triangles":[10,8,9,7,8,10,10,9,0,12,10,0,12,0,1,11,10,12,6,7,10,6,10,11,12,1,2,11,12,2,4,5,6,11,4,6,3,11,2,4,11,3],"vertices":[-2.52,-30.38,-26.42,-17.92,-42.08,16.14,-35.22,37.18,-3.6,51.71,13.78,45.44,23.67,23.91,40.46,-12.61,31.98,-38.66999,10.99,-48.32,19.92,-21.06,0,5.77,-1.2,-6.67],"hull":10},"FX/weapon_00002":{"type":"mesh","uvs":[1,0.28059,1,0.88179,0.69686,1,0.23984,1,0,0.84406,0,0.51705,0,0.22022,0.39863,0,0.33667,0.70822,0.37152,0.58496,0.51095,0.43404],"triangles":[10,7,0,6,7,10,9,5,6,10,9,6,8,5,9,4,5,8,10,0,1,3,4,8,2,10,1,9,10,2,8,9,2,3,8,2],"vertices":[-19.73,-32.48,-44.08,20.5,-31.51,38.89,-5.35,50.91,14.68,43.47,27.93,14.65,39.95,-11.5,26.05,-41.4,0.91,22.64,3.91,10.86,2.04,-6.1],"hull":8},"FX/weapon_00004":{"type":"mesh","uvs":[1,0.54371,1,0.83546,0.70262,1,0.204,1,0,0.8092,0,0.43238,0,0,0.75204,0,0.34427,0.63028,0.2659,0.46827,0.88934,0.30107],"triangles":[9,5,6,7,9,6,10,9,7,8,9,10,8,10,0,4,5,9,4,9,8,2,8,0,3,4,8,1,2,0,3,8,2],"vertices":[-30.39,-9.29,-42.2,16.41,-31.84,38.74,-3.3,51.85,16.1,40.4,31.36,7.19,48.87,-30.91,5.82,-50.7,3.63,15.57,24.4,-5.76,-14.23,-27.77],"hull":8},"FX/weapon_00006":{"type":"mesh","uvs":[1,0.63387,1,0.83132,0.67237,1,0.2277,1,0,0.73996,0,0.29791,0.25946,0,0.74951,0,0.51014,0.36447,0.50597,0.53257],"triangles":[8,6,7,5,6,8,9,5,8,8,7,0,9,8,0,4,5,9,2,9,0,3,4,9,2,3,9,0,1,2],"vertices":[-34.04,-1.35,-42.04,16.04999,-30.11,39.53,-4.66,51.23,18.9,34.3,36.8,-4.66,34.00999,-37.74,5.96,-50.63,4.9,-12.21,-1.66,2.71],"hull":8},"FX/weapon_00008":{"type":"mesh","uvs":[1,0.61487,1,0.87671,0.62985,1,0.28499,1,0,0.85147,0,0.64456,0,0.24262,0.30442,0,0.76099,0,0.48404,0.51664,0.67204,0.36547,0.69253,0.28128],"triangles":[11,7,8,6,7,11,11,9,6,10,9,11,11,8,0,10,11,0,5,6,9,3,4,5,9,10,0,0,2,9,9,3,5,2,3,9,0,1,2],"vertices":[-33.27,-3.02,-43.87,20.04999,-27.68,40.65,-7.94,49.72,14.38,44.13,22.76,25.89,39.04,-9.53,31.44,-38.91999,5.3,-50.93,0.23,1.88,-4.4,-16.37999,-2.16,-24.34],"hull":9}},"shadow":{"shadow":{"x":-1.87,"y":-5.49,"scaleX":1.8,"scaleY":1.8,"width":85,"height":42}}}},"animations":{"wait":{"slots":{"MON40055_1":{"attachment":[{"time":0,"name":null},{"time":0.8666,"name":"MON40055_1"},{"time":1,"name":null}]},"MON40055_18":{"attachment":[{"time":0,"name":null},{"time":1,"name":null}]},"fx_weapon":{"attachment":[{"time":0,"name":"FX/weapon_00000"},{"time":0.0666,"name":"FX/weapon_00002"},{"time":0.1333,"name":"FX/weapon_00004"},{"time":0.2,"name":"FX/weapon_00006"},{"time":0.2666,"name":"FX/weapon_00008"},{"time":0.3333,"name":"FX/weapon_00000"},{"time":0.4,"name":"FX/weapon_00002"},{"time":0.4666,"name":"FX/weapon_00004"},{"time":0.5333,"name":"FX/weapon_00006"},{"time":0.6,"name":"FX/weapon_00008"},{"time":0.6666,"name":"FX/weapon_00000"},{"time":0.7333,"name":"FX/weapon_00002"},{"time":0.8,"name":"FX/weapon_00004"},{"time":0.8666,"name":"FX/weapon_00006"},{"time":0.9333,"name":"FX/weapon_00008"},{"time":1,"name":"FX/weapon_00000"}]}},"bones":{"MON40055_12":{"rotate":[{"time":0,"angle":0,"curve":"stepped"},{"time":0.5,"angle":0,"curve":"stepped"},{"time":1,"angle":0}],"translate":[{"time":0,"x":0,"y":0},{"time":0.5,"x":0,"y":-9.86},{"time":1,"x":0,"y":0}],"scale":[{"time":0,"x":1,"y":1},{"time":0.5,"x":0.959,"y":1.035},{"time":1,"x":1,"y":1}]},"MON40055_7":{"rotate":[{"time":0,"angle":0,"curve":"stepped"},{"time":0.5,"angle":0,"curve":"stepped"},{"time":1,"angle":0}],"translate":[{"time":0,"x":0,"y":0,"curve":"stepped"},{"time":0.5,"x":0,"y":0,"curve":"stepped"},{"time":1,"x":0,"y":0}],"scale":[{"time":0,"x":1,"y":1,"curve":"stepped"},{"time":0.5,"x":1,"y":1,"curve":"stepped"},{"time":1,"x":1,"y":1}]},"MON40055_10":{"rotate":[{"time":0,"angle":0},{"time":0.5,"angle":-7.8},{"time":1,"angle":0}],"translate":[{"time":0,"x":0,"y":0},{"time":0.5,"x":4.4,"y":0},{"time":1,"x":0,"y":0}],"scale":[{"time":0,"x":1,"y":1,"curve":"stepped"},{"time":0.5,"x":1,"y":1,"curve":"stepped"},{"time":1,"x":1,"y":1}]},"MON40055_8":{"rotate":[{"time":0,"angle":0},{"time":0.5,"angle":-8.95},{"time":1,"angle":0}],"translate":[{"time":0,"x":0,"y":0},{"time":0.5,"x":3.59,"y":0},{"time":1,"x":0,"y":0}],"scale":[{"time":0,"x":1,"y":1,"curve":"stepped"},{"time":0.5,"x":1,"y":1,"curve":"stepped"},{"time":1,"x":1,"y":1}]},"bone":{"rotate":[{"time":0,"angle":0},{"time":0.5,"angle":2.14},{"time":1,"angle":0}],"translate":[{"time":0,"x":0,"y":0,"curve":"stepped"},{"time":0.5,"x":0,"y":0,"curve":"stepped"},{"time":1,"x":0,"y":0}],"scale":[{"time":0,"x":1,"y":1,"curve":"stepped"},{"time":0.5,"x":1,"y":1,"curve":"stepped"},{"time":1,"x":1,"y":1}]},"bone2":{"rotate":[{"time":0,"angle":0,"curve":"stepped"},{"time":0.5,"angle":0,"curve":"stepped"},{"time":1,"angle":0}],"translate":[{"time":0,"x":0,"y":0,"curve":"stepped"},{"time":0.5,"x":0,"y":0,"curve":"stepped"},{"time":1,"x":0,"y":0}],"scale":[{"time":0,"x":1,"y":1,"curve":"stepped"},{"time":0.5,"x":1,"y":1,"curve":"stepped"},{"time":1,"x":1,"y":1}]},"MON40055_11":{"rotate":[{"time":0,"angle":0},{"time":0.5,"angle":8.06},{"time":1,"angle":0}],"translate":[{"time":0,"x":0,"y":0},{"time":0.5,"x":-2.71,"y":-1.17},{"time":1,"x":0,"y":0}],"scale":[{"time":0,"x":1,"y":1,"curve":"stepped"},{"time":0.5,"x":1,"y":1,"curve":"stepped"},{"time":1,"x":1,"y":1}]},"MON40055_15":{"rotate":[{"time":0,"angle":0},{"time":0.5,"angle":-17.7},{"time":1,"angle":0}],"translate":[{"time":0,"x":0,"y":0,"curve":"stepped"},{"time":0.5,"x":0,"y":0,"curve":"stepped"},{"time":1,"x":0,"y":0}],"scale":[{"time":0,"x":1,"y":1,"curve":"stepped"},{"time":0.5,"x":1,"y":1,"curve":"stepped"},{"time":1,"x":1,"y":1}]},"MON40055_17":{"rotate":[{"time":0,"angle":0,"curve":"stepped"},{"time":0.5,"angle":0,"curve":"stepped"},{"time":1,"angle":0}],"translate":[{"time":0,"x":0,"y":0},{"time":0.5,"x":-6.71,"y":0.23},{"time":1,"x":0,"y":0}],"scale":[{"time":0,"x":1,"y":1},{"time":0.5,"x":1,"y":1.081},{"time":1,"x":1,"y":1}]},"MON40055_2":{"rotate":[{"time":0,"angle":0},{"time":0.5,"angle":13.55},{"time":1,"angle":0}],"translate":[{"time":0,"x":0,"y":0},{"time":0.5,"x":1.35,"y":-0.04},{"time":1,"x":0,"y":0}],"scale":[{"time":0,"x":1,"y":1},{"time":0.5,"x":1.042,"y":1},{"time":1,"x":1,"y":1}]},"MON40055_3":{"rotate":[{"time":0,"angle":0},{"time":0.5,"angle":6.62},{"time":1,"angle":0}],"translate":[{"time":0,"x":0,"y":0},{"time":0.5,"x":-10.7,"y":3.18},{"time":1,"x":0,"y":0}],"scale":[{"time":0,"x":1,"y":1,"curve":"stepped"},{"time":0.5,"x":1,"y":1,"curve":"stepped"},{"time":1,"x":1,"y":1}]},"MON40055_6":{"rotate":[{"time":0,"angle":0},{"time":0.2,"angle":-1.91},{"time":0.5,"angle":26.64},{"time":0.7,"angle":15.5},{"time":1,"angle":0}],"translate":[{"time":0,"x":0,"y":0},{"time":0.5,"x":0.23,"y":5.86},{"time":1,"x":0,"y":0}],"scale":[{"time":0,"x":1,"y":1,"curve":"stepped"},{"time":0.5,"x":1,"y":1,"curve":"stepped"},{"time":1,"x":1,"y":1}]},"MON40055_9":{"rotate":[{"time":0,"angle":0},{"time":0.5,"angle":11.05},{"time":1,"angle":0}],"translate":[{"time":0,"x":0,"y":0},{"time":0.5,"x":-2.52,"y":0.62},{"time":1,"x":0,"y":0}],"scale":[{"time":0,"x":1,"y":1,"curve":"stepped"},{"time":0.5,"x":1,"y":1,"curve":"stepped"},{"time":1,"x":1,"y":1}]},"bone3":{"rotate":[{"time":0,"angle":0},{"time":0.5,"angle":-12.83},{"time":1,"angle":0}],"translate":[{"time":0,"x":0,"y":0},{"time":0.5,"x":-0.12,"y":-2.6},{"time":1,"x":0,"y":0}],"scale":[{"time":0,"x":1,"y":1,"curve":"stepped"},{"time":0.5,"x":1,"y":1,"curve":"stepped"},{"time":1,"x":1,"y":1}]},"MON40055_1":{"rotate":[{"time":0,"angle":0,"curve":"stepped"},{"time":0.5,"angle":0,"curve":"stepped"},{"time":1,"angle":0}],"translate":[{"time":0,"x":0,"y":0,"curve":"stepped"},{"time":0.5,"x":0,"y":0,"curve":"stepped"},{"time":1,"x":0,"y":0}],"scale":[{"time":0,"x":1,"y":1,"curve":"stepped"},{"time":0.5,"x":1,"y":1,"curve":"stepped"},{"time":1,"x":1,"y":1}]},"MON40055_14":{"rotate":[{"time":0,"angle":0},{"time":0.2,"angle":10.67},{"time":0.5,"angle":10.11},{"time":0.7,"angle":-2.01},{"time":1,"angle":0}],"translate":[{"time":0,"x":0,"y":0},{"time":0.5,"x":-7.17,"y":-2.78},{"time":1,"x":0,"y":0}],"scale":[{"time":0,"x":1,"y":1,"curve":"stepped"},{"time":0.5,"x":1,"y":1,"curve":"stepped"},{"time":1,"x":1,"y":1}]},"MON40055_5":{"rotate":[{"time":0,"angle":0},{"time":0.2,"angle":-9.77},{"time":0.5,"angle":-43.49},{"time":0.7,"angle":-24.98},{"time":1,"angle":0}],"translate":[{"time":0,"x":0,"y":0},{"time":0.5,"x":-2.45,"y":1.72},{"time":1,"x":0,"y":0}],"scale":[{"time":0,"x":1,"y":1},{"time":0.5,"x":0.914,"y":1},{"time":1,"x":1,"y":1}]},"bone13":{"rotate":[{"time":0,"angle":0,"curve":"stepped"},{"time":0.5,"angle":0,"curve":"stepped"},{"time":1,"angle":0}],"translate":[{"time":0,"x":0,"y":0,"curve":"stepped"},{"time":0.5,"x":0,"y":0,"curve":"stepped"},{"time":1,"x":0,"y":0}],"scale":[{"time":0,"x":1,"y":1,"curve":"stepped"},{"time":0.5,"x":1,"y":1,"curve":"stepped"},{"time":1,"x":1,"y":1}]},"MON40055_13":{"rotate":[{"time":0,"angle":0},{"time":0.2,"angle":7.27},{"time":0.5,"angle":-8.95},{"time":0.7,"angle":-11.68},{"time":1,"angle":0}],"translate":[{"time":0,"x":0,"y":0,"curve":"stepped"},{"time":0.5,"x":0,"y":0,"curve":"stepped"},{"time":1,"x":0,"y":0}],"scale":[{"time":0,"x":1,"y":1,"curve":"stepped"},{"time":0.5,"x":1,"y":1,"curve":"stepped"},{"time":1,"x":1,"y":1}]},"MON40055_4":{"rotate":[{"time":0,"angle":0},{"time":0.2,"angle":-8.45},{"time":0.5,"angle":-29.19},{"time":0.7,"angle":-24.28},{"time":1,"angle":0}],"translate":[{"time":0,"x":0,"y":0,"curve":"stepped"},{"time":0.5,"x":0,"y":0,"curve":"stepped"},{"time":1,"x":0,"y":0}],"scale":[{"time":0,"x":1,"y":1,"curve":"stepped"},{"time":0.5,"x":1,"y":1,"curve":"stepped"},{"time":1,"x":1,"y":1}]},"bone14":{"rotate":[{"time":0,"angle":0,"curve":"stepped"},{"time":0.5,"angle":0,"curve":"stepped"},{"time":1,"angle":0}],"translate":[{"time":0,"x":0,"y":0,"curve":"stepped"},{"time":0.5,"x":0,"y":0,"curve":"stepped"},{"time":1,"x":0,"y":0}],"scale":[{"time":0,"x":1,"y":1,"curve":"stepped"},{"time":0.5,"x":1,"y":1,"curve":"stepped"},{"time":1,"x":1,"y":1}]},"MON40055_16":{"rotate":[{"time":0,"angle":0,"curve":"stepped"},{"time":0.5,"angle":0,"curve":"stepped"},{"time":1,"angle":0}],"translate":[{"time":0,"x":0,"y":0,"curve":"stepped"},{"time":0.5,"x":0,"y":0,"curve":"stepped"},{"time":1,"x":0,"y":0}],"scale":[{"time":0,"x":1,"y":1},{"time":0.5,"x":1.042,"y":0.965},{"time":1,"x":1,"y":1}]},"bone15":{"rotate":[{"time":0,"angle":0},{"time":0.5,"angle":-9.87},{"time":1,"angle":0}],"translate":[{"time":0,"x":0,"y":0,"curve":"stepped"},{"time":0.5,"x":0,"y":0,"curve":"stepped"},{"time":1,"x":0,"y":0}],"scale":[{"time":0,"x":1,"y":1,"curve":"stepped"},{"time":0.5,"x":1,"y":1,"curve":"stepped"},{"time":1,"x":1,"y":1}]},"bone16":{"rotate":[{"time":0,"angle":0},{"time":0.5,"angle":-14.83},{"time":1,"angle":0}],"translate":[{"time":0,"x":0,"y":0,"curve":"stepped"},{"time":0.5,"x":0,"y":0,"curve":"stepped"},{"time":1,"x":0,"y":0}],"scale":[{"time":0,"x":1,"y":1,"curve":"stepped"},{"time":0.5,"x":1,"y":1,"curve":"stepped"},{"time":1,"x":1,"y":1}]},"shadow":{"rotate":[{"time":0,"angle":0,"curve":"stepped"},{"time":0.5,"angle":0,"curve":"stepped"},{"time":1,"angle":0}],"translate":[{"time":0,"x":0,"y":0,"curve":"stepped"},{"time":0.5,"x":0,"y":0,"curve":"stepped"},{"time":1,"x":0,"y":0}],"scale":[{"time":0,"x":1,"y":1},{"time":0.5,"x":1.1,"y":1.1},{"time":1,"x":1,"y":1}]}},"ffd":{"default":{"MON40055_3":{"MON40055_3":[{"time":0},{"time":0.5,"offset":60,"vertices":[-1.75303,-2.42349,-1.83229,-2.37234,-1.68574,-2.46487,-3.07642,-0.57558]},{"time":1}]},"MON40055_7":{"MON40055_7":[{"time":0},{"time":0.5,"vertices":[1.50323,-1.01752,2.54381,-1.00944,6.17765,-1.66175,5.13708,-1.66982]},{"time":1}]},"MON40055_12":{"MON40055_12":[{"time":0},{"time":0.5,"vertices":[-5.20685,-0.06777,-5.20728,0.01509,-5.24939,-0.04115,-5.24939,0.04238,-2.81761,0.19603,-2.81414,0.24084,0.85125,0.25425,0.85519,0.24067,2.20858,0.21571,2.21173,0.18054,2.23409,0.20271,2.23703,0.16713,2.42773,0.20293,2.43065,0.16427,5.29663,0.18535,5.47177,0.09946,5.4245,0.00156,3.03679,-0.09986,3.03482,-0.14818,2.8118,-0.1044,2.80978,-0.14914,5.106,-0.07433,5.10417,-0.15558,2.91926,-0.20828,2.91557,-0.25471,-2.49551,-0.29144,-2.49984,-0.25169,-5.11145,-0.12752,-5.11283,-0.04616,-5.74237,0.02116,1.67088,-3.08826,1.62152,-3.11445,3.62622,0.07342]},{"time":1}]},"fx_weapon":{"FX/weapon_00004":[{"time":0.1333,"offset":12,"vertices":[-11.5519,0.90714,9.40789,1.78908,0,0,-6.82456,4.88786,7.31665,-4.73547]},{"time":0.4666,"offset":12,"vertices":[-2.0583,8.72,18.90148,9.60194,0,0,-6.82456,4.88786,7.31665,-4.73547]},{"time":0.5,"vertices":[0.94179,0.82662,0,0,0,0,0,0,0,0,1.13008,0.99198,0.95529,11.36521,21.91516,12.24721,0.94174,0.82666,-5.50608,6.04513,13.80486,5.34993]}],"FX/weapon_00006":[{"time":0.2,"offset":10,"vertices":[-4.44252,-4.66195,9.9154,-3.48235,8.93582,-2.60372,0.95421,-3.10597]},{"time":0.5333,"offset":10,"vertices":[-0.76755,7.26402,16.25926,12.755,22.69185,6.32482,14.71023,5.82258,3.70745,3.40803]}],"FX/weapon_00008":[{"time":0.2666,"offset":12,"vertices":[-1.27121,-5.06975,9.86626,-1.71017,9.86626,-1.71017,0,0,0,0,4.07394,-4.3353]},{"time":0.6,"vertices":[2.31122,6.55955,0,0,0,0,0,0,0,0,3.41654,-0.79292,5.87565,5.58872,19.15106,13.79425,29.38356,16.01567,0,0,6.0843,6.51042,15.89457,5.64167]}],"FX/weapon_00000":[{"time":0.3333,"vertices":[12.6419,2.43284,0,0,0,0,0,0,0,0,0,0,0,0,0,0,11.1648,1.41866,12.29796,1.96354,1.01561,0.18459]}],"FX/weapon_00002":[{"time":0.4,"offset":12,"vertices":[3.88208,1.77149,9.5718,3.37432]}]}}}},"wait_special_DL":{"slots":{"FX/images/yinfu_01":{"attachment":[{"time":0,"name":null},{"time":1.3,"name":"FX/images/yinfu_01"},{"time":1.6,"name":null},{"time":2.9666,"name":null}],"color":[{"time":0,"color":"ffffffff","curve":"stepped"},{"time":1.4666,"color":"ffffffff"},{"time":1.6,"color":"ffffff00","curve":"stepped"},{"time":2.9666,"color":"ffffff00"}]},"FX/images/yinfu_02":{"attachment":[{"time":0,"name":null},{"time":1.8,"name":"FX/images/yinfu_02"},{"time":2.1,"name":null},{"time":2.9666,"name":null}],"color":[{"time":0,"color":"ffffffff","curve":"stepped"},{"time":1.9666,"color":"ffffffff"},{"time":2.1,"color":"ffffff00","curve":"stepped"},{"time":2.9666,"color":"ffffff00"}]},"FX/images/yinfu_03":{"attachment":[{"time":0,"name":null},{"time":2.1,"name":"FX/images/yinfu_03"},{"time":2.4,"name":null},{"time":2.9666,"name":null}],"color":[{"time":0,"color":"ffffffff","curve":"stepped"},{"time":2.2666,"color":"ffffffff"},{"time":2.4,"color":"ffffff00","curve":"stepped"},{"time":2.9666,"color":"ffffff00"}]},"FX/images/yinfu_04":{"attachment":[{"time":0,"name":null},{"time":2.1666,"name":"FX/images/yinfu_04"},{"time":2.9666,"name":null}],"color":[{"time":0,"color":"ffffffff","curve":"stepped"},{"time":2.3666,"color":"ffffffff"},{"time":2.5,"color":"ffffff00","curve":"stepped"},{"time":2.9666,"color":"ffffff00"}]},"FX/light":{"attachment":[{"time":0,"name":null},{"time":1.3,"name":"FX/light"},{"time":1.3666,"name":null},{"time":1.4333,"name":"FX/light"},{"time":1.4666,"name":null},{"time":1.5,"name":"FX/light"},{"time":1.6666,"name":null},{"time":1.7,"name":"FX/light"},{"time":1.7666,"name":null},{"time":1.8,"name":"FX/light"},{"time":1.9333,"name":null},{"time":1.9666,"name":"FX/light"},{"time":2.0333,"name":null},{"time":2.9666,"name":null}]},"FX/light2":{"attachment":[{"time":0,"name":null},{"time":1.3333,"name":"FX/light"},{"time":1.7666,"name":"FX/light"},{"time":1.8,"name":null},{"time":1.8333,"name":"FX/light"},{"time":1.8666,"name":null},{"time":1.9,"name":"FX/light"},{"time":1.9333,"name":null},{"time":1.9666,"name":"FX/light"},{"time":2,"name":null},{"time":2.0333,"name":"FX/light"},{"time":2.0666,"name":null},{"time":2.2,"name":null}]},"FX/light3":{"attachment":[{"time":0,"name":null},{"time":1.3666,"name":"FX/light"},{"time":1.7333,"name":"FX/light"},{"time":1.7666,"name":null},{"time":1.8,"name":"FX/light"},{"time":1.8333,"name":null},{"time":1.8666,"name":"FX/light"},{"time":1.9,"name":null},{"time":1.9333,"name":"FX/light"},{"time":1.9666,"name":null},{"time":2,"name":"FX/light"},{"time":2.0333,"name":null},{"time":2.0666,"name":"FX/light"},{"time":2.1,"name":null},{"time":2.1666,"name":null},{"time":2.9666,"name":null}]},"FX/light4":{"attachment":[{"time":0,"name":null},{"time":1.3333,"name":"FX/light"},{"time":1.7333,"name":"FX/light"},{"time":1.7666,"name":null},{"time":1.8,"name":"FX/light"},{"time":1.8333,"name":null},{"time":1.8666,"name":"FX/light"},{"time":1.9,"name":null},{"time":1.9333,"name":"FX/light"},{"time":1.9666,"name":null},{"time":2,"name":"FX/light"},{"time":2.0333,"name":null},{"time":2.1333,"name":null},{"time":2.9666,"name":null}]},"FX/light5":{"attachment":[{"time":0,"name":null},{"time":1.3333,"name":"FX/light"},{"time":1.7,"name":null},{"time":1.7333,"name":"FX/light"},{"time":1.7666,"name":null},{"time":1.8,"name":"FX/light"},{"time":1.8333,"name":null},{"time":1.8666,"name":"FX/light"},{"time":1.9,"name":null},{"time":1.9333,"name":"FX/light"},{"time":1.9666,"name":null},{"time":2,"name":"FX/light"},{"time":2.0333,"name":null},{"time":2.0666,"name":"FX/light"},{"time":2.1333,"name":null},{"time":2.9666,"name":null}]},"FX/lightbean":{"attachment":[{"time":0,"name":null},{"time":0.5666,"name":"FX/lightbean"},{"time":2.9666,"name":null}],"color":[{"time":0,"color":"ffffffff","curve":"stepped"},{"time":0.5666,"color":"ffffffff"},{"time":0.6666,"color":"ffffff00","curve":"stepped"},{"time":2.9666,"color":"ffffff00"}]},"FX/yinbo":{"attachment":[{"time":0,"name":null},{"time":1.3333,"name":"FX/yinbo"},{"time":1.5333,"name":null},{"time":1.7,"name":"FX/yinbo"},{"time":1.9,"name":null},{"time":2.0666,"name":"FX/yinbo"},{"time":2.2666,"name":null},{"time":2.9666,"name":null}],"color":[{"time":0,"color":"ffffffff","curve":"stepped"},{"time":1.3333,"color":"ffffffff"},{"time":1.5333,"color":"ffffff00"},{"time":1.7,"color":"ffffffff"},{"time":1.9,"color":"ffffff00"},{"time":2.0666,"color":"ffffffff"},{"time":2.2666,"color":"ffffff00","curve":"stepped"},{"time":2.9666,"color":"ffffff00"}]},"MON40055_1":{"attachment":[{"time":0,"name":null},{"time":0.6666,"name":null},{"time":0.8666,"name":"MON40055_1"},{"time":1.0666,"name":null},{"time":1.2666,"name":null},{"time":1.4333,"name":null},{"time":1.7666,"name":null},{"time":2.5333,"name":null},{"time":2.9666,"name":null}]},"MON40055_16":{"attachment":[{"time":0,"name":"MON40055_16"},{"time":0.6333,"name":null},{"time":2.9666,"name":"MON40055_16"}]},"MON40055_18":{"attachment":[{"time":0,"name":null},{"time":0.6333,"name":"MON40055_16"},{"time":2.9666,"name":null}]},"fx_weapon":{"attachment":[{"time":0,"name":"FX/weapon_00000"},{"time":0.0666,"name":"FX/weapon_00002"},{"time":0.1333,"name":"FX/weapon_00004"},{"time":0.2,"name":"FX/weapon_00006"},{"time":0.2666,"name":"FX/weapon_00008"},{"time":0.3333,"name":"FX/weapon_00000"},{"time":0.4,"name":"FX/weapon_00002"},{"time":0.4666,"name":"FX/weapon_00004"},{"time":0.5333,"name":"FX/weapon_00006"},{"time":0.6,"name":"FX/weapon_00008"},{"time":0.6333,"name":null},{"time":2.9666,"name":"FX/weapon_00000"}]}},"bones":{"MON40055_12":{"rotate":[{"time":0,"angle":0,"curve":"stepped"},{"time":0.5,"angle":0},{"time":0.6666,"angle":-22.97},{"time":1.1666,"angle":0},{"time":1.2666,"angle":16.88},{"time":1.4333,"angle":20.51},{"time":1.6,"angle":7.22},{"time":1.7666,"angle":16.88},{"time":1.9333,"angle":7.22},{"time":2.2666,"angle":16},{"time":2.5333,"angle":16.88},{"time":2.9666,"angle":0}],"translate":[{"time":0,"x":0,"y":0},{"time":0.5,"x":0,"y":-9.86},{"time":0.6666,"x":13.07,"y":15.97},{"time":1.1666,"x":0,"y":0},{"time":1.2666,"x":0,"y":-7.76},{"time":1.4333,"x":0,"y":-9.04},{"time":1.6,"x":0,"y":-1.91},{"time":1.7666,"x":0,"y":-9.04},{"time":1.9333,"x":0,"y":-1.91},{"time":2.2666,"x":0,"y":-7.81},{"time":2.5333,"x":0,"y":-8.4},{"time":2.9666,"x":0,"y":0}],"scale":[{"time":0,"x":1,"y":1},{"time":0.5,"x":0.959,"y":1.035},{"time":0.6666,"x":1.071,"y":0.955},{"time":1.1666,"x":1,"y":1},{"time":1.2666,"x":0.96,"y":1.006,"curve":"stepped"},{"time":1.4333,"x":0.96,"y":1.006},{"time":1.6,"x":0.966,"y":1.005},{"time":1.7666,"x":0.96,"y":1.006},{"time":1.9333,"x":0.966,"y":1.005},{"time":2.2666,"x":0.961,"y":1.006},{"time":2.5333,"x":0.96,"y":1.006},{"time":2.9666,"x":1,"y":1}]},"MON40055_7":{"rotate":[{"time":0,"angle":0,"curve":"stepped"},{"time":0.5,"angle":0,"curve":"stepped"},{"time":0.6666,"angle":0,"curve":"stepped"},{"time":1.1666,"angle":0},{"time":1.2666,"angle":2.8,"curve":"stepped"},{"time":1.4333,"angle":2.8},{"time":1.6,"angle":2.41},{"time":1.7666,"angle":2.8},{"time":1.9333,"angle":2.41},{"time":2.2666,"angle":2.76},{"time":2.5333,"angle":2.8},{"time":2.9666,"angle":0}],"translate":[{"time":0,"x":0,"y":0,"curve":"stepped"},{"time":0.5,"x":0,"y":0},{"time":0.6666,"x":8.08,"y":5.31},{"time":1.1666,"x":0,"y":0},{"time":1.2666,"x":-3.3,"y":0,"curve":"stepped"},{"time":1.4333,"x":-3.3,"y":0},{"time":1.6,"x":-2.85,"y":0},{"time":1.7666,"x":-3.3,"y":0},{"time":1.9333,"x":-2.85,"y":0},{"time":2.2666,"x":-3.26,"y":0},{"time":2.5333,"x":-3.3,"y":0},{"time":2.9666,"x":0,"y":0}],"scale":[{"time":0,"x":1,"y":1,"curve":"stepped"},{"time":0.5,"x":1,"y":1},{"time":0.6666,"x":1.057,"y":0.961},{"time":1.1666,"x":1,"y":1,"curve":"stepped"},{"time":1.2666,"x":1,"y":1,"curve":"stepped"},{"time":1.4333,"x":1,"y":1,"curve":"stepped"},{"time":1.6,"x":1,"y":1,"curve":"stepped"},{"time":1.7666,"x":1,"y":1,"curve":"stepped"},{"time":1.9333,"x":1,"y":1,"curve":"stepped"},{"time":2.2666,"x":1,"y":1,"curve":"stepped"},{"time":2.5333,"x":1,"y":1,"curve":"stepped"},{"time":2.9666,"x":1,"y":1}]},"MON40055_10":{"rotate":[{"time":0,"angle":0},{"time":0.5,"angle":-7.8},{"time":0.6666,"angle":10.88},{"time":1.1666,"angle":0},{"time":1.2666,"angle":-22.7,"curve":"stepped"},{"time":1.4333,"angle":-22.7},{"time":1.6,"angle":-19.55},{"time":1.7666,"angle":-22.7},{"time":1.9333,"angle":-19.55},{"time":2.2666,"angle":-22.42},{"time":2.5333,"angle":-22.7},{"time":2.9666,"angle":0}],"translate":[{"time":0,"x":0,"y":0},{"time":0.5,"x":4.4,"y":0},{"time":0.6666,"x":0,"y":0,"curve":"stepped"},{"time":1.1666,"x":0,"y":0},{"time":1.2666,"x":7.05,"y":-7.94,"curve":"stepped"},{"time":1.4333,"x":7.05,"y":-7.94},{"time":1.6,"x":6.07,"y":-6.84},{"time":1.7666,"x":7.05,"y":-7.94},{"time":1.9333,"x":6.07,"y":-6.84},{"time":2.2666,"x":6.96,"y":-7.84},{"time":2.5333,"x":7.05,"y":-7.94},{"time":2.9666,"x":0,"y":0}],"scale":[{"time":0,"x":1,"y":1,"curve":"stepped"},{"time":0.5,"x":1,"y":1},{"time":0.6666,"x":1.087,"y":0.953},{"time":1.1666,"x":1,"y":1,"curve":"stepped"},{"time":1.2666,"x":1,"y":1,"curve":"stepped"},{"time":1.4333,"x":1,"y":1,"curve":"stepped"},{"time":1.6,"x":1,"y":1,"curve":"stepped"},{"time":1.7666,"x":1,"y":1,"curve":"stepped"},{"time":1.9333,"x":1,"y":1,"curve":"stepped"},{"time":2.2666,"x":1,"y":1,"curve":"stepped"},{"time":2.5333,"x":1,"y":1,"curve":"stepped"},{"time":2.9666,"x":1,"y":1}]},"MON40055_8":{"rotate":[{"time":0,"angle":0},{"time":0.5,"angle":-8.95},{"time":0.7,"angle":51.92},{"time":1.1666,"angle":44.38},{"time":1.2666,"angle":59.32,"curve":"stepped"},{"time":1.4333,"angle":59.32},{"time":1.6,"angle":51.08},{"time":1.7666,"angle":59.32},{"time":1.9333,"angle":51.08},{"time":2.2666,"angle":58.57},{"time":2.5333,"angle":59.32},{"time":2.9666,"angle":0}],"translate":[{"time":0,"x":0,"y":0},{"time":0.5,"x":3.59,"y":0},{"time":0.7,"x":0,"y":7.13},{"time":1.1666,"x":0,"y":0},{"time":1.2666,"x":7.78,"y":-0.2,"curve":"stepped"},{"time":1.4333,"x":7.78,"y":-0.2},{"time":1.6,"x":6.7,"y":-0.17},{"time":1.7666,"x":7.78,"y":-0.2},{"time":1.9333,"x":6.7,"y":-0.17},{"time":2.2666,"x":7.68,"y":-0.2},{"time":2.5333,"x":7.78,"y":-0.2},{"time":2.9666,"x":0,"y":0}],"scale":[{"time":0,"x":1,"y":1,"curve":"stepped"},{"time":0.5,"x":1,"y":1,"curve":"stepped"},{"time":0.7,"x":1,"y":1,"curve":"stepped"},{"time":1.1666,"x":1,"y":1,"curve":"stepped"},{"time":1.2666,"x":1,"y":1,"curve":"stepped"},{"time":1.4333,"x":1,"y":1,"curve":"stepped"},{"time":1.6,"x":1,"y":1,"curve":"stepped"},{"time":1.7666,"x":1,"y":1,"curve":"stepped"},{"time":1.9333,"x":1,"y":1,"curve":"stepped"},{"time":2.2666,"x":1,"y":1,"curve":"stepped"},{"time":2.5333,"x":1,"y":1,"curve":"stepped"},{"time":2.9666,"x":1,"y":1}]},"bone":{"rotate":[{"time":0,"angle":0},{"time":0.5,"angle":3.97},{"time":0.6666,"angle":-10.8},{"time":1.1666,"angle":0,"curve":"stepped"},{"time":1.2666,"angle":0,"curve":"stepped"},{"time":1.4333,"angle":0},{"time":1.6,"angle":-3.44},{"time":1.7666,"angle":0},{"time":1.9333,"angle":-3.44},{"time":2.2666,"angle":-0.31},{"time":2.5333,"angle":0,"curve":"stepped"},{"time":2.9666,"angle":0}],"translate":[{"time":0,"x":0,"y":0,"curve":"stepped"},{"time":0.5,"x":0,"y":0},{"time":0.6666,"x":-1.31,"y":0},{"time":1.1666,"x":0,"y":0,"curve":"stepped"},{"time":1.2666,"x":0,"y":0,"curve":"stepped"},{"time":1.4333,"x":0,"y":0,"curve":"stepped"},{"time":1.6,"x":0,"y":0,"curve":"stepped"},{"time":1.7666,"x":0,"y":0,"curve":"stepped"},{"time":1.9333,"x":0,"y":0,"curve":"stepped"},{"time":2.2666,"x":0,"y":0,"curve":"stepped"},{"time":2.5333,"x":0,"y":0,"curve":"stepped"},{"time":2.9666,"x":0,"y":0}],"scale":[{"time":0,"x":1,"y":1,"curve":"stepped"},{"time":0.5,"x":1,"y":1,"curve":"stepped"},{"time":0.6666,"x":1,"y":1,"curve":"stepped"},{"time":1.1666,"x":1,"y":1,"curve":"stepped"},{"time":1.2666,"x":1,"y":1,"curve":"stepped"},{"time":1.4333,"x":1,"y":1,"curve":"stepped"},{"time":1.6,"x":1,"y":1,"curve":"stepped"},{"time":1.7666,"x":1,"y":1,"curve":"stepped"},{"time":1.9333,"x":1,"y":1,"curve":"stepped"},{"time":2.2666,"x":1,"y":1,"curve":"stepped"},{"time":2.5333,"x":1,"y":1,"curve":"stepped"},{"time":2.9666,"x":1,"y":1}]},"bone2":{"rotate":[{"time":0,"angle":0,"curve":"stepped"},{"time":0.5,"angle":0,"curve":"stepped"},{"time":0.6666,"angle":0,"curve":"stepped"},{"time":1.1666,"angle":0,"curve":"stepped"},{"time":1.2666,"angle":0,"curve":"stepped"},{"time":1.4333,"angle":0,"curve":"stepped"},{"time":1.6,"angle":0,"curve":"stepped"},{"time":1.7666,"angle":0,"curve":"stepped"},{"time":1.9333,"angle":0,"curve":"stepped"},{"time":2.2666,"angle":0,"curve":"stepped"},{"time":2.5333,"angle":0,"curve":"stepped"},{"time":2.9666,"angle":0}],"translate":[{"time":0,"x":0,"y":0,"curve":"stepped"},{"time":0.5,"x":0,"y":0,"curve":"stepped"},{"time":0.6666,"x":0,"y":0,"curve":"stepped"},{"time":1.1666,"x":0,"y":0,"curve":"stepped"},{"time":1.2666,"x":0,"y":0,"curve":"stepped"},{"time":1.4333,"x":0,"y":0,"curve":"stepped"},{"time":1.6,"x":0,"y":0,"curve":"stepped"},{"time":1.7666,"x":0,"y":0,"curve":"stepped"},{"time":1.9333,"x":0,"y":0,"curve":"stepped"},{"time":2.2666,"x":0,"y":0,"curve":"stepped"},{"time":2.5333,"x":0,"y":0,"curve":"stepped"},{"time":2.9666,"x":0,"y":0}],"scale":[{"time":0,"x":1,"y":1,"curve":"stepped"},{"time":0.5,"x":1,"y":1,"curve":"stepped"},{"time":0.6666,"x":1,"y":1,"curve":"stepped"},{"time":1.1666,"x":1,"y":1,"curve":"stepped"},{"time":1.2666,"x":1,"y":1,"curve":"stepped"},{"time":1.4333,"x":1,"y":1,"curve":"stepped"},{"time":1.6,"x":1,"y":1,"curve":"stepped"},{"time":1.7666,"x":1,"y":1,"curve":"stepped"},{"time":1.9333,"x":1,"y":1,"curve":"stepped"},{"time":2.2666,"x":1,"y":1,"curve":"stepped"},{"time":2.5333,"x":1,"y":1,"curve":"stepped"},{"time":2.9666,"x":1,"y":1}]},"MON40055_11":{"rotate":[{"time":0,"angle":0},{"time":0.5,"angle":8.06},{"time":0.6666,"angle":-28.76},{"time":1.1666,"angle":0},{"time":1.2666,"angle":13.76,"curve":"stepped"},{"time":1.4333,"angle":13.76},{"time":1.6,"angle":11.85},{"time":1.7666,"angle":13.76},{"time":1.9333,"angle":11.85},{"time":2.2666,"angle":13.58},{"time":2.5333,"angle":13.76},{"time":2.9666,"angle":0}],"translate":[{"time":0,"x":0,"y":0},{"time":0.5,"x":-2.71,"y":-1.17},{"time":0.6666,"x":0,"y":0,"curve":"stepped"},{"time":1.1666,"x":0,"y":0},{"time":1.2666,"x":-2.71,"y":-1.17,"curve":"stepped"},{"time":1.4333,"x":-2.71,"y":-1.17},{"time":1.6,"x":-2.34,"y":-1.01},{"time":1.7666,"x":-2.71,"y":-1.17},{"time":1.9333,"x":-2.34,"y":-1.01},{"time":2.2666,"x":-2.68,"y":-1.16},{"time":2.5333,"x":-2.71,"y":-1.17},{"time":2.9666,"x":0,"y":0}],"scale":[{"time":0,"x":1,"y":1,"curve":"stepped"},{"time":0.5,"x":1,"y":1,"curve":"stepped"},{"time":0.6666,"x":1,"y":1,"curve":"stepped"},{"time":1.1666,"x":1,"y":1,"curve":"stepped"},{"time":1.2666,"x":1,"y":1,"curve":"stepped"},{"time":1.4333,"x":1,"y":1,"curve":"stepped"},{"time":1.6,"x":1,"y":1,"curve":"stepped"},{"time":1.7666,"x":1,"y":1,"curve":"stepped"},{"time":1.9333,"x":1,"y":1,"curve":"stepped"},{"time":2.2666,"x":1,"y":1,"curve":"stepped"},{"time":2.5333,"x":1,"y":1,"curve":"stepped"},{"time":2.9666,"x":1,"y":1}]},"MON40055_15":{"rotate":[{"time":0,"angle":0},{"time":0.5,"angle":-17.7},{"time":0.5666,"angle":-29.48},{"time":0.6666,"angle":-84.88},{"time":0.7,"angle":-126.51},{"time":1.1666,"angle":-101.77},{"time":1.2,"angle":12.34},{"time":1.2333,"angle":12.34},{"time":1.2666,"angle":2.99},{"time":1.4333,"angle":5.23},{"time":1.6,"angle":-11.39},{"time":1.7666,"angle":5.23},{"time":1.9333,"angle":5.13},{"time":2.2666,"angle":5.22},{"time":2.5333,"angle":5.23},{"time":2.6666,"angle":-7.7},{"time":2.9666,"angle":0}],"translate":[{"time":0,"x":0,"y":0,"curve":"stepped"},{"time":0.5,"x":0,"y":0,"curve":"stepped"},{"time":0.6666,"x":0,"y":0},{"time":1.1666,"x":10.21,"y":16.72},{"time":1.2,"x":7.74,"y":18.35},{"time":1.2666,"x":-18.35,"y":9.24},{"time":1.4333,"x":-13.82,"y":7.93},{"time":1.6,"x":-4.77,"y":4.27},{"time":1.7666,"x":-13.82,"y":7.93},{"time":1.9333,"x":-4.77,"y":4.27},{"time":2.2666,"x":-17.21,"y":8.73},{"time":2.5333,"x":-18.42,"y":9.26},{"time":2.9666,"x":0,"y":0}],"scale":[{"time":0,"x":1,"y":1,"curve":"stepped"},{"time":0.5,"x":1,"y":1,"curve":"stepped"},{"time":0.6666,"x":1,"y":1,"curve":"stepped"},{"time":1.1666,"x":1,"y":1,"curve":"stepped"},{"time":1.2666,"x":1,"y":1,"curve":"stepped"},{"time":1.4333,"x":1,"y":1,"curve":"stepped"},{"time":1.6,"x":1,"y":1,"curve":"stepped"},{"time":1.7666,"x":1,"y":1,"curve":"stepped"},{"time":1.9333,"x":1,"y":1,"curve":"stepped"},{"time":2.2666,"x":1,"y":1,"curve":"stepped"},{"time":2.5333,"x":1,"y":1,"curve":"stepped"},{"time":2.9666,"x":1,"y":1}]},"MON40055_17":{"rotate":[{"time":0,"angle":0,"curve":"stepped"},{"time":0.5,"angle":0,"curve":"stepped"},{"time":0.6666,"angle":0,"curve":"stepped"},{"time":1.1666,"angle":0,"curve":"stepped"},{"time":1.2666,"angle":0,"curve":"stepped"},{"time":1.4333,"angle":0,"curve":"stepped"},{"time":1.6,"angle":0,"curve":"stepped"},{"time":1.7666,"angle":0,"curve":"stepped"},{"time":1.9333,"angle":0,"curve":"stepped"},{"time":2.2666,"angle":0,"curve":"stepped"},{"time":2.5333,"angle":0,"curve":"stepped"},{"time":2.9666,"angle":0}],"translate":[{"time":0,"x":0,"y":0},{"time":0.5,"x":-6.71,"y":0.23},{"time":0.6666,"x":0,"y":0,"curve":"stepped"},{"time":1.1666,"x":0,"y":0,"curve":"stepped"},{"time":1.2666,"x":0,"y":0,"curve":"stepped"},{"time":1.4333,"x":0,"y":0,"curve":"stepped"},{"time":1.6,"x":0,"y":0,"curve":"stepped"},{"time":1.7666,"x":0,"y":0,"curve":"stepped"},{"time":1.9333,"x":0,"y":0,"curve":"stepped"},{"time":2.2666,"x":0,"y":0,"curve":"stepped"},{"time":2.5333,"x":0,"y":0,"curve":"stepped"},{"time":2.9666,"x":0,"y":0}],"scale":[{"time":0,"x":1,"y":1},{"time":0.5,"x":1,"y":1.081},{"time":0.6666,"x":1,"y":1,"curve":"stepped"},{"time":1.1666,"x":1,"y":1,"curve":"stepped"},{"time":1.2666,"x":1,"y":1,"curve":"stepped"},{"time":1.4333,"x":1,"y":1,"curve":"stepped"},{"time":1.6,"x":1,"y":1,"curve":"stepped"},{"time":1.7666,"x":1,"y":1,"curve":"stepped"},{"time":1.9333,"x":1,"y":1,"curve":"stepped"},{"time":2.2666,"x":1,"y":1,"curve":"stepped"},{"time":2.5333,"x":1,"y":1,"curve":"stepped"},{"time":2.9666,"x":1,"y":1}]},"MON40055_2":{"rotate":[{"time":0,"angle":0},{"time":0.5,"angle":13.55},{"time":0.6666,"angle":0,"curve":"stepped"},{"time":1.1666,"angle":0},{"time":1.2666,"angle":17.11},{"time":1.4333,"angle":43.4},{"time":1.6,"angle":5.3},{"time":1.7666,"angle":43.4},{"time":1.9333,"angle":6.93},{"time":2.2666,"angle":41.36},{"time":2.5333,"angle":39.33},{"time":2.9666,"angle":0}],"translate":[{"time":0,"x":0,"y":0},{"time":0.5,"x":1.35,"y":-0.04},{"time":0.6666,"x":0,"y":0,"curve":"stepped"},{"time":1.1666,"x":0,"y":0,"curve":"stepped"},{"time":1.2666,"x":0,"y":0,"curve":"stepped"},{"time":1.4333,"x":0,"y":0,"curve":"stepped"},{"time":1.6,"x":0,"y":0,"curve":"stepped"},{"time":1.7666,"x":0,"y":0,"curve":"stepped"},{"time":1.9333,"x":0,"y":0,"curve":"stepped"},{"time":2.2666,"x":0,"y":0,"curve":"stepped"},{"time":2.5333,"x":0,"y":0,"curve":"stepped"},{"time":2.9666,"x":0,"y":0}],"scale":[{"time":0,"x":1,"y":1},{"time":0.5,"x":1.042,"y":1},{"time":0.6666,"x":1,"y":1,"curve":"stepped"},{"time":1.1666,"x":1,"y":1,"curve":"stepped"},{"time":1.2666,"x":1,"y":1,"curve":"stepped"},{"time":1.4333,"x":1,"y":1,"curve":"stepped"},{"time":1.6,"x":1,"y":1,"curve":"stepped"},{"time":1.7666,"x":1,"y":1,"curve":"stepped"},{"time":1.9333,"x":1,"y":1,"curve":"stepped"},{"time":2.2666,"x":1,"y":1,"curve":"stepped"},{"time":2.5333,"x":1,"y":1,"curve":"stepped"},{"time":2.9666,"x":1,"y":1}]},"MON40055_3":{"rotate":[{"time":0,"angle":0},{"time":0.5,"angle":6.62},{"time":0.6666,"angle":-24.28},{"time":1.1666,"angle":0},{"time":1.2666,"angle":18.75},{"time":1.4333,"angle":22.89},{"time":1.6,"angle":5.2},{"time":1.7666,"angle":18.75},{"time":1.9333,"angle":5.2},{"time":2.2666,"angle":17.52},{"time":2.5333,"angle":18.75},{"time":2.9666,"angle":0}],"translate":[{"time":0,"x":0,"y":0},{"time":0.5,"x":-10.7,"y":3.18},{"time":0.6666,"x":5.26,"y":0.3},{"time":1.1666,"x":0,"y":0,"curve":"stepped"},{"time":1.2666,"x":0,"y":0,"curve":"stepped"},{"time":1.4333,"x":0,"y":0},{"time":1.6,"x":1.92,"y":-0.23},{"time":1.7666,"x":0,"y":0},{"time":1.9333,"x":1.92,"y":-0.23},{"time":2.2666,"x":0.17,"y":-0.02},{"time":2.5333,"x":0,"y":0,"curve":"stepped"},{"time":2.9666,"x":0,"y":0}],"scale":[{"time":0,"x":1,"y":1,"curve":"stepped"},{"time":0.5,"x":1,"y":1,"curve":"stepped"},{"time":0.6666,"x":1,"y":1,"curve":"stepped"},{"time":1.1666,"x":1,"y":1,"curve":"stepped"},{"time":1.2666,"x":1,"y":1,"curve":"stepped"},{"time":1.4333,"x":1,"y":1,"curve":"stepped"},{"time":1.6,"x":1,"y":1,"curve":"stepped"},{"time":1.7666,"x":1,"y":1,"curve":"stepped"},{"time":1.9333,"x":1,"y":1,"curve":"stepped"},{"time":2.2666,"x":1,"y":1,"curve":"stepped"},{"time":2.5333,"x":1,"y":1,"curve":"stepped"},{"time":2.9666,"x":1,"y":1}]},"MON40055_6":{"rotate":[{"time":0,"angle":0},{"time":0.2,"angle":-1.91},{"time":0.5,"angle":26.64},{"time":0.6666,"angle":15.04},{"time":0.7666,"angle":22.93},{"time":1.1666,"angle":24.02},{"time":1.2666,"angle":323.52},{"time":1.3333,"angle":66.98},{"time":1.4333,"angle":62.51},{"time":1.6,"angle":323.52},{"time":1.7666,"angle":61.02},{"time":1.9333,"angle":323.52},{"time":2.0333,"angle":29.65},{"time":2.2666,"angle":65.15},{"time":2.5333,"angle":51.98},{"time":2.9666,"angle":0}],"translate":[{"time":0,"x":0,"y":0},{"time":0.5,"x":0.23,"y":5.86},{"time":0.6666,"x":0,"y":0,"curve":"stepped"},{"time":1.1666,"x":0,"y":0,"curve":"stepped"},{"time":1.2666,"x":0,"y":0,"curve":"stepped"},{"time":1.4333,"x":0,"y":0,"curve":"stepped"},{"time":1.6,"x":0,"y":0,"curve":"stepped"},{"time":1.7666,"x":0,"y":0,"curve":"stepped"},{"time":1.9333,"x":0,"y":0,"curve":"stepped"},{"time":2.2666,"x":0,"y":0,"curve":"stepped"},{"time":2.5333,"x":0,"y":0,"curve":"stepped"},{"time":2.9666,"x":0,"y":0}],"scale":[{"time":0,"x":1,"y":1,"curve":"stepped"},{"time":0.5,"x":1,"y":1,"curve":"stepped"},{"time":0.6666,"x":1,"y":1,"curve":"stepped"},{"time":1.1666,"x":1,"y":1,"curve":"stepped"},{"time":1.2666,"x":1,"y":1,"curve":"stepped"},{"time":1.4333,"x":1,"y":1,"curve":"stepped"},{"time":1.6,"x":1,"y":1,"curve":"stepped"},{"time":1.7666,"x":1,"y":1,"curve":"stepped"},{"time":1.9333,"x":1,"y":1,"curve":"stepped"},{"time":2.2666,"x":1,"y":1,"curve":"stepped"},{"time":2.5333,"x":1,"y":1,"curve":"stepped"},{"time":2.9666,"x":1,"y":1}]},"MON40055_9":{"rotate":[{"time":0,"angle":0},{"time":0.5,"angle":11.05},{"time":0.7,"angle":-19.54},{"time":1.1666,"angle":6.52},{"time":1.2666,"angle":-15.23,"curve":"stepped"},{"time":1.4333,"angle":-15.23},{"time":1.6,"angle":-13.11},{"time":1.7666,"angle":-15.23},{"time":1.9333,"angle":-13.11},{"time":2.2666,"angle":-15.03},{"time":2.5333,"angle":-15.23},{"time":2.9666,"angle":0}],"translate":[{"time":0,"x":0,"y":0},{"time":0.5,"x":-2.52,"y":0.62},{"time":0.7,"x":0,"y":0,"curve":"stepped"},{"time":1.1666,"x":0,"y":0},{"time":1.2666,"x":-0.35,"y":-1.41,"curve":"stepped"},{"time":1.4333,"x":-0.35,"y":-1.41},{"time":1.6,"x":-0.3,"y":-1.21},{"time":1.7666,"x":-0.35,"y":-1.41},{"time":1.9333,"x":-0.3,"y":-1.21},{"time":2.2666,"x":-0.35,"y":-1.39},{"time":2.5333,"x":-0.35,"y":-1.41},{"time":2.9666,"x":0,"y":0}],"scale":[{"time":0,"x":1,"y":1,"curve":"stepped"},{"time":0.5,"x":1,"y":1,"curve":"stepped"},{"time":0.7,"x":1,"y":1,"curve":"stepped"},{"time":1.1666,"x":1,"y":1,"curve":"stepped"},{"time":1.2666,"x":1,"y":1,"curve":"stepped"},{"time":1.4333,"x":1,"y":1,"curve":"stepped"},{"time":1.6,"x":1,"y":1,"curve":"stepped"},{"time":1.7666,"x":1,"y":1,"curve":"stepped"},{"time":1.9333,"x":1,"y":1,"curve":"stepped"},{"time":2.2666,"x":1,"y":1,"curve":"stepped"},{"time":2.5333,"x":1,"y":1,"curve":"stepped"},{"time":2.9666,"x":1,"y":1}]},"bone3":{"rotate":[{"time":0,"angle":0},{"time":0.5,"angle":-12.83},{"time":0.6666,"angle":0,"curve":"stepped"},{"time":1.1666,"angle":0},{"time":1.2666,"angle":-12.83,"curve":"stepped"},{"time":1.4333,"angle":-12.83},{"time":1.6,"angle":-11.05},{"time":1.7666,"angle":-12.83},{"time":1.9333,"angle":-11.05},{"time":2.2666,"angle":-12.67},{"time":2.5333,"angle":-12.83},{"time":2.9666,"angle":0}],"translate":[{"time":0,"x":0,"y":0},{"time":0.5,"x":-0.12,"y":-2.6},{"time":0.6666,"x":0,"y":0,"curve":"stepped"},{"time":1.1666,"x":0,"y":0},{"time":1.2666,"x":-0.12,"y":-2.6,"curve":"stepped"},{"time":1.4333,"x":-0.12,"y":-2.6},{"time":1.6,"x":-0.1,"y":-2.24},{"time":1.7666,"x":-0.12,"y":-2.6},{"time":1.9333,"x":-0.1,"y":-2.24},{"time":2.2666,"x":-0.12,"y":-2.57},{"time":2.5333,"x":-0.12,"y":-2.6},{"time":2.9666,"x":0,"y":0}],"scale":[{"time":0,"x":1,"y":1,"curve":"stepped"},{"time":0.5,"x":1,"y":1,"curve":"stepped"},{"time":0.6666,"x":1,"y":1,"curve":"stepped"},{"time":1.1666,"x":1,"y":1,"curve":"stepped"},{"time":1.2666,"x":1,"y":1,"curve":"stepped"},{"time":1.4333,"x":1,"y":1,"curve":"stepped"},{"time":1.6,"x":1,"y":1,"curve":"stepped"},{"time":1.7666,"x":1,"y":1,"curve":"stepped"},{"time":1.9333,"x":1,"y":1,"curve":"stepped"},{"time":2.2666,"x":1,"y":1,"curve":"stepped"},{"time":2.5333,"x":1,"y":1,"curve":"stepped"},{"time":2.9666,"x":1,"y":1}]},"MON40055_1":{"rotate":[{"time":0,"angle":0,"curve":"stepped"},{"time":0.5,"angle":0,"curve":"stepped"},{"time":0.6666,"angle":0,"curve":"stepped"},{"time":1.1666,"angle":0,"curve":"stepped"},{"time":1.2666,"angle":0,"curve":"stepped"},{"time":1.4333,"angle":0,"curve":"stepped"},{"time":1.6,"angle":0,"curve":"stepped"},{"time":1.7666,"angle":0,"curve":"stepped"},{"time":1.9333,"angle":0,"curve":"stepped"},{"time":2.2666,"angle":0,"curve":"stepped"},{"time":2.5333,"angle":0,"curve":"stepped"},{"time":2.9666,"angle":0}],"translate":[{"time":0,"x":0,"y":0,"curve":"stepped"},{"time":0.5,"x":0,"y":0,"curve":"stepped"},{"time":0.6666,"x":0,"y":0,"curve":"stepped"},{"time":1.1666,"x":0,"y":0,"curve":"stepped"},{"time":1.2666,"x":0,"y":0,"curve":"stepped"},{"time":1.4333,"x":0,"y":0,"curve":"stepped"},{"time":1.6,"x":0,"y":0,"curve":"stepped"},{"time":1.7666,"x":0,"y":0,"curve":"stepped"},{"time":1.9333,"x":0,"y":0,"curve":"stepped"},{"time":2.2666,"x":0,"y":0,"curve":"stepped"},{"time":2.5333,"x":0,"y":0,"curve":"stepped"},{"time":2.9666,"x":0,"y":0}],"scale":[{"time":0,"x":1,"y":1,"curve":"stepped"},{"time":0.5,"x":1,"y":1,"curve":"stepped"},{"time":0.6666,"x":1,"y":1,"curve":"stepped"},{"time":1.1666,"x":1,"y":1,"curve":"stepped"},{"time":1.2666,"x":1,"y":1,"curve":"stepped"},{"time":1.4333,"x":1,"y":1,"curve":"stepped"},{"time":1.6,"x":1,"y":1,"curve":"stepped"},{"time":1.7666,"x":1,"y":1,"curve":"stepped"},{"time":1.9333,"x":1,"y":1,"curve":"stepped"},{"time":2.2666,"x":1,"y":1,"curve":"stepped"},{"time":2.5333,"x":1,"y":1,"curve":"stepped"},{"time":2.9666,"x":1,"y":1}]},"MON40055_14":{"rotate":[{"time":0,"angle":0},{"time":0.2,"angle":10.67},{"time":0.5,"angle":17.64},{"time":0.5666,"angle":15.1},{"time":0.6666,"angle":-25.69},{"time":0.7,"angle":-2.01},{"time":1.1666,"angle":-27.75},{"time":1.2,"angle":-70.48},{"time":1.2666,"angle":-47.33},{"time":1.4333,"angle":-43.15},{"time":1.6,"angle":-7.26},{"time":1.7666,"angle":-43.15},{"time":1.9333,"angle":-32.18},{"time":2.2666,"angle":-42.15},{"time":2.5333,"angle":-43.15},{"time":2.6666,"angle":-45.89},{"time":2.9666,"angle":0}],"translate":[{"time":0,"x":0,"y":0},{"time":0.5,"x":-3.54,"y":-0.21},{"time":0.6666,"x":0,"y":0,"curve":"stepped"},{"time":1.1666,"x":0,"y":0,"curve":"stepped"},{"time":1.2666,"x":0,"y":0,"curve":"stepped"},{"time":1.4333,"x":0,"y":0,"curve":"stepped"},{"time":1.6,"x":0,"y":0,"curve":"stepped"},{"time":1.7666,"x":0,"y":0,"curve":"stepped"},{"time":1.9333,"x":0,"y":0,"curve":"stepped"},{"time":2.2666,"x":0,"y":0,"curve":"stepped"},{"time":2.5333,"x":0,"y":0,"curve":"stepped"},{"time":2.9666,"x":0,"y":0}],"scale":[{"time":0,"x":1,"y":1,"curve":"stepped"},{"time":0.5,"x":1,"y":1,"curve":"stepped"},{"time":0.6666,"x":1,"y":1,"curve":"stepped"},{"time":1.1666,"x":1,"y":1,"curve":"stepped"},{"time":1.2666,"x":1,"y":1,"curve":"stepped"},{"time":1.4333,"x":1,"y":1,"curve":"stepped"},{"time":1.6,"x":1,"y":1,"curve":"stepped"},{"time":1.7666,"x":1,"y":1,"curve":"stepped"},{"time":1.9333,"x":1,"y":1,"curve":"stepped"},{"time":2.2666,"x":1,"y":1,"curve":"stepped"},{"time":2.5333,"x":1,"y":1,"curve":"stepped"},{"time":2.9666,"x":1,"y":1}]},"MON40055_5":{"rotate":[{"time":0,"angle":0},{"time":0.2,"angle":-9.77},{"time":0.5,"angle":-43.49},{"time":0.6666,"angle":16.41},{"time":0.8,"angle":30.19},{"time":1.1666,"angle":0},{"time":1.2666,"angle":-13.05},{"time":1.3666,"angle":19.41},{"time":1.4333,"angle":0.39},{"time":1.6,"angle":-13.05},{"time":1.7666,"angle":-9.11},{"time":1.9333,"angle":-13.05},{"time":2.0333,"angle":17.3},{"time":2.2666,"angle":36.99},{"time":2.5333,"angle":-9.11},{"time":2.9666,"angle":0}],"translate":[{"time":0,"x":0,"y":0},{"time":0.5,"x":-2.45,"y":1.72},{"time":0.6666,"x":0,"y":0,"curve":"stepped"},{"time":1.1666,"x":0,"y":0,"curve":"stepped"},{"time":1.2666,"x":0,"y":0,"curve":"stepped"},{"time":1.4333,"x":0,"y":0,"curve":"stepped"},{"time":1.6,"x":0,"y":0,"curve":"stepped"},{"time":1.7666,"x":0,"y":0,"curve":"stepped"},{"time":1.9333,"x":0,"y":0,"curve":"stepped"},{"time":2.2666,"x":0,"y":0,"curve":"stepped"},{"time":2.5333,"x":0,"y":0,"curve":"stepped"},{"time":2.9666,"x":0,"y":0}],"scale":[{"time":0,"x":1,"y":1},{"time":0.5,"x":0.914,"y":1},{"time":0.6666,"x":1,"y":1,"curve":"stepped"},{"time":1.1666,"x":1,"y":1,"curve":"stepped"},{"time":1.2666,"x":1,"y":1,"curve":"stepped"},{"time":1.4333,"x":1,"y":1,"curve":"stepped"},{"time":1.6,"x":1,"y":1,"curve":"stepped"},{"time":1.7666,"x":1,"y":1,"curve":"stepped"},{"time":1.9333,"x":1,"y":1,"curve":"stepped"},{"time":2.2666,"x":1,"y":1,"curve":"stepped"},{"time":2.5333,"x":1,"y":1,"curve":"stepped"},{"time":2.9666,"x":1,"y":1}]},"bone13":{"rotate":[{"time":0,"angle":0,"curve":"stepped"},{"time":0.5,"angle":0,"curve":"stepped"},{"time":0.6666,"angle":0,"curve":"stepped"},{"time":1.1666,"angle":0,"curve":"stepped"},{"time":1.2666,"angle":0,"curve":"stepped"},{"time":1.4333,"angle":0,"curve":"stepped"},{"time":1.6,"angle":0,"curve":"stepped"},{"time":1.7666,"angle":0,"curve":"stepped"},{"time":1.9333,"angle":0,"curve":"stepped"},{"time":2.2666,"angle":0,"curve":"stepped"},{"time":2.5333,"angle":0,"curve":"stepped"},{"time":2.9666,"angle":0}],"translate":[{"time":0,"x":0,"y":0,"curve":"stepped"},{"time":0.5,"x":0,"y":0,"curve":"stepped"},{"time":0.6666,"x":0,"y":0,"curve":"stepped"},{"time":1.1666,"x":0,"y":0,"curve":"stepped"},{"time":1.2666,"x":0,"y":0,"curve":"stepped"},{"time":1.4333,"x":0,"y":0,"curve":"stepped"},{"time":1.6,"x":0,"y":0,"curve":"stepped"},{"time":1.7666,"x":0,"y":0,"curve":"stepped"},{"time":1.9333,"x":0,"y":0,"curve":"stepped"},{"time":2.2666,"x":0,"y":0,"curve":"stepped"},{"time":2.5333,"x":0,"y":0,"curve":"stepped"},{"time":2.9666,"x":0,"y":0}],"scale":[{"time":0,"x":1,"y":1,"curve":"stepped"},{"time":0.5,"x":1,"y":1,"curve":"stepped"},{"time":0.6666,"x":1,"y":1,"curve":"stepped"},{"time":1.1666,"x":1,"y":1,"curve":"stepped"},{"time":1.2666,"x":1,"y":1,"curve":"stepped"},{"time":1.4333,"x":1,"y":1,"curve":"stepped"},{"time":1.6,"x":1,"y":1,"curve":"stepped"},{"time":1.7666,"x":1,"y":1,"curve":"stepped"},{"time":1.9333,"x":1,"y":1,"curve":"stepped"},{"time":2.2666,"x":1,"y":1,"curve":"stepped"},{"time":2.5333,"x":1,"y":1,"curve":"stepped"},{"time":2.9666,"x":1,"y":1}]},"MON40055_13":{"rotate":[{"time":0,"angle":0},{"time":0.2,"angle":-14.87},{"time":0.5,"angle":22.73},{"time":0.5666,"angle":48.71},{"time":0.6666,"angle":-11.68},{"time":1.1666,"angle":64.93},{"time":1.2,"angle":-56.31},{"time":1.2333,"angle":72.61},{"time":1.2666,"angle":47.93},{"time":1.4333,"angle":53.82},{"time":1.6,"angle":16.36},{"time":1.7666,"angle":53.82},{"time":1.9333,"angle":25.01},{"time":2.2666,"angle":51.2},{"time":2.5333,"angle":53.82},{"time":2.6666,"angle":25.71},{"time":2.7333,"angle":-49.79},{"time":2.8,"angle":-101.62},{"time":2.9,"angle":-12.73},{"time":2.9666,"angle":0}],"translate":[{"time":0,"x":0,"y":0,"curve":"stepped"},{"time":0.5,"x":0,"y":0,"curve":"stepped"},{"time":0.6666,"x":0,"y":0},{"time":1.1666,"x":6.17,"y":-11.39},{"time":1.2,"x":3.92,"y":6.3},{"time":1.2333,"x":1.39,"y":-12.68},{"time":1.2666,"x":-6.64,"y":-5.18,"curve":"stepped"},{"time":1.4333,"x":-6.64,"y":-5.18},{"time":1.6,"x":-6.23,"y":-4.39},{"time":1.7666,"x":-6.64,"y":-5.18},{"time":1.9333,"x":-6.81,"y":-7.47},{"time":2.2666,"x":-6.66,"y":-5.39},{"time":2.5333,"x":-6.64,"y":-5.18},{"time":2.6666,"x":-8.66,"y":-0.34},{"time":2.7333,"x":2.1,"y":6.04},{"time":2.8,"x":7.85,"y":7.05},{"time":2.9,"x":-0.02,"y":1.64},{"time":2.9666,"x":0,"y":0}],"scale":[{"time":0,"x":1,"y":1,"curve":"stepped"},{"time":0.5,"x":1,"y":1,"curve":"stepped"},{"time":0.6666,"x":1,"y":1,"curve":"stepped"},{"time":1.1666,"x":1,"y":1,"curve":"stepped"},{"time":1.2666,"x":1,"y":1,"curve":"stepped"},{"time":1.4333,"x":1,"y":1,"curve":"stepped"},{"time":1.6,"x":1,"y":1,"curve":"stepped"},{"time":1.7666,"x":1,"y":1,"curve":"stepped"},{"time":1.9333,"x":1,"y":1,"curve":"stepped"},{"time":2.2666,"x":1,"y":1,"curve":"stepped"},{"time":2.5333,"x":1,"y":1,"curve":"stepped"},{"time":2.9666,"x":1,"y":1}]},"MON40055_4":{"rotate":[{"time":0,"angle":0},{"time":0.2,"angle":-8.45},{"time":0.5,"angle":-29.19},{"time":0.6666,"angle":-27.33},{"time":0.8333,"angle":5.9},{"time":1.1666,"angle":0},{"time":1.2666,"angle":-45.37},{"time":1.4333,"angle":-14.44},{"time":1.6,"angle":-45.37},{"time":1.7666,"angle":-34.17},{"time":1.9333,"angle":-45.37},{"time":2.2666,"angle":14.17},{"time":2.5333,"angle":-34.17},{"time":2.9666,"angle":0}],"translate":[{"time":0,"x":0,"y":0,"curve":"stepped"},{"time":0.5,"x":0,"y":0,"curve":"stepped"},{"time":0.6666,"x":0,"y":0,"curve":"stepped"},{"time":1.1666,"x":0,"y":0,"curve":"stepped"},{"time":1.2666,"x":0,"y":0,"curve":"stepped"},{"time":1.4333,"x":0,"y":0,"curve":"stepped"},{"time":1.6,"x":0,"y":0,"curve":"stepped"},{"time":1.7666,"x":0,"y":0,"curve":"stepped"},{"time":1.9333,"x":0,"y":0,"curve":"stepped"},{"time":2.2666,"x":0,"y":0,"curve":"stepped"},{"time":2.5333,"x":0,"y":0,"curve":"stepped"},{"time":2.9666,"x":0,"y":0}],"scale":[{"time":0,"x":1,"y":1,"curve":"stepped"},{"time":0.5,"x":1,"y":1,"curve":"stepped"},{"time":0.6666,"x":1,"y":1,"curve":"stepped"},{"time":1.1666,"x":1,"y":1,"curve":"stepped"},{"time":1.2666,"x":1,"y":1,"curve":"stepped"},{"time":1.4333,"x":1,"y":1,"curve":"stepped"},{"time":1.6,"x":1,"y":1,"curve":"stepped"},{"time":1.7666,"x":1,"y":1,"curve":"stepped"},{"time":1.9333,"x":1,"y":1,"curve":"stepped"},{"time":2.2666,"x":1,"y":1,"curve":"stepped"},{"time":2.5333,"x":1,"y":1,"curve":"stepped"},{"time":2.9666,"x":1,"y":1}]},"bone14":{"rotate":[{"time":0,"angle":0,"curve":"stepped"},{"time":0.5,"angle":0,"curve":"stepped"},{"time":0.6666,"angle":0,"curve":"stepped"},{"time":1.1666,"angle":0,"curve":"stepped"},{"time":1.2666,"angle":0,"curve":"stepped"},{"time":1.4333,"angle":0,"curve":"stepped"},{"time":1.6,"angle":0,"curve":"stepped"},{"time":1.7666,"angle":0,"curve":"stepped"},{"time":1.9333,"angle":0,"curve":"stepped"},{"time":2.2666,"angle":0,"curve":"stepped"},{"time":2.5333,"angle":0,"curve":"stepped"},{"time":2.9666,"angle":0}],"translate":[{"time":0,"x":0,"y":0,"curve":"stepped"},{"time":0.5,"x":0,"y":0,"curve":"stepped"},{"time":0.6666,"x":0,"y":0,"curve":"stepped"},{"time":1.1666,"x":0,"y":0,"curve":"stepped"},{"time":1.2666,"x":0,"y":0,"curve":"stepped"},{"time":1.4333,"x":0,"y":0,"curve":"stepped"},{"time":1.6,"x":0,"y":0,"curve":"stepped"},{"time":1.7666,"x":0,"y":0,"curve":"stepped"},{"time":1.9333,"x":0,"y":0,"curve":"stepped"},{"time":2.2666,"x":0,"y":0,"curve":"stepped"},{"time":2.5333,"x":0,"y":0,"curve":"stepped"},{"time":2.9666,"x":0,"y":0}],"scale":[{"time":0,"x":1,"y":1,"curve":"stepped"},{"time":0.5,"x":1,"y":1,"curve":"stepped"},{"time":0.6666,"x":1,"y":1,"curve":"stepped"},{"time":1.1666,"x":1,"y":1,"curve":"stepped"},{"time":1.2666,"x":1,"y":1,"curve":"stepped"},{"time":1.4333,"x":1,"y":1,"curve":"stepped"},{"time":1.6,"x":1,"y":1,"curve":"stepped"},{"time":1.7666,"x":1,"y":1,"curve":"stepped"},{"time":1.9333,"x":1,"y":1,"curve":"stepped"},{"time":2.2666,"x":1,"y":1,"curve":"stepped"},{"time":2.5333,"x":1,"y":1,"curve":"stepped"},{"time":2.9666,"x":1,"y":1}]},"MON40055_16":{"rotate":[{"time":0,"angle":0,"curve":"stepped"},{"time":0.5,"angle":0,"curve":"stepped"},{"time":0.6,"angle":0,"curve":"stepped"},{"time":0.6666,"angle":0,"curve":"stepped"},{"time":1.1666,"angle":0,"curve":"stepped"},{"time":1.2666,"angle":0,"curve":"stepped"},{"time":1.4333,"angle":0,"curve":"stepped"},{"time":1.6,"angle":0,"curve":"stepped"},{"time":1.7666,"angle":0,"curve":"stepped"},{"time":1.9333,"angle":0,"curve":"stepped"},{"time":2.2666,"angle":0,"curve":"stepped"},{"time":2.5333,"angle":0,"curve":"stepped"},{"time":2.9666,"angle":0}],"translate":[{"time":0,"x":0,"y":0,"curve":"stepped"},{"time":0.5,"x":0,"y":0,"curve":"stepped"},{"time":0.6,"x":0,"y":0,"curve":"stepped"},{"time":0.6666,"x":0,"y":0,"curve":"stepped"},{"time":1.1666,"x":0,"y":0,"curve":"stepped"},{"time":1.2666,"x":0,"y":0,"curve":"stepped"},{"time":1.4333,"x":0,"y":0,"curve":"stepped"},{"time":1.6,"x":0,"y":0,"curve":"stepped"},{"time":1.7666,"x":0,"y":0,"curve":"stepped"},{"time":1.9333,"x":0,"y":0,"curve":"stepped"},{"time":2.2666,"x":0,"y":0,"curve":"stepped"},{"time":2.5333,"x":0,"y":0,"curve":"stepped"},{"time":2.9666,"x":0,"y":0}],"scale":[{"time":0,"x":1,"y":1},{"time":0.5,"x":1.042,"y":0.965},{"time":0.6,"x":1.016,"y":0.986},{"time":0.6666,"x":1,"y":1,"curve":"stepped"},{"time":1.1666,"x":1,"y":1,"curve":"stepped"},{"time":1.2666,"x":1,"y":1,"curve":"stepped"},{"time":1.4333,"x":1,"y":1,"curve":"stepped"},{"time":1.6,"x":1,"y":1,"curve":"stepped"},{"time":1.7666,"x":1,"y":1,"curve":"stepped"},{"time":1.9333,"x":1,"y":1,"curve":"stepped"},{"time":2.2666,"x":1,"y":1,"curve":"stepped"},{"time":2.5333,"x":1,"y":1,"curve":"stepped"},{"time":2.9666,"x":1,"y":1}]},"bone15":{"rotate":[{"time":0,"angle":0},{"time":0.5,"angle":-9.87},{"time":0.6666,"angle":0,"curve":"stepped"},{"time":1.1666,"angle":0,"curve":"stepped"},{"time":1.2666,"angle":0,"curve":"stepped"},{"time":1.4333,"angle":0,"curve":"stepped"},{"time":1.6,"angle":0,"curve":"stepped"},{"time":1.7666,"angle":0,"curve":"stepped"},{"time":1.9333,"angle":0,"curve":"stepped"},{"time":2.2666,"angle":0,"curve":"stepped"},{"time":2.5333,"angle":0,"curve":"stepped"},{"time":2.9666,"angle":0}],"translate":[{"time":0,"x":0,"y":0,"curve":"stepped"},{"time":0.5,"x":0,"y":0,"curve":"stepped"},{"time":0.6666,"x":0,"y":0,"curve":"stepped"},{"time":1.1666,"x":0,"y":0,"curve":"stepped"},{"time":1.2666,"x":0,"y":0,"curve":"stepped"},{"time":1.4333,"x":0,"y":0,"curve":"stepped"},{"time":1.6,"x":0,"y":0,"curve":"stepped"},{"time":1.7666,"x":0,"y":0,"curve":"stepped"},{"time":1.9333,"x":0,"y":0,"curve":"stepped"},{"time":2.2666,"x":0,"y":0,"curve":"stepped"},{"time":2.5333,"x":0,"y":0,"curve":"stepped"},{"time":2.9666,"x":0,"y":0}],"scale":[{"time":0,"x":1,"y":1,"curve":"stepped"},{"time":0.5,"x":1,"y":1,"curve":"stepped"},{"time":0.6666,"x":1,"y":1,"curve":"stepped"},{"time":1.1666,"x":1,"y":1,"curve":"stepped"},{"time":1.2666,"x":1,"y":1,"curve":"stepped"},{"time":1.4333,"x":1,"y":1,"curve":"stepped"},{"time":1.6,"x":1,"y":1,"curve":"stepped"},{"time":1.7666,"x":1,"y":1,"curve":"stepped"},{"time":1.9333,"x":1,"y":1,"curve":"stepped"},{"time":2.2666,"x":1,"y":1,"curve":"stepped"},{"time":2.5333,"x":1,"y":1,"curve":"stepped"},{"time":2.9666,"x":1,"y":1}]},"bone16":{"rotate":[{"time":0,"angle":0},{"time":0.5,"angle":-14.83},{"time":0.6666,"angle":0,"curve":"stepped"},{"time":1.1666,"angle":0,"curve":"stepped"},{"time":1.2666,"angle":0,"curve":"stepped"},{"time":1.4333,"angle":0,"curve":"stepped"},{"time":1.6,"angle":0,"curve":"stepped"},{"time":1.7666,"angle":0,"curve":"stepped"},{"time":1.9333,"angle":0,"curve":"stepped"},{"time":2.2666,"angle":0,"curve":"stepped"},{"time":2.5333,"angle":0,"curve":"stepped"},{"time":2.9666,"angle":0}],"translate":[{"time":0,"x":0,"y":0,"curve":"stepped"},{"time":0.5,"x":0,"y":0,"curve":"stepped"},{"time":0.6666,"x":0,"y":0,"curve":"stepped"},{"time":1.1666,"x":0,"y":0,"curve":"stepped"},{"time":1.2666,"x":0,"y":0,"curve":"stepped"},{"time":1.4333,"x":0,"y":0,"curve":"stepped"},{"time":1.6,"x":0,"y":0,"curve":"stepped"},{"time":1.7666,"x":0,"y":0,"curve":"stepped"},{"time":1.9333,"x":0,"y":0,"curve":"stepped"},{"time":2.2666,"x":0,"y":0,"curve":"stepped"},{"time":2.5333,"x":0,"y":0,"curve":"stepped"},{"time":2.9666,"x":0,"y":0}],"scale":[{"time":0,"x":1,"y":1,"curve":"stepped"},{"time":0.5,"x":1,"y":1,"curve":"stepped"},{"time":0.6666,"x":1,"y":1,"curve":"stepped"},{"time":1.1666,"x":1,"y":1,"curve":"stepped"},{"time":1.2666,"x":1,"y":1,"curve":"stepped"},{"time":1.4333,"x":1,"y":1,"curve":"stepped"},{"time":1.6,"x":1,"y":1,"curve":"stepped"},{"time":1.7666,"x":1,"y":1,"curve":"stepped"},{"time":1.9333,"x":1,"y":1,"curve":"stepped"},{"time":2.2666,"x":1,"y":1,"curve":"stepped"},{"time":2.5333,"x":1,"y":1,"curve":"stepped"},{"time":2.9666,"x":1,"y":1}]},"FX_WEAPON":{"rotate":[{"time":1.6,"angle":0,"curve":"stepped"},{"time":1.9333,"angle":0,"curve":"stepped"},{"time":2.2666,"angle":0}],"translate":[{"time":1.6,"x":0,"y":0,"curve":"stepped"},{"time":1.9333,"x":0,"y":0,"curve":"stepped"},{"time":2.2666,"x":0,"y":0}],"scale":[{"time":1.6,"x":1,"y":1,"curve":"stepped"},{"time":1.9333,"x":1,"y":1,"curve":"stepped"},{"time":2.2666,"x":1,"y":1}]},"MON40055_18":{"rotate":[{"time":0,"angle":0},{"time":0.6333,"angle":-86.17},{"time":0.7,"angle":-132.08},{"time":0.7666,"angle":-198.83},{"time":0.8333,"angle":-250.03},{"time":0.9,"angle":-302.48},{"time":0.9666,"angle":6.69},{"time":1.0333,"angle":-39.06},{"time":1.1,"angle":-74.64},{"time":1.1666,"angle":-74.67},{"time":1.2,"angle":-117.16},{"time":1.2666,"angle":-155.35},{"time":1.4333,"angle":-133.52},{"time":1.6,"angle":-174.42},{"time":1.7666,"angle":-133.52},{"time":1.9333,"angle":-166.87},{"time":2.2666,"angle":-136.55},{"time":2.5333,"angle":-133.52},{"time":2.6,"angle":-279.47},{"time":2.6666,"angle":-17.11},{"time":2.7333,"angle":-90.71},{"time":2.8,"angle":-139.49},{"time":2.8666,"angle":-237.71},{"time":2.9333,"angle":-6.93,"curve":"stepped"},{"time":2.9666,"angle":-6.93}],"translate":[{"time":0,"x":0,"y":0},{"time":0.6333,"x":235.63,"y":190.42},{"time":0.7,"x":256.38,"y":277.11},{"time":0.7666,"x":256.38,"y":384.4},{"time":0.8333,"x":256.38,"y":386.7},{"time":0.9,"x":256.38,"y":380.21},{"time":0.9666,"x":256.38,"y":368.38,"curve":"stepped"},{"time":1.0333,"x":256.38,"y":368.38},{"time":1.1,"x":256.38,"y":225.45},{"time":1.1666,"x":252.22,"y":119.58},{"time":1.2,"x":265.27,"y":20.99},{"time":1.2333,"x":266.56,"y":-5.53},{"time":1.2666,"x":280.35,"y":-29.21},{"time":1.4333,"x":283.35,"y":-32.45},{"time":1.6,"x":273.11,"y":0.78},{"time":1.7666,"x":283.35,"y":-32.45},{"time":1.9333,"x":277.1,"y":3.19},{"time":2.2666,"x":282.78,"y":-29.21},{"time":2.5333,"x":283.35,"y":-32.45},{"time":2.6666,"x":271.83,"y":-13.22},{"time":2.7333,"x":268.11,"y":-7.82},{"time":2.8666,"x":277.86,"y":-1.23},{"time":2.9,"x":284.8,"y":-0.34},{"time":2.9333,"x":288.14,"y":-1.82},{"time":2.9666,"x":276.65,"y":-3.3}],"scale":[{"time":0,"x":1,"y":1},{"time":0.6333,"x":1.2,"y":1.2},{"time":1.1666,"x":1.926,"y":1.3,"curve":"stepped"},{"time":1.2666,"x":1.926,"y":1.3,"curve":"stepped"},{"time":1.4333,"x":1.926,"y":1.3,"curve":"stepped"},{"time":1.6,"x":1.926,"y":1.3,"curve":"stepped"},{"time":1.7666,"x":1.926,"y":1.3,"curve":"stepped"},{"time":1.9333,"x":1.926,"y":1.3,"curve":"stepped"},{"time":2.2666,"x":1.926,"y":1.3,"curve":"stepped"},{"time":2.5333,"x":1.926,"y":1.3},{"time":2.9666,"x":1,"y":1}]},"shadow":{"rotate":[{"time":0,"angle":0,"curve":"stepped"},{"time":0.5,"angle":0,"curve":"stepped"},{"time":0.7333,"angle":0,"curve":"stepped"},{"time":1.1666,"angle":0,"curve":"stepped"},{"time":1.4333,"angle":0,"curve":"stepped"},{"time":1.6,"angle":0,"curve":"stepped"},{"time":1.7666,"angle":0,"curve":"stepped"},{"time":1.9333,"angle":0,"curve":"stepped"},{"time":2.1,"angle":0,"curve":"stepped"},{"time":2.5333,"angle":0,"curve":"stepped"},{"time":2.9666,"angle":0}],"translate":[{"time":0,"x":0,"y":0,"curve":"stepped"},{"time":0.5,"x":0,"y":0},{"time":0.7333,"x":21.56,"y":0},{"time":1.1666,"x":0,"y":0},{"time":1.4333,"x":2.21,"y":0,"curve":"stepped"},{"time":1.6,"x":2.21,"y":0,"curve":"stepped"},{"time":1.7666,"x":2.21,"y":0,"curve":"stepped"},{"time":1.9333,"x":2.21,"y":0,"curve":"stepped"},{"time":2.1,"x":2.21,"y":0,"curve":"stepped"},{"time":2.5333,"x":2.21,"y":0},{"time":2.9666,"x":0,"y":0}],"scale":[{"time":0,"x":1,"y":1},{"time":0.5,"x":1.1,"y":1.1},{"time":0.7333,"x":1,"y":1,"curve":"stepped"},{"time":1.1666,"x":1,"y":1},{"time":1.4333,"x":1.2,"y":1.2},{"time":1.6,"x":1.1,"y":1.1},{"time":1.7666,"x":1.2,"y":1.2},{"time":1.9333,"x":1.1,"y":1.1},{"time":2.1,"x":1.18,"y":1.18},{"time":2.5333,"x":1.2,"y":1.2},{"time":2.9666,"x":1,"y":1}]},"FX_FLASH":{"translate":[{"time":0,"x":0,"y":0,"curve":"stepped"},{"time":0.5666,"x":0,"y":0},{"time":0.6666,"x":0,"y":113.94,"curve":"stepped"},{"time":2.9666,"x":0,"y":113.94}],"scale":[{"time":0,"x":1,"y":1,"curve":"stepped"},{"time":0.5666,"x":1,"y":1},{"time":0.6666,"x":0.5,"y":0.5,"curve":"stepped"},{"time":2.9666,"x":0.5,"y":0.5}]},"fx_yinfu":{"rotate":[{"time":0,"angle":0,"curve":"stepped"},{"time":1.3,"angle":0},{"time":1.6,"angle":-40,"curve":"stepped"},{"time":2.9666,"angle":-40}],"translate":[{"time":0,"x":0,"y":0,"curve":"stepped"},{"time":1.3,"x":0,"y":0},{"time":1.6,"x":-19.69,"y":34.4,"curve":"stepped"},{"time":2.9666,"x":-19.69,"y":34.4}],"scale":[{"time":0,"x":1,"y":1,"curve":"stepped"},{"time":1.3,"x":1,"y":1},{"time":1.6,"x":1.5,"y":1.5,"curve":"stepped"},{"time":2.9666,"x":1.5,"y":1.5}]},"fx_yinfu2":{"rotate":[{"time":0,"angle":0,"curve":"stepped"},{"time":1.8,"angle":0},{"time":2.1,"angle":-320,"curve":"stepped"},{"time":2.9666,"angle":-320}],"translate":[{"time":0,"x":0,"y":0,"curve":"stepped"},{"time":1.8,"x":0,"y":0},{"time":2.1,"x":-33.52,"y":-9.82,"curve":"stepped"},{"time":2.9666,"x":-33.52,"y":-9.82}],"scale":[{"time":0,"x":1,"y":1,"curve":"stepped"},{"time":1.8,"x":1,"y":1},{"time":2.1,"x":2,"y":2,"curve":"stepped"},{"time":2.9666,"x":2,"y":2}]},"fx_yinfu3":{"rotate":[{"time":0,"angle":0,"curve":"stepped"},{"time":2.1,"angle":0},{"time":2.4,"angle":80,"curve":"stepped"},{"time":2.9666,"angle":80}],"translate":[{"time":0,"x":0,"y":0,"curve":"stepped"},{"time":2.1,"x":0,"y":0},{"time":2.4,"x":22.25,"y":66.46,"curve":"stepped"},{"time":2.9666,"x":22.25,"y":66.46}],"scale":[{"time":0,"x":1,"y":1,"curve":"stepped"},{"time":2.1,"x":1,"y":1},{"time":2.4,"x":2,"y":2,"curve":"stepped"},{"time":2.9666,"x":2,"y":2}]},"fx_yinfu4":{"rotate":[{"time":0,"angle":0,"curve":"stepped"},{"time":2.1666,"angle":0},{"time":2.5,"angle":-50,"curve":"stepped"},{"time":2.9666,"angle":-50}],"translate":[{"time":0,"x":0,"y":0,"curve":"stepped"},{"time":2.1666,"x":0,"y":0},{"time":2.5,"x":-19.64,"y":-30.94,"curve":"stepped"},{"time":2.9666,"x":-19.64,"y":-30.94}],"scale":[{"time":0,"x":1,"y":1,"curve":"stepped"},{"time":2.1666,"x":1,"y":1},{"time":2.5,"x":1.499,"y":1.499,"curve":"stepped"},{"time":2.9666,"x":1.499,"y":1.499}]},"fx_yinbo":{"scale":[{"time":0,"x":1,"y":1,"curve":"stepped"},{"time":1.3333,"x":1,"y":1},{"time":1.5333,"x":1.5,"y":1.5},{"time":1.7,"x":1,"y":1},{"time":1.9,"x":1.5,"y":1.5},{"time":2.0666,"x":1,"y":1},{"time":2.2666,"x":1.5,"y":1.5,"curve":"stepped"},{"time":2.9666,"x":1.5,"y":1.5}]},"fx_light":{"scale":[{"time":1.3,"x":1.289,"y":1.146,"curve":"stepped"},{"time":1.4333,"x":1.534,"y":0.887,"curve":"stepped"},{"time":1.5,"x":1.412,"y":1.113},{"time":1.7,"x":1.394,"y":0.963,"curve":"stepped"},{"time":1.8,"x":1.145,"y":0.87,"curve":"stepped"},{"time":1.9666,"x":1.48,"y":0.987}]},"fx_light2":{"rotate":[{"time":0,"angle":20,"curve":"stepped"},{"time":1.3333,"angle":20,"curve":"stepped"},{"time":1.4333,"angle":20},{"time":1.8,"angle":-40},{"time":2.1666,"angle":0,"curve":"stepped"},{"time":2.9666,"angle":0}],"scale":[{"time":0,"x":0.067,"y":0.468,"curve":"stepped"},{"time":1.3333,"x":0.067,"y":0.468},{"time":1.4333,"x":1,"y":1,"curve":"stepped"},{"time":2.0666,"x":1,"y":1},{"time":2.1666,"x":0.067,"y":0.468,"curve":"stepped"},{"time":2.9666,"x":0.067,"y":0.468}]},"fx_light3":{"rotate":[{"time":0,"angle":0,"curve":"stepped"},{"time":1.3666,"angle":0,"curve":"stepped"},{"time":1.4666,"angle":0},{"time":1.8,"angle":-19},{"time":2.1333,"angle":0,"curve":"stepped"},{"time":2.9666,"angle":0}],"scale":[{"time":0,"x":0.067,"y":0.468,"curve":"stepped"},{"time":1.3666,"x":0.067,"y":0.468},{"time":1.4666,"x":1,"y":1,"curve":"stepped"},{"time":2.0333,"x":1,"y":1},{"time":2.1333,"x":0.067,"y":0.468,"curve":"stepped"},{"time":2.9666,"x":0.067,"y":0.468}]},"fx_light4":{"rotate":[{"time":0,"angle":0,"curve":"stepped"},{"time":1.3333,"angle":0},{"time":1.4333,"angle":20},{"time":1.7666,"angle":34.66},{"time":2.1,"angle":0,"curve":"stepped"},{"time":2.9666,"angle":0}],"scale":[{"time":0,"x":0.067,"y":0.468,"curve":"stepped"},{"time":1.3333,"x":0.067,"y":0.468},{"time":1.4333,"x":1,"y":1,"curve":"stepped"},{"time":2,"x":1,"y":1},{"time":2.1,"x":0.067,"y":0.468,"curve":"stepped"},{"time":2.9666,"x":0.067,"y":0.468}]},"fx_light5":{"rotate":[{"time":0,"angle":0,"curve":"stepped"},{"time":1.3333,"angle":0,"curve":"stepped"},{"time":1.4333,"angle":0},{"time":1.7666,"angle":46.66},{"time":2.1,"angle":0,"curve":"stepped"},{"time":2.9666,"angle":0}],"scale":[{"time":0,"x":0.067,"y":0.468,"curve":"stepped"},{"time":1.3333,"x":0.067,"y":0.468},{"time":1.4333,"x":1,"y":1,"curve":"stepped"},{"time":2,"x":1,"y":1},{"time":2.1,"x":0.067,"y":0.468,"curve":"stepped"},{"time":2.9666,"x":0.067,"y":0.468}]}},"ffd":{"default":{"MON40055_3":{"MON40055_3":[{"time":0},{"time":0.5,"offset":60,"vertices":[-1.75303,-2.42349,-1.83229,-2.37234,-1.68574,-2.46487,-3.07642,-0.57558]},{"time":0.6666,"curve":"stepped"},{"time":1.1666,"curve":"stepped"},{"time":1.2666,"curve":"stepped"},{"time":1.4333,"curve":"stepped"},{"time":1.7666,"curve":"stepped"},{"time":2.5333,"curve":"stepped"},{"time":2.9666}]},"MON40055_7":{"MON40055_7":[{"time":0},{"time":0.5,"vertices":[1.50323,-1.01752,2.54381,-1.00944,6.17765,-1.66175,5.13708,-1.66982]},{"time":0.6666,"vertices":[3.37823,4.93749,-6.00856,6.42455,-10.34466,10.51886,-0.95782,9.03179]},{"time":1.1666},{"time":1.2666,"vertices":[-0.617,7.68177,9.99379,-2.95966,18.87525,-10.87878,8.26452,-0.23734]},{"time":1.4333,"vertices":[1.89204,7.55898,12.50284,-3.08246,21.3843,-11.00157,10.77357,-0.36014]},{"time":1.6,"vertices":[5.01961,-0.21091,5.01961,-0.21091,5.01961,-0.21091,5.01961,-0.21091]},{"time":1.7666,"vertices":[-0.617,7.68177,9.99379,-2.95966,18.87525,-10.87878,8.26452,-0.23734]},{"time":1.9333,"vertices":[5.01961,-0.21091,5.01961,-0.21091,5.01961,-0.21091,5.01961,-0.21091]},{"time":2.5333,"vertices":[-0.617,7.68177,9.99379,-2.95966,18.87525,-10.87878,8.26452,-0.23734]},{"time":2.9666}]},"MON40055_12":{"MON40055_12":[{"time":0},{"time":0.5,"vertices":[-5.20685,-0.06777,-5.20728,0.01509,-5.24939,-0.04115,-5.24939,0.04238,-2.81761,0.19603,-2.81414,0.24084,0.85125,0.25425,0.85519,0.24067,2.20858,0.21571,2.21173,0.18054,2.23409,0.20271,2.23703,0.16713,2.42773,0.20293,2.43065,0.16427,5.29663,0.18535,5.47177,0.09946,5.4245,0.00156,3.03679,-0.09986,3.03482,-0.14818,2.8118,-0.1044,2.80978,-0.14914,5.106,-0.07433,5.10417,-0.15558,2.91926,-0.20828,2.91557,-0.25471,-2.49551,-0.29144,-2.49984,-0.25169,-5.11145,-0.12752,-5.11283,-0.04616,-5.74237,0.02116,1.67088,-3.08826,1.62152,-3.11445,3.62622,0.07342]},{"time":0.6666,"curve":"stepped"},{"time":1.1666,"curve":"stepped"},{"time":1.2666,"curve":"stepped"},{"time":1.4333,"curve":"stepped"},{"time":1.7666,"curve":"stepped"},{"time":2.5333,"curve":"stepped"},{"time":2.9666}]},"fx_weapon":{"FX/weapon_00004":[{"time":0.1333,"offset":12,"vertices":[-11.5519,0.90714,9.40789,1.78908,0,0,-6.82456,4.88786,7.31665,-4.73547]},{"time":0.4666,"offset":12,"vertices":[-2.0583,8.72,18.90148,9.60194,0,0,-6.82456,4.88786,7.31665,-4.73547]},{"time":0.5,"vertices":[0.94179,0.82662,0,0,0,0,0,0,0,0,1.13008,0.99198,0.95529,11.36521,21.91516,12.24721,0.94174,0.82666,-5.50608,6.04513,13.80486,5.34993]}],"FX/weapon_00006":[{"time":0.2,"offset":10,"vertices":[-4.44252,-4.66195,9.9154,-3.48235,8.93582,-2.60372,0.95421,-3.10597]},{"time":0.5333,"offset":10,"vertices":[-0.76755,7.26402,16.25926,12.755,22.69185,6.32482,14.71023,5.82258,3.70745,3.40803]}],"FX/weapon_00008":[{"time":0.2666,"offset":12,"vertices":[-1.27121,-5.06975,9.86626,-1.71017,9.86626,-1.71017,0,0,0,0,4.07394,-4.3353]},{"time":0.6,"vertices":[2.31122,6.55955,0,0,0,0,0,0,0,0,3.41654,-0.79292,5.87565,5.58872,19.15106,13.79425,29.38356,16.01567,0,0,6.0843,6.51042,15.89457,5.64167]}],"FX/weapon_00000":[{"time":0.3333,"vertices":[12.6419,2.43284,0,0,0,0,0,0,0,0,0,0,0,0,0,0,11.1648,1.41866,12.29796,1.96354,1.01561,0.18459]}],"FX/weapon_00002":[{"time":0.4,"offset":12,"vertices":[3.88208,1.77149,9.5718,3.37432]}]}}},"drawOrder":[{"time":0.8333,"offsets":[{"slot":"MON40055_18","offset":14},{"slot":"MON40055_13","offset":12}]},{"time":1.1666,"offsets":[{"slot":"MON40055_18","offset":14},{"slot":"MON40055_13","offset":12}]},{"time":1.2333,"offsets":[{"slot":"MON40055_18","offset":10},{"slot":"MON40055_13","offset":8},{"slot":"MON40055_3","offset":-5},{"slot":"MON40055_1","offset":-6}]},{"time":1.7666,"offsets":[{"slot":"MON40055_18","offset":10},{"slot":"MON40055_13","offset":8},{"slot":"MON40055_3","offset":-5},{"slot":"MON40055_1","offset":-6}]},{"time":2.5333,"offsets":[{"slot":"MON40055_18","offset":10},{"slot":"MON40055_13","offset":8},{"slot":"MON40055_3","offset":-5},{"slot":"MON40055_1","offset":-6}]}]}}}