{"skeleton":{"hash":"FPnVajNQ0zZ5Jx8BydhQqIIiRwQ","spine":"3.1.03","width":251.09,"height":257.28},"bones":[{"name":"root","x":-10.95,"y":0.99},{"name":"bone","parent":"root","x":5.61,"y":51.6},{"name":"MON40061_DL_9","parent":"bone","length":44.81,"x":-13.75,"y":-42.84,"rotation":91},{"name":"bone2","parent":"MON40061_DL_9","length":57.6,"x":44.81,"rotation":-15.96},{"name":"MON40061_DL_5","parent":"bone2","length":52.67,"x":57.3,"y":0.23,"rotation":14.99},{"name":"MON40061_DL_14","parent":"MON40061_DL_5","length":45.73,"x":-15.07,"y":33.33,"rotation":172.86},{"name":"MON40061_DL_13","parent":"MON40061_DL_14","length":37,"x":45.19,"y":-0.69,"rotation":-118.86},{"name":"MON40061_DL_12","parent":"MON40061_DL_13","length":19.13,"x":36.75,"y":-0.04,"rotation":-29.74},{"name":"MON40061_DL_16","parent":"MON40061_DL_12","length":112.18,"x":18.62,"y":0.15,"rotation":-80.61},{"name":"MON40061_DL_15","parent":"MON40061_DL_16","length":11.58,"x":202.75,"y":-14.99,"rotation":-122.48},{"name":"bone6","parent":"MON40061_DL_15","length":10.01,"x":11.58,"y":0.05,"rotation":-1.28},{"name":"bone7","parent":"bone6","length":10.02,"x":10.01,"rotation":1.76},{"name":"FX_WEAPON","parent":"bone7","length":22.33,"x":34.99,"y":-0.97,"rotation":76.7,"inheritScale":false,"inheritRotation":false},{"name":"MON40061_DL_0","parent":"MON40061_DL_5","length":8.82,"x":10.79,"y":37.17,"rotation":-0.05},{"name":"MON40061_DL_1","parent":"MON40061_DL_5","length":42.21,"x":59.9,"y":13.81,"rotation":-0.9},{"name":"MON40061_DL_4","parent":"bone2","length":37.36,"x":55.19,"y":-37.1,"rotation":-90.61},{"name":"MON40061_DL_3","parent":"MON40061_DL_4","length":33.82,"x":36.37,"y":0.06,"rotation":-66.04},{"name":"MON40061_DL_2","parent":"MON40061_DL_3","length":16.07,"x":32.85,"y":-0.41,"rotation":-15.14},{"name":"MON40061_DL_6","parent":"MON40061_DL_5","length":16.66,"x":-2.17,"y":28.73,"rotation":178.26},{"name":"MON40061_DL_7","parent":"MON40061_DL_6","length":7.63,"x":25.8,"y":-2.17,"rotation":-3.83},{"name":"MON40061_DL_8","parent":"MON40061_DL_6","length":8.11,"x":28.29,"y":21.42,"rotation":-31.12},{"name":"MON40061_DL_10","parent":"MON40061_DL_2","length":50.84,"x":15.49,"y":-0.37,"rotation":-79.35},{"name":"MON40061_DL_11","parent":"MON40061_DL_16","length":30.65,"x":-13.2,"y":-1.72,"rotation":-179.57},{"name":"MON40061_DL_17","parent":"bone","length":21.57,"x":22.72,"y":-33.71,"rotation":-88.11},{"name":"MON40061_DL_18","parent":"bone","length":18.84,"x":-31.3,"y":-33.95,"rotation":-96.5},{"name":"bone3","parent":"MON40061_DL_7","length":7.93,"x":7.14,"y":-0.04,"rotation":-3.37},{"name":"bone4","parent":"bone3","length":8.38,"x":7.93,"rotation":-6.4},{"name":"bone5","parent":"MON40061_DL_8","length":6.77,"x":8.11,"y":0.01,"rotation":12.65},{"name":"fx_difen","parent":"root","length":37.51,"x":-58.29,"y":156.56,"scaleX":3.886,"scaleY":2,"rotation":87.66},{"name":"fx_huichen","parent":"root","length":65.58,"x":-26.88,"y":3.66,"scaleX":0.914,"scaleY":0.914,"rotation":90},{"name":"fx_lizi","parent":"root","length":17.3,"x":141.28,"y":164.53,"scaleX":2.717,"scaleY":2,"rotation":-89.18,"inheritScale":false,"inheritRotation":false},{"name":"shadow","parent":"root","length":26.73,"x":0.26,"y":-2.35,"rotation":-90.97}],"slots":[{"name":"bg","bone":"root"},{"name":"shadow","bone":"shadow","attachment":"shadow"},{"name":"MON40061_DL_16","bone":"MON40061_DL_16","attachment":"MON40061_DL_16"},{"name":"MON40061_DL_15","bone":"MON40061_DL_15","attachment":"MON40061_DL_15"},{"name":"MON40061_DL_14","bone":"MON40061_DL_14","attachment":"MON40061_DL_14"},{"name":"MON40061_DL_13","bone":"MON40061_DL_13","attachment":"MON40061_DL_13"},{"name":"MON40061_DL_12","bone":"MON40061_DL_12","attachment":"MON40061_DL_12"},{"name":"MON40061_DL_11","bone":"MON40061_DL_18","attachment":"MON40061_DL_11"},{"name":"MON40061_DL_10","bone":"MON40061_DL_17","attachment":"MON40061_DL_10"},{"name":"MON40061_DL_9","bone":"MON40061_DL_9","attachment":"MON40061_DL_9"},{"name":"MON40061_DL_8","bone":"MON40061_DL_11","attachment":"MON40061_DL_8"},{"name":"MON40061_DL_7","bone":"MON40061_DL_10","attachment":"MON40061_DL_7"},{"name":"MON40061_DL_4","bone":"MON40061_DL_4","attachment":"MON40061_DL_4"},{"name":"MON40061_DL_3","bone":"MON40061_DL_3","attachment":"MON40061_DL_3"},{"name":"MON40061_DL_2","bone":"MON40061_DL_2","attachment":"MON40061_DL_2"},{"name":"MON40061_DL_6","bone":"MON40061_DL_8","attachment":"MON40061_DL_6"},{"name":"MON40061_DL_5","bone":"MON40061_DL_5","attachment":"MON40061_DL_5"},{"name":"MON40061_DL_0","bone":"MON40061_DL_0"},{"name":"MON40061_DL_1","bone":"MON40061_DL_1","attachment":"MON40061_DL_1"},{"name":"FX_WEAPON","bone":"FX_WEAPON","blend":"additive"},{"name":"fx_huichen","bone":"fx_huichen"},{"name":"fx_difen","bone":"fx_difen"},{"name":"fx_lizi","bone":"fx_lizi","blend":"additive"}],"skins":{"default":{"FX_WEAPON":{"hulu":{"x":15.8,"y":1.34,"scaleX":2,"scaleY":2,"rotation":-91.32,"width":57,"height":99}},"MON40061_DL_0":{"MON40061_DL_0":{"x":4.66,"y":-8.07,"rotation":-90.02,"width":53,"height":14}},"MON40061_DL_1":{"MON40061_DL_1":{"x":0.05,"y":-1.75,"rotation":-89.16,"width":203,"height":85}},"MON40061_DL_10":{"MON40061_DL_10":{"x":10.5,"y":0.81,"rotation":88.12,"width":55,"height":24}},"MON40061_DL_11":{"MON40061_DL_11":{"x":9.48,"y":2.78,"rotation":96.47,"width":54,"height":21}},"MON40061_DL_12":{"MON40061_DL_12":{"x":15.23,"y":1.66,"scaleX":1.089,"scaleY":1.103,"rotation":-114.53,"width":39,"height":41}},"MON40061_DL_13":{"MON40061_DL_13":{"x":20.78,"y":-1.35,"rotation":-143.81,"width":64,"height":60}},"MON40061_DL_14":{"MON40061_DL_14":{"x":23.01,"y":-2.98,"rotation":97.08,"width":45,"height":60}},"MON40061_DL_15":{"MON40061_DL_15":{"type":"weightedmesh","uvs":[0.70489,0.1045,0.69783,0.20136,0.89054,0.26035,1,0.37272,1,0.55188,1,0.95565,0.8851,1,0.49972,1,0.14907,1,0,0.93741,0,0.54274,0.05122,0.50273,0.07967,0.31176,0.35876,0.20836,0.35202,0.11226,0.34415,0,0.53165,0,0.7125,0,0.53948,0.12532,0.53439,0.22382,0.45633,0.26174,0.47584,0.32073,0.54155,0.32989,0.57107,0.32462,0.60874,0.2918,0.39868,0.6246,0.743,0.62644,0.54711,0.62539],"triangles":[6,7,26,7,27,26,6,26,5,8,25,7,7,25,27,8,9,25,26,4,5,25,10,11,25,9,10,27,23,26,23,24,26,26,24,2,4,26,3,2,24,1,27,21,22,27,22,23,27,25,21,11,12,25,25,12,21,21,13,20,13,21,12,26,2,3,23,22,19,24,23,19,19,22,21,21,20,19,24,19,1,20,13,19,19,18,1,19,13,18,13,14,18,1,18,0,14,16,18,18,16,0,14,15,16,0,16,17],"vertices":[2,9,9.95,9.63,0.64976,10,-1.84,9.54,0.35023,2,10,7.74,9.13,0.58705,11,-1.99,9.2,0.41294,1,11,4.17999,20,1,1,11,15.49,25.89,1,1,11,33.22,25.34,1,1,11,73.18,24.09,1,1,11,77.36,17.4,1,1,11,76.67,-4.54,1,1,11,76.05,-24.52,1,1,11,69.58999,-32.82,1,1,11,30.54,-31.6,1,1,11,26.67,-28.56,1,1,11,7.82,-26.34,1,2,10,8.42,-10.18,0.48548,11,-1.9,-10.13,0.5145,2,9,10.26,-10.49,0.59618,10,-1.08,-10.56,0.4038,1,9,-0.85,-10.68,1,1,9,-0.61,0,1,1,9,-0.38,10.3,1,2,9,11.8,0.16,0.5,10,0.2,0.11,0.5,2,10,9.96,-0.17,0.5,11,-0.06,-0.17,0.5,1,11,3.54,-4.73,1,2,10,19.54999,-3.51,0.00906,11,9.42,-3.8,0.99093,1,11,10.43999,-0.09,1,1,11,9.97,1.6,1,1,11,6.79,3.85,1,1,11,39.34999,-9.14,1,1,11,40.14,10.46,1,1,11,39.68999,-0.68,1],"hull":18}},"MON40061_DL_16":{"MON40061_DL_16":{"x":111.01,"y":-0.45,"rotation":-34.03,"width":202,"height":141}},"MON40061_DL_2":{"MON40061_DL_2":{"x":15.45,"y":-5.81,"scaleX":1.061,"scaleY":1.122,"rotation":96.75,"width":42,"height":36}},"MON40061_DL_3":{"MON40061_DL_3":{"x":20.33,"y":-0.68,"rotation":81.6,"width":45,"height":54}},"MON40061_DL_4":{"MON40061_DL_4":{"x":19.44,"y":6.02,"rotation":15.63,"width":59,"height":53}},"MON40061_DL_5":{"MON40061_DL_5":{"x":24.92,"y":6.59,"rotation":-90.05,"width":116,"height":91}},"MON40061_DL_6":{"MON40061_DL_6":{"type":"weightedmesh","uvs":[0.95481,0.05236,1,0.15738,1,0.54093,0.9173,0.59115,0.82413,0.86968,0.78057,0.80347,0.68014,0.89936,0.65352,0.82858,0.59786,1,0.56071,1,0.49017,0.87196,0.4454,1,0.33185,1,0.29052,1,0.24696,0.75325,0.23123,0.86055,0.1066,0.67334,0.02916,0.39025,0.02854,0.0535,0.05336,0,0.11991,0,0.393,0,0.70071,0,0.91972,0,0.38651,0.52522,0.37976,0.6513,0.36646,0.79887,0.62436,0.58283,0.58782,0.71276,0.24575,0.28295,0.31593,0.33317,0.38899,0.32433,0.55067,0.24185,0.29778,0.51125,0.58576,0.42906,0.21792,0.40851,0.77452,0.36057,0.6818,0.39421,0.71644,0.6117,0.55188,0.598,0.29294,0.77608,0.2958,0.61971,0.23036,0.55618],"triangles":[6,7,5,28,7,9,9,7,8,9,10,28,7,28,38,28,27,38,28,39,27,27,37,38,27,39,34,39,28,10,15,16,14,11,12,10,10,12,26,12,13,26,14,40,13,40,26,13,26,25,10,39,10,25,26,40,25,25,40,41,40,14,41,25,41,24,41,14,42,5,7,38,4,5,3,38,36,3,38,37,36,27,34,37,42,14,16,25,24,39,41,42,33,31,32,34,35,16,17,24,31,34,18,35,17,32,31,21,35,42,16,41,33,24,42,35,33,33,30,24,24,30,31,33,35,30,35,29,30,29,35,18,20,29,18,18,19,20,30,29,31,31,29,21,29,20,21,3,36,2,39,24,34,36,1,2,34,32,37,37,32,36,32,22,36,36,0,1,0,22,23,0,36,22,32,21,22,5,38,3],"vertices":[1,18,-0.57,53.51,1,1,18,4.83,58.21,1,1,18,25.15,58.88,1,1,18,28.08,50.71,1,1,18,43.14,41.88,1,1,18,39.78,37.41,1,1,27,7.53,10.94,1,1,27,2.81,8.76,1,1,27,14.54,4.08,1,3,25,15.54,20.59,0.0052,26,5.26,21.31,0.00849,27,15.36,0.46,0.98629,2,26,0.6,12.7,0.77,27,10.29,-7.9,0.23,1,26,8.33,10.18999,1,1,26,11.35,-0.74,1,2,25,19.78,-6.08,0.0052,26,12.45,-4.71999,0.99479,3,25,7.56,-12.44,0.52982,26,1.01,-12.4,0.47,20,24.61,-30.11,1.6E-4,1,26,6.91,-12.41,1,1,18,35.09999,-30.16,1,1,18,20.36,-38.39,1,1,18,2.53,-39.04,1,1,18,-0.38,-36.65,1,1,18,-0.58999,-30,1,1,18,-1.49,-2.71,1,1,18,-2.51,28.03,1,1,18,-3.23,49.92,1,1,18,26.34,-2.44,1,2,19,7.26,-0.23,0.5,25,0.13,-0.18,0.5,2,25,8.06,-0.26,0.5,26,0.16,-0.24,0.5,1,20,0.29,0.12,1,2,20,8.08,-0.23,0.5,27,-0.08,-0.23,0.5,1,18,13.97,-16.93,1,1,18,16.4,-9.83,1,1,18,15.69,-2.54,1,1,18,10.79,13.46,1,1,18,25.89,-11.33,1,1,18,20.59,17.29,1,1,18,20.70999,-19.49,1,1,18,16.34,36.04,1,1,18,18.43,26.83,1,1,20,-2.26,9.09,1,3,19,2.75,16.6,0.24939,25,-5.35,16.36,0.14,20,4.12,-6.08,0.6106,5,18,39.93,-11.35,0.00942,19,14.71,-8.22,0.12426,25,8.03,-7.71,0.3886,26,0.95,-7.65,0.47766,20,23.73,-25.44,2.0E-5,3,19,6.43,-8.75,0.54306,25,-0.19,-8.72999,0.45268,26,-7.11,-9.58,0.00424,1,18,28.49,-17.99,1],"hull":24}},"MON40061_DL_7":{"MON40061_DL_7":{"x":22.57,"y":-5.72,"rotation":176.09,"width":93,"height":75}},"MON40061_DL_8":{"MON40061_DL_8":{"x":18.23,"y":-1.57,"rotation":145.51,"width":43,"height":43}},"MON40061_DL_9":{"MON40061_DL_9":{"type":"weightedmesh","uvs":[0.89807,0.06433,1,0.21785,1,0.425,1,0.66174,1,0.94657,0.90139,1,0.8367,1,0.5431,1,0.2661,1,0.13008,1,0,1,0,0.86704,0,0.45089,0,0.34917,0.05046,0.27703,0.07534,0.16236,0.21965,0,0.51822,0,0.82343,0,0.15994,0.31772,0.56633,0.34362,0.51656,0.81895,0.07037,0.59146,0.07203,0.75792,0.10209,0.49451,0.54529,0.54452,0.76372,0.73757,0.75708,0.216,0.3153,0.32762,0.25877,0.51219,0.23417,0.78018,0.79855,0.49713],"triangles":[25,20,31,29,28,25,31,27,2,27,17,18,27,18,0,27,0,1,19,15,16,14,15,19,28,16,17,20,28,17,19,16,28,27,20,17,27,1,2,13,24,12,19,13,14,19,24,13,20,27,31,29,19,28,24,19,29,25,28,20,26,25,31,26,31,3,30,29,25,30,23,29,21,30,25,21,25,26,8,30,21,9,30,8,7,21,26,6,7,26,22,12,24,24,29,22,8,21,7,29,23,22,11,12,22,11,22,23,26,3,4,9,10,11,9,23,30,9,11,23,26,5,6,4,5,26,31,2,3],"vertices":[1,3,67.53,-45.18,1,1,3,54.09,-62.07,1,2,2,56.37,-74.12999,0.27649,3,31.47,-68.12,0.7235,1,2,29.62,-73.67,1,1,2,-2.55,-73.12,1,1,2,-8.38,-60.6,1,1,2,-8.24,-52.45,1,1,2,-7.61,-15.46,1,1,2,-7.01,19.43,1,1,2,-6.72,36.56,1,1,2,-6.44,52.95,1,1,2,8.57,52.69,1,2,2,55.59,51.89,0.42429,3,-3.89,52.86,0.5757,1,3,7.21,55.83,1,1,3,16.73,51.79,1,1,3,30.06,52.1,1,1,3,52.48,39.27,1,1,3,62.2,2.93,1,1,3,72.12999,-34.22,1,1,3,15.85,37.27,1,1,3,26.24,-12.95,1,1,2,12.89,-12.47,1,2,2,39.56,43.3,0.65356,3,-16.94,40.18999,0.34643,1,2,20.75,43.41,1,2,2,50.44,39.11,0.51441,3,-5.33,39.16,0.48558,2,2,43.84,-16.62,0.4107,3,3.63,-16.25,0.58929,1,2,21.56,-43.76,1,1,3,46.38,-32.43999,1,1,3,19.82,18.07,1,2,2,48.11,19.41,0.3336,3,-2.16,19.57,0.66639,1,2,17.87999,23.03,1,2,2,48.65,-48.61,0.31363,3,17.04,-45.7,0.68636],"hull":19}},"fx_difen":{"YEZI/1":{"rotation":-87.65,"width":236,"height":111},"YEZI/2":{"rotation":-87.65,"width":236,"height":111},"YEZI/3":{"rotation":-87.65,"width":236,"height":111},"YEZI/4":{"rotation":-87.65,"width":236,"height":111},"YEZI/5":{"rotation":-87.65,"width":236,"height":111},"YEZI/6":{"rotation":-87.65,"width":236,"height":111}},"fx_huichen":{"huicheng_003":{"x":54.05,"y":27.18,"rotation":-90.27,"width":256,"height":256}},"fx_lizi":{"YEZI/yezi_00000":{"x":-1.57,"y":-10.89,"rotation":86.98,"width":40,"height":67},"YEZI/yezi_00002":{"x":-1.57,"y":-10.89,"rotation":86.98,"width":40,"height":67},"YEZI/yezi_00004":{"x":-1.57,"y":-10.89,"rotation":86.98,"width":40,"height":67},"YEZI/yezi_00006":{"x":-1.57,"y":-10.89,"rotation":86.98,"width":40,"height":67},"YEZI/yezi_00008":{"x":-1.57,"y":-10.89,"rotation":86.98,"width":40,"height":67},"YEZI/yezi_00010":{"x":-1.57,"y":-10.89,"rotation":86.98,"width":40,"height":67},"YEZI/yezi_00012":{"x":-1.57,"y":-10.89,"rotation":86.98,"width":40,"height":67},"YEZI/yezi_00014":{"x":-1.57,"y":-10.89,"rotation":86.98,"width":40,"height":67},"YEZI/yezi_00016":{"x":-1.57,"y":-10.89,"rotation":86.98,"width":40,"height":67},"YEZI/yezi_00018":{"x":-1.57,"y":-10.89,"rotation":86.98,"width":40,"height":67},"YEZI/yezi_00020":{"x":-1.57,"y":-10.89,"rotation":86.98,"width":40,"height":67},"YEZI/yezi_00022":{"x":-1.57,"y":-10.89,"rotation":86.98,"width":40,"height":67},"YEZI/yezi_00024":{"x":-1.57,"y":-10.89,"rotation":86.98,"width":40,"height":67},"YEZI/yezi_00026":{"x":-1.57,"y":-10.89,"rotation":86.98,"width":40,"height":67},"YEZI/yezi_00028":{"x":-1.57,"y":-10.89,"rotation":86.98,"width":40,"height":67}},"shadow":{"shadow":{"x":-3.99,"y":-0.07,"scaleX":2,"scaleY":1.862,"rotation":90.95,"width":85,"height":42}}}},"animations":{"wait_DL":{"slots":{"FX_WEAPON":{"attachment":[{"time":0,"name":"hulu"},{"time":0.3333,"name":null},{"time":1.3333,"name":"hulu"},{"time":1.6666,"name":null},{"time":2.6666,"name":null}],"color":[{"time":0,"color":"ffffffff","curve":"stepped"},{"time":0.1,"color":"ffffffff"},{"time":0.3333,"color":"ffffff00","curve":"stepped"},{"time":1.3333,"color":"ffffffff","curve":"stepped"},{"time":1.4333,"color":"ffffffff"},{"time":1.6666,"color":"ffffff00","curve":"stepped"},{"time":2.6666,"color":"ffffff00"}]},"MON40061_DL_0":{"attachment":[{"time":0,"name":null},{"time":0.6666,"name":"MON40061_DL_0"},{"time":0.8666,"name":null},{"time":2.6666,"name":null}]},"fx_lizi":{"attachment":[{"time":0,"name":"YEZI/yezi_00000"},{"time":0.0605,"name":"YEZI/yezi_00002"},{"time":0.121,"name":"YEZI/yezi_00004"},{"time":0.1816,"name":"YEZI/yezi_00006"},{"time":0.2421,"name":"YEZI/yezi_00008"},{"time":0.3027,"name":"YEZI/yezi_00010"},{"time":0.3632,"name":"YEZI/yezi_00012"},{"time":0.4237,"name":"YEZI/yezi_00014"},{"time":0.4843,"name":"YEZI/yezi_00016"},{"time":0.5448,"name":"YEZI/yezi_00018"},{"time":0.6054,"name":"YEZI/yezi_00020"},{"time":0.6659,"name":"YEZI/yezi_00022"},{"time":0.7265,"name":"YEZI/yezi_00024"},{"time":0.787,"name":"YEZI/yezi_00026"},{"time":0.8475,"name":"YEZI/yezi_00028"},{"time":0.9081,"name":"YEZI/yezi_00000"},{"time":0.9686,"name":"YEZI/yezi_00002"},{"time":1.0292,"name":"YEZI/yezi_00004"},{"time":1.0897,"name":"YEZI/yezi_00006"},{"time":1.1503,"name":"YEZI/yezi_00008"},{"time":1.2108,"name":"YEZI/yezi_00010"},{"time":1.2713,"name":"YEZI/yezi_00012"},{"time":1.3319,"name":"YEZI/yezi_00014"},{"time":1.3924,"name":"YEZI/yezi_00016"},{"time":1.453,"name":"YEZI/yezi_00018"},{"time":1.5135,"name":"YEZI/yezi_00020"},{"time":1.5741,"name":"YEZI/yezi_00022"},{"time":1.6346,"name":"YEZI/yezi_00024"},{"time":1.6951,"name":"YEZI/yezi_00026"},{"time":1.7557,"name":"YEZI/yezi_00028"},{"time":1.8162,"name":"YEZI/yezi_00000"},{"time":1.8768,"name":"YEZI/yezi_00002"},{"time":1.9373,"name":"YEZI/yezi_00004"},{"time":1.9979,"name":"YEZI/yezi_00006"},{"time":2.0584,"name":"YEZI/yezi_00008"},{"time":2.1189,"name":"YEZI/yezi_00010"},{"time":2.1795,"name":"YEZI/yezi_00012"},{"time":2.24,"name":"YEZI/yezi_00014"},{"time":2.3006,"name":"YEZI/yezi_00016"},{"time":2.3611,"name":"YEZI/yezi_00018"},{"time":2.4217,"name":"YEZI/yezi_00020"},{"time":2.4822,"name":"YEZI/yezi_00022"},{"time":2.5427,"name":"YEZI/yezi_00024"},{"time":2.6033,"name":"YEZI/yezi_00026"},{"time":2.6638,"name":"YEZI/yezi_00028"}]}},"bones":{"root":{"rotate":[{"time":0,"angle":0,"curve":"stepped"},{"time":1.3333,"angle":0,"curve":"stepped"},{"time":2.6666,"angle":0}],"translate":[{"time":0,"x":0,"y":0,"curve":"stepped"},{"time":1.3333,"x":0,"y":0,"curve":"stepped"},{"time":2.6666,"x":0,"y":0}],"scale":[{"time":0,"x":1,"y":1,"curve":"stepped"},{"time":1.3333,"x":1,"y":1,"curve":"stepped"},{"time":2.6666,"x":1,"y":1}]},"bone":{"rotate":[{"time":0,"angle":0,"curve":"stepped"},{"time":1.3333,"angle":0,"curve":"stepped"},{"time":2.6666,"angle":0}],"translate":[{"time":0,"x":0,"y":0,"curve":"stepped"},{"time":1.3333,"x":0,"y":0,"curve":"stepped"},{"time":2.6666,"x":0,"y":0}],"scale":[{"time":0,"x":1,"y":1,"curve":"stepped"},{"time":1.3333,"x":1,"y":1,"curve":"stepped"},{"time":2.6666,"x":1,"y":1}]},"MON40061_DL_9":{"rotate":[{"time":0,"angle":0,"curve":[0.25,0,0.75,1]},{"time":0.6666,"angle":1.32,"curve":[0.25,0,0.75,1]},{"time":1.3333,"angle":0},{"time":2,"angle":1.32,"curve":[0.25,0,0.75,1]},{"time":2.6666,"angle":0}],"translate":[{"time":0,"x":0,"y":0,"curve":[0.25,0,0.75,1]},{"time":0.6666,"x":-1.23,"y":-5.22,"curve":[0.25,0,0.75,1]},{"time":1.3333,"x":0,"y":0},{"time":2,"x":-1.23,"y":-5.22,"curve":[0.25,0,0.75,1]},{"time":2.6666,"x":0,"y":0}],"scale":[{"time":0,"x":1,"y":1,"curve":"stepped"},{"time":1.3333,"x":1,"y":1,"curve":"stepped"},{"time":2.6666,"x":1,"y":1}]},"bone2":{"rotate":[{"time":0,"angle":0,"curve":"stepped"},{"time":1.3333,"angle":0,"curve":"stepped"},{"time":2.6666,"angle":0}],"translate":[{"time":0,"x":0,"y":0},{"time":0.6666,"x":-5.31,"y":0.21},{"time":1.3333,"x":0,"y":0},{"time":2,"x":-5.31,"y":0.21},{"time":2.6666,"x":0,"y":0}],"scale":[{"time":0,"x":1,"y":1,"curve":"stepped"},{"time":1.3333,"x":1,"y":1,"curve":"stepped"},{"time":2.6666,"x":1,"y":1}]},"MON40061_DL_5":{"rotate":[{"time":0,"angle":0},{"time":0.2,"angle":-2.88},{"time":0.8666,"angle":1.59},{"time":1.3333,"angle":0},{"time":1.5333,"angle":-2.88},{"time":2.2,"angle":1.59},{"time":2.6666,"angle":0}],"translate":[{"time":0,"x":0,"y":0},{"time":0.6666,"x":-2.04,"y":-0.49},{"time":1.3333,"x":0,"y":0},{"time":2,"x":-2.04,"y":-0.49},{"time":2.6666,"x":0,"y":0}],"scale":[{"time":0,"x":1,"y":1,"curve":"stepped"},{"time":1.3333,"x":1,"y":1,"curve":"stepped"},{"time":2.6666,"x":1,"y":1}]},"MON40061_DL_0":{"rotate":[{"time":0,"angle":0,"curve":"stepped"},{"time":1.3333,"angle":0,"curve":"stepped"},{"time":2.6666,"angle":0}],"translate":[{"time":0,"x":0,"y":0,"curve":"stepped"},{"time":1.3333,"x":0,"y":0,"curve":"stepped"},{"time":2.6666,"x":0,"y":0}],"scale":[{"time":0,"x":1,"y":1,"curve":"stepped"},{"time":1.3333,"x":1,"y":1,"curve":"stepped"},{"time":2.6666,"x":1,"y":1}]},"MON40061_DL_1":{"rotate":[{"time":0,"angle":0},{"time":0.2666,"angle":-4.15},{"time":0.9333,"angle":1.88},{"time":1.3333,"angle":0},{"time":1.6,"angle":-4.15},{"time":2.2666,"angle":1.88},{"time":2.6666,"angle":0}],"translate":[{"time":0,"x":0,"y":0,"curve":"stepped"},{"time":1.3333,"x":0,"y":0,"curve":"stepped"},{"time":2.6666,"x":0,"y":0}],"scale":[{"time":0,"x":1,"y":1},{"time":0.2666,"x":1.023,"y":1.02},{"time":0.6666,"x":0.845,"y":1.051},{"time":0.9333,"x":0.909,"y":1.065},{"time":1.3333,"x":1,"y":1},{"time":1.6,"x":1.023,"y":1.02},{"time":2,"x":0.845,"y":1.051},{"time":2.2666,"x":0.909,"y":1.065},{"time":2.6666,"x":1,"y":1}]},"MON40061_DL_6":{"rotate":[{"time":0,"angle":0,"curve":"stepped"},{"time":1.3333,"angle":0,"curve":"stepped"},{"time":2.6666,"angle":0}],"translate":[{"time":0,"x":0,"y":0,"curve":"stepped"},{"time":1.3333,"x":0,"y":0,"curve":"stepped"},{"time":2.6666,"x":0,"y":0}],"scale":[{"time":0,"x":1,"y":1,"curve":"stepped"},{"time":1.3333,"x":1,"y":1,"curve":"stepped"},{"time":2.6666,"x":1,"y":1}]},"MON40061_DL_7":{"rotate":[{"time":0,"angle":0},{"time":0.2666,"angle":-2.62},{"time":0.6666,"angle":-1.18},{"time":0.9333,"angle":-3.22},{"time":1.3333,"angle":0},{"time":1.6,"angle":-2.62},{"time":2,"angle":-1.18},{"time":2.2666,"angle":-3.22},{"time":2.6666,"angle":0}],"translate":[{"time":0,"x":0,"y":0,"curve":"stepped"},{"time":1.3333,"x":0,"y":0,"curve":"stepped"},{"time":2.6666,"x":0,"y":0}],"scale":[{"time":0,"x":1,"y":1,"curve":"stepped"},{"time":1.3333,"x":1,"y":1,"curve":"stepped"},{"time":2.6666,"x":1,"y":1}]},"bone3":{"rotate":[{"time":0,"angle":0},{"time":0.2666,"angle":-13.79},{"time":0.6666,"angle":15.8},{"time":0.9333,"angle":14.69},{"time":1.3333,"angle":0},{"time":1.6,"angle":-13.79},{"time":2,"angle":15.8},{"time":2.2666,"angle":14.69},{"time":2.6666,"angle":0}],"translate":[{"time":0,"x":0,"y":0,"curve":"stepped"},{"time":1.3333,"x":0,"y":0,"curve":"stepped"},{"time":2.6666,"x":0,"y":0}],"scale":[{"time":0,"x":1,"y":1,"curve":"stepped"},{"time":1.3333,"x":1,"y":1,"curve":"stepped"},{"time":2.6666,"x":1,"y":1}]},"bone4":{"rotate":[{"time":0,"angle":0},{"time":0.6666,"angle":13.41},{"time":0.9333,"angle":13.28},{"time":1.3333,"angle":0},{"time":2,"angle":13.41},{"time":2.2666,"angle":13.28},{"time":2.6666,"angle":0}],"translate":[{"time":0,"x":0,"y":0,"curve":"stepped"},{"time":1.3333,"x":0,"y":0,"curve":"stepped"},{"time":2.6666,"x":0,"y":0}],"scale":[{"time":0,"x":1,"y":1,"curve":"stepped"},{"time":1.3333,"x":1,"y":1,"curve":"stepped"},{"time":2.6666,"x":1,"y":1}]},"MON40061_DL_8":{"rotate":[{"time":0,"angle":0},{"time":0.2666,"angle":18.26},{"time":0.6666,"angle":18.85},{"time":0.9333,"angle":19.28},{"time":1.3333,"angle":0},{"time":1.6,"angle":18.26},{"time":2,"angle":18.85},{"time":2.2666,"angle":19.28},{"time":2.6666,"angle":0}],"translate":[{"time":0,"x":0,"y":0,"curve":"stepped"},{"time":1.3333,"x":0,"y":0,"curve":"stepped"},{"time":2.6666,"x":0,"y":0}],"scale":[{"time":0,"x":1,"y":1,"curve":"stepped"},{"time":1.3333,"x":1,"y":1,"curve":"stepped"},{"time":2.6666,"x":1,"y":1}]},"bone5":{"rotate":[{"time":0,"angle":0},{"time":0.2666,"angle":-24.89},{"time":0.9333,"angle":-0.22},{"time":1.3333,"angle":0},{"time":1.6,"angle":-24.89},{"time":2.2666,"angle":-0.22},{"time":2.6666,"angle":0}],"translate":[{"time":0,"x":0,"y":0,"curve":"stepped"},{"time":1.3333,"x":0,"y":0,"curve":"stepped"},{"time":2.6666,"x":0,"y":0}],"scale":[{"time":0,"x":1,"y":1,"curve":"stepped"},{"time":1.3333,"x":1,"y":1,"curve":"stepped"},{"time":2.6666,"x":1,"y":1}]},"MON40061_DL_4":{"rotate":[{"time":0,"angle":0},{"time":0.6666,"angle":13.18},{"time":1.3333,"angle":0},{"time":2,"angle":13.18},{"time":2.6666,"angle":0}],"translate":[{"time":0,"x":0,"y":0,"curve":"stepped"},{"time":0.6666,"x":0,"y":0,"curve":"stepped"},{"time":1.3333,"x":0,"y":0,"curve":"stepped"},{"time":2,"x":0,"y":0,"curve":"stepped"},{"time":2.6666,"x":0,"y":0}],"scale":[{"time":0,"x":1,"y":1,"curve":"stepped"},{"time":0.6666,"x":1,"y":1,"curve":"stepped"},{"time":1.3333,"x":1,"y":1,"curve":"stepped"},{"time":2,"x":1,"y":1,"curve":"stepped"},{"time":2.6666,"x":1,"y":1}]},"MON40061_DL_3":{"rotate":[{"time":0,"angle":0},{"time":0.6666,"angle":-7.5},{"time":1.3333,"angle":0},{"time":2,"angle":-7.5},{"time":2.6666,"angle":0}],"translate":[{"time":0,"x":0,"y":0,"curve":"stepped"},{"time":0.6666,"x":0,"y":0,"curve":"stepped"},{"time":1.3333,"x":0,"y":0,"curve":"stepped"},{"time":2,"x":0,"y":0,"curve":"stepped"},{"time":2.6666,"x":0,"y":0}],"scale":[{"time":0,"x":1,"y":1,"curve":"stepped"},{"time":0.6666,"x":1,"y":1,"curve":"stepped"},{"time":1.3333,"x":1,"y":1,"curve":"stepped"},{"time":2,"x":1,"y":1,"curve":"stepped"},{"time":2.6666,"x":1,"y":1}]},"MON40061_DL_2":{"rotate":[{"time":0,"angle":0,"curve":"stepped"},{"time":0.6666,"angle":0,"curve":"stepped"},{"time":1.3333,"angle":0,"curve":"stepped"},{"time":2,"angle":0,"curve":"stepped"},{"time":2.6666,"angle":0}],"translate":[{"time":0,"x":0,"y":0,"curve":"stepped"},{"time":0.6666,"x":0,"y":0,"curve":"stepped"},{"time":1.3333,"x":0,"y":0,"curve":"stepped"},{"time":2,"x":0,"y":0,"curve":"stepped"},{"time":2.6666,"x":0,"y":0}],"scale":[{"time":0,"x":1,"y":1,"curve":"stepped"},{"time":0.6666,"x":1,"y":1,"curve":"stepped"},{"time":1.3333,"x":1,"y":1,"curve":"stepped"},{"time":2,"x":1,"y":1,"curve":"stepped"},{"time":2.6666,"x":1,"y":1}]},"MON40061_DL_10":{"rotate":[{"time":0,"angle":0,"curve":"stepped"},{"time":0.6666,"angle":0,"curve":"stepped"},{"time":1.3333,"angle":0,"curve":"stepped"},{"time":2,"angle":0,"curve":"stepped"},{"time":2.6666,"angle":0}],"translate":[{"time":0,"x":0,"y":0,"curve":"stepped"},{"time":0.6666,"x":0,"y":0,"curve":"stepped"},{"time":1.3333,"x":0,"y":0,"curve":"stepped"},{"time":2,"x":0,"y":0,"curve":"stepped"},{"time":2.6666,"x":0,"y":0}],"scale":[{"time":0,"x":1,"y":1,"curve":"stepped"},{"time":0.6666,"x":1,"y":1,"curve":"stepped"},{"time":1.3333,"x":1,"y":1,"curve":"stepped"},{"time":2,"x":1,"y":1,"curve":"stepped"},{"time":2.6666,"x":1,"y":1}]},"MON40061_DL_14":{"rotate":[{"time":0,"angle":0},{"time":0.6666,"angle":-18.78},{"time":1.3333,"angle":0},{"time":2,"angle":-18.78},{"time":2.6666,"angle":0}],"translate":[{"time":0,"x":0,"y":0,"curve":"stepped"},{"time":1.3333,"x":0,"y":0,"curve":"stepped"},{"time":2.6666,"x":0,"y":0}],"scale":[{"time":0,"x":1,"y":1,"curve":"stepped"},{"time":1.3333,"x":1,"y":1,"curve":"stepped"},{"time":2.6666,"x":1,"y":1}]},"MON40061_DL_13":{"rotate":[{"time":0,"angle":0},{"time":0.6666,"angle":8.73},{"time":1.3333,"angle":0},{"time":2,"angle":8.73},{"time":2.6666,"angle":0}],"translate":[{"time":0,"x":0,"y":0,"curve":"stepped"},{"time":1.3333,"x":0,"y":0,"curve":"stepped"},{"time":2.6666,"x":0,"y":0}],"scale":[{"time":0,"x":1,"y":1,"curve":"stepped"},{"time":1.3333,"x":1,"y":1,"curve":"stepped"},{"time":2.6666,"x":1,"y":1}]},"MON40061_DL_12":{"rotate":[{"time":0,"angle":0,"curve":"stepped"},{"time":1.3333,"angle":0,"curve":"stepped"},{"time":2.6666,"angle":0}],"translate":[{"time":0,"x":0,"y":0,"curve":"stepped"},{"time":1.3333,"x":0,"y":0,"curve":"stepped"},{"time":2.6666,"x":0,"y":0}],"scale":[{"time":0,"x":1,"y":1,"curve":"stepped"},{"time":1.3333,"x":1,"y":1,"curve":"stepped"},{"time":2.6666,"x":1,"y":1}]},"MON40061_DL_16":{"rotate":[{"time":0,"angle":0,"curve":"stepped"},{"time":1.3333,"angle":0,"curve":"stepped"},{"time":2.6666,"angle":0}],"translate":[{"time":0,"x":0,"y":0,"curve":"stepped"},{"time":1.3333,"x":0,"y":0,"curve":"stepped"},{"time":2.6666,"x":0,"y":0}],"scale":[{"time":0,"x":1,"y":1,"curve":"stepped"},{"time":1.3333,"x":1,"y":1,"curve":"stepped"},{"time":2.6666,"x":1,"y":1}]},"MON40061_DL_11":{"rotate":[{"time":0,"angle":0,"curve":"stepped"},{"time":1.3333,"angle":0,"curve":"stepped"},{"time":2.6666,"angle":0}],"translate":[{"time":0,"x":0,"y":0,"curve":"stepped"},{"time":1.3333,"x":0,"y":0,"curve":"stepped"},{"time":2.6666,"x":0,"y":0}],"scale":[{"time":0,"x":1,"y":1,"curve":"stepped"},{"time":1.3333,"x":1,"y":1,"curve":"stepped"},{"time":2.6666,"x":1,"y":1}]},"MON40061_DL_15":{"rotate":[{"time":0,"angle":0},{"time":0.2333,"angle":-3.1},{"time":0.6666,"angle":39.23},{"time":0.9,"angle":22.08},{"time":1.3333,"angle":0},{"time":1.5666,"angle":-3.1},{"time":2,"angle":39.23},{"time":2.2333,"angle":22.08},{"time":2.6666,"angle":0}],"translate":[{"time":0,"x":0,"y":0,"curve":"stepped"},{"time":0.6666,"x":0,"y":0,"curve":"stepped"},{"time":1.3333,"x":0,"y":0,"curve":"stepped"},{"time":2,"x":0,"y":0,"curve":"stepped"},{"time":2.6666,"x":0,"y":0}],"scale":[{"time":0,"x":1,"y":1,"curve":"stepped"},{"time":0.6666,"x":1,"y":1,"curve":"stepped"},{"time":1.3333,"x":1,"y":1,"curve":"stepped"},{"time":2,"x":1,"y":1,"curve":"stepped"},{"time":2.6666,"x":1,"y":1}]},"bone6":{"rotate":[{"time":0,"angle":0},{"time":0.2333,"angle":-5.84},{"time":0.6666,"angle":-8.88},{"time":0.9,"angle":15.09},{"time":1.3333,"angle":0},{"time":1.5666,"angle":-5.84},{"time":2,"angle":-8.88},{"time":2.2333,"angle":15.09},{"time":2.6666,"angle":0}],"translate":[{"time":0,"x":0,"y":0,"curve":"stepped"},{"time":0.6666,"x":0,"y":0,"curve":"stepped"},{"time":1.3333,"x":0,"y":0,"curve":"stepped"},{"time":2,"x":0,"y":0,"curve":"stepped"},{"time":2.6666,"x":0,"y":0}],"scale":[{"time":0,"x":1,"y":1,"curve":"stepped"},{"time":0.6666,"x":1,"y":1,"curve":"stepped"},{"time":1.3333,"x":1,"y":1,"curve":"stepped"},{"time":2,"x":1,"y":1,"curve":"stepped"},{"time":2.6666,"x":1,"y":1}]},"bone7":{"rotate":[{"time":0,"angle":0},{"time":0.2333,"angle":-9.59},{"time":0.9,"angle":14.68},{"time":1.3333,"angle":0},{"time":1.5666,"angle":-9.59},{"time":2.2333,"angle":14.68},{"time":2.6666,"angle":0}],"translate":[{"time":0,"x":0,"y":0,"curve":"stepped"},{"time":0.6666,"x":0,"y":0,"curve":"stepped"},{"time":1.3333,"x":0,"y":0,"curve":"stepped"},{"time":2,"x":0,"y":0,"curve":"stepped"},{"time":2.6666,"x":0,"y":0}],"scale":[{"time":0,"x":1,"y":1,"curve":"stepped"},{"time":0.6666,"x":1,"y":1,"curve":"stepped"},{"time":1.3333,"x":1,"y":1,"curve":"stepped"},{"time":2,"x":1,"y":1,"curve":"stepped"},{"time":2.6666,"x":1,"y":1}]},"MON40061_DL_17":{"rotate":[{"time":0,"angle":0,"curve":"stepped"},{"time":1.3333,"angle":0,"curve":"stepped"},{"time":2.6666,"angle":0}],"translate":[{"time":0,"x":0,"y":0,"curve":"stepped"},{"time":1.3333,"x":0,"y":0,"curve":"stepped"},{"time":2.6666,"x":0,"y":0}],"scale":[{"time":0,"x":1,"y":1},{"time":0.6666,"x":1,"y":1.097},{"time":1.3333,"x":1,"y":1},{"time":2,"x":1,"y":1.097},{"time":2.6666,"x":1,"y":1}]},"MON40061_DL_18":{"rotate":[{"time":0,"angle":0,"curve":"stepped"},{"time":1.3333,"angle":0,"curve":"stepped"},{"time":2.6666,"angle":0}],"translate":[{"time":0,"x":0,"y":0,"curve":"stepped"},{"time":1.3333,"x":0,"y":0,"curve":"stepped"},{"time":2.6666,"x":0,"y":0}],"scale":[{"time":0,"x":1,"y":1},{"time":0.6666,"x":1,"y":1.076},{"time":1.3333,"x":1,"y":1},{"time":2,"x":1,"y":1.076},{"time":2.6666,"x":1,"y":1}]},"FX_WEAPON":{"scale":[{"time":0,"x":0.3,"y":0.3},{"time":0.1,"x":1,"y":1},{"time":0.3333,"x":1.1,"y":1.1,"curve":"stepped"},{"time":1.3333,"x":0.3,"y":0.3},{"time":1.4333,"x":1,"y":1},{"time":1.6666,"x":1.1,"y":1.1,"curve":"stepped"},{"time":2.6666,"x":1.1,"y":1.1}]},"shadow":{"rotate":[{"time":0,"angle":0,"curve":"stepped"},{"time":2.6666,"angle":0}],"translate":[{"time":0,"x":0,"y":0,"curve":"stepped"},{"time":2.6666,"x":0,"y":0}],"scale":[{"time":0,"x":1,"y":1},{"time":1.3333,"x":1.129,"y":1.18},{"time":2.6666,"x":1,"y":1}]}},"ffd":{"default":{"MON40061_DL_6":{"MON40061_DL_6":[{"time":0},{"time":0.2666,"offset":4,"vertices":[-1.80829,0.93391,0,0,-0.37103,-0.21606,-1.63916,-1.45137,0,0,0,0,0,0,-0.26293,-0.47274,-0.25444,-0.47738,-0.25053,-0.47945,0,0,0,0,-0.40844,-2.72669,0,0,-1.52061,-1.96355,-1.48532,-1.99041,0.67871,-0.66315,0.69046,-0.65099,0.54329,-0.77793,0.53658,-2.2666,0,0,0,0,0,0,0,0,0,0,0,0,0,0,0,0,0,0,0.4431,0.07874,0.40021,0.20594,0.7316,0.64194,0.72006,0.65487,-0.48454,1.10825,0,0,0,0,0,0,0,0,0,0,0,0,-0.92692,0.39184,0.28033,0.31851,0,0,0,0,0,0,-0.14366,0.48528,0.24294,0.3479,0.12955,0.40412,0.20256,0.37289,-0.86,-0.65614,-0.78118,-0.74831,-0.52584,-0.94545,-0.50879,-0.9548,-0.69263,-0.83095]},{"time":0.6666,"offset":2,"vertices":[-1.65302,0.46882,-2.12505,0.46788,2.12193,1.18423,0.46977,1.18103,0.47068,0.70897,0.25573,2.6791,-2.06169,0.84147,0.11205,0.73797,0,0,0,0,0,0,1.03672,1.19675,0.45668,1.51613,0,0,0,0,0,0,0,0,0,0,0,0,0,0,0,0,0,0,0,0,0,0,-0.70896,0.47067,0,0,0,0,-0.47246,0.23509,0,0,-0.70714,-0.47342,0,0,0,0,0.40813,-0.52833,0.34049,-0.57425,-0.51163,0.12949,0,0,0,0,0,0,0,0,0,0,0,0,0.00185,-0.9441,0.47434,-1.1792,-0.47113,-0.47296,-0.71261,2.35882,1.39754,-0.69535,-0.48044,2.82908,0,0,0,0,0,0,0,0,0,0,0,0,0,0,0,0,0,0,0,0,0,0,0.47436,-1.17919]},{"time":0.9333,"offset":6,"vertices":[0.02521,1.85005,1.44373,2.34365,0,0,0,0,0,0,0,0,0,0,0,0,0,0,0,0,0,0,0,0,0,0,0,0,0,0,0,0,0,0,0,0,0,0,0,0,0,0,0,0,0,0,0,0,0,0,0,0,0,0,0.57769,0.18694,1.05721,0.89433,1.21226,0.66927,1.27635,1.43469,1.43922,1.27127,0.79051,0.94179,0.7528,1.13009,0.97833,0.94163,0,0,0,0,0,0,0,0,0.76803,-0.00674,2.69487,0.74444,0.76124,-0.77478,1.73653,0.94489,1.72809,-0.01519,1.01622,1.77042,0.91016,0.49088,0.98883,0.30255,0.86598,0.5652,-0.17851,1.5378,-0.36569,1.50437,-0.06311,1.54688,0.12287,1.54331,-0.49011,1.46862,0.84455,1.06323,1.03691,0.87664,1.13458,0.74596]},{"time":1.3333},{"time":1.6,"offset":4,"vertices":[-1.80829,0.93391,0,0,-0.37103,-0.21606,-1.63916,-1.45137,0,0,0,0,0,0,-0.26293,-0.47274,-0.25444,-0.47738,-0.25053,-0.47945,0,0,0,0,-0.40844,-2.72669,0,0,-1.52061,-1.96355,-1.48532,-1.99041,0.67871,-0.66315,0.69046,-0.65099,0.54329,-0.77793,0.53658,-2.2666,0,0,0,0,0,0,0,0,0,0,0,0,0,0,0,0,0,0,0.4431,0.07874,0.40021,0.20594,0.7316,0.64194,0.72006,0.65487,-0.48454,1.10825,0,0,0,0,0,0,0,0,0,0,0,0,-0.92692,0.39184,0.28033,0.31851,0,0,0,0,0,0,-0.14366,0.48528,0.24294,0.3479,0.12955,0.40412,0.20256,0.37289,-0.86,-0.65614,-0.78118,-0.74831,-0.52584,-0.94545,-0.50879,-0.9548,-0.69263,-0.83095]},{"time":2,"offset":2,"vertices":[-1.65302,0.46882,-2.12505,0.46788,2.12193,1.18423,0.46977,1.18103,0.47068,0.70897,0.25573,2.6791,-2.06169,0.84147,0.11205,0.73797,0,0,0,0,0,0,1.03672,1.19675,0.45668,1.51613,0,0,0,0,0,0,0,0,0,0,0,0,0,0,0,0,0,0,0,0,0,0,-0.70896,0.47067,0,0,0,0,-0.47246,0.23509,0,0,-0.70714,-0.47342,0,0,0,0,0.40813,-0.52833,0.34049,-0.57425,-0.51163,0.12949,0,0,0,0,0,0,0,0,0,0,0,0,0.00185,-0.9441,0.47434,-1.1792,-0.47113,-0.47296,-0.71261,2.35882,1.39754,-0.69535,-0.48044,2.82908,0,0,0,0,0,0,0,0,0,0,0,0,0,0,0,0,0,0,0,0,0,0,0.47436,-1.17919]},{"time":2.2666,"offset":6,"vertices":[0.02521,1.85005,1.44373,2.34365,0,0,0,0,0,0,0,0,0,0,0,0,0,0,0,0,0,0,0,0,0,0,0,0,0,0,0,0,0,0,0,0,0,0,0,0,0,0,0,0,0,0,0,0,0,0,0,0,0,0,0.57769,0.18694,1.05721,0.89433,1.21226,0.66927,1.27635,1.43469,1.43922,1.27127,0.79051,0.94179,0.7528,1.13009,0.97833,0.94163,0,0,0,0,0,0,0,0,0.76803,-0.00674,2.69487,0.74444,0.76124,-0.77478,1.73653,0.94489,1.72809,-0.01519,1.01622,1.77042,0.91016,0.49088,0.98883,0.30255,0.86598,0.5652,-0.17851,1.5378,-0.36569,1.50437,-0.06311,1.54688,0.12287,1.54331,-0.49011,1.46862,0.84455,1.06323,1.03691,0.87664,1.13458,0.74596]},{"time":2.6666}]},"MON40061_DL_9":{"MON40061_DL_9":[{"time":0},{"time":0.3333,"offset":26,"vertices":[1.35945,-0.72967,1.50774,-0.32823,3.01544,-0.65644,4.09755,0.68716,0,0,0,0,0,0,0,0,3.9273,1.35587,3.7693,-0.82056,2.34404,-2.4839,1.72427,-0.04993,1.67184,0.42564,3.11365,0.25498,2.77879,0.60979,2.50468,1.34975,3.75342,-1.48928,4.01855,-0.40105,2.28411,-4.55303,1.42261,0.00615,2.93034,-0.32207,1.69431,-1.0845,1.92723,-0.57746,1.72427,-0.04993,2.05914,-0.40477,2.09134,0.17641]},{"time":1,"offset":24,"vertices":[-0.77552,-0.97394,-2.0128,-0.68901,-1.7463,-1.2155,-2.16749,-1.57971,0,0,0,0,0,0,0,0,0,0,-0.54409,0.11843,-0.90388,-0.4871,-1.80416,-2.7089,-1.86556,0.45618,-1.9193,-0.0738,-0.75389,-0.22727,-1.67432,1.77422,-2.09747,1.2462,-1.05455,-0.65975,-0.83284,-0.92413,-2.78619,-3.66186,-1.20218,-1.33394,-2.29482,-0.07031,-3.42857,0.78958,-3.51393,-0.18255,-3.78882,-1.07876,-1.37942,0.03995,-1.33747,-0.34051]},{"time":1.3333},{"time":1.6666,"offset":26,"vertices":[1.35945,-0.72967,1.50774,-0.32823,3.01544,-0.65644,4.09755,0.68716,0,0,0,0,0,0,0,0,3.9273,1.35587,3.7693,-0.82056,2.34404,-2.4839,1.72427,-0.04993,1.67184,0.42564,3.11365,0.25498,2.77879,0.60979,2.50468,1.34975,3.75342,-1.48928,4.01855,-0.40105,2.28411,-4.55303,1.42261,0.00615,2.93034,-0.32207,1.69431,-1.0845,1.92723,-0.57746,1.72427,-0.04993,2.05914,-0.40477,2.09134,0.17641]},{"time":2.3333,"offset":24,"vertices":[-0.77552,-0.97394,-2.0128,-0.68901,-1.7463,-1.2155,-2.16749,-1.57971,0,0,0,0,0,0,0,0,0,0,-0.54409,0.11843,-0.90388,-0.4871,-1.80416,-2.7089,-1.86556,0.45618,-1.9193,-0.0738,-0.75389,-0.22727,-1.67432,1.77422,-2.09747,1.2462,-1.05455,-0.65975,-0.83284,-0.92413,-2.78619,-3.66186,-1.20218,-1.33394,-2.29482,-0.07031,-3.42857,0.78958,-3.51393,-0.18255,-3.78882,-1.07876,-1.37942,0.03995,-1.33747,-0.34051]},{"time":2.6666}]}}}},"wait_special_DL":{"slots":{"MON40061_DL_0":{"attachment":[{"time":0,"name":null},{"time":0.7666,"name":"MON40061_DL_0"},{"time":1,"name":null},{"time":2.1666,"name":null}]},"fx_difen":{"attachment":[{"time":0,"name":null},{"time":0.6666,"name":"YEZI/1"},{"time":0.7221,"name":"YEZI/2"},{"time":0.7776,"name":"YEZI/3"},{"time":0.8333,"name":"YEZI/4"},{"time":0.8885,"name":"YEZI/5"},{"time":0.944,"name":"YEZI/6"},{"time":0.9995,"name":null},{"time":2.1666,"name":null}]},"fx_huichen":{"attachment":[{"time":0,"name":null},{"time":1.3666,"name":"huicheng_003"},{"time":2.1666,"name":null}],"color":[{"time":0,"color":"ffffffff","curve":"stepped"},{"time":1.4,"color":"ffffffff"},{"time":1.6,"color":"ffffff00","curve":"stepped"},{"time":2.1666,"color":"ffffff00"}]}},"bones":{"root":{"rotate":[{"time":0,"angle":0,"curve":"stepped"},{"time":0.3333,"angle":0,"curve":"stepped"},{"time":0.5,"angle":0,"curve":"stepped"},{"time":0.6666,"angle":0,"curve":"stepped"},{"time":1,"angle":0,"curve":"stepped"},{"time":1.1666,"angle":0,"curve":"stepped"},{"time":1.2333,"angle":0,"curve":"stepped"},{"time":1.3,"angle":0,"curve":"stepped"},{"time":1.4333,"angle":0,"curve":"stepped"},{"time":1.5666,"angle":0,"curve":"stepped"},{"time":1.7333,"angle":0,"curve":"stepped"},{"time":1.8333,"angle":0,"curve":"stepped"},{"time":1.9666,"angle":0,"curve":"stepped"},{"time":2.1666,"angle":0}],"translate":[{"time":0,"x":0,"y":0,"curve":"stepped"},{"time":0.3333,"x":0,"y":0,"curve":"stepped"},{"time":0.5,"x":0,"y":0,"curve":"stepped"},{"time":0.6666,"x":0,"y":0,"curve":"stepped"},{"time":1,"x":0,"y":0,"curve":"stepped"},{"time":1.1666,"x":0,"y":0,"curve":"stepped"},{"time":1.2333,"x":0,"y":0,"curve":"stepped"},{"time":1.3,"x":0,"y":0,"curve":"stepped"},{"time":1.4333,"x":0,"y":0,"curve":"stepped"},{"time":1.5666,"x":0,"y":0,"curve":"stepped"},{"time":1.7333,"x":0,"y":0,"curve":"stepped"},{"time":1.8333,"x":0,"y":0,"curve":"stepped"},{"time":1.9666,"x":0,"y":0,"curve":"stepped"},{"time":2.1666,"x":0,"y":0}],"scale":[{"time":0,"x":1,"y":1,"curve":"stepped"},{"time":0.3333,"x":1,"y":1,"curve":"stepped"},{"time":0.5,"x":1,"y":1,"curve":"stepped"},{"time":0.6666,"x":1,"y":1,"curve":"stepped"},{"time":1,"x":1,"y":1,"curve":"stepped"},{"time":1.1666,"x":1,"y":1,"curve":"stepped"},{"time":1.2333,"x":1,"y":1,"curve":"stepped"},{"time":1.3,"x":1,"y":1,"curve":"stepped"},{"time":1.4333,"x":1,"y":1,"curve":"stepped"},{"time":1.5666,"x":1,"y":1,"curve":"stepped"},{"time":1.7333,"x":1,"y":1,"curve":"stepped"},{"time":1.8333,"x":1,"y":1,"curve":"stepped"},{"time":1.9666,"x":1,"y":1,"curve":"stepped"},{"time":2.1666,"x":1,"y":1}]},"bone":{"rotate":[{"time":0,"angle":0,"curve":"stepped"},{"time":0.3333,"angle":0,"curve":"stepped"},{"time":0.5,"angle":0},{"time":0.6666,"angle":-10,"curve":"stepped"},{"time":1,"angle":-10},{"time":1.1666,"angle":-7.48},{"time":1.2333,"angle":0,"curve":"stepped"},{"time":1.3,"angle":0,"curve":"stepped"},{"time":1.4333,"angle":0,"curve":"stepped"},{"time":1.5666,"angle":0},{"time":1.7333,"angle":-5},{"time":1.8333,"angle":-10},{"time":1.9666,"angle":0},{"time":2.1666,"angle":0.05}],"translate":[{"time":0,"x":0,"y":0,"curve":"stepped"},{"time":0.3333,"x":0,"y":0},{"time":0.5,"x":10,"y":0},{"time":0.6666,"x":40.87,"y":7.43},{"time":1,"x":43.07,"y":4.51},{"time":1.1666,"x":47.3,"y":3.38},{"time":1.2333,"x":40,"y":0},{"time":1.3,"x":50,"y":0},{"time":1.4333,"x":70,"y":0,"curve":"stepped"},{"time":1.5666,"x":70,"y":0},{"time":1.6333,"x":52.17,"y":22.53},{"time":1.7333,"x":25.43,"y":28.46},{"time":1.8333,"x":20.87,"y":7.43},{"time":1.9666,"x":0,"y":0,"curve":"stepped"},{"time":2.1666,"x":0,"y":0}],"scale":[{"time":0,"x":1,"y":1,"curve":"stepped"},{"time":0.3333,"x":1,"y":1,"curve":"stepped"},{"time":0.5,"x":1,"y":1,"curve":"stepped"},{"time":0.6666,"x":1,"y":1,"curve":"stepped"},{"time":1,"x":1,"y":1,"curve":"stepped"},{"time":1.1666,"x":1,"y":1,"curve":"stepped"},{"time":1.2333,"x":1,"y":1,"curve":"stepped"},{"time":1.3,"x":1,"y":1,"curve":"stepped"},{"time":1.4333,"x":1,"y":1,"curve":"stepped"},{"time":1.5666,"x":1,"y":1,"curve":"stepped"},{"time":1.7333,"x":1,"y":1,"curve":"stepped"},{"time":1.8333,"x":1,"y":1,"curve":"stepped"},{"time":1.9666,"x":1,"y":1,"curve":"stepped"},{"time":2.1666,"x":1,"y":1}]},"MON40061_DL_9":{"rotate":[{"time":0,"angle":0},{"time":0.3333,"angle":1.32,"curve":[0.25,0,0.75,1]},{"time":0.5,"angle":0,"curve":"stepped"},{"time":0.6666,"angle":0},{"time":1,"angle":-4.21},{"time":1.1666,"angle":-3.16},{"time":1.2333,"angle":0},{"time":1.3,"angle":1.32,"curve":[0.25,0,0.75,1]},{"time":1.4333,"angle":-7.21,"curve":[0.25,0,0.75,1]},{"time":1.5666,"angle":0,"curve":"stepped"},{"time":1.7333,"angle":0,"curve":"stepped"},{"time":1.8333,"angle":0},{"time":1.9666,"angle":1.32,"curve":[0.25,0,0.75,1]},{"time":2.1666,"angle":0}],"translate":[{"time":0,"x":0,"y":0},{"time":0.3333,"x":-1.23,"y":-5.22,"curve":[0.25,0,0.75,1]},{"time":0.5,"x":0,"y":0,"curve":"stepped"},{"time":0.6666,"x":0,"y":0},{"time":1,"x":-1.14,"y":6.48},{"time":1.1666,"x":-0.85,"y":4.86},{"time":1.2333,"x":0,"y":0},{"time":1.3,"x":-1.23,"y":-5.22,"curve":"stepped"},{"time":1.4333,"x":-1.23,"y":-5.22,"curve":[0.25,0,0.75,1]},{"time":1.5666,"x":0,"y":0,"curve":"stepped"},{"time":1.7333,"x":0,"y":0,"curve":"stepped"},{"time":1.8333,"x":0,"y":0},{"time":1.9666,"x":-1.23,"y":-5.22,"curve":[0.25,0,0.75,1]},{"time":2.1666,"x":0,"y":0}],"scale":[{"time":0,"x":1,"y":1,"curve":"stepped"},{"time":0.3333,"x":1,"y":1,"curve":"stepped"},{"time":0.5,"x":1,"y":1,"curve":"stepped"},{"time":0.6666,"x":1,"y":1,"curve":"stepped"},{"time":1,"x":1,"y":1,"curve":"stepped"},{"time":1.1666,"x":1,"y":1,"curve":"stepped"},{"time":1.2333,"x":1,"y":1,"curve":"stepped"},{"time":1.3,"x":1,"y":1,"curve":"stepped"},{"time":1.4333,"x":1,"y":1,"curve":"stepped"},{"time":1.5666,"x":1,"y":1,"curve":"stepped"},{"time":1.7333,"x":1,"y":1,"curve":"stepped"},{"time":1.8333,"x":1,"y":1,"curve":"stepped"},{"time":1.9666,"x":1,"y":1,"curve":"stepped"},{"time":2.1666,"x":1,"y":1}]},"bone2":{"rotate":[{"time":0,"angle":0,"curve":"stepped"},{"time":0.3333,"angle":0,"curve":"stepped"},{"time":0.5,"angle":0,"curve":"stepped"},{"time":0.6666,"angle":0},{"time":1,"angle":-4.58},{"time":1.1666,"angle":-3.44},{"time":1.2333,"angle":0,"curve":"stepped"},{"time":1.3,"angle":0},{"time":1.4333,"angle":16.48},{"time":1.5666,"angle":0,"curve":"stepped"},{"time":1.7333,"angle":0,"curve":"stepped"},{"time":1.8333,"angle":0,"curve":"stepped"},{"time":1.9666,"angle":0,"curve":"stepped"},{"time":2.1666,"angle":0}],"translate":[{"time":0,"x":0,"y":0},{"time":0.3333,"x":-5.31,"y":0.21},{"time":0.5,"x":0,"y":0,"curve":"stepped"},{"time":0.6666,"x":0,"y":0,"curve":"stepped"},{"time":1,"x":0,"y":0,"curve":"stepped"},{"time":1.1666,"x":0,"y":0,"curve":"stepped"},{"time":1.2333,"x":0,"y":0},{"time":1.3,"x":-5.31,"y":0.21,"curve":"stepped"},{"time":1.4333,"x":-5.31,"y":0.21},{"time":1.5666,"x":0,"y":0,"curve":"stepped"},{"time":1.7333,"x":0,"y":0,"curve":"stepped"},{"time":1.8333,"x":0,"y":0},{"time":1.9666,"x":-5.31,"y":0.21},{"time":2.1666,"x":0,"y":0}],"scale":[{"time":0,"x":1,"y":1,"curve":"stepped"},{"time":0.3333,"x":1,"y":1,"curve":"stepped"},{"time":0.5,"x":1,"y":1,"curve":"stepped"},{"time":0.6666,"x":1,"y":1,"curve":"stepped"},{"time":1,"x":1,"y":1,"curve":"stepped"},{"time":1.1666,"x":1,"y":1,"curve":"stepped"},{"time":1.2333,"x":1,"y":1,"curve":"stepped"},{"time":1.3,"x":1,"y":1,"curve":"stepped"},{"time":1.4333,"x":1,"y":1,"curve":"stepped"},{"time":1.5666,"x":1,"y":1,"curve":"stepped"},{"time":1.7333,"x":1,"y":1,"curve":"stepped"},{"time":1.8333,"x":1,"y":1,"curve":"stepped"},{"time":1.9666,"x":1,"y":1,"curve":"stepped"},{"time":2.1666,"x":1,"y":1}]},"MON40061_DL_5":{"rotate":[{"time":0,"angle":0,"curve":"stepped"},{"time":0.3333,"angle":0,"curve":"stepped"},{"time":0.5,"angle":0},{"time":0.6666,"angle":-5.62},{"time":1,"angle":-20.52},{"time":1.1666,"angle":-23.14},{"time":1.2333,"angle":-19.37},{"time":1.3,"angle":-17.26},{"time":1.4333,"angle":-0.96},{"time":1.5666,"angle":0},{"time":1.7333,"angle":-2.81},{"time":1.8333,"angle":-5.62},{"time":1.9666,"angle":0,"curve":"stepped"},{"time":2.1666,"angle":0}],"translate":[{"time":0,"x":0,"y":0},{"time":0.3333,"x":-2.04,"y":-0.49},{"time":0.5,"x":0,"y":0,"curve":"stepped"},{"time":0.6666,"x":0,"y":0},{"time":1,"x":2.43,"y":-6.28},{"time":1.1666,"x":1.82,"y":-4.71},{"time":1.2333,"x":0.71,"y":-2.69},{"time":1.3,"x":-2.04,"y":-0.49,"curve":"stepped"},{"time":1.4333,"x":-2.04,"y":-0.49},{"time":1.5666,"x":0,"y":0,"curve":"stepped"},{"time":1.7333,"x":0,"y":0,"curve":"stepped"},{"time":1.8333,"x":0,"y":0},{"time":1.9666,"x":-2.04,"y":-0.49},{"time":2.1666,"x":0,"y":0}],"scale":[{"time":0,"x":1,"y":1,"curve":"stepped"},{"time":0.3333,"x":1,"y":1,"curve":"stepped"},{"time":0.5,"x":1,"y":1,"curve":"stepped"},{"time":0.6666,"x":1,"y":1,"curve":"stepped"},{"time":1,"x":1,"y":1,"curve":"stepped"},{"time":1.1666,"x":1,"y":1,"curve":"stepped"},{"time":1.2333,"x":1,"y":1,"curve":"stepped"},{"time":1.3,"x":1,"y":1,"curve":"stepped"},{"time":1.4333,"x":1,"y":1,"curve":"stepped"},{"time":1.5666,"x":1,"y":1,"curve":"stepped"},{"time":1.7333,"x":1,"y":1,"curve":"stepped"},{"time":1.8333,"x":1,"y":1,"curve":"stepped"},{"time":1.9666,"x":1,"y":1,"curve":"stepped"},{"time":2.1666,"x":1,"y":1}]},"MON40061_DL_0":{"rotate":[{"time":0,"angle":0,"curve":"stepped"},{"time":0.3333,"angle":0,"curve":"stepped"},{"time":0.5,"angle":0,"curve":"stepped"},{"time":0.6666,"angle":0,"curve":"stepped"},{"time":1,"angle":0,"curve":"stepped"},{"time":1.1666,"angle":0,"curve":"stepped"},{"time":1.2333,"angle":0,"curve":"stepped"},{"time":1.3,"angle":0,"curve":"stepped"},{"time":1.4333,"angle":0,"curve":"stepped"},{"time":1.5666,"angle":0,"curve":"stepped"},{"time":1.7333,"angle":0,"curve":"stepped"},{"time":1.8333,"angle":0,"curve":"stepped"},{"time":1.9666,"angle":0,"curve":"stepped"},{"time":2.1666,"angle":0}],"translate":[{"time":0,"x":0,"y":0,"curve":"stepped"},{"time":0.3333,"x":0,"y":0,"curve":"stepped"},{"time":0.5,"x":0,"y":0,"curve":"stepped"},{"time":0.6666,"x":0,"y":0,"curve":"stepped"},{"time":1,"x":0,"y":0,"curve":"stepped"},{"time":1.1666,"x":0,"y":0,"curve":"stepped"},{"time":1.2333,"x":0,"y":0,"curve":"stepped"},{"time":1.3,"x":0,"y":0,"curve":"stepped"},{"time":1.4333,"x":0,"y":0,"curve":"stepped"},{"time":1.5666,"x":0,"y":0,"curve":"stepped"},{"time":1.7333,"x":0,"y":0,"curve":"stepped"},{"time":1.8333,"x":0,"y":0,"curve":"stepped"},{"time":1.9666,"x":0,"y":0,"curve":"stepped"},{"time":2.1666,"x":0,"y":0}],"scale":[{"time":0,"x":1,"y":1,"curve":"stepped"},{"time":0.3333,"x":1,"y":1,"curve":"stepped"},{"time":0.5,"x":1,"y":1,"curve":"stepped"},{"time":0.6666,"x":1,"y":1,"curve":"stepped"},{"time":1,"x":1,"y":1,"curve":"stepped"},{"time":1.1666,"x":1,"y":1,"curve":"stepped"},{"time":1.2333,"x":1,"y":1,"curve":"stepped"},{"time":1.3,"x":1,"y":1,"curve":"stepped"},{"time":1.4333,"x":1,"y":1,"curve":"stepped"},{"time":1.5666,"x":1,"y":1,"curve":"stepped"},{"time":1.7333,"x":1,"y":1,"curve":"stepped"},{"time":1.8333,"x":1,"y":1,"curve":"stepped"},{"time":1.9666,"x":1,"y":1,"curve":"stepped"},{"time":2.1666,"x":1,"y":1}]},"MON40061_DL_1":{"rotate":[{"time":0,"angle":0,"curve":"stepped"},{"time":0.3333,"angle":0,"curve":"stepped"},{"time":0.5,"angle":0},{"time":0.6666,"angle":10.42},{"time":1,"angle":0},{"time":1.1666,"angle":-16.69},{"time":1.2333,"angle":-8.51},{"time":1.3,"angle":-10.26},{"time":1.4333,"angle":0},{"time":1.5666,"angle":3.59},{"time":1.7333,"angle":0},{"time":1.8333,"angle":-10.31},{"time":1.9666,"angle":-3.41},{"time":2.1666,"angle":0}],"translate":[{"time":0,"x":0,"y":0,"curve":"stepped"},{"time":0.3333,"x":0,"y":0},{"time":0.5,"x":-4.76,"y":0.95},{"time":0.6666,"x":-0.76,"y":2.75},{"time":1,"x":0,"y":0,"curve":"stepped"},{"time":1.1666,"x":0,"y":0,"curve":"stepped"},{"time":1.2333,"x":0,"y":0,"curve":"stepped"},{"time":1.3,"x":0,"y":0,"curve":"stepped"},{"time":1.4333,"x":0,"y":0},{"time":1.5666,"x":-7.63,"y":0.96},{"time":1.7333,"x":0,"y":0,"curve":"stepped"},{"time":1.8333,"x":0,"y":0,"curve":"stepped"},{"time":1.9666,"x":0,"y":0,"curve":"stepped"},{"time":2.1666,"x":0,"y":0}],"scale":[{"time":0,"x":1,"y":1},{"time":0.3333,"x":0.845,"y":1.051},{"time":0.5,"x":1,"y":1,"curve":"stepped"},{"time":0.6666,"x":1,"y":1,"curve":"stepped"},{"time":1,"x":1,"y":1,"curve":"stepped"},{"time":1.1666,"x":1,"y":1,"curve":"stepped"},{"time":1.2333,"x":1,"y":1,"curve":"stepped"},{"time":1.3,"x":1,"y":1,"curve":"stepped"},{"time":1.4333,"x":1,"y":1},{"time":1.5666,"x":0.864,"y":1.066},{"time":1.7333,"x":1,"y":1,"curve":"stepped"},{"time":1.8333,"x":1,"y":1},{"time":1.9666,"x":0.845,"y":1.051},{"time":2.1666,"x":1,"y":1}]},"MON40061_DL_6":{"rotate":[{"time":0,"angle":0,"curve":"stepped"},{"time":0.3333,"angle":0,"curve":"stepped"},{"time":0.5,"angle":0,"curve":"stepped"},{"time":0.6666,"angle":0,"curve":"stepped"},{"time":1,"angle":0,"curve":"stepped"},{"time":1.1666,"angle":0,"curve":"stepped"},{"time":1.2333,"angle":0,"curve":"stepped"},{"time":1.3,"angle":0,"curve":"stepped"},{"time":1.4333,"angle":0,"curve":"stepped"},{"time":1.5666,"angle":0,"curve":"stepped"},{"time":1.7333,"angle":0,"curve":"stepped"},{"time":1.8333,"angle":0,"curve":"stepped"},{"time":1.9666,"angle":0,"curve":"stepped"},{"time":2.1666,"angle":0}],"translate":[{"time":0,"x":0,"y":0,"curve":"stepped"},{"time":0.3333,"x":0,"y":0,"curve":"stepped"},{"time":0.5,"x":0,"y":0,"curve":"stepped"},{"time":0.6666,"x":0,"y":0,"curve":"stepped"},{"time":1,"x":0,"y":0,"curve":"stepped"},{"time":1.1666,"x":0,"y":0,"curve":"stepped"},{"time":1.2333,"x":0,"y":0,"curve":"stepped"},{"time":1.3,"x":0,"y":0,"curve":"stepped"},{"time":1.4333,"x":0,"y":0,"curve":"stepped"},{"time":1.5666,"x":0,"y":0,"curve":"stepped"},{"time":1.7333,"x":0,"y":0,"curve":"stepped"},{"time":1.8333,"x":0,"y":0,"curve":"stepped"},{"time":1.9666,"x":0,"y":0,"curve":"stepped"},{"time":2.1666,"x":0,"y":0}],"scale":[{"time":0,"x":1,"y":1,"curve":"stepped"},{"time":0.3333,"x":1,"y":1,"curve":"stepped"},{"time":0.5,"x":1,"y":1,"curve":"stepped"},{"time":0.6666,"x":1,"y":1,"curve":"stepped"},{"time":1,"x":1,"y":1,"curve":"stepped"},{"time":1.1666,"x":1,"y":1,"curve":"stepped"},{"time":1.2333,"x":1,"y":1,"curve":"stepped"},{"time":1.3,"x":1,"y":1,"curve":"stepped"},{"time":1.4333,"x":1,"y":1,"curve":"stepped"},{"time":1.5666,"x":1,"y":1,"curve":"stepped"},{"time":1.7333,"x":1,"y":1,"curve":"stepped"},{"time":1.8333,"x":1,"y":1,"curve":"stepped"},{"time":1.9666,"x":1,"y":1,"curve":"stepped"},{"time":2.1666,"x":1,"y":1}]},"MON40061_DL_7":{"rotate":[{"time":0,"angle":0},{"time":0.3333,"angle":-1.18},{"time":0.5,"angle":-13.47},{"time":0.6666,"angle":16.85},{"time":1,"angle":7.32},{"time":1.1666,"angle":0},{"time":1.2333,"angle":-6.46},{"time":1.3,"angle":-1.18,"curve":"stepped"},{"time":1.4333,"angle":-1.18},{"time":1.5666,"angle":0},{"time":1.7333,"angle":10.15},{"time":1.8333,"angle":0},{"time":1.9666,"angle":10.2},{"time":2.1666,"angle":0}],"translate":[{"time":0,"x":0,"y":0,"curve":"stepped"},{"time":0.3333,"x":0,"y":0,"curve":"stepped"},{"time":0.5,"x":0,"y":0,"curve":"stepped"},{"time":0.6666,"x":0,"y":0,"curve":"stepped"},{"time":1,"x":0,"y":0,"curve":"stepped"},{"time":1.1666,"x":0,"y":0,"curve":"stepped"},{"time":1.2333,"x":0,"y":0,"curve":"stepped"},{"time":1.3,"x":0,"y":0,"curve":"stepped"},{"time":1.4333,"x":0,"y":0,"curve":"stepped"},{"time":1.5666,"x":0,"y":0,"curve":"stepped"},{"time":1.7333,"x":0,"y":0,"curve":"stepped"},{"time":1.8333,"x":0,"y":0,"curve":"stepped"},{"time":1.9666,"x":0,"y":0,"curve":"stepped"},{"time":2.1666,"x":0,"y":0}],"scale":[{"time":0,"x":1,"y":1,"curve":"stepped"},{"time":0.3333,"x":1,"y":1,"curve":"stepped"},{"time":0.5,"x":1,"y":1,"curve":"stepped"},{"time":0.6666,"x":1,"y":1,"curve":"stepped"},{"time":1,"x":1,"y":1,"curve":"stepped"},{"time":1.1666,"x":1,"y":1,"curve":"stepped"},{"time":1.2333,"x":1,"y":1,"curve":"stepped"},{"time":1.3,"x":1,"y":1,"curve":"stepped"},{"time":1.4333,"x":1,"y":1,"curve":"stepped"},{"time":1.5666,"x":1,"y":1,"curve":"stepped"},{"time":1.7333,"x":1,"y":1,"curve":"stepped"},{"time":1.8333,"x":1,"y":1,"curve":"stepped"},{"time":1.9666,"x":1,"y":1,"curve":"stepped"},{"time":2.1666,"x":1,"y":1}]},"bone3":{"rotate":[{"time":0,"angle":0},{"time":0.3333,"angle":15.8},{"time":0.5,"angle":-23.08},{"time":0.6666,"angle":0},{"time":1,"angle":22.88},{"time":1.1666,"angle":35.09},{"time":1.2333,"angle":23.78},{"time":1.3,"angle":-6.04},{"time":1.4333,"angle":-30.06},{"time":1.5666,"angle":0},{"time":1.7333,"angle":23.44},{"time":1.8333,"angle":21.81},{"time":1.9666,"angle":28.7},{"time":2.1666,"angle":0}],"translate":[{"time":0,"x":0,"y":0,"curve":"stepped"},{"time":0.3333,"x":0,"y":0,"curve":"stepped"},{"time":0.5,"x":0,"y":0,"curve":"stepped"},{"time":0.6666,"x":0,"y":0,"curve":"stepped"},{"time":1,"x":0,"y":0,"curve":"stepped"},{"time":1.1666,"x":0,"y":0,"curve":"stepped"},{"time":1.2333,"x":0,"y":0,"curve":"stepped"},{"time":1.3,"x":0,"y":0,"curve":"stepped"},{"time":1.4333,"x":0,"y":0,"curve":"stepped"},{"time":1.5666,"x":0,"y":0,"curve":"stepped"},{"time":1.7333,"x":0,"y":0,"curve":"stepped"},{"time":1.8333,"x":0,"y":0,"curve":"stepped"},{"time":1.9666,"x":0,"y":0,"curve":"stepped"},{"time":2.1666,"x":0,"y":0}],"scale":[{"time":0,"x":1,"y":1,"curve":"stepped"},{"time":0.3333,"x":1,"y":1,"curve":"stepped"},{"time":0.5,"x":1,"y":1,"curve":"stepped"},{"time":0.6666,"x":1,"y":1,"curve":"stepped"},{"time":1,"x":1,"y":1,"curve":"stepped"},{"time":1.1666,"x":1,"y":1,"curve":"stepped"},{"time":1.2333,"x":1,"y":1,"curve":"stepped"},{"time":1.3,"x":1,"y":1,"curve":"stepped"},{"time":1.4333,"x":1,"y":1,"curve":"stepped"},{"time":1.5666,"x":1,"y":1,"curve":"stepped"},{"time":1.7333,"x":1,"y":1,"curve":"stepped"},{"time":1.8333,"x":1,"y":1,"curve":"stepped"},{"time":1.9666,"x":1,"y":1,"curve":"stepped"},{"time":2.1666,"x":1,"y":1}]},"bone4":{"rotate":[{"time":0,"angle":0},{"time":0.3333,"angle":13.41},{"time":0.5,"angle":0,"curve":"stepped"},{"time":0.6666,"angle":0},{"time":1,"angle":7.08},{"time":1.1666,"angle":10.65},{"time":1.2333,"angle":33.8},{"time":1.3,"angle":13.41},{"time":1.4333,"angle":-9.07},{"time":1.5666,"angle":0},{"time":1.7333,"angle":7.26},{"time":1.8333,"angle":17.83},{"time":1.9666,"angle":13.41},{"time":2.1666,"angle":0}],"translate":[{"time":0,"x":0,"y":0,"curve":"stepped"},{"time":0.3333,"x":0,"y":0,"curve":"stepped"},{"time":0.5,"x":0,"y":0,"curve":"stepped"},{"time":0.6666,"x":0,"y":0,"curve":"stepped"},{"time":1,"x":0,"y":0,"curve":"stepped"},{"time":1.1666,"x":0,"y":0,"curve":"stepped"},{"time":1.2333,"x":0,"y":0,"curve":"stepped"},{"time":1.3,"x":0,"y":0,"curve":"stepped"},{"time":1.4333,"x":0,"y":0,"curve":"stepped"},{"time":1.5666,"x":0,"y":0,"curve":"stepped"},{"time":1.7333,"x":0,"y":0,"curve":"stepped"},{"time":1.8333,"x":0,"y":0,"curve":"stepped"},{"time":1.9666,"x":0,"y":0,"curve":"stepped"},{"time":2.1666,"x":0,"y":0}],"scale":[{"time":0,"x":1,"y":1,"curve":"stepped"},{"time":0.3333,"x":1,"y":1,"curve":"stepped"},{"time":0.5,"x":1,"y":1,"curve":"stepped"},{"time":0.6666,"x":1,"y":1,"curve":"stepped"},{"time":1,"x":1,"y":1,"curve":"stepped"},{"time":1.1666,"x":1,"y":1,"curve":"stepped"},{"time":1.2333,"x":1,"y":1,"curve":"stepped"},{"time":1.3,"x":1,"y":1,"curve":"stepped"},{"time":1.4333,"x":1,"y":1,"curve":"stepped"},{"time":1.5666,"x":1,"y":1,"curve":"stepped"},{"time":1.7333,"x":1,"y":1,"curve":"stepped"},{"time":1.8333,"x":1,"y":1,"curve":"stepped"},{"time":1.9666,"x":1,"y":1,"curve":"stepped"},{"time":2.1666,"x":1,"y":1}]},"MON40061_DL_8":{"rotate":[{"time":0,"angle":0},{"time":0.3333,"angle":18.85},{"time":0.5,"angle":13.5},{"time":0.6666,"angle":35.1},{"time":1,"angle":41.51},{"time":1.1666,"angle":37.9},{"time":1.2333,"angle":16.7},{"time":1.3,"angle":18.85},{"time":1.4333,"angle":6.71},{"time":1.5666,"angle":0},{"time":1.7333,"angle":36.12},{"time":1.8333,"angle":32.36},{"time":1.9666,"angle":50.77},{"time":2.1666,"angle":0}],"translate":[{"time":0,"x":0,"y":0,"curve":"stepped"},{"time":0.3333,"x":0,"y":0,"curve":"stepped"},{"time":0.5,"x":0,"y":0,"curve":"stepped"},{"time":0.6666,"x":0,"y":0,"curve":"stepped"},{"time":1,"x":0,"y":0,"curve":"stepped"},{"time":1.1666,"x":0,"y":0,"curve":"stepped"},{"time":1.2333,"x":0,"y":0,"curve":"stepped"},{"time":1.3,"x":0,"y":0,"curve":"stepped"},{"time":1.4333,"x":0,"y":0,"curve":"stepped"},{"time":1.5666,"x":0,"y":0,"curve":"stepped"},{"time":1.7333,"x":0,"y":0,"curve":"stepped"},{"time":1.8333,"x":0,"y":0,"curve":"stepped"},{"time":1.9666,"x":0,"y":0,"curve":"stepped"},{"time":2.1666,"x":0,"y":0}],"scale":[{"time":0,"x":1,"y":1,"curve":"stepped"},{"time":0.3333,"x":1,"y":1,"curve":"stepped"},{"time":0.5,"x":1,"y":1,"curve":"stepped"},{"time":0.6666,"x":1,"y":1,"curve":"stepped"},{"time":1,"x":1,"y":1,"curve":"stepped"},{"time":1.1666,"x":1,"y":1,"curve":"stepped"},{"time":1.2333,"x":1,"y":1,"curve":"stepped"},{"time":1.3,"x":1,"y":1,"curve":"stepped"},{"time":1.4333,"x":1,"y":1,"curve":"stepped"},{"time":1.5666,"x":1,"y":1,"curve":"stepped"},{"time":1.7333,"x":1,"y":1,"curve":"stepped"},{"time":1.8333,"x":1,"y":1,"curve":"stepped"},{"time":1.9666,"x":1,"y":1,"curve":"stepped"},{"time":2.1666,"x":1,"y":1}]},"bone5":{"rotate":[{"time":0,"angle":0,"curve":"stepped"},{"time":0.3333,"angle":0},{"time":0.5,"angle":-27.05},{"time":0.6666,"angle":-9.31},{"time":1,"angle":0,"curve":"stepped"},{"time":1.1666,"angle":0,"curve":"stepped"},{"time":1.2333,"angle":0,"curve":"stepped"},{"time":1.3,"angle":0},{"time":1.4333,"angle":-28.86},{"time":1.5666,"angle":0,"curve":"stepped"},{"time":1.7333,"angle":0,"curve":"stepped"},{"time":1.8333,"angle":0,"curve":"stepped"},{"time":1.9666,"angle":0,"curve":"stepped"},{"time":2.1666,"angle":0}],"translate":[{"time":0,"x":0,"y":0,"curve":"stepped"},{"time":0.3333,"x":0,"y":0,"curve":"stepped"},{"time":0.5,"x":0,"y":0,"curve":"stepped"},{"time":0.6666,"x":0,"y":0,"curve":"stepped"},{"time":1,"x":0,"y":0,"curve":"stepped"},{"time":1.1666,"x":0,"y":0,"curve":"stepped"},{"time":1.2333,"x":0,"y":0,"curve":"stepped"},{"time":1.3,"x":0,"y":0,"curve":"stepped"},{"time":1.4333,"x":0,"y":0,"curve":"stepped"},{"time":1.5666,"x":0,"y":0,"curve":"stepped"},{"time":1.7333,"x":0,"y":0,"curve":"stepped"},{"time":1.8333,"x":0,"y":0,"curve":"stepped"},{"time":1.9666,"x":0,"y":0,"curve":"stepped"},{"time":2.1666,"x":0,"y":0}],"scale":[{"time":0,"x":1,"y":1,"curve":"stepped"},{"time":0.3333,"x":1,"y":1,"curve":"stepped"},{"time":0.5,"x":1,"y":1,"curve":"stepped"},{"time":0.6666,"x":1,"y":1,"curve":"stepped"},{"time":1,"x":1,"y":1,"curve":"stepped"},{"time":1.1666,"x":1,"y":1,"curve":"stepped"},{"time":1.2333,"x":1,"y":1,"curve":"stepped"},{"time":1.3,"x":1,"y":1,"curve":"stepped"},{"time":1.4333,"x":1,"y":1,"curve":"stepped"},{"time":1.5666,"x":1,"y":1,"curve":"stepped"},{"time":1.7333,"x":1,"y":1,"curve":"stepped"},{"time":1.8333,"x":1,"y":1,"curve":"stepped"},{"time":1.9666,"x":1,"y":1,"curve":"stepped"},{"time":2.1666,"x":1,"y":1}]},"MON40061_DL_4":{"rotate":[{"time":0,"angle":0},{"time":0.3333,"angle":13.18},{"time":0.5,"angle":0,"curve":"stepped"},{"time":0.6666,"angle":0},{"time":1,"angle":21.98},{"time":1.1666,"angle":22.79},{"time":1.2333,"angle":17.32},{"time":1.3,"angle":13.18},{"time":1.4333,"angle":-0.63},{"time":1.5666,"angle":0,"curve":"stepped"},{"time":1.7333,"angle":0,"curve":"stepped"},{"time":1.8333,"angle":0},{"time":1.9666,"angle":13.18},{"time":2.1666,"angle":0}],"translate":[{"time":0,"x":0,"y":0,"curve":"stepped"},{"time":0.3333,"x":0,"y":0,"curve":"stepped"},{"time":0.5,"x":0,"y":0,"curve":"stepped"},{"time":0.6666,"x":0,"y":0,"curve":"stepped"},{"time":1,"x":0,"y":0,"curve":"stepped"},{"time":1.1666,"x":0,"y":0,"curve":"stepped"},{"time":1.2333,"x":0,"y":0,"curve":"stepped"},{"time":1.3,"x":0,"y":0,"curve":"stepped"},{"time":1.4333,"x":0,"y":0,"curve":"stepped"},{"time":1.5666,"x":0,"y":0,"curve":"stepped"},{"time":1.7333,"x":0,"y":0,"curve":"stepped"},{"time":1.8333,"x":0,"y":0,"curve":"stepped"},{"time":1.9666,"x":0,"y":0,"curve":"stepped"},{"time":2.1666,"x":0,"y":0}],"scale":[{"time":0,"x":1,"y":1,"curve":"stepped"},{"time":0.3333,"x":1,"y":1,"curve":"stepped"},{"time":0.5,"x":1,"y":1,"curve":"stepped"},{"time":0.6666,"x":1,"y":1,"curve":"stepped"},{"time":1,"x":1,"y":1,"curve":"stepped"},{"time":1.1666,"x":1,"y":1,"curve":"stepped"},{"time":1.2333,"x":1,"y":1,"curve":"stepped"},{"time":1.3,"x":1,"y":1,"curve":"stepped"},{"time":1.4333,"x":1,"y":1,"curve":"stepped"},{"time":1.5666,"x":1,"y":1,"curve":"stepped"},{"time":1.7333,"x":1,"y":1,"curve":"stepped"},{"time":1.8333,"x":1,"y":1,"curve":"stepped"},{"time":1.9666,"x":1,"y":1,"curve":"stepped"},{"time":2.1666,"x":1,"y":1}]},"MON40061_DL_3":{"rotate":[{"time":0,"angle":0},{"time":0.3333,"angle":14.81},{"time":0.5,"angle":0},{"time":0.6666,"angle":40.55},{"time":1,"angle":16.19},{"time":1.1666,"angle":13.05},{"time":1.2333,"angle":12.29},{"time":1.3,"angle":14.81},{"time":1.4333,"angle":9.51},{"time":1.5666,"angle":0},{"time":1.7333,"angle":20.27},{"time":1.8333,"angle":40.55},{"time":1.9666,"angle":14.81},{"time":2.1666,"angle":0}],"translate":[{"time":0,"x":0,"y":0,"curve":"stepped"},{"time":0.3333,"x":0,"y":0,"curve":"stepped"},{"time":0.5,"x":0,"y":0,"curve":"stepped"},{"time":0.6666,"x":0,"y":0,"curve":"stepped"},{"time":1,"x":0,"y":0,"curve":"stepped"},{"time":1.1666,"x":0,"y":0,"curve":"stepped"},{"time":1.2333,"x":0,"y":0,"curve":"stepped"},{"time":1.3,"x":0,"y":0,"curve":"stepped"},{"time":1.4333,"x":0,"y":0,"curve":"stepped"},{"time":1.5666,"x":0,"y":0,"curve":"stepped"},{"time":1.7333,"x":0,"y":0,"curve":"stepped"},{"time":1.8333,"x":0,"y":0,"curve":"stepped"},{"time":1.9666,"x":0,"y":0,"curve":"stepped"},{"time":2.1666,"x":0,"y":0}],"scale":[{"time":0,"x":1,"y":1,"curve":"stepped"},{"time":0.3333,"x":1,"y":1,"curve":"stepped"},{"time":0.5,"x":1,"y":1,"curve":"stepped"},{"time":0.6666,"x":1,"y":1,"curve":"stepped"},{"time":1,"x":1,"y":1,"curve":"stepped"},{"time":1.1666,"x":1,"y":1,"curve":"stepped"},{"time":1.2333,"x":1,"y":1,"curve":"stepped"},{"time":1.3,"x":1,"y":1,"curve":"stepped"},{"time":1.4333,"x":1,"y":1,"curve":"stepped"},{"time":1.5666,"x":1,"y":1,"curve":"stepped"},{"time":1.7333,"x":1,"y":1,"curve":"stepped"},{"time":1.8333,"x":1,"y":1,"curve":"stepped"},{"time":1.9666,"x":1,"y":1,"curve":"stepped"},{"time":2.1666,"x":1,"y":1}]},"MON40061_DL_2":{"rotate":[{"time":0,"angle":0},{"time":0.3333,"angle":-19.42},{"time":0.5,"angle":0},{"time":0.6666,"angle":-18.68},{"time":1,"angle":-22.03},{"time":1.1666,"angle":-16.52},{"time":1.2333,"angle":-14.54},{"time":1.3,"angle":-19.42,"curve":"stepped"},{"time":1.4333,"angle":-19.42},{"time":1.5666,"angle":0},{"time":1.7333,"angle":-20.11},{"time":1.8333,"angle":-40.23},{"time":1.9666,"angle":-19.42},{"time":2.1666,"angle":0}],"translate":[{"time":0,"x":0,"y":0,"curve":"stepped"},{"time":0.3333,"x":0,"y":0,"curve":"stepped"},{"time":0.5,"x":0,"y":0,"curve":"stepped"},{"time":0.6666,"x":0,"y":0,"curve":"stepped"},{"time":1,"x":0,"y":0,"curve":"stepped"},{"time":1.1666,"x":0,"y":0,"curve":"stepped"},{"time":1.2333,"x":0,"y":0,"curve":"stepped"},{"time":1.3,"x":0,"y":0,"curve":"stepped"},{"time":1.4333,"x":0,"y":0,"curve":"stepped"},{"time":1.5666,"x":0,"y":0,"curve":"stepped"},{"time":1.7333,"x":0,"y":0,"curve":"stepped"},{"time":1.8333,"x":0,"y":0,"curve":"stepped"},{"time":1.9666,"x":0,"y":0,"curve":"stepped"},{"time":2.1666,"x":0,"y":0}],"scale":[{"time":0,"x":1,"y":1,"curve":"stepped"},{"time":0.3333,"x":1,"y":1,"curve":"stepped"},{"time":0.5,"x":1,"y":1,"curve":"stepped"},{"time":0.6666,"x":1,"y":1,"curve":"stepped"},{"time":1,"x":1,"y":1,"curve":"stepped"},{"time":1.1666,"x":1,"y":1,"curve":"stepped"},{"time":1.2333,"x":1,"y":1,"curve":"stepped"},{"time":1.3,"x":1,"y":1,"curve":"stepped"},{"time":1.4333,"x":1,"y":1,"curve":"stepped"},{"time":1.5666,"x":1,"y":1,"curve":"stepped"},{"time":1.7333,"x":1,"y":1,"curve":"stepped"},{"time":1.8333,"x":1,"y":1,"curve":"stepped"},{"time":1.9666,"x":1,"y":1,"curve":"stepped"},{"time":2.1666,"x":1,"y":1}]},"MON40061_DL_10":{"rotate":[{"time":0,"angle":0,"curve":"stepped"},{"time":0.3333,"angle":0,"curve":"stepped"},{"time":0.5,"angle":0,"curve":"stepped"},{"time":0.6666,"angle":0,"curve":"stepped"},{"time":1,"angle":0,"curve":"stepped"},{"time":1.1666,"angle":0,"curve":"stepped"},{"time":1.2333,"angle":0,"curve":"stepped"},{"time":1.3,"angle":0,"curve":"stepped"},{"time":1.4333,"angle":0,"curve":"stepped"},{"time":1.5666,"angle":0,"curve":"stepped"},{"time":1.7333,"angle":0,"curve":"stepped"},{"time":1.8333,"angle":0,"curve":"stepped"},{"time":1.9666,"angle":0,"curve":"stepped"},{"time":2.1666,"angle":0}],"translate":[{"time":0,"x":0,"y":0,"curve":"stepped"},{"time":0.3333,"x":0,"y":0,"curve":"stepped"},{"time":0.5,"x":0,"y":0,"curve":"stepped"},{"time":0.6666,"x":0,"y":0,"curve":"stepped"},{"time":1,"x":0,"y":0,"curve":"stepped"},{"time":1.1666,"x":0,"y":0,"curve":"stepped"},{"time":1.2333,"x":0,"y":0,"curve":"stepped"},{"time":1.3,"x":0,"y":0,"curve":"stepped"},{"time":1.4333,"x":0,"y":0,"curve":"stepped"},{"time":1.5666,"x":0,"y":0,"curve":"stepped"},{"time":1.7333,"x":0,"y":0,"curve":"stepped"},{"time":1.8333,"x":0,"y":0,"curve":"stepped"},{"time":1.9666,"x":0,"y":0,"curve":"stepped"},{"time":2.1666,"x":0,"y":0}],"scale":[{"time":0,"x":1,"y":1,"curve":"stepped"},{"time":0.3333,"x":1,"y":1,"curve":"stepped"},{"time":0.5,"x":1,"y":1,"curve":"stepped"},{"time":0.6666,"x":1,"y":1,"curve":"stepped"},{"time":1,"x":1,"y":1,"curve":"stepped"},{"time":1.1666,"x":1,"y":1,"curve":"stepped"},{"time":1.2333,"x":1,"y":1,"curve":"stepped"},{"time":1.3,"x":1,"y":1,"curve":"stepped"},{"time":1.4333,"x":1,"y":1,"curve":"stepped"},{"time":1.5666,"x":1,"y":1,"curve":"stepped"},{"time":1.7333,"x":1,"y":1,"curve":"stepped"},{"time":1.8333,"x":1,"y":1,"curve":"stepped"},{"time":1.9666,"x":1,"y":1,"curve":"stepped"},{"time":2.1666,"x":1,"y":1}]},"MON40061_DL_14":{"rotate":[{"time":0,"angle":0},{"time":0.3333,"angle":-18.78},{"time":0.5,"angle":0},{"time":0.6666,"angle":-14.87,"curve":"stepped"},{"time":1,"angle":-14.87},{"time":1.1666,"angle":-59.7},{"time":1.2333,"angle":-96.17},{"time":1.3,"angle":-105.31},{"time":1.3333,"angle":-101.45},{"time":1.3666,"angle":-37.28},{"time":1.4333,"angle":-55.2},{"time":1.5666,"angle":-60.63},{"time":1.7333,"angle":-56.44},{"time":1.8333,"angle":-52.25},{"time":1.9666,"angle":-18.78},{"time":2.1666,"angle":0}],"translate":[{"time":0,"x":0,"y":0,"curve":"stepped"},{"time":0.3333,"x":0,"y":0,"curve":"stepped"},{"time":0.5,"x":0,"y":0,"curve":"stepped"},{"time":0.6666,"x":0,"y":0,"curve":"stepped"},{"time":1,"x":0,"y":0,"curve":"stepped"},{"time":1.1666,"x":0,"y":0,"curve":"stepped"},{"time":1.2333,"x":0,"y":0,"curve":"stepped"},{"time":1.3,"x":0,"y":0,"curve":"stepped"},{"time":1.3666,"x":0,"y":0,"curve":"stepped"},{"time":1.4333,"x":0,"y":0,"curve":"stepped"},{"time":1.5666,"x":0,"y":0,"curve":"stepped"},{"time":1.7333,"x":0,"y":0,"curve":"stepped"},{"time":1.8333,"x":0,"y":0,"curve":"stepped"},{"time":1.9666,"x":0,"y":0,"curve":"stepped"},{"time":2.1666,"x":0,"y":0}],"scale":[{"time":0,"x":1,"y":1,"curve":"stepped"},{"time":0.3333,"x":1,"y":1,"curve":"stepped"},{"time":0.5,"x":1,"y":1,"curve":"stepped"},{"time":0.6666,"x":1,"y":1,"curve":"stepped"},{"time":1,"x":1,"y":1,"curve":"stepped"},{"time":1.1666,"x":1,"y":1,"curve":"stepped"},{"time":1.2333,"x":1,"y":1,"curve":"stepped"},{"time":1.3,"x":1,"y":1,"curve":"stepped"},{"time":1.3666,"x":1,"y":1,"curve":"stepped"},{"time":1.4333,"x":1,"y":1,"curve":"stepped"},{"time":1.5666,"x":1,"y":1,"curve":"stepped"},{"time":1.7333,"x":1,"y":1,"curve":"stepped"},{"time":1.8333,"x":1,"y":1,"curve":"stepped"},{"time":1.9666,"x":1,"y":1,"curve":"stepped"},{"time":2.1666,"x":1,"y":1}]},"MON40061_DL_13":{"rotate":[{"time":0,"angle":0},{"time":0.3333,"angle":8.73},{"time":0.5,"angle":0},{"time":0.6666,"angle":-1.47,"curve":"stepped"},{"time":1,"angle":-1.47},{"time":1.1666,"angle":42.22},{"time":1.2333,"angle":70.43},{"time":1.3,"angle":106.91},{"time":1.3333,"angle":117.71},{"time":1.3666,"angle":121.29,"curve":"stepped"},{"time":1.4333,"angle":121.29,"curve":"stepped"},{"time":1.5666,"angle":121.29},{"time":1.7333,"angle":112.74},{"time":1.8333,"angle":104.2},{"time":1.9666,"angle":8.73},{"time":2.1666,"angle":0}],"translate":[{"time":0,"x":0,"y":0,"curve":"stepped"},{"time":0.3333,"x":0,"y":0,"curve":"stepped"},{"time":0.5,"x":0,"y":0,"curve":"stepped"},{"time":0.6666,"x":0,"y":0,"curve":"stepped"},{"time":1,"x":0,"y":0,"curve":"stepped"},{"time":1.1666,"x":0,"y":0,"curve":"stepped"},{"time":1.2333,"x":0,"y":0,"curve":"stepped"},{"time":1.3,"x":0,"y":0,"curve":"stepped"},{"time":1.3666,"x":0,"y":0,"curve":"stepped"},{"time":1.4333,"x":0,"y":0,"curve":"stepped"},{"time":1.5666,"x":0,"y":0,"curve":"stepped"},{"time":1.7333,"x":0,"y":0,"curve":"stepped"},{"time":1.8333,"x":0,"y":0,"curve":"stepped"},{"time":1.9666,"x":0,"y":0,"curve":"stepped"},{"time":2.1666,"x":0,"y":0}],"scale":[{"time":0,"x":1,"y":1,"curve":"stepped"},{"time":0.3333,"x":1,"y":1,"curve":"stepped"},{"time":0.5,"x":1,"y":1,"curve":"stepped"},{"time":0.6666,"x":1,"y":1,"curve":"stepped"},{"time":1,"x":1,"y":1,"curve":"stepped"},{"time":1.1666,"x":1,"y":1,"curve":"stepped"},{"time":1.2333,"x":1,"y":1,"curve":"stepped"},{"time":1.3,"x":1,"y":1,"curve":"stepped"},{"time":1.3666,"x":1,"y":1,"curve":"stepped"},{"time":1.4333,"x":1,"y":1,"curve":"stepped"},{"time":1.5666,"x":1,"y":1,"curve":"stepped"},{"time":1.7333,"x":1,"y":1,"curve":"stepped"},{"time":1.8333,"x":1,"y":1,"curve":"stepped"},{"time":1.9666,"x":1,"y":1,"curve":"stepped"},{"time":2.1666,"x":1,"y":1}]},"MON40061_DL_12":{"rotate":[{"time":0,"angle":0,"curve":"stepped"},{"time":0.3333,"angle":0,"curve":"stepped"},{"time":0.5,"angle":0,"curve":"stepped"},{"time":0.6666,"angle":0,"curve":"stepped"},{"time":1,"angle":0},{"time":1.1666,"angle":25.13},{"time":1.2333,"angle":25.35},{"time":1.3,"angle":11.36},{"time":1.3333,"angle":20.85},{"time":1.3666,"angle":66.73},{"time":1.4333,"angle":74.93},{"time":1.5666,"angle":98.02},{"time":1.7333,"angle":57.5},{"time":1.8333,"angle":16.98},{"time":1.9666,"angle":0,"curve":"stepped"},{"time":2.1666,"angle":0}],"translate":[{"time":0,"x":0,"y":0,"curve":"stepped"},{"time":0.3333,"x":0,"y":0,"curve":"stepped"},{"time":0.5,"x":0,"y":0,"curve":"stepped"},{"time":0.6666,"x":0,"y":0,"curve":"stepped"},{"time":1,"x":0,"y":0,"curve":"stepped"},{"time":1.1666,"x":0,"y":0,"curve":"stepped"},{"time":1.2333,"x":0,"y":0,"curve":"stepped"},{"time":1.3,"x":0,"y":0,"curve":"stepped"},{"time":1.3666,"x":0,"y":0,"curve":"stepped"},{"time":1.4333,"x":0,"y":0,"curve":"stepped"},{"time":1.5666,"x":0,"y":0,"curve":"stepped"},{"time":1.7333,"x":0,"y":0,"curve":"stepped"},{"time":1.8333,"x":0,"y":0,"curve":"stepped"},{"time":1.9666,"x":0,"y":0,"curve":"stepped"},{"time":2.1666,"x":0,"y":0}],"scale":[{"time":0,"x":1,"y":1,"curve":"stepped"},{"time":0.3333,"x":1,"y":1,"curve":"stepped"},{"time":0.5,"x":1,"y":1,"curve":"stepped"},{"time":0.6666,"x":1,"y":1,"curve":"stepped"},{"time":1,"x":1,"y":1,"curve":"stepped"},{"time":1.1666,"x":1,"y":1,"curve":"stepped"},{"time":1.2333,"x":1,"y":1,"curve":"stepped"},{"time":1.3,"x":1,"y":1,"curve":"stepped"},{"time":1.3666,"x":1,"y":1,"curve":"stepped"},{"time":1.4333,"x":1,"y":1,"curve":"stepped"},{"time":1.5666,"x":1,"y":1,"curve":"stepped"},{"time":1.7333,"x":1,"y":1,"curve":"stepped"},{"time":1.8333,"x":1,"y":1,"curve":"stepped"},{"time":1.9666,"x":1,"y":1,"curve":"stepped"},{"time":2.1666,"x":1,"y":1}]},"MON40061_DL_16":{"rotate":[{"time":0,"angle":0,"curve":"stepped"},{"time":0.3333,"angle":0,"curve":"stepped"},{"time":0.5,"angle":0,"curve":"stepped"},{"time":0.6666,"angle":0,"curve":"stepped"},{"time":1,"angle":0,"curve":"stepped"},{"time":1.1666,"angle":0,"curve":"stepped"},{"time":1.2333,"angle":0,"curve":"stepped"},{"time":1.3,"angle":0,"curve":"stepped"},{"time":1.3666,"angle":0,"curve":"stepped"},{"time":1.4333,"angle":0,"curve":"stepped"},{"time":1.5666,"angle":0,"curve":"stepped"},{"time":1.7333,"angle":0,"curve":"stepped"},{"time":1.8333,"angle":0,"curve":"stepped"},{"time":1.9666,"angle":0,"curve":"stepped"},{"time":2.1666,"angle":0}],"translate":[{"time":0,"x":0,"y":0,"curve":"stepped"},{"time":0.3333,"x":0,"y":0,"curve":"stepped"},{"time":0.5,"x":0,"y":0,"curve":"stepped"},{"time":0.6666,"x":0,"y":0,"curve":"stepped"},{"time":1,"x":0,"y":0,"curve":"stepped"},{"time":1.1666,"x":0,"y":0,"curve":"stepped"},{"time":1.2333,"x":0,"y":0,"curve":"stepped"},{"time":1.3,"x":0,"y":0,"curve":"stepped"},{"time":1.3666,"x":0,"y":0,"curve":"stepped"},{"time":1.4333,"x":0,"y":0,"curve":"stepped"},{"time":1.5666,"x":0,"y":0,"curve":"stepped"},{"time":1.7333,"x":0,"y":0,"curve":"stepped"},{"time":1.8333,"x":0,"y":0,"curve":"stepped"},{"time":1.9666,"x":0,"y":0,"curve":"stepped"},{"time":2.1666,"x":0,"y":0}],"scale":[{"time":0,"x":1,"y":1,"curve":"stepped"},{"time":0.3333,"x":1,"y":1,"curve":"stepped"},{"time":0.5,"x":1,"y":1,"curve":"stepped"},{"time":0.6666,"x":1,"y":1,"curve":"stepped"},{"time":1,"x":1,"y":1,"curve":"stepped"},{"time":1.1666,"x":1,"y":1,"curve":"stepped"},{"time":1.2333,"x":1,"y":1,"curve":"stepped"},{"time":1.3,"x":1,"y":1,"curve":"stepped"},{"time":1.3666,"x":1,"y":1,"curve":"stepped"},{"time":1.4333,"x":1,"y":1,"curve":"stepped"},{"time":1.5666,"x":1,"y":1,"curve":"stepped"},{"time":1.7333,"x":1,"y":1,"curve":"stepped"},{"time":1.8333,"x":1,"y":1,"curve":"stepped"},{"time":1.9666,"x":1,"y":1,"curve":"stepped"},{"time":2.1666,"x":1,"y":1}]},"MON40061_DL_11":{"rotate":[{"time":0,"angle":0,"curve":"stepped"},{"time":0.3333,"angle":0,"curve":"stepped"},{"time":0.5,"angle":0,"curve":"stepped"},{"time":0.6666,"angle":0,"curve":"stepped"},{"time":1,"angle":0,"curve":"stepped"},{"time":1.1666,"angle":0,"curve":"stepped"},{"time":1.2333,"angle":0,"curve":"stepped"},{"time":1.3,"angle":0,"curve":"stepped"},{"time":1.3666,"angle":0,"curve":"stepped"},{"time":1.4333,"angle":0,"curve":"stepped"},{"time":1.5666,"angle":0,"curve":"stepped"},{"time":1.7333,"angle":0,"curve":"stepped"},{"time":1.8333,"angle":0,"curve":"stepped"},{"time":1.9666,"angle":0,"curve":"stepped"},{"time":2.1666,"angle":0}],"translate":[{"time":0,"x":0,"y":0,"curve":"stepped"},{"time":0.3333,"x":0,"y":0,"curve":"stepped"},{"time":0.5,"x":0,"y":0,"curve":"stepped"},{"time":0.6666,"x":0,"y":0,"curve":"stepped"},{"time":1,"x":0,"y":0,"curve":"stepped"},{"time":1.1666,"x":0,"y":0,"curve":"stepped"},{"time":1.2333,"x":0,"y":0,"curve":"stepped"},{"time":1.3,"x":0,"y":0,"curve":"stepped"},{"time":1.3666,"x":0,"y":0,"curve":"stepped"},{"time":1.4333,"x":0,"y":0,"curve":"stepped"},{"time":1.5666,"x":0,"y":0,"curve":"stepped"},{"time":1.7333,"x":0,"y":0,"curve":"stepped"},{"time":1.8333,"x":0,"y":0,"curve":"stepped"},{"time":1.9666,"x":0,"y":0,"curve":"stepped"},{"time":2.1666,"x":0,"y":0}],"scale":[{"time":0,"x":1,"y":1,"curve":"stepped"},{"time":0.3333,"x":1,"y":1,"curve":"stepped"},{"time":0.5,"x":1,"y":1,"curve":"stepped"},{"time":0.6666,"x":1,"y":1,"curve":"stepped"},{"time":1,"x":1,"y":1,"curve":"stepped"},{"time":1.1666,"x":1,"y":1,"curve":"stepped"},{"time":1.2333,"x":1,"y":1,"curve":"stepped"},{"time":1.3,"x":1,"y":1,"curve":"stepped"},{"time":1.3666,"x":1,"y":1,"curve":"stepped"},{"time":1.4333,"x":1,"y":1,"curve":"stepped"},{"time":1.5666,"x":1,"y":1,"curve":"stepped"},{"time":1.7333,"x":1,"y":1,"curve":"stepped"},{"time":1.8333,"x":1,"y":1,"curve":"stepped"},{"time":1.9666,"x":1,"y":1,"curve":"stepped"},{"time":2.1666,"x":1,"y":1}]},"MON40061_DL_15":{"rotate":[{"time":0,"angle":0},{"time":0.1666,"angle":3.32},{"time":0.3333,"angle":15.3},{"time":0.5,"angle":-15.08},{"time":0.6666,"angle":-11.92},{"time":0.8,"angle":37.35},{"time":1,"angle":83.01},{"time":1.1666,"angle":33.82},{"time":1.2333,"angle":51.88},{"time":1.3,"angle":59.14},{"time":1.3333,"angle":56.19},{"time":1.3666,"angle":39.23},{"time":1.4,"angle":118.2},{"time":1.4333,"angle":119.16},{"time":1.5,"angle":76.58},{"time":1.5666,"angle":43.74},{"time":1.6333,"angle":90.44},{"time":1.7333,"angle":152.67},{"time":1.8333,"angle":138.53},{"time":1.9666,"angle":103.24},{"time":2.1666,"angle":0}],"translate":[{"time":0,"x":0,"y":0,"curve":"stepped"},{"time":0.3333,"x":0,"y":0,"curve":"stepped"},{"time":0.5,"x":0,"y":0,"curve":"stepped"},{"time":0.6666,"x":0,"y":0,"curve":"stepped"},{"time":1,"x":0,"y":0,"curve":"stepped"},{"time":1.1666,"x":0,"y":0,"curve":"stepped"},{"time":1.2333,"x":0,"y":0,"curve":"stepped"},{"time":1.3,"x":0,"y":0,"curve":"stepped"},{"time":1.3666,"x":0,"y":0,"curve":"stepped"},{"time":1.4,"x":0,"y":0,"curve":"stepped"},{"time":1.4333,"x":0,"y":0,"curve":"stepped"},{"time":1.5666,"x":0,"y":0,"curve":"stepped"},{"time":1.7333,"x":0,"y":0,"curve":"stepped"},{"time":1.8333,"x":0,"y":0,"curve":"stepped"},{"time":1.9666,"x":0,"y":0,"curve":"stepped"},{"time":2.1666,"x":0,"y":0}],"scale":[{"time":0,"x":1,"y":1,"curve":"stepped"},{"time":0.3333,"x":1,"y":1,"curve":"stepped"},{"time":0.5,"x":1,"y":1,"curve":"stepped"},{"time":0.6666,"x":1,"y":1,"curve":"stepped"},{"time":1,"x":1,"y":1,"curve":"stepped"},{"time":1.1666,"x":1,"y":1,"curve":"stepped"},{"time":1.2333,"x":1,"y":1,"curve":"stepped"},{"time":1.3,"x":1,"y":1,"curve":"stepped"},{"time":1.3666,"x":1,"y":1,"curve":"stepped"},{"time":1.4,"x":1,"y":1},{"time":1.4333,"x":1.116,"y":0.889},{"time":1.5666,"x":1,"y":1,"curve":"stepped"},{"time":1.7333,"x":1,"y":1,"curve":"stepped"},{"time":1.8333,"x":1,"y":1,"curve":"stepped"},{"time":1.9666,"x":1,"y":1,"curve":"stepped"},{"time":2.1666,"x":1,"y":1}]},"bone6":{"rotate":[{"time":0,"angle":0},{"time":0.1666,"angle":-1.41},{"time":0.3333,"angle":10.43},{"time":0.5,"angle":15.15},{"time":0.6666,"angle":-9.42},{"time":0.8,"angle":-13.56},{"time":1,"angle":17.89},{"time":1.1666,"angle":1.18},{"time":1.2333,"angle":0},{"time":1.3,"angle":-7.2},{"time":1.3333,"angle":-6.57},{"time":1.3666,"angle":-8.88},{"time":1.4,"angle":-1.17},{"time":1.4333,"angle":6.52},{"time":1.5,"angle":6.7},{"time":1.5666,"angle":4.86},{"time":1.6333,"angle":-12.42},{"time":1.7333,"angle":22.99},{"time":1.8333,"angle":7.43},{"time":1.9666,"angle":11.91},{"time":2.1666,"angle":0}],"translate":[{"time":0,"x":0,"y":0,"curve":"stepped"},{"time":0.3333,"x":0,"y":0,"curve":"stepped"},{"time":0.5,"x":0,"y":0,"curve":"stepped"},{"time":0.6666,"x":0,"y":0,"curve":"stepped"},{"time":1,"x":0,"y":0,"curve":"stepped"},{"time":1.1666,"x":0,"y":0,"curve":"stepped"},{"time":1.2333,"x":0,"y":0,"curve":"stepped"},{"time":1.3,"x":0,"y":0,"curve":"stepped"},{"time":1.3666,"x":0,"y":0,"curve":"stepped"},{"time":1.4,"x":0,"y":0,"curve":"stepped"},{"time":1.4333,"x":0,"y":0,"curve":"stepped"},{"time":1.5666,"x":0,"y":0,"curve":"stepped"},{"time":1.7333,"x":0,"y":0,"curve":"stepped"},{"time":1.8333,"x":0,"y":0,"curve":"stepped"},{"time":1.9666,"x":0,"y":0,"curve":"stepped"},{"time":2.1666,"x":0,"y":0}],"scale":[{"time":0,"x":1,"y":1,"curve":"stepped"},{"time":0.3333,"x":1,"y":1,"curve":"stepped"},{"time":0.5,"x":1,"y":1,"curve":"stepped"},{"time":0.6666,"x":1,"y":1,"curve":"stepped"},{"time":1,"x":1,"y":1,"curve":"stepped"},{"time":1.1666,"x":1,"y":1,"curve":"stepped"},{"time":1.2333,"x":1,"y":1,"curve":"stepped"},{"time":1.3,"x":1,"y":1,"curve":"stepped"},{"time":1.3666,"x":1,"y":1,"curve":"stepped"},{"time":1.4,"x":1,"y":1,"curve":"stepped"},{"time":1.4333,"x":1,"y":1,"curve":"stepped"},{"time":1.5666,"x":1,"y":1,"curve":"stepped"},{"time":1.7333,"x":1,"y":1,"curve":"stepped"},{"time":1.8333,"x":1,"y":1,"curve":"stepped"},{"time":1.9666,"x":1,"y":1,"curve":"stepped"},{"time":2.1666,"x":1,"y":1}]},"bone7":{"rotate":[{"time":0,"angle":0},{"time":0.1666,"angle":-7.38},{"time":0.3333,"angle":-8.18},{"time":0.5,"angle":7.96},{"time":0.6666,"angle":-12.4},{"time":0.8,"angle":-14.66},{"time":1,"angle":-5.16},{"time":1.1666,"angle":1.89},{"time":1.2333,"angle":-2.89},{"time":1.3,"angle":0},{"time":1.3333,"angle":-4.04},{"time":1.3666,"angle":0,"curve":"stepped"},{"time":1.4,"angle":0,"curve":"stepped"},{"time":1.4333,"angle":0},{"time":1.5,"angle":10.41},{"time":1.5666,"angle":11.47},{"time":1.6333,"angle":-12.69},{"time":1.7333,"angle":17.11},{"time":1.8333,"angle":13.7},{"time":1.9666,"angle":12.43},{"time":2.1666,"angle":0}],"translate":[{"time":0,"x":0,"y":0,"curve":"stepped"},{"time":0.3333,"x":0,"y":0,"curve":"stepped"},{"time":0.5,"x":0,"y":0,"curve":"stepped"},{"time":0.6666,"x":0,"y":0,"curve":"stepped"},{"time":1,"x":0,"y":0,"curve":"stepped"},{"time":1.1666,"x":0,"y":0,"curve":"stepped"},{"time":1.2333,"x":0,"y":0,"curve":"stepped"},{"time":1.3,"x":0,"y":0,"curve":"stepped"},{"time":1.3666,"x":0,"y":0,"curve":"stepped"},{"time":1.4,"x":0,"y":0,"curve":"stepped"},{"time":1.4333,"x":0,"y":0,"curve":"stepped"},{"time":1.5666,"x":0,"y":0,"curve":"stepped"},{"time":1.7333,"x":0,"y":0,"curve":"stepped"},{"time":1.8333,"x":0,"y":0,"curve":"stepped"},{"time":1.9666,"x":0,"y":0,"curve":"stepped"},{"time":2.1666,"x":0,"y":0}],"scale":[{"time":0,"x":1,"y":1,"curve":"stepped"},{"time":0.3333,"x":1,"y":1,"curve":"stepped"},{"time":0.5,"x":1,"y":1,"curve":"stepped"},{"time":0.6666,"x":1,"y":1,"curve":"stepped"},{"time":1,"x":1,"y":1,"curve":"stepped"},{"time":1.1666,"x":1,"y":1,"curve":"stepped"},{"time":1.2333,"x":1,"y":1,"curve":"stepped"},{"time":1.3,"x":1,"y":1,"curve":"stepped"},{"time":1.3666,"x":1,"y":1,"curve":"stepped"},{"time":1.4,"x":1,"y":1,"curve":"stepped"},{"time":1.4333,"x":1,"y":1,"curve":"stepped"},{"time":1.5666,"x":1,"y":1,"curve":"stepped"},{"time":1.7333,"x":1,"y":1,"curve":"stepped"},{"time":1.8333,"x":1,"y":1,"curve":"stepped"},{"time":1.9666,"x":1,"y":1,"curve":"stepped"},{"time":2.1666,"x":1,"y":1}]},"MON40061_DL_17":{"rotate":[{"time":0,"angle":0,"curve":"stepped"},{"time":0.3333,"angle":0,"curve":"stepped"},{"time":0.5,"angle":0,"curve":"stepped"},{"time":0.6666,"angle":0},{"time":1,"angle":8.48},{"time":1.1666,"angle":6.36},{"time":1.2333,"angle":0,"curve":"stepped"},{"time":1.3,"angle":0,"curve":"stepped"},{"time":1.4333,"angle":0,"curve":"stepped"},{"time":1.5666,"angle":0,"curve":"stepped"},{"time":1.7333,"angle":0,"curve":"stepped"},{"time":1.8333,"angle":0,"curve":"stepped"},{"time":1.9666,"angle":0,"curve":"stepped"},{"time":2.1666,"angle":0}],"translate":[{"time":0,"x":0,"y":0,"curve":"stepped"},{"time":0.3333,"x":0,"y":0,"curve":"stepped"},{"time":0.5,"x":0,"y":0,"curve":"stepped"},{"time":0.6666,"x":0,"y":0,"curve":"stepped"},{"time":1,"x":0,"y":0,"curve":"stepped"},{"time":1.1666,"x":0,"y":0,"curve":"stepped"},{"time":1.2333,"x":0,"y":0,"curve":"stepped"},{"time":1.3,"x":0,"y":0,"curve":"stepped"},{"time":1.4333,"x":0,"y":0,"curve":"stepped"},{"time":1.5666,"x":0,"y":0,"curve":"stepped"},{"time":1.7333,"x":0,"y":0,"curve":"stepped"},{"time":1.8333,"x":0,"y":0,"curve":"stepped"},{"time":1.9666,"x":0,"y":0,"curve":"stepped"},{"time":2.1666,"x":0,"y":0}],"scale":[{"time":0,"x":1,"y":1},{"time":0.3333,"x":1,"y":1.097},{"time":0.5,"x":1,"y":1,"curve":"stepped"},{"time":0.6666,"x":1,"y":1,"curve":"stepped"},{"time":1,"x":1,"y":1,"curve":"stepped"},{"time":1.1666,"x":1,"y":1,"curve":"stepped"},{"time":1.2333,"x":1,"y":1},{"time":1.3,"x":1,"y":1.097,"curve":"stepped"},{"time":1.4333,"x":1,"y":1.097},{"time":1.5666,"x":1,"y":1,"curve":"stepped"},{"time":1.7333,"x":1,"y":1,"curve":"stepped"},{"time":1.8333,"x":1,"y":1},{"time":1.9666,"x":1,"y":1.097},{"time":2.1666,"x":1,"y":1}]},"MON40061_DL_18":{"rotate":[{"time":0,"angle":0,"curve":"stepped"},{"time":0.3333,"angle":0,"curve":"stepped"},{"time":0.5,"angle":0,"curve":"stepped"},{"time":0.6666,"angle":0},{"time":1,"angle":-13.66},{"time":1.1666,"angle":-30.4},{"time":1.2333,"angle":0,"curve":"stepped"},{"time":1.3,"angle":0,"curve":"stepped"},{"time":1.4333,"angle":0,"curve":"stepped"},{"time":1.5666,"angle":0,"curve":"stepped"},{"time":1.7333,"angle":0,"curve":"stepped"},{"time":1.8333,"angle":0,"curve":"stepped"},{"time":1.9666,"angle":0,"curve":"stepped"},{"time":2.1666,"angle":0}],"translate":[{"time":0,"x":0,"y":0,"curve":"stepped"},{"time":0.3333,"x":0,"y":0,"curve":"stepped"},{"time":0.5,"x":0,"y":0,"curve":"stepped"},{"time":0.6666,"x":0,"y":0},{"time":1,"x":-11.17,"y":12.88},{"time":1.1666,"x":-18.12,"y":19.63},{"time":1.2333,"x":0,"y":0,"curve":"stepped"},{"time":1.3,"x":0,"y":0,"curve":"stepped"},{"time":1.4333,"x":0,"y":0,"curve":"stepped"},{"time":1.5666,"x":0,"y":0,"curve":"stepped"},{"time":1.7333,"x":0,"y":0,"curve":"stepped"},{"time":1.8333,"x":0,"y":0,"curve":"stepped"},{"time":1.9666,"x":0,"y":0,"curve":"stepped"},{"time":2.1666,"x":0,"y":0}],"scale":[{"time":0,"x":1,"y":1},{"time":0.3333,"x":1,"y":1.076},{"time":0.5,"x":1,"y":1,"curve":"stepped"},{"time":0.6666,"x":1,"y":1,"curve":"stepped"},{"time":1,"x":1,"y":1,"curve":"stepped"},{"time":1.1666,"x":1,"y":1,"curve":"stepped"},{"time":1.2333,"x":1,"y":1},{"time":1.3,"x":1,"y":1.076,"curve":"stepped"},{"time":1.4333,"x":1,"y":1.076},{"time":1.5666,"x":1,"y":1,"curve":"stepped"},{"time":1.7333,"x":1,"y":1,"curve":"stepped"},{"time":1.8333,"x":1,"y":1},{"time":1.9666,"x":1,"y":1.076},{"time":2.1666,"x":1,"y":1}]},"shadow":{"rotate":[{"time":0,"angle":0,"curve":"stepped"},{"time":0.3333,"angle":0,"curve":"stepped"},{"time":0.5,"angle":0,"curve":"stepped"},{"time":0.6666,"angle":0,"curve":"stepped"},{"time":1,"angle":0,"curve":"stepped"},{"time":1.1666,"angle":0,"curve":"stepped"},{"time":1.2333,"angle":0,"curve":"stepped"},{"time":1.3,"angle":0,"curve":"stepped"},{"time":1.4333,"angle":0,"curve":"stepped"},{"time":1.5666,"angle":0,"curve":"stepped"},{"time":1.7333,"angle":0,"curve":"stepped"},{"time":1.8333,"angle":0,"curve":"stepped"},{"time":1.9666,"angle":0,"curve":"stepped"},{"time":2.1666,"angle":0}],"translate":[{"time":0,"x":0,"y":0,"curve":"stepped"},{"time":0.3333,"x":0,"y":0},{"time":0.5,"x":9.62,"y":0},{"time":0.6666,"x":45.21,"y":1.92},{"time":1,"x":52.9,"y":0.96,"curve":"stepped"},{"time":1.1666,"x":52.9,"y":0.96},{"time":1.2333,"x":37.59,"y":-0.89},{"time":1.3,"x":53.69,"y":1.79},{"time":1.4333,"x":77.86,"y":0.89,"curve":"stepped"},{"time":1.5666,"x":77.86,"y":0.89},{"time":1.7333,"x":27.74,"y":0.89},{"time":1.8333,"x":17,"y":0},{"time":1.9666,"x":0,"y":0,"curve":"stepped"},{"time":2.1666,"x":0,"y":0}],"scale":[{"time":0,"x":1,"y":1},{"time":0.3333,"x":1.048,"y":1.068},{"time":0.5,"x":1,"y":1,"curve":"stepped"},{"time":0.6666,"x":1,"y":1,"curve":"stepped"},{"time":1,"x":1,"y":1},{"time":1.1666,"x":1,"y":1.035},{"time":1.2333,"x":1,"y":1},{"time":1.3,"x":1.116,"y":1.249,"curve":"stepped"},{"time":1.4333,"x":1.116,"y":1.249,"curve":"stepped"},{"time":1.5666,"x":1.116,"y":1.249},{"time":1.7333,"x":0.883,"y":0.868},{"time":1.8333,"x":1,"y":1},{"time":1.9666,"x":1.08,"y":1.213},{"time":2.1666,"x":1,"y":1}]},"FX_WEAPON":{"rotate":[{"time":0,"angle":0,"curve":"stepped"},{"time":0.3333,"angle":0,"curve":"stepped"},{"time":0.5,"angle":0,"curve":"stepped"},{"time":1.1666,"angle":0,"curve":"stepped"},{"time":1.2333,"angle":0,"curve":"stepped"},{"time":1.3,"angle":0,"curve":"stepped"},{"time":1.3666,"angle":0,"curve":"stepped"},{"time":1.4,"angle":0,"curve":"stepped"},{"time":1.4333,"angle":0,"curve":"stepped"},{"time":1.5666,"angle":0,"curve":"stepped"},{"time":1.7333,"angle":0,"curve":"stepped"},{"time":1.8333,"angle":0,"curve":"stepped"},{"time":1.9666,"angle":0,"curve":"stepped"},{"time":2.1666,"angle":0}],"translate":[{"time":0,"x":0,"y":0,"curve":"stepped"},{"time":0.3333,"x":0,"y":0,"curve":"stepped"},{"time":0.5,"x":0,"y":0,"curve":"stepped"},{"time":1.1666,"x":0,"y":0,"curve":"stepped"},{"time":1.2333,"x":0,"y":0,"curve":"stepped"},{"time":1.3,"x":0,"y":0,"curve":"stepped"},{"time":1.3666,"x":0,"y":0,"curve":"stepped"},{"time":1.4,"x":0,"y":0,"curve":"stepped"},{"time":1.4333,"x":0,"y":0,"curve":"stepped"},{"time":1.5666,"x":0,"y":0,"curve":"stepped"},{"time":1.7333,"x":0,"y":0,"curve":"stepped"},{"time":1.8333,"x":0,"y":0,"curve":"stepped"},{"time":1.9666,"x":0,"y":0,"curve":"stepped"},{"time":2.1666,"x":0,"y":0}],"scale":[{"time":0,"x":1,"y":1,"curve":"stepped"},{"time":0.3333,"x":1,"y":1,"curve":"stepped"},{"time":0.5,"x":1,"y":1,"curve":"stepped"},{"time":1.1666,"x":1,"y":1,"curve":"stepped"},{"time":1.2333,"x":1,"y":1,"curve":"stepped"},{"time":1.3,"x":1,"y":1,"curve":"stepped"},{"time":1.3666,"x":1,"y":1,"curve":"stepped"},{"time":1.4,"x":1,"y":1,"curve":"stepped"},{"time":1.4333,"x":1,"y":1,"curve":"stepped"},{"time":1.5666,"x":1,"y":1,"curve":"stepped"},{"time":1.7333,"x":1,"y":1,"curve":"stepped"},{"time":1.8333,"x":1,"y":1,"curve":"stepped"},{"time":1.9666,"x":1,"y":1,"curve":"stepped"},{"time":2.1666,"x":1,"y":1}]},"fx_huichen":{"translate":[{"time":0,"x":0,"y":0,"curve":"stepped"},{"time":1.3666,"x":0,"y":0},{"time":1.4,"x":-13.96,"y":0},{"time":1.6,"x":-61.43,"y":0,"curve":"stepped"},{"time":2.1666,"x":-61.43,"y":0}],"scale":[{"time":0,"x":1,"y":1,"curve":"stepped"},{"time":1.3666,"x":1,"y":1},{"time":1.4,"x":2.213,"y":2.213},{"time":1.6,"x":0.562,"y":2.711,"curve":"stepped"},{"time":2.1666,"x":0.562,"y":2.711}]}},"ffd":{"default":{"MON40061_DL_6":{"MON40061_DL_6":[{"time":0},{"time":0.3333,"offset":4,"vertices":[-3.44395,4.25136,-0.87023,2.55817,0,0,0,0,0,0,0,0,0,0,0,0,0,0,0,0,0,0,0,0,0,0,0,0,0,0,0,0,-1.41337,0.17538,-1.38134,0.3468,-1.38995,-0.31079,-5.87574,-3.51743,0,0,0,0,0,0,0,0,0,0,0,0,0,0,0,0,0,0,0,0,0,0,0,0,0,0,-2.34825,0.05869,0,0,0,0,0,0,0,0,0,0,0,0,0,0,0,0,0,0,-0.00685,1.13932]},{"time":0.5,"offset":2,"vertices":[-2.33911,-0.06917,-1.98945,1.30689,-0.65361,2.32188,-1.34722,-0.62514,0,0,0,0,0,0,-0.3796,-2.59658,4.31992,-5.89926,4.94927,-5.38263,3.02695,-6.65544,0.01023,-1.24904,-0.37915,-1.19002,0,0,0,0,0,0,0,0,5.23118,1.41833,5.04137,1.99121,5.32031,-1.03134,0,0,-3.4453,-2.248,0,0,0,0,0,0,0,0,0,0,0,0,0,0,0,0,0.30547,0.31129,0.13486,0.41484,-0.42095,0.96249,-0.52535,0.90974,-1.8774,1.82272,0,0,0,0,0,0,0,0,0,0,0,0,0,0,2.13285,0.45325,0,0,0.05678,4.68418,0.1144,2.73482,0,0,1.55066,-0.91053,1.79417,-0.12458,1.55556,-0.90218,1.0E-5,0,0,0,0,0,0,0,1.0E-5,0,3.32582,0.5249,2.74433,1.95159,2.51048,2.2447,0.2124,-0.57904]},{"time":0.6666,"offset":30,"vertices":[-0.14197,-0.23645,0,0,0,0,0,0,0,0,0,0,0,0,0,0,0,0,0,0,0,0,0,0,0,0,0,0,0,0,0,0,1.55584,0.11663,1.54637,0.20739,0,0,0,0,-1.10929,2.14223,0,0,0,0,0,0,0,0,0,0,0,0,-0.83659,1.37356,0,0,0,0,0,0,0,0,-0.49501,2.08746]},{"time":1,"offset":6,"vertices":[-1.16917,0.8178,-2.12237,2.96971,0,0,0.11564,0.76508,-0.86747,0.992,0,0,0,0,0,0,0,0,1.28064,1.12433,1.26786,1.13876,0,0,0,0,0,0,0,0,-1.53045,0.23019,-1.52764,0.24866,-1.54386,-0.10931,-0.33039,-0.10303,0,0,0,0,0,0,0,0,0,0,0,0,1.0E-5,0,0,0,1.74739,1.26008,3.09082,2.12666,3.62364,0.97282,3.29737,0.57235,3.30395,0.53248,0,0,0,0,0,0,0.89567,-1.03052,3.05854,-1.73509,4.37138,1.21446,-0.03665,5.24189,1.20138,0.46883,-0.24523,3.83504,0,0,0,0,0,0,0.91217,3.5555,0.47553,0.80131,0.71579,0.59658,0.56838,0.73834,0,0,0,0,0,0,0,0,0,0,1.3726,1.05363,1.64562,0.53496,1.65192,0.51505]},{"time":1.1666,"offset":6,"vertices":[-0.66836,-1.65136,0,0,0,0,0,0,0,0,0,0,0,0,0,0,0,0,0,0,0,0,0.12408,-3.99311,0,0,0,0,0,0,0,0,0,0,0,0,0,0,0,0,0,0,0,0,0,0,0,0,0,0,0,0,0,0,-2.3125,-0.49153,-0.09284,1.30966,0.60954,1.16289,0,0,0,0,0,0,-0.49398,-0.51467,-0.59472,-0.39402,0,0,0,0,0.79789,0.64387,0.76153,1.66843,-2.08117,0.09907,-0.91172,-1.62541,0,0,0,0,0,0,0,0,0,0,0,0,0,0,-2.31962,-0.98288,-2.24929,-1.13498,-2.51003,0.21705,-2.48701,0.40255,-2.41939,-0.70222]},{"time":1.2333,"offset":6,"vertices":[-0.84456,-0.69583,0,0,0,0,0,0,-2.39256,-1.00626,0,0,0,0,0,0,0,0,-0.28279,0.26401,-0.38607,0.02533,-0.99964,-2.7719,0,0,0,0,0,0,-2.0716,-0.22354,-1.94219,0.75448,-1.79178,-1.06355,-4.36742,-1.95691,-3.14297,0.45887,0,0,0,0,0,0,0,0,0,0,0,0,0,0,-2.27342,0.60814,-1.75423,0.55282,-1.45162,1.1297,0,0,0,0,-3.3593,-0.05551,-1.83235,-1.30486,-2.07355,-0.8721,0,0,-1.15972,-2.01838,-1.30287,0.76206,0,0,-1.99989,-0.58432,-1.97492,-1.13087,-1.58976,-1.16807,0,0,0,0,-1.87078,-0.05766,-1.85717,-1.94055,-2.41748,-1.17138,-1.71275,-2.06941,-3.3538,-0.92004,-3.13605,-1.50348,-3.4636,-0.31592,-3.22056,1.31278,-3.01975,-1.72558,-1.98566,-0.39825,-2.00007,0.31894,-1.62906,1.20323]},{"time":1.3},{"time":1.4333,"offset":4,"vertices":[-1.30612,-0.0655,0,0,0,0,0,0,0.95782,-0.65095,0,0,0,0,0,0,0,0,0,0,0,0,0,0,0,0,0,0,0,0,0,0,3.65248,0.33755,3.43071,1.29909,3.62524,-0.55809,4.06847,-0.12645,-1.60552,0.39186,0,0,0,0,0,0,0,0,0,0,0,0,0,0,0,0,0,0,0,0,0,0,0,0,-0.56434,1.75675,0,0,0,0,0,0,0,0,0.54853,1.17478,1.15944,1.10412,0,0,0.63449,0.13303,0,0,0.43084,0.15657,0.7051,0.74394,0,0,1.92241,-0.48367,1.87114,0.65583,1.9743,0.18259,0,0,0,0,0,0,0,0,0,0,0.60906,-0.22201,0.63074,0.15038,0.5679,0.31312,0.51685,-0.8852]},{"time":1.5666,"offset":62,"vertices":[1.34977,0.95403,1.29181,1.03135,0,0,0,0,-0.51712,-0.33324,-0.8504,0.18385,-0.7895,0.36555,0,0,-0.5784,-1.24773,0,0,0.39777,0.42199,0,0,0,0,0,0,0,0,0,0,0,0,1.3031,-0.69826,1.34178,-0.62089,1.47842,-0.02288]},{"time":1.7333,"offset":6,"vertices":[-0.33738,0.77513,-4.45034,2.99825,0,0,0,0,0,0,0,0,0,0,0,0,0,0,0.53063,-1.0313,0.69535,-0.9282,0,0,0,0,0,0,0,0,-1.84249,0.9886,-1.82723,1.01639,-2.0762,0.24853,0,0,0,0,0,0,0,0,0,0,0,0,0,0,0,0,0,0,0,0,0,0,0,0,1.50968,-0.67314,1.49938,-0.69593,-0.03211,0.4088,0,0,0,0,0.64083,-1.34801,0.6742,-0.30311,1.21333,0.20268,1.07823,1.01159,-1.0449,0.03333,0,0,0,0,0,0,0,0,0.6733,1.90374,0,0,0,0,0,0,-1.04489,0.03332,-1.03488,0.14809,-0.92123,0.49428,-0.9136,0.50817,-1.03807,0.12425,-1.43301,-0.07925,-1.3732,0.41738,-1.36668,0.43812]},{"time":1.8333,"offset":4,"vertices":[-1.16175,0.28227]},{"time":1.9666,"curve":"stepped"},{"time":2.1666}]}}}}}}