{"skeleton":{"hash":"aZmjVRi5EB9qo4nF7LhGlD0Jmdc","spine":"3.1.03","width":368.86,"height":308.64},"bones":[{"name":"root"},{"name":"bone","parent":"root","x":6.15,"y":109,"rotation":10},{"name":"MON10062_DL_15","parent":"bone","length":36.48,"x":-16.66,"y":-11.61,"rotation":94.76},{"name":"bone2","parent":"MON10062_DL_15","length":35.94,"x":36.48,"rotation":-22.05},{"name":"MON10062_DL_7","parent":"bone2","length":39.51,"x":31.43,"y":-30.24,"rotation":-117.52},{"name":"MON10062_DL_6","parent":"MON10062_DL_7","length":18.95,"x":37.74,"y":-0.1,"rotation":-17.56},{"name":"MON10062_DL_8","parent":"MON10062_DL_6","length":19.8,"x":18.17,"y":0.16,"rotation":-9.65},{"name":"MON10062_DL_1","parent":"MON10062_DL_8","length":46.77,"x":14.6,"y":-0.05,"rotation":90.02},{"name":"MON10062_DL_3","parent":"bone2","length":61.62,"x":35.31,"y":0.4,"rotation":6.72},{"name":"MON10062_DL_2","parent":"MON10062_DL_3","length":14.97,"x":33.86,"y":-24.43,"rotation":155.79},{"name":"MON10062_DL_4","parent":"MON10062_DL_3","length":17.36,"x":24.11,"y":-30.64,"rotation":-51.61},{"name":"MON10062_DL_5","parent":"MON10062_DL_3","length":14.28,"x":33.61,"y":28.89,"rotation":-178.25},{"name":"MON10062_DL_9","parent":"MON10062_DL_15","length":18.75,"x":0.2,"y":1.06,"rotation":178.74},{"name":"MON10062_DL_10","parent":"bone","length":26.23,"x":6.25,"y":-11.34,"rotation":-73.87},{"name":"MON10062_DL_11","parent":"MON10062_DL_10","length":12.97,"x":21.67,"y":-0.69,"rotation":57.01},{"name":"MON10062_DL_12","parent":"MON10062_DL_11","length":31.09,"x":11.35,"y":-0.1,"rotation":-55.85},{"name":"MON10062_DL_13","parent":"bone","length":25.53,"x":-12.39,"y":-10.38,"rotation":-124.91},{"name":"MON10062_DL_14","parent":"MON10062_DL_13","length":17.42,"x":24.18,"y":-1.28,"rotation":111.78},{"name":"MON10062_DL_18","parent":"bone2","length":33.94,"x":15.65,"y":17.87,"rotation":160.09},{"name":"MON10062_DL_17","parent":"MON10062_DL_18","length":22.96,"x":33.32,"y":-0.15,"rotation":-4.97},{"name":"MON10062_DL_16","parent":"MON10062_DL_17","length":11.29,"x":22.45,"y":-0.32,"rotation":-1.46},{"name":"MON10062_DL_19","parent":"MON10062_DL_14","length":28.36,"x":15.88,"y":-0.32,"rotation":-89.53},{"name":"MON10062_DL_20","parent":"bone2","length":13.05,"x":19.19,"y":-29.1,"rotation":-81.04},{"name":"MON10062_DL_21","parent":"MON10062_DL_16","length":37.84,"x":5.63,"y":-0.57,"rotation":-83.16},{"name":"MON10062_DL_22","parent":"bone2","length":9.69,"x":12.77,"y":5.01,"scaleX":1.412,"scaleY":1.217,"rotation":100.4},{"name":"MON10062_DL_23","parent":"MON10062_DL_3","length":23.16,"x":65,"y":-29.9,"rotation":-34.94},{"name":"bone14","parent":"MON10062_DL_23","length":14.57,"x":23.16,"y":0.1,"rotation":-6.29},{"name":"bone15","parent":"bone14","length":12.93,"x":14.57,"rotation":-51.73},{"name":"bone16","parent":"bone15","length":22.96,"x":12.93,"y":-0.05,"rotation":-68.08},{"name":"bone17","parent":"bone16","length":27.04,"x":22.97,"y":-0.05,"rotation":-17.8},{"name":"MON10062_DL_24","parent":"bone17","length":20.21,"x":26.62,"y":-0.77,"rotation":2.64},{"name":"bone36","parent":"MON10062_DL_22","length":8.92,"x":9.69,"y":-0.02,"rotation":-28.38},{"name":"MON10062_DL_25","parent":"bone36","length":24.57,"x":7.55,"y":-0.38,"rotation":-46.68},{"name":"bone37","parent":"MON10062_DL_25","length":22.99,"x":24.86,"y":0.07,"rotation":-14.52},{"name":"bone38","parent":"bone37","length":21.47,"x":22.99,"y":-0.09,"scaleX":0.962,"rotation":37.44},{"name":"MON10062_DL_26","parent":"bone38","length":26.82,"x":-0.13,"y":1.3,"scaleX":0.927,"rotation":108.39},{"name":"MON10062_DL_27","parent":"MON10062_DL_3","length":41.14,"x":45.53,"y":-16.58,"rotation":-178.06},{"name":"bone3","parent":"MON10062_DL_4","length":18.81,"x":17.72,"y":-0.34,"rotation":5.11},{"name":"bone4","parent":"bone3","length":12.53,"x":18.81,"rotation":1.91},{"name":"bone5","parent":"bone4","length":12.53,"x":12.53},{"name":"bone6","parent":"MON10062_DL_2","length":18.47,"x":14.97,"y":0.04,"rotation":14.35},{"name":"bone7","parent":"bone6","length":17.83,"x":18.47,"y":-0.01,"rotation":4.94},{"name":"bone8","parent":"bone7","length":14.92,"x":17.83,"rotation":0.55},{"name":"bone9","parent":"bone8","length":12.45,"x":14.92,"rotation":10.48},{"name":"bone10","parent":"MON10062_DL_5","length":15.3,"x":14.28,"rotation":2.37},{"name":"bone11","parent":"bone10","length":13.98,"x":15.3,"rotation":-7.81},{"name":"bone12","parent":"bone11","length":13.04,"x":13.98,"rotation":-10.69},{"name":"bone13","parent":"bone12","length":12.65,"x":13.37,"y":0.08,"rotation":10.23},{"name":"bone18","parent":"MON10062_DL_24","length":14.8,"x":20.21,"rotation":2.37},{"name":"bone19","parent":"bone18","length":12.1,"x":14.6,"y":-0.04,"rotation":-11.58},{"name":"bone20","parent":"bone19","length":11.55,"x":12.01,"y":0.24,"rotation":-2.46},{"name":"bone21","parent":"MON10062_DL_20","length":22.09,"x":13.05,"rotation":11.61},{"name":"bone22","parent":"bone21","length":22.7,"x":22.09,"rotation":57.37},{"name":"bone23","parent":"bone22","length":34.8,"x":22.7,"y":0.1,"rotation":20.05},{"name":"bone24","parent":"bone23","length":29.36,"x":34.8,"y":-0.06,"rotation":-47.53},{"name":"bone25","parent":"bone24","length":26.21,"x":28.46,"y":0.86,"rotation":-32.67},{"name":"bone26","parent":"bone25","length":24.42,"x":26.22,"y":0.12,"rotation":-10.85},{"name":"bone27","parent":"bone26","length":23.22,"x":24.43,"rotation":-21.48},{"name":"bone28","parent":"bone27","length":23.18,"x":23.23,"y":0.09,"rotation":-12.33},{"name":"bone29","parent":"bone28","length":22.44,"x":23.18,"y":-0.01,"rotation":-11.73},{"name":"bone30","parent":"bone24","length":40.78,"x":1.31,"y":-0.07,"rotation":-56.39},{"name":"bone31","parent":"bone30","length":32.97,"x":40.78,"y":-0.18,"rotation":-23.25},{"name":"bone32","parent":"bone31","length":30.52,"x":32.98,"y":0.08,"rotation":-21.91},{"name":"bone33","parent":"bone24","length":36.78,"x":-0.91,"y":0.51,"rotation":-93.81},{"name":"bone34","parent":"bone33","length":30.77,"x":36.78,"y":-0.01,"rotation":-20.87},{"name":"bone35","parent":"bone34","length":22.58,"x":30.78,"y":0.05,"rotation":-11.75},{"name":"bone39","parent":"bone38","length":22.97,"x":21.54,"y":-0.02,"rotation":30.93},{"name":"bone40","parent":"bone39","length":24.27,"x":21.99,"y":-0.39,"rotation":33.86},{"name":"bone41","parent":"bone40","length":16.79,"x":24.27,"y":-0.07,"rotation":26.92},{"name":"bone42","parent":"bone41","length":16.89,"x":16.79,"rotation":8.33},{"name":"bone43","parent":"bone38","length":22.66,"x":2.71,"y":2.55,"scaleX":0.953,"rotation":69.53},{"name":"bone44","parent":"bone43","length":25.99,"x":22.66,"rotation":21.36},{"name":"bone45","parent":"bone44","length":27.06,"x":25.99,"y":-0.06,"rotation":16.79},{"name":"bone46","parent":"MON10062_DL_26","length":26.6,"x":27.23,"y":-0.04,"rotation":14.71},{"name":"bone47","parent":"bone46","length":24.46,"x":26.57,"y":0.29,"rotation":11.37},{"name":"bone48","parent":"MON10062_DL_27","length":27.32,"x":41.14,"y":-0.01,"rotation":0.75},{"name":"bone49","parent":"bone48","length":33.94,"x":27.32,"rotation":2.01},{"name":"fx_dao","parent":"MON10062_DL_1","length":29.63,"x":3.03,"y":-16.44,"rotation":-87.08},{"name":"fx_dao2","parent":"MON10062_DL_21","length":28.38,"x":-1.55,"y":19.47,"rotation":93.06},{"name":"fx_eye","parent":"MON10062_DL_3","length":29.44,"x":22.28,"y":25.01,"rotation":3.34},{"name":"fx_shou","parent":"MON10062_DL_7","length":8.38,"x":18.89,"y":6.72,"rotation":173.75},{"name":"fx_xiong","parent":"MON10062_DL_15","length":15.41,"x":35.17,"y":-2.88,"rotation":0.16},{"name":"shadow","parent":"root","length":20.82,"x":-0.02,"y":-0.93,"rotation":-90}],"slots":[{"name":"shadow","bone":"shadow","attachment":"shadow"},{"name":"MON10062_DL_23","bone":"MON10062_DL_24","attachment":"MON10062_DL_23"},{"name":"MON10062_DL_22","bone":"MON10062_DL_26","attachment":"MON10062_DL_22"},{"name":"MON10062_DL_21","bone":"MON10062_DL_21","attachment":"MON10062_DL_21"},{"name":"fx_dao2","bone":"fx_dao2","attachment":"w1_00000_00000","blend":"additive"},{"name":"MON10062_DL_20","bone":"MON10062_DL_20","attachment":"MON10062_DL_20"},{"name":"MON10062_DL_19","bone":"MON10062_DL_27","attachment":"MON10062_DL_19"},{"name":"MON10062_DL_18","bone":"MON10062_DL_18","attachment":"MON10062_DL_18"},{"name":"MON10062_DL_17","bone":"MON10062_DL_17","attachment":"MON10062_DL_17"},{"name":"MON10062_DL_16","bone":"MON10062_DL_16","attachment":"MON10062_DL_16"},{"name":"MON10062_DL_15","bone":"MON10062_DL_15","attachment":"MON10062_DL_15"},{"name":"fx_xiong","bone":"fx_xiong","attachment":"xiong_00000","blend":"additive"},{"name":"MON10062_DL_14","bone":"MON10062_DL_19","attachment":"MON10062_DL_14"},{"name":"MON10062_DL_13","bone":"MON10062_DL_14","attachment":"MON10062_DL_13"},{"name":"MON10062_DL_12","bone":"MON10062_DL_13","attachment":"MON10062_DL_12"},{"name":"MON10062_DL_11","bone":"MON10062_DL_12","attachment":"MON10062_DL_11"},{"name":"MON10062_DL_10","bone":"MON10062_DL_11","attachment":"MON10062_DL_10"},{"name":"MON10062_DL_9","bone":"MON10062_DL_10","attachment":"MON10062_DL_9"},{"name":"MON10062_DL_8","bone":"MON10062_DL_9","attachment":"MON10062_DL_8"},{"name":"MON10062_DL_7","bone":"MON10062_DL_7","attachment":"MON10062_DL_7"},{"name":"MON10062_DL_6","bone":"MON10062_DL_8","attachment":"MON10062_DL_6"},{"name":"MON10062_DL_5","bone":"MON10062_DL_6","attachment":"MON10062_DL_5"},{"name":"MON10062_DL_4","bone":"MON10062_DL_5","attachment":"MON10062_DL_4"},{"name":"MON10062_DL_3","bone":"MON10062_DL_4","attachment":"MON10062_DL_3"},{"name":"MON10062_DL_2","bone":"MON10062_DL_2","attachment":"MON10062_DL_2"},{"name":"MON10062_DL_1","bone":"MON10062_DL_1","attachment":"MON10062_DL_1"},{"name":"fx_dao","bone":"fx_dao","attachment":"w1_00000_00000","blend":"additive"},{"name":"fx_eye","bone":"fx_eye","attachment":"lian_00000","blend":"additive"},{"name":"fx_shou","bone":"fx_shou","attachment":"shou_00000","blend":"additive"}],"skins":{"default":{"MON10062_DL_1":{"MON10062_DL_1":{"x":-1.24,"y":5.71,"rotation":-1.14,"width":156,"height":88}},"MON10062_DL_10":{"MON10062_DL_10":{"x":4.66,"y":0.4,"rotation":47.19,"width":24,"height":25}},"MON10062_DL_11":{"MON10062_DL_11":{"x":13.8,"y":1.87,"rotation":79.62,"width":29,"height":40}},"MON10062_DL_12":{"MON10062_DL_12":{"x":13.84,"y":0.01,"rotation":125.18,"width":34,"height":38}},"MON10062_DL_13":{"MON10062_DL_13":{"x":13.75,"y":0.29,"rotation":26.19,"width":29,"height":19}},"MON10062_DL_14":{"MON10062_DL_14":{"x":16.31,"y":-3.99,"rotation":115.71,"width":45,"height":36}},"MON10062_DL_15":{"MON10062_DL_15":{"type":"weightedmesh","uvs":[1,0.105,1,0.35794,1,0.61792,0.88638,0.77601,0.80094,1,0.6087,1,0.34526,1,0.11742,1,0.11386,0.84627,0,0.64602,0,0.2139,0.06402,0,0.39866,0,1,0,0.32746,0.32984,0.31322,0.49144,0.66922,0.5863,0.33432,0.82632,0.63469,0.82234],"triangles":[16,1,2,15,14,16,9,10,15,15,10,14,16,14,0,12,13,0,14,12,0,10,11,14,14,11,12,1,16,0,5,18,4,4,18,3,18,5,17,6,8,17,5,6,17,6,7,8,17,8,15,8,9,15,18,17,16,18,16,3,16,17,15,3,16,2],"vertices":[1,3,43.26,-40.50999,1,2,2,42.23,-52.18,0.1,3,24.91,-46.22,0.9,2,2,22.54,-50.55,0.66,3,6.04,-52.1,0.34,1,2,11.27,-41.07,1,1,2,-5.15,-33.28,1,1,2,-3.96,-18.91,1,1,2,-2.33,0.77,1,1,2,-0.92,17.79999,1,1,2,10.73,17.11,1,2,2,26.61,24.36,0.74,3,-18.29,18.87,0.26,1,3,13.06,28.64,1,1,3,30.01,28.89,1,1,3,37.47,4.92,1,1,3,50.89,-38.13,1,2,2,48.53,-2.08999,0.08999,3,11.95,2.57,0.91,2,2,36.37,-0.01,0.5,3,-0.09,-0.05,0.5,2,2,26.99,-26.03,0.66999,3,0.96,-27.69,0.33,1,2,10.88,0.5,1,1,2,9.32,-21.96,1],"hull":14}},"MON10062_DL_16":{"MON10062_DL_16":{"x":5.48,"y":0.23,"rotation":122.61,"width":26,"height":26}},"MON10062_DL_17":{"MON10062_DL_17":{"x":10.9,"y":1.38,"rotation":126.95,"width":28,"height":34}},"MON10062_DL_18":{"MON10062_DL_18":{"x":17.85,"y":0.48,"rotation":103.01,"width":27,"height":49}},"MON10062_DL_19":{"MON10062_DL_19":{"type":"weightedmesh","uvs":[1,0.28823,1,0.6022,1,0.80905,0.69847,1,0.50973,1,0.33468,1,0,0.81466,0,0.61906,0,0.40298,0.00397,0.11173,0.18984,0,0.45604,0,0.94281,0,0.46269,0.42283,0.47612,0.66342,0.45884,0.17777,0.47351,0.61671],"triangles":[2,3,14,5,14,4,3,4,14,5,6,14,14,6,7,14,1,2,14,7,16,14,16,1,7,13,16,7,8,13,16,13,1,13,0,1,8,15,13,13,15,0,8,9,15,15,12,0,9,10,15,10,11,15,15,11,12],"vertices":[3,36,26.53,40.83,0.75605,75,-14.06,41.03,0.23562,76,-39.91999,42.45,0.00832,3,36,62.94,39.86,0.11738,75,22.32,39.57,0.50654,76,-3.6,39.73,0.37607,3,36,86.92,39.22,0.00321,75,46.29,38.62,0.20514,76,20.32,37.93,0.79164,2,75,67.51,14.84,0.00119,76,40.68999,13.42,0.9988,1,76,39.61,-0.88,1,2,75,66.41,-12.78,0.00454,76,38.62,-14.14,0.99545,3,36,84.64,-36.74,0.00389,75,43.01,-37.3,0.27008,76,14.37,-37.83,0.72602,3,36,62.87,-36.16,0.10769,75,21.24,-36.43,0.5357,76,-7.34,-36.2,0.35659,3,36,37.81,-35.49,0.58973,75,-3.79,-35.43,0.37573,76,-32.34,-34.32,0.03453,2,36,7.36,-34.68,0.97669,75,-34.23,-34.22,0.0233,1,36,-8.52,-19.82,1,2,36,-7.99,0.39,0.99999,75,-49.12,1.04999,0,2,36,-7.02,36.47,0.99023,75,-47.68,37.11,0.00976,2,36,41.05,-0.4,0.5,75,-0.09,-0.39,0.5,2,75,27.83,-0.48,0.5,76,0.49,-0.5,0.5,2,36,12.62,0.05,0.99934,75,-28.51,0.44,6.5E-4,2,75,22.41,-0.46,0.66658,76,-4.92,-0.29,0.33341],"hull":13}},"MON10062_DL_2":{"MON10062_DL_2":{"type":"weightedmesh","uvs":[1,0.21347,1,0.4317,1,0.6461,0.80511,0.83562,0.87618,1,0.45114,1,0.1978,1,0,1,0,0.7935,0,0.61164,0,0.36853,0.24949,0.1637,0.62421,0,1,0,0.68186,0.19609,0.53614,0.4147,0.42617,0.64183,0.39554,0.82232,0.28528,0.63185,0.19861,0.80797],"triangles":[5,3,4,6,17,5,5,17,3,6,19,17,6,7,19,7,8,19,17,16,3,3,16,2,19,18,17,17,18,16,18,19,9,19,8,9,16,15,2,15,1,2,16,18,15,15,18,10,18,9,10,15,14,1,14,0,1,10,11,15,15,11,14,14,13,0,11,12,14,14,12,13],"vertices":[4,9,12.5,7.58,0.56117,40,-0.51,7.91,0.43882,42,-35.98,9.88,0,43,-48.25,18.99,0,5,9,28.55,14.99,5.0E-5,40,16.86,11.11,0.54424,41,-0.64,11.23,0.4556,42,-18.37,11.41,9.0E-5,43,-30.65,17.28,0,3,9,44.31,22.28,0,41,16.64,12.89,0.5782,42,-1.07,12.9,0.42178,4,9,60.21,24.47,0,41,32.37,9.71,0.00189,42,14.62,9.57,0.49935,43,1.45,9.46,0.49874,2,41,45.45,12.68,8.0E-5,43,14.87,9.87,0.99991,2,9,75.86,22.34,0,43,13.88,-0.27,1,1,43,13.29,-6.32,1,2,9,80.4,12.51,0,43,12.83,-11.05,1,4,9,65.22,5.5,0,41,30.82,-9.84,0.00953,42,12.89,-9.97,0.71281,43,-3.81,-9.43,0.27764,4,9,51.84,-0.67,0,40,35.54,-9.84,0.00185,41,16.16,-11.25,0.65646,42,-1.78,-11.24,0.34167,2,40,16.17,-13.41,0.684,41,-3.43,-13.14,0.31599,3,9,16.4,-10.45,0.44196,40,-1.22,-10.52,0.55803,42,-38.43999,-8.39999,0,1,9,0.58999,-7.85,1,2,9,-3.19,0.33,1,42,-53.21,8.39,0,2,9,14.42,0.06,0.5,40,-0.52,0.15,0.5,2,40,17.52,-0.07,0.5,41,-0.94,0.01,0.5,2,41,17.61,-0.84,0.5,42,-0.22,-0.84,0.5,2,42,14.4,-0.31,0.5,43,-0.56,-0.21,0.5,3,9,50.46,6.22,0,41,17.12999,-4.28,0.55381,42,-0.74,-4.28,0.44618,4,9,64.28,10.31,0,41,31.53,-4.98,1.0E-4,42,13.65,-5.12,0.55826,43,-2.18,-4.8,0.44161],"hull":14}},"MON10062_DL_20":{"MON10062_DL_20":{"type":"weightedmesh","uvs":[0.89879,0.17095,1,0.33425,1,0.55558,1,0.66198,0.89554,0.49874,0.78291,0.48987,0.72955,0.57718,0.75139,0.86974,0.72803,0.9134,0.69024,0.91214,0.62181,0.71922,0.56753,0.74777,0.49222,0.77646,0.45582,0.9503,0.42527,1,0.3903,0.91214,0.39321,0.85702,0.33776,0.84993,0.21778,0.88965,0.10151,0.86486,0,0.80826,0,0.65516,0,0.51699,0.08033,0.54615,0.14575,0.54615,0.17513,0.43145,0.17513,0.23122,0.18314,0,0.3033,0,0.42881,0,0.58235,0,0.78396,0,0.08386,0.66771,0.20629,0.65526,0.27076,0.50206,0.30089,0.22063,0.43409,0.09247,0.57584,0.08316,0.70685,0.12388,0.80777,0.25215,0.89795,0.38041,0.5092,0.32393,0.64662,0.50537,0.40393,0.48024,0.43394,0.7273,0.31976,0.60689,0.46273,0.41253,0.47226,0.1929,0.57865,0.22295,0.70092,0.32237,0.5303,0.62869],"triangles":[17,45,44,16,17,44,44,14,16,14,44,13,14,15,16,44,12,13,43,46,50,44,45,43,50,44,43,50,12,44,11,12,50,43,35,46,6,42,5,10,42,8,42,10,50,10,11,50,42,7,8,8,9,10,42,6,7,41,48,49,42,41,49,42,49,5,46,41,42,50,46,42,35,36,47,41,47,48,35,47,41,46,35,41,4,5,40,2,4,40,1,2,40,4,2,3,40,39,0,1,40,0,40,5,49,40,49,39,38,30,31,38,31,0,39,38,0,49,38,39,47,37,48,37,30,38,48,37,38,49,48,38,37,29,30,36,29,37,47,36,37,35,27,28,28,29,36,35,28,36,26,27,35,35,25,26,34,35,43,34,25,35,24,25,34,45,34,43,33,24,34,33,34,45,33,45,17,32,24,33,19,32,33,18,19,33,17,18,33,21,22,23,32,23,24,21,23,32,20,21,32,20,32,19],"vertices":[4,55,85.3,-10.58,0,57,30.19,18.9,0.38958,58,6.2,19.07,0.58475,59,-18.45,17.66,0.02565,6,52,105.57,-105.66,0,54,98.79,-81.25,0,55,103.54,-31.17,0,56,81.82,-16.20999,4.4E-4,58,33.64,17.04999,0.23824,59,9.06,17.84,0.7613,2,58,52.77,-2.95,0,59,29.73,-0.57,0.99999,4,54,76.37,-115.54,0,55,103.18,-72.15,0,56,89.16,-56.54,0,59,39.66,-9.42,0.99999,4,58,34.11,-10.96,0.10477,59,11.76,-10.04,0.86341,61,64.4,32.00999,0.00983,62,11.6,43.27,0.02198,6,52,69.25,-80.75,0,57,40.77,-24.95,0.03705,58,18.52,-24.33,0.37787,59,-2.7,-24.62,0.11655,61,48.73,18.73,0.16471,62,4.51,23.99,0.30379,6,52,54.98,-77.64,0,57,40.71,-39.57,0.00581,58,19.04,-38.93999,0.06113,59,-1.01,-39.14,0.01198,61,49.16,4.12,0.05594,62,12.09,11.49,0.86512,3,52,25.05,-99.02,0,59,28.95,-60.51,0,62,48.23,4.53,1,3,52,18.20999,-97.99,0,59,30.19,-67.32,0,62,52.2,-1.13,1,3,52,14.98,-91.92,0,59,25.5,-72.36,0,62,50.03,-7.66,1,4,61,47.1,-22.26,0.01655,62,23.3,-12.48,0.82241,64,37.63,33.62,0.10837,65,-0.1,34.25999,0.05265,5,59,-4.71,-75.37,0,61,42.37,-31.64,0.0547,62,23.8,-22.98,0.42926,64,39.29,23.25,0.30805,65,3.62,24.44,0.20797,5,59,-11.16,-87.99,0,61,34.86,-43.66,0.01654,62,23.2,-37.14,0.0762,64,40.25,9.10999,0.26108,65,7.43,10.79,0.64616,2,59,0.66,-107.41,0,65,29.28,4.52,1,3,53,-57.43,-37.98,0,59,1.6,-115.7,0,65,35.58,-0.93,1,5,51,53.09,-33.82,0.00423,52,-11.77,-44.33,0.00494,53,-47.62,-29.93,0,59,-10.83,-113.14,0,65,24.7,-7.48,0.99082,5,51,54.01,-26.97,0.04039,52,-5.5,-41.41999,0.04735,53,-40.73,-29.34,0,59,-15.63,-108.16,0,65,17.79999,-7.06,0.91223,5,51,43.98,-25.51,0.21389,52,-9.67,-32.18999,0.19394,59,-23.01,-115.11,0,64,44.01,-20.23,0.0827,65,17.08,-17.17,0.50945,6,22,40.39,-24.21,0.01433,51,21.9,-29.22,0.67262,52,-24.7,-15.59,0.16358,59,-33.83,-134.73,0,64,44.8,-42.61,0.0151,65,22.4,-38.93,0.13434,5,22,19,-24.21,0.29009,51,0.95,-24.92,0.67869,52,-32.37,4.37,0.00938,59,-50.24,-148.47,0,65,19.65,-60.15,0.02182,3,22,-0.29,-19.89,0.76776,51,-17.08,-16.79999,0.23205,65,12.88,-78.75,1.7E-4,1,22,-3.07,-0.96,1,2,22,-5.58,16.12,1,59,-95.02,-133.33,0,5,22,9.41,14.63,0.74067,51,-0.61,15.07,0.21879,52,0.46,27.25,0.03714,53,-11.58,33.13,0.00339,59,-82.57,-124.83,0,5,22,21.19,16.36,0.08908,51,11.26,14.39,0.41448,52,6.29,16.87,0.39586,53,-9.66,21.37,0.10056,59,-74.64,-115.94,0,3,51,17.42,28.4,0.03179,52,21.41,19.24,0.25821,53,5.34,18.41,0.70998,8,52,43.23,31.5,0.00195,53,30.04,22.46,0.75818,54,-19.83,11.7,0.19943,56,-68.24,-30.43,3.3E-4,57,-63.6,-73.96,0,59,-100.49,-85.74,0,60,-22.07,-9.91,0.0351,63,-10.68,-19.2,0.00498,8,52,69.14,44.4,9.0E-5,53,58.8,25.69,0.23333,54,-2.79,35.09,0.74011,56,-71.98,-1.72,0.00249,57,-81.65,-51.32,1.0E-5,59,-121.12,-65.41,0,60,-30.66,17.73,0.01294,63,-34.52,-2.79,0.011,8,52,79.85,25.33,3.0E-5,53,62.33,4.1,0.07541,54,15.51,23.12,0.91414,56,-50.45,2.19,0.00875,57,-65.25,-36.83,3.0E-5,59,-106.56,-49.07,0,60,-10.10999,25.26,0,63,-23.04,15.82,0.00159,4,52,91.05,5.42,0,54,34.64,10.62,0.46062,55,-0.07,11.54,0.53934,57,-48.11,-21.71,1.0E-5,6,53,70.54,-46.01,2.5E-4,55,27.88,11.3,0.53574,56,-0.46,11.29,0.46381,59,-72.75,-11.13,6.0E-5,60,37.58,42.74,0,63,3.6,59.06,1.1E-4,4,52,122.72,-50.91,0,54,88.75,-24.75,7.7E-4,56,35.64,17.86,0.20447,57,0.36,21.09,0.79475,2,22,12.25,-0.3,0.5,51,-0.84,-0.13,0.5,2,51,21.48,0.14,0.5,52,-0.19,0.58999,0.5,2,52,22.25,-0.25,0.5,53,-0.55,-0.18,0.5,4,53,35.05,0.08,0.25,54,0.05,0.28,0.25,60,-1.03,-0.79,0.25,63,0.2,0.97,0.25,2,54,29.11,0.42,0.5,55,0.78,-0.02,0.5,2,55,26.6,0.91,0.5,56,0.22,0.84,0.5,2,56,24.6,0.1,0.5,57,0.09,0.18,0.5,2,57,24.48,0.32,0.5,58,1.24,0.27,0.5,2,58,24.2,0.03,0.5,59,1,0.12,0.5,2,60,39.02,0.13,0.5,61,-1.75,-0.4,0.5,2,61,32.02,0.28,0.5,62,-0.93,-0.29,0.5,2,63,37.66999,-0.08,0.5,64,0.86,0.25,0.5,2,64,32.23,-0.16,0.5,65,1.46,0.08,0.5,7,51,42.45,5,0.04966,52,15.19,-14.44,0.54408,53,-12.04,-11.1,0.02816,59,-47.89,-97.33,0,63,43.11,-21.43,0.00702,64,13.55,-17.76,0.30091,65,-13.24,-20.95,0.07013,6,59,-48.71,-61.72,0,60,34.88,-13.18,0.21174,61,-0.29,-14.27,0.28439,62,-21.88,-28.89,2.9E-4,63,36.08,13.46,0.23704,64,-5.45,12.35,0.26653,5,54,28.06,-13.88,0.08593,55,7.62,-12.64,0.16151,56,-15.87,-16.03,0.00883,60,27.06,13.19,0.70178,61,-17.89,6.88,0.04193,5,55,26.95,-16.57,0.27658,56,3.85,-16.26,0.43811,57,-9.2,-24.55,0.01923,60,46.54,16.33,0.09462,61,-1.23,17.45,0.17142,7,52,80.19,-57.48,0,56,27.98,-24.5,0.07632,57,15.71,-19.12999,0.32259,58,-6.74,-19.51,0.1951,60,71.72,12.32,0.0011,61,23.49,23.7,0.35285,62,-19.9,15.88,0.052,6,59,-20.34,-70.51999,0,61,27.21,-25.47,0.20152,62,7.57,-25.08,0.20223,63,65.54,9.75,0.00572,64,23.4,19.37,0.50188,65,-11.15,17.42,0.08862],"hull":32}},"MON10062_DL_21":{"MON10062_DL_21":{"x":-0.11,"y":-16.39,"rotation":-153.88,"width":141,"height":114}},"MON10062_DL_22":{"MON10062_DL_22":{"type":"weightedmesh","uvs":[0.84267,0.17243,0.85187,0.36595,0.87027,0.52774,0.90707,0.54201,1,0.52615,1,0.63345,1,0.81167,0.87763,0.87988,0.75619,0.85767,0.67155,0.84974,0.64027,0.94491,0.58688,0.96075,0.52803,0.92588,0.51699,0.77201,0.46016,0.7122,0.40475,0.70222,0.34219,0.90684,0.28759,0.9006,0.22811,0.84657,0.28699,0.58643,0.23731,0.4976,0.13243,0.49601,0,0.64036,0,0.57857,0,0.36277,0.07907,0.20891,0.22811,0,0.63107,0,0.68627,0,0.84819,0,0.88691,0.63825,0.83294,0.61616,0.7309,0.39807,0.66577,0.20451,0.54372,0.08683,0.33911,0.1087,0.17697,0.26533,0.09727,0.39264,0.49833,0.33783,0.36845,0.53577,0.61421,0.44578,0.59119,0.69086,0.69915,0.56739,0.68075,0.04077,0.71019,0.13436,0.55379,0.40401,0.50154,0.57599,0.53355,0.19305,0.41763,0.22319,0.57115,0.27985,0.28883,0.4167,0.74657,0.16382],"triangles":[13,14,41,42,9,41,11,13,41,11,12,13,11,41,9,10,11,9,46,45,40,41,46,40,42,41,40,41,14,46,19,20,39,15,39,46,14,15,46,17,19,39,17,18,19,39,15,17,16,17,15,50,48,38,50,20,37,39,50,38,39,38,45,20,50,39,46,39,45,44,33,34,47,34,33,49,47,33,38,48,47,38,47,49,45,49,33,45,38,49,33,40,45,32,40,33,20,21,37,23,24,37,23,37,21,22,23,21,37,24,25,36,37,25,37,36,50,36,25,26,35,36,26,36,35,48,50,36,48,34,26,27,35,26,34,34,48,35,43,27,28,43,34,27,44,34,43,47,48,34,29,43,28,44,43,29,51,44,29,0,51,29,33,44,51,33,51,0,33,0,1,32,33,1,32,1,2,42,40,32,31,42,32,2,31,32,31,2,3,30,31,3,42,31,9,8,9,31,8,31,30,7,8,30,6,7,30,3,4,5,30,3,5,30,5,6],"vertices":[7,31,27.27,-50.95,1.2E-4,32,52.15,-13.76,0.00185,33,26.17,-10.79,0.84612,34,-4.57,-11.52,0.14944,67,-21.33,38.81,0.00236,68,-42.43,42.98,8.0E-5,72,-51.51,29.86,0,6,31,16.64,-30.34,0.00909,32,29.4,-10.22,0.21175,33,3.07,-9.96,0.77908,67,-6.71,55.59,5.0E-5,68,-25.68,58.48,0,72,-30.43,38.73,0,4,24,10.6,-13.49,0.13618,31,6.07,-12.05,0.19102,32,8.52,-8.07,0.57634,33,-18.04,-10.2,0.09644,4,24,6.84,-11.23,0.41276,31,1.73,-11.43,0.22205,32,5.46,-11.22,0.3222,33,-20.70999,-13.68,0.04297,5,24,-2.72,-11.85,0.8383,31,-6.84,-15.72,0.03063,32,3.84,-20.68,0.12167,33,-21.19,-23.26,0.00935,74,-17.74,40.2,4.0E-5,3,24,-1.39,0.7,0.98466,31,-10.5,-3.64,0.01212,74,-5.12,40.32,0.00321,3,24,0.91,21.17,0.43493,31,-16.35,16.11,0.43591,74,15.48,40.34,0.12915,4,24,13.86,27.79,0.22403,31,-6.99,27.25,0.52874,32,-30.89,4.61,0.00287,74,23.51,28.23,0.24434,5,24,25.64,24.26,0.10587,31,5.21999,28.59,0.37915,32,-24.76,15.25,0.01916,73,46.14,18.57,0.00229,74,21.34,16.16,0.49349,4,24,34.03,23.08,0.02751,31,13.41,30.76,0.13663,32,-21.69,23.12,0.0156,74,21.12,7.77,0.82024,6,24,37.83,34.21,8.6E-4,31,12.58,42.49,0.00679,32,-31.63,29.37,7.0E-4,68,42.9,81.64,0,69,37.66999,77,0,74,32.54,5.29,0.99163,5,66,6.87,102.7,0,67,62.92,82.91,0,68,47.47,78.33,0,69,41.71,73.05,0,74,34.68999,0.07,0.99999,6,66,12.5,98.32,0,67,63.71,75.89,0,68,47.53,71.19,0,69,40.73,65.98,0,72,42.78,25.69,1.3E-4,74,30.99,-6.03,0.99985,8,66,12.57,80.44999,0,67,51.07,63.48,3.0E-5,68,33.53,60.07,1.3E-4,69,25.27,57.01,1.0E-4,71,44.93,26.56,0.00402,72,25.82,20.01,0.09399,73,40.57,-6.44,0.00232,74,13.23,-8.14,0.89936,8,66,17.83,73.21,1.0E-5,67,49.57,54.74,1.1E-4,68,31.1,51.45,3.7E-4,69,21.61,48.83,2.8E-4,71,42.03,18.08,0.02672,72,20.59,12.73,0.43476,73,34.63,-13.15,0.14397,74,6.64,-14.21,0.39375,6,66,23.28,71.74,0,67,52.3,49.85,5.0E-5,71,43.97,12.76,2.8E-4,72,20.91,7.08,0.77692,73,34.38,-18.79999,0.05495,74,5.8,-19.79999,0.16776,1,72,45.46,7.19,1,1,72,46.17,1.72,1,1,72,41.66,-5.63,1,4,68,29.07,28.93,0.02088,69,16.34,26.84,0.02066,71,38.77,-4.31,0.11903,72,11,-7.76,0.83941,9,66,38.65,47.2,5.6E-4,67,45.49,21.98,0.00109,68,23.56,18.98,0.18267,69,9.43999,17.79999,0.17258,70,58.22,-1.05999,0.00109,71,32.72,-13.95,0.41105,72,2.42,-15.24,0.20972,73,13.72,-39.13,0.01981,74,-16.82,-37.9,0.00139,7,66,49.17,46.54,1.0E-5,68,29.56,10.3,0.09221,69,14.12,8.34,0.76465,71,38.24,-22.94,0.10162,72,5.11,-25.45,0.0345,73,15.35,-49.55,0.00657,74,-16.27,-48.43,3.9E-4,4,33,-16.78,79.96,0,34,6.01,88.08,0,66,63.38,62.51,0,69,35.07,4,0.99999,3,33,-9.67,78.73,0,34,11.42,83.33999,0,69,28.66,0.79,0.99999,5,33,15.17,74.46,4.0E-4,34,30.33,66.8,1.4E-4,67,49.36,-5.84,0.01371,68,24.51,-9.39,0.5023,69,6.27,-10.41,0.48342,4,33,31.59,63.61,0.00554,34,38.66999,49.04,0.00212,67,30.9,-11.58,0.59399,68,5.35,-13.21,0.39833,7,33,53.29,44.7,0.05178,34,47.34,21.68,0.02348,66,36.46,-10.53,0.44542,67,3.03,-16.36,0.47512,68,-23.15,-15.05,0.00417,72,-53.13,-31.32,0,73,-43.16,-49.48,0,6,33,48.9,7.92,0.40143,34,24.58,-7.48,0.49168,66,-0.12,-10.04,0.10151,67,-21.3,10.14,0.00504,68,-45.46,13.98,3.3E-4,72,-64.26,3.61,0,4,33,48.16,2.55,0.50912,34,21.16,-11.66,0.43967,66,-5.47,-9.89,0.05086,68,-48.66,18.28,3.2E-4,6,33,45.97,-13.56,0.66972,34,10.89,-24.25,0.31906,66,-21.55,-9.5,0.00265,67,-35.63,25.67,0.00827,68,-58.32,31.15,2.9E-4,72,-70.5,24.16,0,2,24,9.89,-0.01,0.5,31,0.17,0.08,0.5,1,31,6.07,-0.83,1,2,32,28.02,1.94,0.5,33,0.21,2.03,0.5,1,70,3.45,-2.64,1,2,34,21.34,5.15,0.5,66,7.76,0.04,0.5,2,66,25.79,2.79,0.5,67,5.07,0.39,0.5,2,67,29.41,0.06,0.5,68,5.11,-1.35,0.5,2,68,21.78,0.56,0.5,69,5.01,-0.16,0.5,2,70,26.13,-0.3,0.5,71,3.11,-1.54,0.5,2,71,29.47,-0.48,0.5,72,3.2,-1.41,0.5,2,35,26.47,-2.63,0.5,73,4.51,-3.32,0.5,2,73,30.09,-0.62,0.5,74,3.41,-1.27,0.5,3,32,8.7,10.43999,0.53419,35,33.89,10.47999,0.01534,73,13.98,8.39,0.45046,6,33,43.63,3.88,0.4588,34,17.99,-8.18,0.49703,66,-4.66,-5.28,0.0389,67,-21.02,16.64,0.00494,68,-44.54,20.49,2.9E-4,72,-61.16,9.42,0,5,33,32.39,2.29,0.64442,34,7.57,-3.64,0.35086,67,-15.26,26.1,0.00452,68,-37.71,29.45,1.8E-4,72,-51.68,15.52,0,5,70,27.78,10.18,0.01729,71,8.47999,7.62,0.29333,72,-14.54,12.41,0.00236,35,22.76,-9.89999,0.317,73,-0.34,-9.89,0.37,3,71,26.42,13.27,0.30056,72,4.26,12.64,0.33026,73,18.37999,-11.58,0.36916,5,34,12.35,13.92,0.42558,66,9.13,12.42,0.08017,67,0.77,18.98,0.02073,70,14.32,-13.79,0.47348,74,-54.81,-12.53,0,6,34,14.97,24.32,0.00353,66,18.75,16.48,0.27823,67,9.92,14.86,0.27736,70,24.64,-15.7,0.22825,71,-3.88,-15.34,0.21252,74,-49.64,-21.64,8.0E-5,1,70,16.27,-1.30999,1,9,66,32.96,38.16999,0.01709,67,35.15,19.78,0.13607,68,12.95,17.86,0.23274,69,-1.21,18.23,0.03627,70,48.49,-5.45,0.03814,71,22.06,-14.49,0.51792,72,-7.93,-12.67,0.01742,73,3.67,-35.52,0.00345,74,-26.45,-33.28,8.3E-4,6,31,36.59,-48.21,4.0E-5,33,28.36,-1.33,0.83549,34,2.23,-4.59,0.16225,67,-15.56,31.33,0.00212,68,-37.39,34.79,7.0E-5,72,-49.55,20.44,0],"hull":30}},"MON10062_DL_23":{"MON10062_DL_23":{"type":"weightedmesh","uvs":[1,0.07949,1,0.26797,1,0.49613,1,0.67469,1,0.79621,1,0.87805,0.90958,1,0.77314,1,0.66158,1,0.64608,0.87805,0.66978,0.78669,0.57215,0.69048,0.50248,0.54263,0.49625,0.38453,0.48075,0.33245,0.43737,0.33385,0.36807,0.34248,0.30509,0.36708,0.14733,0.42872,0,0.3818,0,0.22667,0,0.1136,0.20117,0,0.46525,0,0.91992,0,0.31355,0.2006,0.46126,0.11393,0.65822,0.11393,0.78132,0.28331,0.80595,0.49208,0.82237,0.66147,0.83878,0.76388,0.83058,0.87812,0.18803,0.27313,0.2962,0.29936],"triangles":[7,32,6,6,32,5,32,7,9,7,8,9,9,10,32,5,32,4,32,10,31,32,31,4,31,3,4,10,30,31,10,11,30,31,30,3,30,11,29,30,2,3,11,12,29,30,29,2,12,13,29,29,1,2,13,28,29,29,28,1,13,14,28,14,27,28,1,28,0,24,0,28,28,27,24,14,26,27,26,23,27,27,23,24,15,25,26,21,22,25,25,22,26,26,22,23,17,33,34,17,18,33,18,19,33,19,20,33,17,34,16,15,16,25,26,14,15,25,16,34,34,33,25,25,33,21,33,20,21],"vertices":[5,25,59.31,-25.44,2.6E-4,26,38.72,-21.45,0.0071,27,31.8,5.67,0.19813,28,1.72,19.64,0.79449,50,-100.24,-3.71,0,3,28,24.05,12.13,0.63024,29,-2.68,11.94,0.36975,50,-76.92,-0.35,0,3,29,25.82,11.54,0.56079,30,-0.23,12.34,0.4392,50,-48.69,3.71,0,3,30,22.04,11,0.3914,48,2.29,10.92,0.60858,50,-26.59,6.89,0,3,48,17.4,9.38,0.39867,49,0.85,9.79,0.59393,50,-11.56,9.06,0.00739,3,48,27.57,8.34,0.02019,49,11.03,10.81,0.62558,50,-1.43,10.51,0.35421,1,50,14.42,7.32,1,1,50,15.59,-0.78,1,1,50,16.54,-7.4,1,4,28,89.57,-32.28,0,48,25.42,-12.78,0.02447,49,13.16,-10.31,0.41361,50,1.59,-10.49,0.5619,5,28,77.51999,-29.21,0,30,33.71,-11.89,0.04913,48,12.99,-12.44,0.51526,49,0.91,-12.47,0.40472,50,-10.54,-13.18,0.03086,5,28,65.56,-30.75,2.0E-5,29,49.93,-16.21999,4.6E-4,30,22.57,-16.5,0.45355,48,1.66,-16.59,0.51055,49,-9.35,-18.79999,0.03537,5,25,-1.75,-33.61,0.00616,29,27.91,-17.15,0.46077,30,0.52,-16.42,0.52761,48,-20.35,-15.59,0.00545,50,-42.14,-24.31,0,7,25,10.74,-22.84,0.13082,26,-9.83,-24.17,0.02232,28,28.23,-21.15,0.0509,29,11.46,-18.46999,0.75424,30,-15.96,-16.98,0.04147,48,-36.84999,-15.46,2.3E-4,50,-58.19,-28.19,0,8,25,15.51,-18.32,0.35709,26,-5.58,-19.15,0.07097,27,2.54,-27.69,5.6E-4,28,21.77,-19.95999,0.1441,29,4.94,-19.31,0.42338,30,-22.52,-17.52,0.00371,48,-43.42,-15.73,1.3E-4,50,-64.5,-30.04,0,8,25,13.86,-16.29999,0.54211,26,-7.44,-17.33,0.07357,27,-0.03,-28.02,1.0E-4,28,21.1,-22.48,0.11065,29,5.07,-21.92,0.2723,30,-22.5,-20.12999,0.0011,48,-43.51,-18.33,9.0E-5,50,-63.95,-32.59,0,6,25,10.58,-13.53,0.79557,26,-11.01,-14.93,0.03531,28,20.79999,-26.76,0.05361,29,6.1,-26.09,0.11544,48,-42.86,-22.58,5.0E-5,50,-62.29,-36.55,0,6,25,5.89,-12.23,0.93448,26,-15.82,-14.15,0.00486,28,22.51,-31.32,0.01764,29,9.12,-29.91,0.04297,48,-40.18999,-26.65,2.0E-5,50,-58.71,-39.84999,0,4,25,-5.86,-8.97,0.99847,29,16.69,-39.48,0.00152,48,-33.48,-36.84999,0,50,-49.73,-48.13,0,2,25,-6.18,1.62,1,50,-54.28,-57.71,0,3,25,9.62,12.83,0.83229,26,-14.85,11.17,0.1677,28,0.05,-43.08,0,4,25,21.14,21.01,0.40884,26,-4.29,20.54999,0.58626,27,-27.83,-2.07,0.00486,28,-13.34,-38.58,0,4,25,39.7,19.37,0.07126,26,14.33,20.95999,0.78634,27,-16.61,12.79,0.14238,28,-22.95,-22.61,0,2,26,24.84,9.12,0.31505,27,-0.8,13.72,0.68494,4,25,64.62999,-15.78,4.0E-4,26,42.95,-11.26,0.01366,27,26.42,15.31,0.38013,28,-9.21,18.25,0.60579,2,25,23.15,-0.61,0.5,26,0.06,-0.72,0.5,2,26,14.04,-0.15,0.5,27,-0.2,-0.5,0.5,2,27,11.58,0.18,0.5,28,-0.72,-1.16,0.5,2,28,21.69,-0.91,0.5,29,-0.95,-1.2,0.5,3,25,10.52,-45.77,2.3E-4,29,25.16,-0.08,0.61567,30,-1.43,0.75,0.38407,2,30,19.76,0.46,0.5,48,-0.43,0.48,0.5,2,48,12.39,0.16,0.5,49,-2.19,-0.23,0.5,2,49,12.05,0.7,0.5,50,0.02,0.45,0.5,2,25,11.4,0.28,0.99999,48,-52.58,-32.45,0,6,25,12.48,-6.9,0.8821,26,-9.84,-8.13,0.02164,28,14.32,-29.13,0.03185,29,0.64999,-30.33,0.06436,48,-48.66,-26.32,3.0E-5,50,-67.01,-41.59,0],"hull":25}},"MON10062_DL_3":{"MON10062_DL_3":{"type":"weightedmesh","uvs":[0.80508,0.12935,0.79682,0.26647,0.85302,0.36196,0.91639,0.33029,1,0.2885,1,0.35569,1,0.47949,0.95386,0.57009,0.90096,0.68517,0.84145,0.78801,0.82327,0.88596,0.75218,1,0.40338,1,0.3075,0.70966,0.17194,0.81005,0.04135,0.60437,0.03473,0.15873,0.17855,0,0.37858,0,0.40338,0.12935,0.48769,0.13669,0.54389,0,0.71747,0,0.70431,0.76042,0.82439,0.60746,0.8964,0.50853,0.93838,0.44263,0.76002,0.68945,0.81996,0.50398,0.72739,0.61172,0.71416,0.82719,0.80839,0.74639],"triangles":[3,4,5,26,3,5,26,5,6,2,3,26,7,25,6,6,25,26,24,28,25,8,24,7,24,25,7,31,27,8,23,27,31,27,29,24,27,24,8,0,21,22,28,1,2,25,28,2,26,25,2,19,15,16,17,18,19,19,16,17,0,1,21,29,1,28,29,28,24,13,15,19,13,19,20,21,29,20,1,29,21,23,29,27,29,13,20,23,13,29,9,31,8,14,15,13,30,23,31,30,31,9,10,30,9,12,13,23,12,23,30,11,30,10,12,30,11],"vertices":[1,8,98.26,-40.49,1,1,8,80.03,-38.93,1,1,8,67.37,-50.04,1,2,38,19.87,13.79,0.29,39,7.33,13.8,0.71,1,39,22.87,6.02,1,1,39,16.53,-0.26,1,2,38,17.37999,-11.86,0.4,39,4.85,-11.86,0.6,2,37,21.71,-13.8,0.56,38,2.43,-13.9,0.44,2,10,22.92,-17.74,0.27,37,3.63,-17.79999,0.73,1,8,10.72,-47.95,1,1,8,-2.3,-44.42,1,1,8,-17.51,-30.47,1,1,8,-17.75,38.21,1,1,8,20.77,57.22,1,1,8,7.33,83.87,1,1,8,34.59,109.68,1,1,8,93.83,111.19,1,1,8,115.04,82.94,1,1,8,115.17,43.55,1,1,8,97.99,38.61,1,1,8,97.07,22,1,1,8,115.28,10.99,1,1,8,115.4,-23.18,1,1,8,14.3,-20.94,1,2,10,17.45999,-0.3,0.5,37,-0.25,0.06,0.5,2,37,19.08,-0.08,0.52999,38,0.27,-0.1,0.47,2,38,12.31,0.2,0.5,39,-0.21,0.2,0.5,1,10,0.75,-1.03,1,1,8,48.47,-43.59,1,1,8,34.08,-25.41,1,1,8,5.42,-22.91,1,2,8,16.23,-41.41999,0.45999,10,3.56,-12.87,0.54],"hull":23}},"MON10062_DL_4":{"MON10062_DL_4":{"type":"weightedmesh","uvs":[1,0.20277,1,0.40917,1,0.61397,1,0.83157,0.76811,1,0.37892,1,0.17517,1,0,0.95157,0,0.76437,0,0.60117,0.21752,0.40277,0.21752,0.20277,0.30223,0,0.62817,0,1,0,0.67778,0.21078,0.70252,0.41368,0.62781,0.59779,0.47023,0.77062],"triangles":[5,18,4,4,18,3,5,6,18,18,6,8,6,7,8,18,17,3,17,2,3,17,18,9,18,8,9,17,16,2,16,1,2,9,10,17,17,10,16,10,15,16,1,16,0,16,15,0,10,11,15,11,12,15,12,13,15,0,15,14,15,13,14],"vertices":[4,11,13.75,5.76,0.56146,44,-0.29,5.78,0.43816,45,-16.23,3.61,3.6E-4,47,-43.41,5.69,0,3,11,29.22,5.39,1.1E-4,44,15.15,4.78,0.58158,45,-0.79,4.71,0.41829,2,45,14.52,5.8,0.44437,46,-0.54,5.81,0.55562,3,11,60.89,4.64,0,46,15.24,9.96,0.23184,47,3.6,9.39,0.76815,1,47,16.5,6.45,1,1,47,17.02,-0.14,1,1,47,17.29,-3.59,1,3,11,69.49,-12.55,0,44,54.65,-14.81,0,47,13.9,-6.85,0.99999,5,11,55.46,-12.22,0,44,40.64,-13.9,2.0E-5,45,26.98,-10.34,3.0E-5,46,14.69,-7.75,0.45333,47,-0.09,-7.95,0.54658,3,45,14.77,-11.21,0.34425,46,2.85,-10.87,0.65459,47,-12.29,-8.91,0.00113,4,44,13.81,-8.46,0.56383,45,-0.32,-8.58,0.43571,46,-12.47,-11.08,4.5E-4,47,-27.42,-6.39,0,4,11,13.43,-7.53,0.57202,44,-1.15,-7.48,0.42797,46,-26.98,-14.9,0,47,-42.37,-7.56,0,2,11,-1.73,-5.73,0.99974,44,-16.23,-5.06,2.5E-4,2,11,-1.6,-0.19,0.99997,44,-15.87,0.46,2.0E-5,3,11,-1.45,6.11,0.99955,44,-15.46,6.76,4.4E-4,47,-58.58,4.5,0,2,11,14.22,0.27,0.5,44,-0.04,0.27,0.5,2,44,15.16,-0.28,0.5,45,-0.09,-0.3,0.5,2,45,13.76,-0.58999,0.5,46,-0.1,-0.61,0.5,2,46,13.11,0.09,0.5,47,-0.25,0.05,0.5],"hull":15}},"MON10062_DL_5":{"MON10062_DL_5":{"x":9.43,"y":0.18,"rotation":79.19,"width":37,"height":29}},"MON10062_DL_6":{"MON10062_DL_6":{"x":12.91,"y":-0.38,"rotation":88.85,"width":28,"height":24}},"MON10062_DL_7":{"MON10062_DL_7":{"x":19.19,"y":1.88,"rotation":61.43,"width":37,"height":50}},"MON10062_DL_8":{"MON10062_DL_8":{"type":"mesh","uvs":[1,0.16063,1,0.34744,1,0.72466,0.64573,0.55222,0.64275,0.8001,0.55619,1,0.4189,1,0.26669,1,0.1473,0.82525,0.11746,0.60611,0,0.71748,0,0.54144,0,0.3187,0,0.18577,0,0,0.09955,0,0.35324,0,0.57112,0,0.82182,0,1,0,0.34429,0.37259,0.36219,0.64922,0.19506,0.29714,0.58604,0.32229,0.85465,0.27918,0.90539,0.39055,0.10199,0.26142,0.03687,0.37977],"triangles":[18,19,0,13,14,15,22,26,15,13,15,26,24,18,0,16,22,15,12,13,26,23,17,18,23,18,24,24,0,1,20,22,16,16,17,23,20,16,23,27,12,26,25,24,1,11,12,27,25,3,23,25,23,24,22,27,26,9,22,20,9,27,22,11,27,9,3,21,20,3,20,23,9,20,21,10,11,9,25,1,2,3,25,2,4,21,3,8,9,21,7,8,21,6,7,21,4,6,21,5,6,4],"vertices":[-3.2,42.86,6.86,42.25,27.19,41,19.44,19.18,29.84,17.58,40.27,11.3,39.72,2.39,39.12,-7.47,29.22,-14.64,17.29,-15.85,22.83,-23.84,13.34,-23.26,3.47,-22.66,-5.82,-22.09,-15.83,-21.47,-15.44,-15.02,-14.43,1.43,-13.56,15.57,-12.57,31.83,-11.86,43.39,5.61,-0.37,20.59,-0.12,0.95,-9.8,3.86,15.47,2.59999,33.04,8.81,35.97,-1.65,-14.53,4.46,-19.15],"hull":20}},"MON10062_DL_9":{"MON10062_DL_9":{"x":13.9,"y":-1.08,"rotation":73.82,"width":28,"height":40}},"fx_dao":{"w1_00000_00000":{"type":"mesh","uvs":[1,1,0,1,0,0,1,0],"triangles":[1,2,3,1,3,0],"vertices":[28.78,82.74,15.41,-96.59,-77.12,-86.45,-68.68,90.77],"hull":4}},"fx_dao2":{"w1_00000_00000":{"type":"mesh","uvs":[1,1,0,1,0,0,1,0],"triangles":[1,2,3,1,3,0],"vertices":[17.79999,81.19999,17.9,-90.73,-73.37999,-87.59,-68.14,80.49],"hull":4}},"fx_eye":{"lian_00000":{"x":-0.27,"y":-5.65,"scaleX":2,"scaleY":2,"rotation":-92.82,"width":33,"height":32}},"fx_shou":{"shou_00000":{"x":8.16,"y":-0.7,"scaleX":2,"scaleY":2,"rotation":-112.87,"width":23,"height":24}},"fx_xiong":{"xiong_00000":{"x":-1.33,"y":-5.01,"scaleX":2,"scaleY":2,"rotation":-97.97,"width":39,"height":33}},"shadow":{"shadow":{"x":0.82,"y":-0.62,"scaleX":1.221,"scaleY":1.241,"rotation":90,"width":85,"height":42}}}},"animations":{"wait_DL":{"slots":{"fx_dao":{"color":[{"time":0,"color":"ffffffff"},{"time":0.5,"color":"ffffff00"},{"time":1.0666,"color":"ffffffff"}]},"fx_dao2":{"color":[{"time":0,"color":"ffffffff"},{"time":0.5,"color":"ffffff00"},{"time":1.0666,"color":"ffffffff"}]},"fx_eye":{"color":[{"time":0,"color":"ffffffff"},{"time":0.5,"color":"ffffff00"},{"time":1.0666,"color":"ffffffff"}]},"fx_shou":{"color":[{"time":0,"color":"ffffffff"},{"time":0.5,"color":"ffffff00"},{"time":1.0666,"color":"ffffffff"}]},"fx_xiong":{"color":[{"time":0,"color":"ffffffff"},{"time":0.5,"color":"ffffff00"},{"time":1.0666,"color":"ffffffff"}]}},"bones":{"MON10062_DL_10":{"rotate":[{"time":0,"angle":-12.12},{"time":0.5333,"angle":16.52},{"time":1.0666,"angle":-12.12}],"translate":[{"time":0,"x":0,"y":0,"curve":"stepped"},{"time":0.5333,"x":0,"y":0,"curve":"stepped"},{"time":1.0666,"x":0,"y":0}],"scale":[{"time":0,"x":1,"y":1,"curve":"stepped"},{"time":0.5333,"x":1,"y":1,"curve":"stepped"},{"time":1.0666,"x":1,"y":1}]},"root":{"rotate":[{"time":0,"angle":0,"curve":"stepped"},{"time":0.5333,"angle":0,"curve":"stepped"},{"time":1.0666,"angle":0}],"translate":[{"time":0,"x":0,"y":0,"curve":"stepped"},{"time":0.5333,"x":0,"y":0,"curve":"stepped"},{"time":1.0666,"x":0,"y":0}],"scale":[{"time":0,"x":1,"y":1,"curve":"stepped"},{"time":0.5333,"x":1,"y":1,"curve":"stepped"},{"time":1.0666,"x":1,"y":1}]},"bone":{"rotate":[{"time":0,"angle":0,"curve":"stepped"},{"time":0.5333,"angle":0,"curve":"stepped"},{"time":1.0666,"angle":0}],"translate":[{"time":0,"x":0,"y":0,"curve":[0.25,0,0.75,1]},{"time":0.5333,"x":-10,"y":-50,"curve":[0.25,0,0.75,1]},{"time":1.0666,"x":0,"y":0}],"scale":[{"time":0,"x":1,"y":1,"curve":"stepped"},{"time":0.5333,"x":1,"y":1,"curve":"stepped"},{"time":1.0666,"x":1,"y":1}]},"MON10062_DL_15":{"rotate":[{"time":0,"angle":0,"curve":"stepped"},{"time":0.5333,"angle":0,"curve":"stepped"},{"time":1.0666,"angle":0}],"translate":[{"time":0,"x":0,"y":0,"curve":"stepped"},{"time":0.5333,"x":0,"y":0,"curve":"stepped"},{"time":1.0666,"x":0,"y":0}],"scale":[{"time":0,"x":1,"y":1,"curve":"stepped"},{"time":0.5333,"x":1,"y":1,"curve":"stepped"},{"time":1.0666,"x":1,"y":1}]},"bone2":{"rotate":[{"time":0,"angle":0,"curve":"stepped"},{"time":1.0666,"angle":0}],"translate":[{"time":0,"x":0,"y":0},{"time":0.3333,"x":1.97,"y":-0.02},{"time":0.7333,"x":-2.9,"y":0.26},{"time":1.0666,"x":0,"y":0}],"scale":[{"time":0,"x":1,"y":1,"curve":"stepped"},{"time":1.0666,"x":1,"y":1}]},"MON10062_DL_3":{"rotate":[{"time":0,"angle":0},{"time":0.3333,"angle":-3.6},{"time":0.7333,"angle":5.02},{"time":1.0666,"angle":0}],"translate":[{"time":0,"x":0,"y":0},{"time":0.7333,"x":-3.84,"y":-0.48},{"time":1.0666,"x":0,"y":0}],"scale":[{"time":0,"x":1,"y":1,"curve":"stepped"},{"time":1.0666,"x":1,"y":1}]},"MON10062_DL_4":{"rotate":[{"time":0,"angle":0,"curve":"stepped"},{"time":0.3333,"angle":0,"curve":"stepped"},{"time":0.7333,"angle":0,"curve":"stepped"},{"time":1.0666,"angle":0}],"translate":[{"time":0,"x":0,"y":0,"curve":"stepped"},{"time":0.3333,"x":0,"y":0,"curve":"stepped"},{"time":0.7333,"x":0,"y":0,"curve":"stepped"},{"time":1.0666,"x":0,"y":0}],"scale":[{"time":0,"x":1,"y":1,"curve":"stepped"},{"time":0.3333,"x":1,"y":1,"curve":"stepped"},{"time":0.7333,"x":1,"y":1,"curve":"stepped"},{"time":1.0666,"x":1,"y":1}]},"bone3":{"rotate":[{"time":0,"angle":0},{"time":0.3333,"angle":11.79},{"time":0.7333,"angle":-8.02},{"time":1.0666,"angle":0}],"translate":[{"time":0,"x":0,"y":0,"curve":"stepped"},{"time":0.3333,"x":0,"y":0,"curve":"stepped"},{"time":0.7333,"x":0,"y":0,"curve":"stepped"},{"time":1.0666,"x":0,"y":0}],"scale":[{"time":0,"x":1,"y":1,"curve":"stepped"},{"time":0.3333,"x":1,"y":1,"curve":"stepped"},{"time":0.7333,"x":1,"y":1,"curve":"stepped"},{"time":1.0666,"x":1,"y":1}]},"bone4":{"rotate":[{"time":0,"angle":0},{"time":0.3333,"angle":3.72},{"time":0.7333,"angle":-8.9},{"time":1.0666,"angle":0}],"translate":[{"time":0,"x":0,"y":0,"curve":"stepped"},{"time":0.3333,"x":0,"y":0,"curve":"stepped"},{"time":0.7333,"x":0,"y":0,"curve":"stepped"},{"time":1.0666,"x":0,"y":0}],"scale":[{"time":0,"x":1,"y":1,"curve":"stepped"},{"time":0.3333,"x":1,"y":1,"curve":"stepped"},{"time":0.7333,"x":1,"y":1,"curve":"stepped"},{"time":1.0666,"x":1,"y":1}]},"bone5":{"rotate":[{"time":0,"angle":0},{"time":0.3333,"angle":17.11},{"time":0.7333,"angle":-3.61},{"time":1.0666,"angle":0}],"translate":[{"time":0,"x":0,"y":0,"curve":"stepped"},{"time":0.3333,"x":0,"y":0,"curve":"stepped"},{"time":0.7333,"x":0,"y":0,"curve":"stepped"},{"time":1.0666,"x":0,"y":0}],"scale":[{"time":0,"x":1,"y":1,"curve":"stepped"},{"time":0.3333,"x":1,"y":1,"curve":"stepped"},{"time":0.7333,"x":1,"y":1,"curve":"stepped"},{"time":1.0666,"x":1,"y":1}]},"MON10062_DL_2":{"rotate":[{"time":0,"angle":0},{"time":0.2,"angle":12.66},{"time":0.5333,"angle":23.44},{"time":1.0666,"angle":0}],"translate":[{"time":0,"x":0,"y":0,"curve":"stepped"},{"time":0.5333,"x":0,"y":0,"curve":"stepped"},{"time":1.0666,"x":0,"y":0}],"scale":[{"time":0,"x":1,"y":1,"curve":"stepped"},{"time":0.5333,"x":1,"y":1,"curve":"stepped"},{"time":1.0666,"x":1,"y":1}]},"bone6":{"rotate":[{"time":0,"angle":0},{"time":0.2,"angle":-8.64},{"time":0.5333,"angle":-6.59},{"time":1.0666,"angle":0}],"translate":[{"time":0,"x":0,"y":0,"curve":"stepped"},{"time":0.5333,"x":0,"y":0,"curve":"stepped"},{"time":1.0666,"x":0,"y":0}],"scale":[{"time":0,"x":1,"y":1,"curve":"stepped"},{"time":0.5333,"x":1,"y":1,"curve":"stepped"},{"time":1.0666,"x":1,"y":1}]},"bone7":{"rotate":[{"time":0,"angle":0},{"time":0.2,"angle":-12.7},{"time":0.5333,"angle":8.71},{"time":0.7333,"angle":12.46},{"time":1.0666,"angle":0}],"translate":[{"time":0,"x":0,"y":0,"curve":"stepped"},{"time":0.5333,"x":0,"y":0,"curve":"stepped"},{"time":1.0666,"x":0,"y":0}],"scale":[{"time":0,"x":1,"y":1,"curve":"stepped"},{"time":0.5333,"x":1,"y":1,"curve":"stepped"},{"time":1.0666,"x":1,"y":1}]},"bone8":{"rotate":[{"time":0,"angle":0},{"time":0.2,"angle":-15.21},{"time":0.5333,"angle":-0.74},{"time":0.7333,"angle":22.99},{"time":1.0666,"angle":0}],"translate":[{"time":0,"x":0,"y":0,"curve":"stepped"},{"time":0.5333,"x":0,"y":0,"curve":"stepped"},{"time":1.0666,"x":0,"y":0}],"scale":[{"time":0,"x":1,"y":1,"curve":"stepped"},{"time":0.5333,"x":1,"y":1,"curve":"stepped"},{"time":1.0666,"x":1,"y":1}]},"bone9":{"rotate":[{"time":0,"angle":0},{"time":0.2,"angle":-18.46},{"time":0.5333,"angle":-20.01},{"time":0.7333,"angle":16.7},{"time":1.0666,"angle":0}],"translate":[{"time":0,"x":0,"y":0,"curve":"stepped"},{"time":0.5333,"x":0,"y":0,"curve":"stepped"},{"time":1.0666,"x":0,"y":0}],"scale":[{"time":0,"x":1,"y":1,"curve":"stepped"},{"time":0.5333,"x":1,"y":1,"curve":"stepped"},{"time":1.0666,"x":1,"y":1}]},"MON10062_DL_5":{"rotate":[{"time":0,"angle":0},{"time":0.5333,"angle":358.01},{"time":1.0666,"angle":0}],"translate":[{"time":0,"x":0,"y":0,"curve":"stepped"},{"time":0.5333,"x":0,"y":0,"curve":"stepped"},{"time":1.0666,"x":0,"y":0}],"scale":[{"time":0,"x":1,"y":1,"curve":"stepped"},{"time":0.5333,"x":1,"y":1,"curve":"stepped"},{"time":1.0666,"x":1,"y":1}]},"bone10":{"rotate":[{"time":0,"angle":0},{"time":0.5333,"angle":-9.53},{"time":0.7333,"angle":-7.82},{"time":1.0666,"angle":0}],"translate":[{"time":0,"x":0,"y":0,"curve":"stepped"},{"time":0.5333,"x":0,"y":0,"curve":"stepped"},{"time":1.0666,"x":0,"y":0}],"scale":[{"time":0,"x":1,"y":1,"curve":"stepped"},{"time":0.5333,"x":1,"y":1,"curve":"stepped"},{"time":1.0666,"x":1,"y":1}]},"bone11":{"rotate":[{"time":0,"angle":0},{"time":0.2,"angle":15.57},{"time":0.5333,"angle":-5.1},{"time":0.7333,"angle":-8.05},{"time":1.0666,"angle":0}],"translate":[{"time":0,"x":0,"y":0,"curve":"stepped"},{"time":0.5333,"x":0,"y":0,"curve":"stepped"},{"time":1.0666,"x":0,"y":0}],"scale":[{"time":0,"x":1,"y":1,"curve":"stepped"},{"time":0.5333,"x":1,"y":1,"curve":"stepped"},{"time":1.0666,"x":1,"y":1}]},"bone12":{"rotate":[{"time":0,"angle":0},{"time":0.2,"angle":19.09},{"time":0.5333,"angle":10.04},{"time":0.7333,"angle":-5.08},{"time":1.0666,"angle":0}],"translate":[{"time":0,"x":0,"y":0,"curve":"stepped"},{"time":0.5333,"x":0,"y":0,"curve":"stepped"},{"time":1.0666,"x":0,"y":0}],"scale":[{"time":0,"x":1,"y":1,"curve":"stepped"},{"time":0.5333,"x":1,"y":1,"curve":"stepped"},{"time":1.0666,"x":1,"y":1}]},"bone13":{"rotate":[{"time":0,"angle":0,"curve":"stepped"},{"time":0.5333,"angle":0},{"time":0.7333,"angle":-18.85},{"time":1.0666,"angle":0}],"translate":[{"time":0,"x":0,"y":0,"curve":"stepped"},{"time":0.5333,"x":0,"y":0,"curve":"stepped"},{"time":1.0666,"x":0,"y":0}],"scale":[{"time":0,"x":1,"y":1,"curve":"stepped"},{"time":0.5333,"x":1,"y":1,"curve":"stepped"},{"time":1.0666,"x":1,"y":1}]},"MON10062_DL_23":{"rotate":[{"time":0,"angle":0},{"time":0.5333,"angle":9.02},{"time":1.0666,"angle":0}],"translate":[{"time":0,"x":0,"y":0,"curve":"stepped"},{"time":0.5333,"x":0,"y":0,"curve":"stepped"},{"time":1.0666,"x":0,"y":0}],"scale":[{"time":0,"x":1,"y":1,"curve":"stepped"},{"time":0.5333,"x":1,"y":1,"curve":"stepped"},{"time":1.0666,"x":1,"y":1}]},"bone14":{"rotate":[{"time":0,"angle":0},{"time":0.5333,"angle":8.09},{"time":1.0666,"angle":0}],"translate":[{"time":0,"x":0,"y":0,"curve":"stepped"},{"time":0.5333,"x":0,"y":0,"curve":"stepped"},{"time":1.0666,"x":0,"y":0}],"scale":[{"time":0,"x":1,"y":1,"curve":"stepped"},{"time":0.5333,"x":1,"y":1,"curve":"stepped"},{"time":1.0666,"x":1,"y":1}]},"bone15":{"rotate":[{"time":0,"angle":0,"curve":"stepped"},{"time":0.5333,"angle":0,"curve":"stepped"},{"time":1.0666,"angle":0}],"translate":[{"time":0,"x":0,"y":0,"curve":"stepped"},{"time":0.5333,"x":0,"y":0,"curve":"stepped"},{"time":1.0666,"x":0,"y":0}],"scale":[{"time":0,"x":1,"y":1,"curve":"stepped"},{"time":0.5333,"x":1,"y":1,"curve":"stepped"},{"time":1.0666,"x":1,"y":1}]},"bone16":{"rotate":[{"time":0,"angle":12.86},{"time":0.2,"angle":34.17},{"time":0.5333,"angle":26.07},{"time":1.0666,"angle":12.86}],"translate":[{"time":0,"x":0,"y":0,"curve":"stepped"},{"time":0.5333,"x":0,"y":0,"curve":"stepped"},{"time":1.0666,"x":0,"y":0}],"scale":[{"time":0,"x":1,"y":1,"curve":"stepped"},{"time":0.5333,"x":1,"y":1,"curve":"stepped"},{"time":1.0666,"x":1,"y":1}]},"bone17":{"rotate":[{"time":0,"angle":-4.47},{"time":0.2,"angle":-21.47},{"time":0.5333,"angle":-13.3},{"time":0.7333,"angle":-10.81},{"time":1.0666,"angle":-4.47}],"translate":[{"time":0,"x":0,"y":0,"curve":"stepped"},{"time":0.5333,"x":0,"y":0,"curve":"stepped"},{"time":1.0666,"x":0,"y":0}],"scale":[{"time":0,"x":1,"y":1,"curve":"stepped"},{"time":0.5333,"x":1,"y":1,"curve":"stepped"},{"time":1.0666,"x":1,"y":1}]},"MON10062_DL_24":{"rotate":[{"time":0,"angle":-32.77},{"time":0.2,"angle":-29.97},{"time":0.5333,"angle":10.33},{"time":0.7333,"angle":11.53},{"time":1.0666,"angle":-32.77}],"translate":[{"time":0,"x":0,"y":0,"curve":"stepped"},{"time":0.5333,"x":0,"y":0,"curve":"stepped"},{"time":1.0666,"x":0,"y":0}],"scale":[{"time":0,"x":1,"y":1,"curve":"stepped"},{"time":0.5333,"x":1,"y":1,"curve":"stepped"},{"time":1.0666,"x":1,"y":1}]},"bone18":{"rotate":[{"time":0,"angle":-16.31},{"time":0.2,"angle":-21.25},{"time":0.5333,"angle":-0.44},{"time":0.7333,"angle":19.23},{"time":1.0666,"angle":-16.31}],"translate":[{"time":0,"x":0,"y":0,"curve":"stepped"},{"time":0.5333,"x":0,"y":0,"curve":"stepped"},{"time":1.0666,"x":0,"y":0}],"scale":[{"time":0,"x":1,"y":1,"curve":"stepped"},{"time":0.5333,"x":1,"y":1,"curve":"stepped"},{"time":1.0666,"x":1,"y":1}]},"bone19":{"rotate":[{"time":0,"angle":22.85},{"time":0.2,"angle":-9.59},{"time":0.5333,"angle":-5.33},{"time":0.7333,"angle":44.25},{"time":1.0666,"angle":22.85}],"translate":[{"time":0,"x":0,"y":0,"curve":"stepped"},{"time":0.5333,"x":0,"y":0,"curve":"stepped"},{"time":1.0666,"x":0,"y":0}],"scale":[{"time":0,"x":1,"y":1,"curve":"stepped"},{"time":0.5333,"x":1,"y":1,"curve":"stepped"},{"time":1.0666,"x":1,"y":1}]},"bone20":{"rotate":[{"time":0,"angle":17.05},{"time":0.2,"angle":-11.93},{"time":0.5333,"angle":-14.23},{"time":0.7333,"angle":28.92},{"time":1.0666,"angle":17.05}],"translate":[{"time":0,"x":0,"y":0,"curve":"stepped"},{"time":0.5333,"x":0,"y":0,"curve":"stepped"},{"time":1.0666,"x":0,"y":0}],"scale":[{"time":0,"x":1,"y":1,"curve":"stepped"},{"time":0.5333,"x":1,"y":1,"curve":"stepped"},{"time":1.0666,"x":1,"y":1}]},"MON10062_DL_7":{"rotate":[{"time":0,"angle":0},{"time":0.5333,"angle":25.47},{"time":1.0666,"angle":0}],"translate":[{"time":0,"x":0,"y":0,"curve":"stepped"},{"time":0.5333,"x":0,"y":0,"curve":"stepped"},{"time":1.0666,"x":0,"y":0}],"scale":[{"time":0,"x":1,"y":1,"curve":"stepped"},{"time":0.5333,"x":1,"y":1,"curve":"stepped"},{"time":1.0666,"x":1,"y":1}]},"MON10062_DL_6":{"rotate":[{"time":0,"angle":0},{"time":0.5333,"angle":-16.27},{"time":1.0666,"angle":0}],"translate":[{"time":0,"x":0,"y":0,"curve":"stepped"},{"time":0.5333,"x":0,"y":0,"curve":"stepped"},{"time":1.0666,"x":0,"y":0}],"scale":[{"time":0,"x":1,"y":1,"curve":"stepped"},{"time":0.5333,"x":1,"y":1,"curve":"stepped"},{"time":1.0666,"x":1,"y":1}]},"MON10062_DL_8":{"rotate":[{"time":0,"angle":0,"curve":"stepped"},{"time":0.5333,"angle":0,"curve":"stepped"},{"time":1.0666,"angle":0}],"translate":[{"time":0,"x":0,"y":0,"curve":"stepped"},{"time":0.5333,"x":0,"y":0,"curve":"stepped"},{"time":1.0666,"x":0,"y":0}],"scale":[{"time":0,"x":1,"y":1,"curve":"stepped"},{"time":0.5333,"x":1,"y":1,"curve":"stepped"},{"time":1.0666,"x":1,"y":1}]},"MON10062_DL_1":{"rotate":[{"time":0,"angle":0,"curve":"stepped"},{"time":0.5333,"angle":0,"curve":"stepped"},{"time":1.0666,"angle":0}],"translate":[{"time":0,"x":0,"y":0,"curve":"stepped"},{"time":0.5333,"x":0,"y":0,"curve":"stepped"},{"time":1.0666,"x":0,"y":0}],"scale":[{"time":0,"x":1,"y":1},{"time":0.5333,"x":1.104,"y":1.134},{"time":1.0666,"x":1,"y":1}]},"MON10062_DL_18":{"rotate":[{"time":0,"angle":0},{"time":0.5333,"angle":-14.97},{"time":1.0666,"angle":0}],"translate":[{"time":0,"x":0,"y":0,"curve":"stepped"},{"time":0.5333,"x":0,"y":0,"curve":"stepped"},{"time":1.0666,"x":0,"y":0}],"scale":[{"time":0,"x":1,"y":1,"curve":"stepped"},{"time":0.5333,"x":1,"y":1,"curve":"stepped"},{"time":1.0666,"x":1,"y":1}]},"MON10062_DL_17":{"rotate":[{"time":0,"angle":0},{"time":0.5333,"angle":-25.53},{"time":1.0666,"angle":0}],"translate":[{"time":0,"x":0,"y":0,"curve":"stepped"},{"time":0.5333,"x":0,"y":0,"curve":"stepped"},{"time":1.0666,"x":0,"y":0}],"scale":[{"time":0,"x":1,"y":1,"curve":"stepped"},{"time":0.5333,"x":1,"y":1,"curve":"stepped"},{"time":1.0666,"x":1,"y":1}]},"MON10062_DL_16":{"rotate":[{"time":0,"angle":0},{"time":0.5333,"angle":32.75},{"time":1.0666,"angle":0}],"translate":[{"time":0,"x":0,"y":0,"curve":"stepped"},{"time":0.5333,"x":0,"y":0,"curve":"stepped"},{"time":1.0666,"x":0,"y":0}],"scale":[{"time":0,"x":1,"y":1,"curve":"stepped"},{"time":0.5333,"x":1,"y":1,"curve":"stepped"},{"time":1.0666,"x":1,"y":1}]},"MON10062_DL_21":{"rotate":[{"time":0,"angle":0,"curve":"stepped"},{"time":0.5333,"angle":0,"curve":"stepped"},{"time":1.0666,"angle":0}],"translate":[{"time":0,"x":0,"y":0,"curve":"stepped"},{"time":0.5333,"x":0,"y":0,"curve":"stepped"},{"time":1.0666,"x":0,"y":0}],"scale":[{"time":0,"x":1,"y":1},{"time":0.5333,"x":0.912,"y":0.92},{"time":1.0666,"x":1,"y":1}]},"MON10062_DL_20":{"rotate":[{"time":0,"angle":-28.19},{"time":0.2,"angle":-47.88},{"time":0.5333,"angle":18.62},{"time":0.7333,"angle":31.36},{"time":1.0666,"angle":-28.19}],"translate":[{"time":0,"x":0,"y":0,"curve":"stepped"},{"time":0.2,"x":0,"y":0,"curve":"stepped"},{"time":0.5333,"x":0,"y":0,"curve":"stepped"},{"time":0.7333,"x":0,"y":0,"curve":"stepped"},{"time":1.0666,"x":0,"y":0}],"scale":[{"time":0,"x":1,"y":1,"curve":"stepped"},{"time":0.2,"x":1,"y":1},{"time":0.5333,"x":1.058,"y":1},{"time":0.7333,"x":1,"y":1,"curve":"stepped"},{"time":1.0666,"x":1,"y":1}]},"bone21":{"rotate":[{"time":0,"angle":0,"curve":"stepped"},{"time":0.2,"angle":0,"curve":"stepped"},{"time":0.5333,"angle":0,"curve":"stepped"},{"time":0.7333,"angle":0,"curve":"stepped"},{"time":1.0666,"angle":0}],"translate":[{"time":0,"x":0,"y":0,"curve":"stepped"},{"time":0.2,"x":0,"y":0,"curve":"stepped"},{"time":0.5333,"x":0,"y":0,"curve":"stepped"},{"time":0.7333,"x":0,"y":0,"curve":"stepped"},{"time":1.0666,"x":0,"y":0}],"scale":[{"time":0,"x":1,"y":1,"curve":"stepped"},{"time":0.2,"x":1,"y":1,"curve":"stepped"},{"time":0.5333,"x":1,"y":1,"curve":"stepped"},{"time":0.7333,"x":1,"y":1,"curve":"stepped"},{"time":1.0666,"x":1,"y":1}]},"bone22":{"rotate":[{"time":0,"angle":-33.97,"curve":"stepped"},{"time":0.2,"angle":-33.97,"curve":"stepped"},{"time":0.5333,"angle":-33.97,"curve":"stepped"},{"time":0.7333,"angle":-33.97,"curve":"stepped"},{"time":1.0666,"angle":-33.97}],"translate":[{"time":0,"x":0,"y":0,"curve":"stepped"},{"time":0.2,"x":0,"y":0,"curve":"stepped"},{"time":0.5333,"x":0,"y":0,"curve":"stepped"},{"time":0.7333,"x":0,"y":0,"curve":"stepped"},{"time":1.0666,"x":0,"y":0}],"scale":[{"time":0,"x":1,"y":1,"curve":"stepped"},{"time":0.2,"x":1,"y":1,"curve":"stepped"},{"time":0.5333,"x":1,"y":1,"curve":"stepped"},{"time":0.7333,"x":1,"y":1,"curve":"stepped"},{"time":1.0666,"x":1,"y":1}]},"bone23":{"rotate":[{"time":0,"angle":3.07,"curve":"stepped"},{"time":0.2,"angle":3.07,"curve":"stepped"},{"time":0.5333,"angle":3.07},{"time":0.7333,"angle":-1.58},{"time":1.0666,"angle":3.07}],"translate":[{"time":0,"x":0,"y":0,"curve":"stepped"},{"time":0.2,"x":0,"y":0,"curve":"stepped"},{"time":0.5333,"x":0,"y":0,"curve":"stepped"},{"time":0.7333,"x":0,"y":0,"curve":"stepped"},{"time":1.0666,"x":0,"y":0}],"scale":[{"time":0,"x":1,"y":1,"curve":"stepped"},{"time":0.2,"x":1,"y":1,"curve":"stepped"},{"time":0.5333,"x":1,"y":1,"curve":"stepped"},{"time":0.7333,"x":1,"y":1,"curve":"stepped"},{"time":1.0666,"x":1,"y":1}]},"bone24":{"rotate":[{"time":0,"angle":28.09},{"time":0.2,"angle":41.98},{"time":0.5333,"angle":35.07},{"time":0.7333,"angle":28.09,"curve":"stepped"},{"time":1.0666,"angle":28.09}],"translate":[{"time":0,"x":0,"y":0,"curve":"stepped"},{"time":0.2,"x":0,"y":0,"curve":"stepped"},{"time":0.5333,"x":0,"y":0,"curve":"stepped"},{"time":0.7333,"x":0,"y":0,"curve":"stepped"},{"time":1.0666,"x":0,"y":0}],"scale":[{"time":0,"x":1,"y":1,"curve":"stepped"},{"time":0.2,"x":1,"y":1,"curve":"stepped"},{"time":0.5333,"x":1,"y":1,"curve":"stepped"},{"time":0.7333,"x":1,"y":1,"curve":"stepped"},{"time":1.0666,"x":1,"y":1}]},"bone25":{"rotate":[{"time":0,"angle":19.57},{"time":0.2,"angle":17.93},{"time":0.5333,"angle":19.57},{"time":0.7333,"angle":26.52},{"time":1.0666,"angle":19.57}],"translate":[{"time":0,"x":0,"y":0,"curve":"stepped"},{"time":0.2,"x":0,"y":0,"curve":"stepped"},{"time":0.5333,"x":0,"y":0,"curve":"stepped"},{"time":0.7333,"x":0,"y":0,"curve":"stepped"},{"time":1.0666,"x":0,"y":0}],"scale":[{"time":0,"x":1,"y":1,"curve":"stepped"},{"time":0.2,"x":1,"y":1,"curve":"stepped"},{"time":0.5333,"x":1,"y":1,"curve":"stepped"},{"time":0.7333,"x":1,"y":1,"curve":"stepped"},{"time":1.0666,"x":1,"y":1}]},"bone26":{"rotate":[{"time":0,"angle":22.6},{"time":0.2,"angle":-4.85,"curve":"stepped"},{"time":0.5333,"angle":-4.85},{"time":0.7333,"angle":22.96},{"time":1.0666,"angle":22.6}],"translate":[{"time":0,"x":0,"y":0,"curve":"stepped"},{"time":0.2,"x":0,"y":0,"curve":"stepped"},{"time":0.5333,"x":0,"y":0,"curve":"stepped"},{"time":0.7333,"x":0,"y":0,"curve":"stepped"},{"time":1.0666,"x":0,"y":0}],"scale":[{"time":0,"x":1,"y":1,"curve":"stepped"},{"time":0.2,"x":1,"y":1,"curve":"stepped"},{"time":0.5333,"x":1,"y":1,"curve":"stepped"},{"time":0.7333,"x":1,"y":1,"curve":"stepped"},{"time":1.0666,"x":1,"y":1}]},"bone27":{"rotate":[{"time":0,"angle":37.07},{"time":0.2,"angle":13.56},{"time":0.5333,"angle":12.59},{"time":0.7333,"angle":37.89},{"time":1.0666,"angle":37.07}],"translate":[{"time":0,"x":0,"y":0,"curve":"stepped"},{"time":0.2,"x":0,"y":0,"curve":"stepped"},{"time":0.5333,"x":0,"y":0,"curve":"stepped"},{"time":0.7333,"x":0,"y":0,"curve":"stepped"},{"time":1.0666,"x":0,"y":0}],"scale":[{"time":0,"x":1,"y":1,"curve":"stepped"},{"time":0.2,"x":1,"y":1,"curve":"stepped"},{"time":0.5333,"x":1,"y":1,"curve":"stepped"},{"time":0.7333,"x":1,"y":1,"curve":"stepped"},{"time":1.0666,"x":1,"y":1}]},"bone28":{"rotate":[{"time":0,"angle":31.21},{"time":0.2,"angle":-5.18,"curve":"stepped"},{"time":0.5333,"angle":-5.18},{"time":0.7333,"angle":28.5},{"time":1.0666,"angle":31.21}],"translate":[{"time":0,"x":0,"y":0,"curve":"stepped"},{"time":0.2,"x":0,"y":0,"curve":"stepped"},{"time":0.5333,"x":0,"y":0,"curve":"stepped"},{"time":0.7333,"x":0,"y":0,"curve":"stepped"},{"time":1.0666,"x":0,"y":0}],"scale":[{"time":0,"x":1,"y":1,"curve":"stepped"},{"time":0.2,"x":1,"y":1,"curve":"stepped"},{"time":0.5333,"x":1,"y":1,"curve":"stepped"},{"time":0.7333,"x":1,"y":1,"curve":"stepped"},{"time":1.0666,"x":1,"y":1}]},"bone29":{"rotate":[{"time":0,"angle":29.97},{"time":0.2,"angle":2.35,"curve":"stepped"},{"time":0.5333,"angle":2.35},{"time":0.7333,"angle":22.11},{"time":1.0666,"angle":29.97}],"translate":[{"time":0,"x":0,"y":0,"curve":"stepped"},{"time":0.2,"x":0,"y":0,"curve":"stepped"},{"time":0.5333,"x":0,"y":0,"curve":"stepped"},{"time":0.7333,"x":0,"y":0,"curve":"stepped"},{"time":1.0666,"x":0,"y":0}],"scale":[{"time":0,"x":1,"y":1,"curve":"stepped"},{"time":0.2,"x":1,"y":1,"curve":"stepped"},{"time":0.5333,"x":1,"y":1,"curve":"stepped"},{"time":0.7333,"x":1,"y":1,"curve":"stepped"},{"time":1.0666,"x":1,"y":1}]},"bone30":{"rotate":[{"time":0,"angle":19.55},{"time":0.2,"angle":26.14},{"time":0.5333,"angle":19.55},{"time":0.7333,"angle":14.94},{"time":1.0666,"angle":19.55}],"translate":[{"time":0,"x":0,"y":0,"curve":"stepped"},{"time":0.2,"x":0,"y":0,"curve":"stepped"},{"time":0.5333,"x":0,"y":0,"curve":"stepped"},{"time":0.7333,"x":0,"y":0,"curve":"stepped"},{"time":1.0666,"x":0,"y":0}],"scale":[{"time":0,"x":1,"y":1,"curve":"stepped"},{"time":0.2,"x":1,"y":1,"curve":"stepped"},{"time":0.5333,"x":1,"y":1,"curve":"stepped"},{"time":0.7333,"x":1,"y":1,"curve":"stepped"},{"time":1.0666,"x":1,"y":1}]},"bone31":{"rotate":[{"time":0,"angle":41.11},{"time":0.2,"angle":-1.26},{"time":0.5333,"angle":13.54},{"time":0.7333,"angle":40.32},{"time":1.0666,"angle":41.11}],"translate":[{"time":0,"x":0,"y":0,"curve":"stepped"},{"time":0.2,"x":0,"y":0,"curve":"stepped"},{"time":0.5333,"x":0,"y":0,"curve":"stepped"},{"time":0.7333,"x":0,"y":0,"curve":"stepped"},{"time":1.0666,"x":0,"y":0}],"scale":[{"time":0,"x":1,"y":1,"curve":"stepped"},{"time":0.2,"x":1,"y":1,"curve":"stepped"},{"time":0.5333,"x":1,"y":1,"curve":"stepped"},{"time":0.7333,"x":1,"y":1,"curve":"stepped"},{"time":1.0666,"x":1,"y":1}]},"bone32":{"rotate":[{"time":0,"angle":42.12},{"time":0.2,"angle":8.57},{"time":0.5333,"angle":15.87},{"time":0.7333,"angle":39.88},{"time":1.0666,"angle":42.12}],"translate":[{"time":0,"x":0,"y":0,"curve":"stepped"},{"time":0.2,"x":0,"y":0,"curve":"stepped"},{"time":0.5333,"x":0,"y":0,"curve":"stepped"},{"time":0.7333,"x":0,"y":0,"curve":"stepped"},{"time":1.0666,"x":0,"y":0}],"scale":[{"time":0,"x":1,"y":1,"curve":"stepped"},{"time":0.2,"x":1,"y":1,"curve":"stepped"},{"time":0.5333,"x":1,"y":1,"curve":"stepped"},{"time":0.7333,"x":1,"y":1,"curve":"stepped"},{"time":1.0666,"x":1,"y":1}]},"bone33":{"rotate":[{"time":0,"angle":20.33},{"time":0.2,"angle":26.15},{"time":0.5333,"angle":23.78},{"time":0.7333,"angle":8.88},{"time":1.0666,"angle":20.33}],"translate":[{"time":0,"x":0,"y":0,"curve":"stepped"},{"time":0.2,"x":0,"y":0,"curve":"stepped"},{"time":0.5333,"x":0,"y":0,"curve":"stepped"},{"time":0.7333,"x":0,"y":0,"curve":"stepped"},{"time":1.0666,"x":0,"y":0}],"scale":[{"time":0,"x":1,"y":1,"curve":"stepped"},{"time":0.2,"x":1,"y":1,"curve":"stepped"},{"time":0.5333,"x":1,"y":1,"curve":"stepped"},{"time":0.7333,"x":1,"y":1,"curve":"stepped"},{"time":1.0666,"x":1,"y":1}]},"bone34":{"rotate":[{"time":0,"angle":38.78},{"time":0.2,"angle":8.85},{"time":0.5333,"angle":7.58},{"time":0.7333,"angle":46.26},{"time":1.0666,"angle":38.78}],"translate":[{"time":0,"x":0,"y":0,"curve":"stepped"},{"time":0.2,"x":0,"y":0,"curve":"stepped"},{"time":0.5333,"x":0,"y":0,"curve":"stepped"},{"time":0.7333,"x":0,"y":0,"curve":"stepped"},{"time":1.0666,"x":0,"y":0}],"scale":[{"time":0,"x":1,"y":1,"curve":"stepped"},{"time":0.2,"x":1,"y":1,"curve":"stepped"},{"time":0.5333,"x":1,"y":1,"curve":"stepped"},{"time":0.7333,"x":1,"y":1,"curve":"stepped"},{"time":1.0666,"x":1,"y":1}]},"bone35":{"rotate":[{"time":0,"angle":27.44},{"time":0.2,"angle":5.28,"curve":"stepped"},{"time":0.5333,"angle":5.28},{"time":0.7333,"angle":24.82},{"time":1.0666,"angle":27.44}],"translate":[{"time":0,"x":0,"y":0,"curve":"stepped"},{"time":0.2,"x":0,"y":0,"curve":"stepped"},{"time":0.5333,"x":0,"y":0,"curve":"stepped"},{"time":0.7333,"x":0,"y":0,"curve":"stepped"},{"time":1.0666,"x":0,"y":0}],"scale":[{"time":0,"x":1,"y":1,"curve":"stepped"},{"time":0.2,"x":1,"y":1,"curve":"stepped"},{"time":0.5333,"x":1,"y":1,"curve":"stepped"},{"time":0.7333,"x":1,"y":1,"curve":"stepped"},{"time":1.0666,"x":1,"y":1}]},"MON10062_DL_22":{"rotate":[{"time":0,"angle":36.46},{"time":0.2,"angle":43.45},{"time":0.5333,"angle":-1.28},{"time":0.7333,"angle":-23.4},{"time":1.0666,"angle":36.46}],"translate":[{"time":0,"x":0,"y":0,"curve":"stepped"},{"time":0.2,"x":0,"y":0,"curve":"stepped"},{"time":0.5333,"x":0,"y":0,"curve":"stepped"},{"time":0.7333,"x":0,"y":0,"curve":"stepped"},{"time":1.0666,"x":0,"y":0}],"scale":[{"time":0,"x":0.869,"y":1.122,"curve":"stepped"},{"time":0.2,"x":0.869,"y":1.122,"curve":"stepped"},{"time":0.5333,"x":0.869,"y":1.122},{"time":0.7333,"x":0.956,"y":1.178},{"time":1.0666,"x":0.869,"y":1.122}]},"bone36":{"rotate":[{"time":0,"angle":10.47},{"time":0.2,"angle":10.87},{"time":0.5333,"angle":0,"curve":"stepped"},{"time":0.7333,"angle":0},{"time":1.0666,"angle":10.47}],"translate":[{"time":0,"x":0,"y":0,"curve":"stepped"},{"time":0.2,"x":0,"y":0,"curve":"stepped"},{"time":0.5333,"x":0,"y":0,"curve":"stepped"},{"time":0.7333,"x":0,"y":0,"curve":"stepped"},{"time":1.0666,"x":0,"y":0}],"scale":[{"time":0,"x":1,"y":1,"curve":"stepped"},{"time":0.2,"x":1,"y":1,"curve":"stepped"},{"time":0.5333,"x":1,"y":1,"curve":"stepped"},{"time":0.7333,"x":1,"y":1,"curve":"stepped"},{"time":1.0666,"x":1,"y":1}]},"MON10062_DL_25":{"rotate":[{"time":0,"angle":29.52},{"time":0.2,"angle":35.18},{"time":0.5333,"angle":38.69,"curve":"stepped"},{"time":0.7333,"angle":38.69},{"time":1.0666,"angle":29.52}],"translate":[{"time":0,"x":0,"y":0,"curve":"stepped"},{"time":0.2,"x":0,"y":0,"curve":"stepped"},{"time":0.5333,"x":0,"y":0,"curve":"stepped"},{"time":0.7333,"x":0,"y":0,"curve":"stepped"},{"time":1.0666,"x":0,"y":0}],"scale":[{"time":0,"x":1,"y":1,"curve":"stepped"},{"time":0.2,"x":1,"y":1,"curve":"stepped"},{"time":0.5333,"x":1,"y":1,"curve":"stepped"},{"time":0.7333,"x":1,"y":1,"curve":"stepped"},{"time":1.0666,"x":1,"y":1}]},"bone37":{"rotate":[{"time":0,"angle":-13.25},{"time":0.2,"angle":-10.94},{"time":0.5333,"angle":-19.11},{"time":0.7333,"angle":-13.74},{"time":1.0666,"angle":-13.25}],"translate":[{"time":0,"x":0,"y":0,"curve":"stepped"},{"time":0.2,"x":0,"y":0,"curve":"stepped"},{"time":0.5333,"x":0,"y":0,"curve":"stepped"},{"time":0.7333,"x":0,"y":0,"curve":"stepped"},{"time":1.0666,"x":0,"y":0}],"scale":[{"time":0,"x":0.97,"y":1,"curve":"stepped"},{"time":0.2,"x":0.97,"y":1},{"time":0.5333,"x":1,"y":1,"curve":"stepped"},{"time":0.7333,"x":1,"y":1},{"time":1.0666,"x":0.97,"y":1}]},"bone38":{"rotate":[{"time":0,"angle":-31.84},{"time":0.2,"angle":-29.07},{"time":0.5333,"angle":-42.02},{"time":0.7333,"angle":-12.72},{"time":1.0666,"angle":-31.84}],"translate":[{"time":0,"x":0,"y":0,"curve":"stepped"},{"time":0.2,"x":0,"y":0,"curve":"stepped"},{"time":0.5333,"x":0,"y":0,"curve":"stepped"},{"time":0.7333,"x":0,"y":0,"curve":"stepped"},{"time":1.0666,"x":0,"y":0}],"scale":[{"time":0,"x":0.849,"y":1},{"time":0.2,"x":0.949,"y":1},{"time":0.5333,"x":1,"y":1,"curve":"stepped"},{"time":0.7333,"x":1,"y":1},{"time":1.0666,"x":0.849,"y":1}]},"bone39":{"rotate":[{"time":0,"angle":-29.11},{"time":0.2,"angle":-15.8},{"time":0.5333,"angle":-32.52},{"time":0.7333,"angle":-40.28},{"time":1.0666,"angle":-29.11}],"translate":[{"time":0,"x":0,"y":0,"curve":"stepped"},{"time":0.2,"x":0,"y":0,"curve":"stepped"},{"time":0.5333,"x":0,"y":0,"curve":"stepped"},{"time":0.7333,"x":0,"y":0,"curve":"stepped"},{"time":1.0666,"x":0,"y":0}],"scale":[{"time":0,"x":1,"y":1,"curve":"stepped"},{"time":0.2,"x":1,"y":1,"curve":"stepped"},{"time":0.5333,"x":1,"y":1,"curve":"stepped"},{"time":0.7333,"x":1,"y":1,"curve":"stepped"},{"time":1.0666,"x":1,"y":1}]},"bone40":{"rotate":[{"time":0,"angle":-50.4},{"time":0.2,"angle":-19.08},{"time":0.5333,"angle":-15.41},{"time":0.7333,"angle":-52.32},{"time":1.0666,"angle":-50.4}],"translate":[{"time":0,"x":0,"y":0,"curve":"stepped"},{"time":0.2,"x":0,"y":0,"curve":"stepped"},{"time":0.5333,"x":0,"y":0,"curve":"stepped"},{"time":0.7333,"x":0,"y":0,"curve":"stepped"},{"time":1.0666,"x":0,"y":0}],"scale":[{"time":0,"x":1,"y":1,"curve":"stepped"},{"time":0.2,"x":1,"y":1,"curve":"stepped"},{"time":0.5333,"x":1,"y":1,"curve":"stepped"},{"time":0.7333,"x":1,"y":1,"curve":"stepped"},{"time":1.0666,"x":1,"y":1}]},"bone41":{"rotate":[{"time":0,"angle":-34.04},{"time":0.2,"angle":-8.18},{"time":0.5333,"angle":-2.58},{"time":0.7333,"angle":-44.45},{"time":1.0666,"angle":-34.04}],"translate":[{"time":0,"x":0,"y":0,"curve":"stepped"},{"time":0.2,"x":0,"y":0,"curve":"stepped"},{"time":0.5333,"x":0,"y":0,"curve":"stepped"},{"time":0.7333,"x":0,"y":0,"curve":"stepped"},{"time":1.0666,"x":0,"y":0}],"scale":[{"time":0,"x":1,"y":1,"curve":"stepped"},{"time":0.2,"x":1,"y":1,"curve":"stepped"},{"time":0.5333,"x":1,"y":1,"curve":"stepped"},{"time":0.7333,"x":1,"y":1,"curve":"stepped"},{"time":1.0666,"x":1,"y":1}]},"bone42":{"rotate":[{"time":0,"angle":-25.34},{"time":0.2,"angle":2.92,"curve":"stepped"},{"time":0.5333,"angle":2.92},{"time":0.7333,"angle":-22.19},{"time":1.0666,"angle":-25.34}],"translate":[{"time":0,"x":0,"y":0,"curve":"stepped"},{"time":0.2,"x":0,"y":0,"curve":"stepped"},{"time":0.5333,"x":0,"y":0,"curve":"stepped"},{"time":0.7333,"x":0,"y":0,"curve":"stepped"},{"time":1.0666,"x":0,"y":0}],"scale":[{"time":0,"x":1,"y":1,"curve":"stepped"},{"time":0.2,"x":1,"y":1,"curve":"stepped"},{"time":0.5333,"x":1,"y":1,"curve":"stepped"},{"time":0.7333,"x":1,"y":1,"curve":"stepped"},{"time":1.0666,"x":1,"y":1}]},"bone43":{"rotate":[{"time":0,"angle":-31.58},{"time":0.2,"angle":-41.92},{"time":0.5333,"angle":-44.59},{"time":0.7333,"angle":-37.97},{"time":1.0666,"angle":-31.58}],"translate":[{"time":0,"x":0,"y":0,"curve":"stepped"},{"time":0.2,"x":0,"y":0,"curve":"stepped"},{"time":0.5333,"x":0,"y":0,"curve":"stepped"},{"time":0.7333,"x":0,"y":0,"curve":"stepped"},{"time":1.0666,"x":0,"y":0}],"scale":[{"time":0,"x":0.898,"y":1},{"time":0.2,"x":0.977,"y":1},{"time":0.5333,"x":0.865,"y":1},{"time":0.7333,"x":0.898,"y":1,"curve":"stepped"},{"time":1.0666,"x":0.898,"y":1}]},"bone44":{"rotate":[{"time":0,"angle":-32.42},{"time":0.2,"angle":-2.48},{"time":0.5333,"angle":-10.68},{"time":0.7333,"angle":-26.85},{"time":1.0666,"angle":-32.42}],"translate":[{"time":0,"x":0,"y":0,"curve":"stepped"},{"time":0.2,"x":0,"y":0,"curve":"stepped"},{"time":0.5333,"x":0,"y":0,"curve":"stepped"},{"time":0.7333,"x":0,"y":0,"curve":"stepped"},{"time":1.0666,"x":0,"y":0}],"scale":[{"time":0,"x":1,"y":1,"curve":"stepped"},{"time":0.2,"x":1,"y":1,"curve":"stepped"},{"time":0.5333,"x":1,"y":1,"curve":"stepped"},{"time":0.7333,"x":1,"y":1,"curve":"stepped"},{"time":1.0666,"x":1,"y":1}]},"bone45":{"rotate":[{"time":0,"angle":-31.06},{"time":0.2,"angle":0.89},{"time":0.5333,"angle":0.85},{"time":0.7333,"angle":-32.78},{"time":1.0666,"angle":-31.06}],"translate":[{"time":0,"x":0,"y":0,"curve":"stepped"},{"time":0.2,"x":0,"y":0,"curve":"stepped"},{"time":0.5333,"x":0,"y":0,"curve":"stepped"},{"time":0.7333,"x":0,"y":0,"curve":"stepped"},{"time":1.0666,"x":0,"y":0}],"scale":[{"time":0,"x":1,"y":1,"curve":"stepped"},{"time":0.2,"x":1,"y":1,"curve":"stepped"},{"time":0.5333,"x":1,"y":1,"curve":"stepped"},{"time":0.7333,"x":1,"y":1,"curve":"stepped"},{"time":1.0666,"x":1,"y":1}]},"MON10062_DL_26":{"rotate":[{"time":0,"angle":-20.56},{"time":0.2,"angle":-46.07},{"time":0.5333,"angle":-43.84},{"time":0.7333,"angle":-33.76},{"time":1.0666,"angle":-20.56}],"translate":[{"time":0,"x":0,"y":0,"curve":"stepped"},{"time":0.2,"x":0,"y":0,"curve":"stepped"},{"time":0.5333,"x":0,"y":0,"curve":"stepped"},{"time":0.7333,"x":0,"y":0,"curve":"stepped"},{"time":1.0666,"x":0,"y":0}],"scale":[{"time":0,"x":0.668,"y":1},{"time":0.2,"x":0.751,"y":1},{"time":0.5333,"x":0.668,"y":1,"curve":"stepped"},{"time":0.7333,"x":0.668,"y":1,"curve":"stepped"},{"time":1.0666,"x":0.668,"y":1}]},"bone46":{"rotate":[{"time":0,"angle":-22.42},{"time":0.2,"angle":-4.23},{"time":0.5333,"angle":-7.8},{"time":0.7333,"angle":-17.94},{"time":1.0666,"angle":-22.42}],"translate":[{"time":0,"x":0,"y":0,"curve":"stepped"},{"time":0.2,"x":0,"y":0,"curve":"stepped"},{"time":0.5333,"x":0,"y":0,"curve":"stepped"},{"time":0.7333,"x":0,"y":0,"curve":"stepped"},{"time":1.0666,"x":0,"y":0}],"scale":[{"time":0,"x":1,"y":1,"curve":"stepped"},{"time":0.2,"x":1,"y":1,"curve":"stepped"},{"time":0.5333,"x":1,"y":1,"curve":"stepped"},{"time":0.7333,"x":1,"y":1,"curve":"stepped"},{"time":1.0666,"x":1,"y":1}]},"bone47":{"rotate":[{"time":0,"angle":-19.57},{"time":0.2,"angle":-6.66},{"time":0.5333,"angle":-3.92},{"time":0.7333,"angle":-23.43},{"time":1.0666,"angle":-19.57}],"translate":[{"time":0,"x":0,"y":0,"curve":"stepped"},{"time":0.2,"x":0,"y":0,"curve":"stepped"},{"time":0.5333,"x":0,"y":0,"curve":"stepped"},{"time":0.7333,"x":0,"y":0,"curve":"stepped"},{"time":1.0666,"x":0,"y":0}],"scale":[{"time":0,"x":1,"y":1,"curve":"stepped"},{"time":0.2,"x":1,"y":1,"curve":"stepped"},{"time":0.5333,"x":1,"y":1,"curve":"stepped"},{"time":0.7333,"x":1,"y":1,"curve":"stepped"},{"time":1.0666,"x":1,"y":1}]},"MON10062_DL_9":{"rotate":[{"time":0,"angle":0,"curve":"stepped"},{"time":1.0666,"angle":0}],"translate":[{"time":0,"x":0,"y":0,"curve":"stepped"},{"time":1.0666,"x":0,"y":0}],"scale":[{"time":0,"x":1,"y":1,"curve":"stepped"},{"time":1.0666,"x":1,"y":1}]},"MON10062_DL_11":{"rotate":[{"time":0,"angle":0},{"time":0.5333,"angle":43.35},{"time":1.0666,"angle":0}],"translate":[{"time":0,"x":0,"y":0,"curve":"stepped"},{"time":0.5333,"x":0,"y":0,"curve":"stepped"},{"time":1.0666,"x":0,"y":0}],"scale":[{"time":0,"x":1,"y":1,"curve":"stepped"},{"time":0.5333,"x":1,"y":1,"curve":"stepped"},{"time":1.0666,"x":1,"y":1}]},"MON10062_DL_12":{"rotate":[{"time":0,"angle":0},{"time":0.5333,"angle":-45.5},{"time":1.0666,"angle":0}],"translate":[{"time":0,"x":0,"y":0,"curve":"stepped"},{"time":0.5333,"x":0,"y":0,"curve":"stepped"},{"time":1.0666,"x":0,"y":0}],"scale":[{"time":0,"x":1,"y":1,"curve":"stepped"},{"time":0.5333,"x":1,"y":1,"curve":"stepped"},{"time":1.0666,"x":1,"y":1}]},"MON10062_DL_13":{"rotate":[{"time":0,"angle":-7.67},{"time":0.5333,"angle":-1.92},{"time":1.0666,"angle":-7.67}],"translate":[{"time":0,"x":0,"y":0,"curve":"stepped"},{"time":0.5333,"x":0,"y":0,"curve":"stepped"},{"time":1.0666,"x":0,"y":0}],"scale":[{"time":0,"x":1,"y":1,"curve":"stepped"},{"time":0.5333,"x":1,"y":1,"curve":"stepped"},{"time":1.0666,"x":1,"y":1}]},"MON10062_DL_14":{"rotate":[{"time":0,"angle":0},{"time":0.5333,"angle":50.64},{"time":1.0666,"angle":0}],"translate":[{"time":0,"x":0,"y":0,"curve":"stepped"},{"time":0.5333,"x":0,"y":0,"curve":"stepped"},{"time":1.0666,"x":0,"y":0}],"scale":[{"time":0,"x":1,"y":1,"curve":"stepped"},{"time":0.5333,"x":1,"y":1,"curve":"stepped"},{"time":1.0666,"x":1,"y":1}]},"MON10062_DL_19":{"rotate":[{"time":0,"angle":0},{"time":0.5333,"angle":-25.13},{"time":1.0666,"angle":0}],"translate":[{"time":0,"x":0,"y":0,"curve":"stepped"},{"time":0.5333,"x":0,"y":0,"curve":"stepped"},{"time":1.0666,"x":0,"y":0}],"scale":[{"time":0,"x":1,"y":1},{"time":0.5333,"x":0.755,"y":1},{"time":1.0666,"x":1,"y":1}]},"shadow":{"rotate":[{"time":0,"angle":0,"curve":"stepped"},{"time":0.5333,"angle":0,"curve":"stepped"},{"time":1.0666,"angle":0}],"translate":[{"time":0,"x":0,"y":0,"curve":"stepped"},{"time":0.5333,"x":0,"y":0,"curve":"stepped"},{"time":1.0666,"x":0,"y":0}],"scale":[{"time":0,"x":1,"y":1},{"time":0.5333,"x":1.421,"y":1.563},{"time":1.0666,"x":1,"y":1}]},"MON10062_DL_27":{"rotate":[{"time":0,"angle":0,"curve":"stepped"},{"time":0.3333,"angle":0},{"time":0.7333,"angle":-0.56},{"time":1.0666,"angle":0}],"translate":[{"time":0,"x":0,"y":0,"curve":"stepped"},{"time":0.3333,"x":0,"y":0,"curve":"stepped"},{"time":0.7333,"x":0,"y":0,"curve":"stepped"},{"time":1.0666,"x":0,"y":0}],"scale":[{"time":0,"x":1,"y":1,"curve":"stepped"},{"time":0.3333,"x":1,"y":1,"curve":"stepped"},{"time":0.7333,"x":1,"y":1,"curve":"stepped"},{"time":1.0666,"x":1,"y":1}]},"bone48":{"rotate":[{"time":0,"angle":0},{"time":0.3333,"angle":7.14},{"time":0.7333,"angle":-7.45},{"time":1.0666,"angle":0}],"translate":[{"time":0,"x":0,"y":0,"curve":"stepped"},{"time":0.3333,"x":0,"y":0,"curve":"stepped"},{"time":0.7333,"x":0,"y":0,"curve":"stepped"},{"time":1.0666,"x":0,"y":0}],"scale":[{"time":0,"x":1,"y":1,"curve":"stepped"},{"time":0.3333,"x":1,"y":1,"curve":"stepped"},{"time":0.7333,"x":1,"y":1,"curve":"stepped"},{"time":1.0666,"x":1,"y":1}]},"bone49":{"rotate":[{"time":0,"angle":0},{"time":0.3333,"angle":11.75},{"time":0.7333,"angle":-7.83},{"time":1.0666,"angle":0}],"translate":[{"time":0,"x":0,"y":0,"curve":"stepped"},{"time":0.3333,"x":0,"y":0,"curve":"stepped"},{"time":0.7333,"x":0,"y":0,"curve":"stepped"},{"time":1.0666,"x":0,"y":0}],"scale":[{"time":0,"x":1,"y":1,"curve":"stepped"},{"time":0.3333,"x":1,"y":1,"curve":"stepped"},{"time":0.7333,"x":1,"y":1,"curve":"stepped"},{"time":1.0666,"x":1,"y":1}]}},"ffd":{"default":{"MON10062_DL_8":{"MON10062_DL_8":[{"time":0,"offset":4,"vertices":[-0.95259,4.10738,4.07601,-2.64079,6.14775,-5.92699,0.1576,-5.75995,0.64852,-8.29869,-0.83272,-5.30202,-3.4545,-2.47171,-2.23056,-0.12457,0,0,-2.48046,-1.16501,0,0,0,0,0,0,-0.85894,1.0374,0,0,0,0,0,0,0,0,0,0,-0.36541,-2.43925,0,0,0.83853,1.1839,0,0,2.27393,1.39328,-1.57154,0.37738,-1.09029,0.04175]},{"time":0.3333,"offset":2,"vertices":[-3.05862,3.00211,-16.95121,14.40083,-6.79012,6.0969,-6.72554,4.5542,-7.0619,0.4935,-17.43996,-13.22965,-22.89231,-19.34463,-18.11516,-13.11688,-10.05865,-2.44399,-19.23247,-9.2553,-15.7001,-9.87721,-6.84669,-2.9016,0,0,0,0,0,0,0,0,0,0,0,0,0,0,-0.96232,1.23893,-6.19372,-1.80987,0,0,0.87687,1.55318,0,0,-1.27661,3.07814,0,0,-4.66218,0.04992]},{"time":0.7333,"offset":2,"vertices":[-1.03839,3.02095,-1.19043,6.58494,-1.3816,1.59157,1.50609,4.17371,-1.02895,2.01082,-0.33308,3.85949,-4.08825,-1.28597,-2.67771,0.39104,0,0,2.05861,2.27729,0.35262,0.41924,0,0,0,0,0,0,0,0,0,0,0,0,0,0,0,0,-0.60028,0.64807,-0.12382,0.53367,-0.60029,0.64809,1.36274,0.42868,0.77188,0.06663,0.9435,0.78131,-1.84863,0.69586,-0.18101,0.29543]},{"time":1.0666,"offset":4,"vertices":[-0.95259,4.10738,4.07601,-2.64079,6.14775,-5.92699,0.1576,-5.75995,0.64852,-8.29869,-0.83272,-5.30202,-3.4545,-2.47171,-2.23056,-0.12457,0,0,-2.48046,-1.16501,0,0,0,0,0,0,-0.85894,1.0374,0,0,0,0,0,0,0,0,0,0,-0.36541,-2.43925,0,0,0.83853,1.1839,0,0,2.27393,1.39328,-1.57154,0.37738,-1.09029,0.04175]}]},"MON10062_DL_22":{"MON10062_DL_22":[{"time":0,"offset":90,"vertices":[0.08304,-2.68244,0.90354,-2.52734,1.60803,-2.14937,3.21374,-0.21436,3.13632,0.73453,-1.18042,-3.40744,3.17951,-1.39905,3.44644,-0.43752,3.47416,-0.00903,3.32534,1.00704,-0.93016,-3.66302,0,0,0,0,0,0,0,0,0,0,0,0,2.36582,3.68522,1.22088,4.20619,0.69261,4.32486,-0.60206,4.33886,4.37744,2.46624,3.63598,3.46825,6.4218,-1.25772,6.53571,-0.33061,0,0,0,0,0,0,0,0,0,0,0,0,0,0,0,0,0,0,0,0,0,0,0,0,0,0,0,0,0,0,0,0,0,0,0,0,0,0,0,0,0,0,0,0,0,0,0,0,0,0,0,0,0,0,0,0,0,0,0,0,0,0,0,0,0,0,0,0,0,0,0,0,0,0,0,0,0,0,0,0,0,0,0,0,0,0,0,0,0,0,0,0,0,0,0,0,0,0,0,0,0,0,0,0,0,0,0,0,0,0,0,0,0,0,0,0,0,0,0,0,0,0,0,0,0,0,0,0,0,0,0,0,0,0,0,0,0,0,0,0,0,0,0,0,0,0,0,0,0,0,0,0,0,0,0,0,0,0,0,0,0,0,0,0,0,0,0,0,0,0,0,0,0,0,0,0,0,0,0,0,0,0,0,0,0,0,0,0,-2.83944,6.06509,-3.62472,5.63153,4.79298,-0.39935,4.80105,0.28717]},{"time":0.2,"offset":90,"vertices":[-5.49563,3.42223,-6.2712,1.61105,-6.46691,0.33058,-6.68235,2.70634,-6.02522,3.95913,-5.73628,6.83393,-4.70935,0.90057,-4.32384,2.07189,-3.42945,3.35072,-2.70906,3.95588,-1.41307,4.96448,-5.46588,0.56001,-5.14218,1.93552,-4.24823,3.48439,-3.48601,4.24688,-3.1384,4.8937,-2.27043,5.65478,-1.0801,0.30868,-0.96561,0.57395,-0.73015,0.85365,-0.54939,0.97978,-0.76486,0.89287,-0.4572,1.08311,-0.28617,1.14151,-0.19141,1.16117,0,0,0,0,0,0,0,0,0,0,0,0,0,0,0,0,0,0,0,0,0,0,0,0,0,0,0,0,0,0,0,0,0,0,0,0,0,0,0,0,0,0,0,0,0,0,0,0,0,0,0,0,0,0,0,0,0,0,0,0,0,0,0,0,0,0,0,0,0,0,0,0,0,0,0,0,0,0,0,0,0,0,0,0,0,0,0,0,0,0,0,0,0,0,0,0,0,0,0,0,0,0,0,0,0,0,0,0,0,0,0,0,0,0,0,0,0,0,0,0,0,0,0,0,0,0,0,0,0,0,0,0,0,0,0,0,0,0,0,0,0,0,0,0,0,0,0,0,0,0,0,0,0,0,0,0,0,0,0,0,0,0,0,0,0,0,0,0,0,0,0,0,0,0,0,0,0,0,0,0,0,0,0,0,0,0,0,0,0,0,0,0,0.57225,-2.28293,0.38275,-2.32224,5.17146,-1.00624,5.19954,-4.67539,4.26339,-5.54236]},{"time":0.5333,"offset":58,"vertices":[-1.8454,-8.79472,1.72406,-8.82053,-5.93925,-7.317,0.03065,-12.95691,5.0729,-11.92452,7.9905,-10.20349,-4.85093,-12.07167,-2.36053,-4.59898,-0.59877,-5.03523,1.03428,-5.10207,-4.66206,-3.67633,-5.48054,-2.14613,-3.28775,4.31427,-5.40287,2.45276,-5.06016,1.4923,-6.57586,6.29097,-1.80928,-2.42504,-0.44025,-2.99396,-0.02108,-3.02626,-0.12522,-3.06976,-0.72235,-2.98623,-2.53125,-2.42297,7.50117,-0.62313,6.91859,-2.9646,5.08241,-5.55226,3.90022,-6.43782,2.89103,-7.61932,0,0,0,0,0,0,0,0,0,0,0,0,1.64326,-0.09215,1.52964,-0.60737,1.14353,-1.18379,0.8903,-1.38429,1.55194,-1.12237,1.13827,-1.54018,0.74539,-1.6415,0.70066,-1.66101,-3.61965,-5.16268,-4.66375,-4.24333,-5.50199,-3.07939,-5.99748,-1.94564,-6.84802,-1.7768,-7.00488,-0.99098,-9.34725,1.14802,-8.94516,2.94435,0,0,0,0,0,0,0,0,0,0,0,0,0,0,0,0,0,0,0,0,0,0,0,0,0,0,0,0,0,0,0,0,0,0,0,0,0,0,0,0,0,0,0,0,0,0,0,0,0,0,0,0,0,0,0,0,0,0,0,0,0,0,0,0,0,0,0,0,0,0,0,0,0,0,0,0,0,0,0,0,0,0,0,0,0,0,0,0,0,0,0,0,0,0,0,0,0,0,0,0,0,0,0,0,0,0,0,0,0,0,0,0,0,0,0,0,0,0,0,0,0,0,0,0,0,0,0,0,0,0,0,0,0,0,0,0,0,0,0,0,0,0,0,0,0,0,0,0,0,0,0,0,0,0,0,0,0,0,0,0,0,0,0,0,0,0,0,0,0,0,0,0,-1.83384,10.52699,-0.55346,10.67095,-2.94735,-0.43808,-2.73851,0.4067,3.90107,2.97016,7.80163,0.88662,7.85176,-0.0585,0,0,0,0,0,0,0,0,0,0,0,0,0,0,0,0,0,0,0,0,0,0,0,0,0,0,0,0,0,0,0,0,-6.61097,-4.56531,-7.08468,-3.78843,-10.90963,-1.36296]},{"time":0.7333,"offset":58,"vertices":[-0.61994,-10.03282,3.335,-9.48407,2.45307,-9.88078,0.65344,-7.63779,3.57565,-6.78188,5.21157,-5.6241,3.41642,-6.86736,0,0,0,0,0,0,0,0,0,0,0,0,0,0,0,0,0,0,0,0,0,0,0,0,0,0,0,0,0,0,3.67416,-0.05982,3.6199,0.63254,3.26182,1.69342,2.99749,2.1269,1.93467,-3.22457,0,0,0,0,0,0,0,0,0,0,0,0,0,0,0,0,0,0,0,0,0,0,0,0,0,0,0,0,0,0,0,0,0,0,0,0,0,0,0,0,0,0,0,0,0,0,0,0,0,0,0,0,0,0,0,0,0,0,0,0,0,0,0,0,0,0,0,0,0,0,0,0,0,0,0,0,0,0,0,0,0,0,0,0,0,0,0,0,0,0,0,0,0,0,0,0,0,0,0,0,0,0,0,0,0,0,0,0,0,0,0,0,0,0,0,0,0,0,0,0,0,0,0,0,0,0,0,0,0,0,0,0,0,0,0,0,0,0,0,0,0,0,0,0,0,0,0,0,0,0,0,0,0,0,0,0,0,0,0,0,0,0,0,0,0,0,0,0,0,0,0,0,0,0,0,0,0,0,0,0,0,0,0,0,0,0,0,0,0,0,0,0,0,0,0,0,0,0,0,0,0,0,0,0,0,0,0,0,0,0,0,0,0,0,0,0,5.18595,3.24418,4.99562,3.53027,0,0,0,0,0.02967,1.21957,1.80516,0.48893,1.77485,0.5895]},{"time":1.0666,"offset":90,"vertices":[0.08304,-2.68244,0.90354,-2.52734,1.60803,-2.14937,3.21374,-0.21436,3.13632,0.73453,-1.18042,-3.40744,3.17951,-1.39905,3.44644,-0.43752,3.47416,-0.00903,3.32534,1.00704,-0.93016,-3.66302,0,0,0,0,0,0,0,0,0,0,0,0,2.36582,3.68522,1.22088,4.20619,0.69261,4.32486,-0.60206,4.33886,4.37744,2.46624,3.63598,3.46825,6.4218,-1.25772,6.53571,-0.33061,0,0,0,0,0,0,0,0,0,0,0,0,0,0,0,0,0,0,0,0,0,0,0,0,0,0,0,0,0,0,0,0,0,0,0,0,0,0,0,0,0,0,0,0,0,0,0,0,0,0,0,0,0,0,0,0,0,0,0,0,0,0,0,0,0,0,0,0,0,0,0,0,0,0,0,0,0,0,0,0,0,0,0,0,0,0,0,0,0,0,0,0,0,0,0,0,0,0,0,0,0,0,0,0,0,0,0,0,0,0,0,0,0,0,0,0,0,0,0,0,0,0,0,0,0,0,0,0,0,0,0,0,0,0,0,0,0,0,0,0,0,0,0,0,0,0,0,0,0,0,0,0,0,0,0,0,0,0,0,0,0,0,0,0,0,0,0,0,0,0,0,0,0,0,0,0,0,0,0,0,0,0,0,0,0,0,0,0,-2.83944,6.06509,-3.62472,5.63153,4.79298,-0.39935,4.80105,0.28717]}]}}}}}}