{"skeleton":{"hash":"S5t0k4brCn6vxXJ8nhQsHJZxTZQ","spine":"3.1.03","width":154.21,"height":195.83},"bones":[{"name":"root"},{"name":"bone","parent":"root","x":4.15,"y":44.67},{"name":"MON10064_DL_21","parent":"bone","length":15.01,"x":-5.18,"y":12.25,"rotation":89.37},{"name":"bone2","parent":"MON10064_DL_21","length":29.72,"x":14.26,"y":0.04,"rotation":-8.06},{"name":"MON10064_DL_12","parent":"bone2","length":26.17,"x":21.29,"y":-16.67,"rotation":-134.56},{"name":"MON10064_DL_4","parent":"MON10064_DL_12","length":19.43,"x":25.95,"y":-0.03,"rotation":-7.16},{"name":"MON10064_DL_3","parent":"MON10064_DL_4","length":9.74,"x":19.14,"y":-0.29,"rotation":-29.4},{"name":"MON10064_DL_5","parent":"MON10064_DL_3","length":12.93,"x":5.89,"y":-0.62,"rotation":149.09},{"name":"MON10064_DL_24","parent":"bone2","length":22.98,"x":15.46,"y":1.68,"rotation":145.23},{"name":"MON10064_DL_8","parent":"MON10064_DL_24","length":14.3,"x":22.73,"y":0.28,"rotation":3.9},{"name":"MON10064_DL_7","parent":"MON10064_DL_8","length":8.37,"x":14.42,"y":0.01,"rotation":8.92},{"name":"MON10064_DL_6","parent":"MON10064_DL_7","length":12.93,"x":7.19,"y":2.42,"rotation":-144.41},{"name":"MON10064_DL_20","parent":"bone2","length":72.88,"x":28.81,"y":-0.09,"rotation":9.78},{"name":"MON10064_DL_10","parent":"MON10064_DL_20","length":15.41,"x":45.27,"y":18.65,"rotation":174.72},{"name":"MON10064_DL_11","parent":"MON10064_DL_20","length":16.72,"x":44.37,"y":-29.67,"rotation":171.3},{"name":"MON10064_DL_14","parent":"bone","length":31.78,"x":6.87,"y":9.61,"rotation":-80.29},{"name":"MON10064_DL_15","parent":"MON10064_DL_14","length":22.73,"x":31.46,"y":-0.33,"rotation":-9.14},{"name":"MON10064_DL_16","parent":"MON10064_DL_21","length":14.12,"y":-0.1,"rotation":-165.06},{"name":"MON10064_DL_17","parent":"bone","length":26.35,"x":-5.99,"y":6.44,"rotation":-107.14},{"name":"MON10064_DL_18","parent":"MON10064_DL_17","length":23.76,"x":26.24,"y":-0.05,"rotation":1.11},{"name":"MON10064_DL_19","parent":"MON10064_DL_20","length":15.67,"x":71.86,"y":0.89,"rotation":165.02},{"name":"MON10064_DL_26","parent":"MON10064_DL_20","length":29.68,"x":50.68,"y":-5.27,"rotation":179.41},{"name":"bone8","parent":"MON10064_DL_26","length":31.42,"x":29.68,"rotation":-4.12},{"name":"MON10064_DL_27","parent":"bone8","length":25.26,"x":31.12,"y":0.24,"rotation":-0.26},{"name":"MON10064_DL_44","parent":"MON10064_DL_20","length":17.26,"x":67.1,"y":-6.94,"rotation":-129},{"name":"MON10064_DL_80","parent":"MON10064_DL_20","length":11.55,"x":25.19,"y":3.88,"rotation":91.36},{"name":"MON10064_DL_111","parent":"MON10064_DL_20","length":30.44,"x":21.08,"y":-24.08,"rotation":-42.43},{"name":"MON10064_DL_1111","parent":"MON10064_DL_20","length":21.72,"x":32,"y":26.3,"rotation":28.41},{"name":"bone3","parent":"MON10064_DL_19","length":10.9,"x":15.16,"y":0.31,"rotation":-4.29},{"name":"bone4","parent":"bone3","length":9.83,"x":10.63,"y":-0.3,"rotation":0.63},{"name":"bone5","parent":"bone4","length":12.2,"x":9.7,"y":0.21,"rotation":-1.51},{"name":"bone6","parent":"bone5","length":8.54,"x":11.75,"y":0.07,"rotation":0.19},{"name":"bone7","parent":"bone6","length":6.92,"x":8.42,"y":-0.1,"rotation":2.62},{"name":"bone9","parent":"MON10064_DL_27","length":28.42,"x":25.27,"y":-0.29,"rotation":-1.87},{"name":"bone10","parent":"MON10064_DL_111","length":26.99,"x":30.1,"y":-0.29,"rotation":-0.55},{"name":"bone11","parent":"bone10","length":26.82,"x":26.99,"rotation":-0.34},{"name":"bone12","parent":"MON10064_DL_1111","length":20.35,"x":21.71,"y":-0.09,"rotation":-3.25},{"name":"bone13","parent":"bone12","length":17.24,"x":20.35,"rotation":-8.34},{"name":"bone14","parent":"MON10064_DL_11","length":15.96,"x":16.57,"y":-0.07,"rotation":-2.12},{"name":"bone15","parent":"bone14","length":12.15,"x":15.99,"y":-0.21,"rotation":-4.12},{"name":"bone16","parent":"bone15","length":11.69,"x":12.15,"rotation":0.47},{"name":"bone17","parent":"MON10064_DL_10","length":12.24,"x":14.77,"y":-0.04,"rotation":0.29},{"name":"bone18","parent":"bone17","length":12.84,"x":12.24,"rotation":1.1},{"name":"bone19","parent":"bone18","length":12.84,"x":12.84,"rotation":5.54},{"name":"bone20","parent":"MON10064_DL_44","length":12.71,"x":17.26,"y":0.05,"rotation":-21.92},{"name":"bone21","parent":"bone20","length":15.43,"x":12.71,"y":0.02,"rotation":-23.42},{"name":"shadow","parent":"root","length":21.71,"x":-0.04,"y":-3.6,"rotation":-91.06}],"slots":[{"name":"shadow","bone":"shadow"},{"name":"MON10064_DL_6","bone":"MON10064_DL_6","attachment":"MON10064_DL_5"},{"name":"MON10064_DL_1111","bone":"MON10064_DL_1111","attachment":"MON10064_DL_1111"},{"name":"MON10064_DL_26","bone":"MON10064_DL_27","attachment":"MON10064_DL_26"},{"name":"MON10064_DL_22","bone":"MON10064_DL_24","attachment":"MON10064_DL_22"},{"name":"MON10064_DL_12","bone":"MON10064_DL_12","attachment":"MON10064_DL_12"},{"name":"MON10064_DL_14","bone":"MON10064_DL_14","attachment":"MON10064_DL_14"},{"name":"MON10064_DL_18","bone":"MON10064_DL_18","attachment":"MON10064_DL_18"},{"name":"MON10064_DL_17","bone":"MON10064_DL_17","attachment":"MON10064_DL_17"},{"name":"MON10064_DL_16","bone":"MON10064_DL_16","attachment":"MON10064_DL_16"},{"name":"MON10064_DL_8","bone":"MON10064_DL_8","attachment":"MON10064_DL_8"},{"name":"MON10064_DL_15","bone":"MON10064_DL_15","attachment":"MON10064_DL_15"},{"name":"MON10064_DL_10","bone":"MON10064_DL_10","attachment":"MON10064_DL_10"},{"name":"MON10064_DL_21","bone":"MON10064_DL_21","attachment":"MON10064_DL_21"},{"name":"MON10064_DL_20","bone":"MON10064_DL_20","attachment":"MON10064_DL_20"},{"name":"MON10064_DL_111","bone":"MON10064_DL_111","attachment":"MON10064_DL_111"},{"name":"MON10064_DL_80","bone":"MON10064_DL_80"},{"name":"MON10064_DL_19","bone":"MON10064_DL_19","attachment":"MON10064_DL_19"},{"name":"MON10064_DL_11","bone":"MON10064_DL_11","attachment":"MON10064_DL_11"},{"name":"MON10064_DL_44","bone":"MON10064_DL_44","attachment":"MON10064_DL_44"},{"name":"MON10064_DL_7","bone":"MON10064_DL_7","attachment":"MON10064_DL_7"},{"name":"MON10064_DL_5","bone":"MON10064_DL_5","attachment":"MON10064_DL_5"},{"name":"MON10064_DL_4","bone":"MON10064_DL_4","attachment":"MON10064_DL_4"},{"name":"MON10064_DL_3","bone":"MON10064_DL_3","attachment":"MON10064_DL_3"}],"skins":{"default":{"MON10064_DL_10":{"MON10064_DL_10":{"type":"weightedmesh","uvs":[1,0.34742,1,0.53738,1,0.73322,1,1,0.56249,1,0,1,0,0.74113,0,0.53745,0,0.3514,0,0,0.64872,0,1,0,0.57841,0.36703,0.55139,0.53742,0.51895,0.72151],"triangles":[10,11,0,12,8,9,10,12,9,12,10,0,12,0,1,13,8,12,13,12,1,7,8,13,14,7,13,13,1,2,14,13,2,6,7,14,5,6,14,4,14,2,5,14,4,4,2,3],"vertices":[3,42,-14.19,11.08,0.00708,41,-2.16,10.8,0.40248,13,12.56,10.74,0.59042,4,43,-12.18,12.98,0.00693,42,-0.52999,11.74,0.45712,41,11.48,11.73,0.52626,13,26.2,11.74,0.00966,3,43,1.9,12.29,0.57704,42,13.55,12.42,0.41103,41,25.55,12.68,0.01192,1,43,21.08,11.36,1,1,43,20.53,0,1,1,43,19.82,-14.6,1,3,43,1.2,-13.7,0.61584,42,15.37,-13.52,0.37178,41,27.87,-13.21,0.01236,4,43,-13.44,-12.98,0.02113,42,0.72,-14.22,0.48852,41,13.24,-14.2,0.46532,13,28.09,-14.18,0.02501,3,42,-12.65,-14.87,0.02371,41,-0.12,-15.11,0.47658,13,14.73,-15.16,0.4997,1,13,-10.49,-16.99,1,1,13,-11.72,-0.17,1,1,13,-12.38,8.93,1,2,41,-0.01,-0.03,0.5,13,14.76,-0.08,0.5,2,42,0.03,0.09,0.5,41,12.27,0.09,0.5,2,43,0.45,-0.15,0.5,42,13.31,-0.11,0.5],"hull":12}},"MON10064_DL_11":{"MON10064_DL_11":{"type":"weightedmesh","uvs":[1,0.31939,1,0.5476,1,0.71273,1,1,0.1949,1,0,1,0,0.70538,0,0.5217,0,0.33245,0,0,0.50887,0,1,0,0.61755,0.35653,0.49836,0.56434,0.38456,0.71648],"triangles":[12,10,11,8,9,10,0,12,11,8,10,12,13,7,8,12,0,1,12,13,8,13,12,1,14,6,7,13,1,2,13,14,7,14,13,2,4,5,6,14,4,6,14,2,3,4,14,3],"vertices":[2,38,-4.48,9.60999,0.23247,14,12.45,9.68999,0.76753,4,40,-16.33,12.6,0.01044,39,-4.28,12.46,0.31187,38,12.61,12.53,0.67338,14,29.64,11.98,0.00429,3,40,-4.11,15.49,0.36449,39,7.9,15.45,0.55362,38,24.98,14.63,0.08188,2,40,17.12999,20.51,0.97823,39,29.11,20.65,0.02176,1,40,21.94,0.14,1,1,40,23.11,-4.79,1,3,40,1.30999,-9.93,0.54199,39,13.55,-9.93,0.4442,38,28.8,-11.08,0.0138,4,40,-12.26,-13.14,0.00621,39,0,-13.25,0.44405,38,15.04,-13.43,0.5341,14,31.11,-14.05,0.01562,3,39,-13.97,-16.67,0.01983,38,0.86,-15.84,0.47843,14,16.86,-15.94,0.50172,1,14,-8.18,-19.27,1,2,38,-26.26,-7.04,0,14,-9.92,-6.15,0.99999,1,14,-11.61,6.49,1,2,38,-0.02,0.28,0.5,14,16.54999,0.21,0.5,2,39,0.05,0.1,0.5,38,16.04999,-0.11,0.5,2,40,-0.15,-0.01,0.5,39,11.99,-0.01,0.5],"hull":12}},"MON10064_DL_111":{"MON10064_DL_111":{"type":"weightedmesh","uvs":[1,0.08754,0.80094,0.39914,0.53597,0.69779,0.23523,1,0,1,0,0.64879,0.23987,0.45616,0.56546,0.2187,0.84816,0,1,0,0.38963,0.61717,0.6796,0.32178],"triangles":[1,11,0,0,11,9,11,7,8,11,8,9,2,11,1,2,10,11,10,7,11,10,6,7,3,10,2,3,4,10,10,5,6,10,4,5],"vertices":[1,35,26.28,-4.11,1,2,34,28.65,-9.52,0.31468,35,1.71,-9.5,0.68531,2,26,31.95,-11.4,0.38532,34,1.95,-11.09,0.61466,1,26,3.56,-11.19,1,1,26,-6.23,-0.08,1,3,26,12.19,16.17,0.99996,34,-18.06,16.29999,2.0E-5,35,-45.15,16.06,1.0E-5,3,26,32.3,13.76,0.39619,34,2.06,14.08,0.60373,35,-25.01,13.95,5.0E-5,2,34,28.13,9.93999,0.47799,35,1.07,9.95,0.522,1,35,24.38,7.08,1,1,35,30.81,0,1,2,26,30.08,-0.76,0.5,34,-0.01,-0.46,0.5,2,34,27.57,-0.22,0.5,35,0.57,-0.21,0.5],"hull":10}},"MON10064_DL_1111":{"MON10064_DL_1111":{"type":"weightedmesh","uvs":[0.39526,0.25611,0.67299,0.48299,1,0.69245,1,0.90021,1,1,0.74768,1,0.30673,0.63937,0.10939,0.33326,0,0.15796,0,0,0.17677,0,0.50046,0.53768,0.22781,0.27372],"triangles":[7,8,12,0,12,10,10,12,9,12,8,9,7,12,6,12,0,11,11,0,1,5,3,4,6,11,5,5,11,3,11,1,3,1,2,3,6,12,11],"vertices":[2,36,19.59,-5.69,0.55615,37,0.06,-5.73,0.44384,2,27,22.75,-6.71,0.38103,36,1.41,-6.55,0.61896,1,27,4.83,-8.52,1,1,27,-7.78,-1.29999,1,1,27,-13.85,2.16,1,1,27,-9.84,9.17,1,2,27,19.07,8.89,0.80714,36,-3.15,8.82,0.19285,2,36,18.84,4.9,0.78328,37,-2.2,4.63,0.21671,1,37,10.54,4.12,1,1,37,21.05,0.67,1,1,37,19.28,-4.69,1,2,27,22.17,-0.02,0.5,36,0.45,0.09,0.5,2,36,20.87,-0.34,0.5,37,0.57,-0.26,0.5],"hull":11}},"MON10064_DL_12":{"MON10064_DL_12":{"x":11.82,"y":0.08,"rotation":53.49,"width":27,"height":34}},"MON10064_DL_14":{"MON10064_DL_14":{"x":13.47,"y":-1.96,"rotation":80.06,"width":22,"height":41}},"MON10064_DL_15":{"MON10064_DL_15":{"x":10.4,"y":0.36,"rotation":89.38,"width":20,"height":41}},"MON10064_DL_16":{"MON10064_DL_16":{"type":"mesh","uvs":[1,0.13469,1,1,0.51723,1,0,1,0,0.30912,0,0,0.37196,0,1,0,0.40513,0.55063],"triangles":[6,7,0,4,5,6,8,6,0,4,6,8,3,4,8,1,2,8,3,8,2,1,8,0],"vertices":[-2.59999,21.29,20.02,15.5,16.31,1,12.34,-14.52,-5.73,-9.89999,-13.81,-7.83,-10.95,3.33,-6.12,22.19,3.7,0.64],"hull":8}},"MON10064_DL_17":{"MON10064_DL_17":{"x":11.47,"y":0.96,"rotation":109.17,"width":24,"height":39}},"MON10064_DL_18":{"MON10064_DL_18":{"x":11.92,"y":1.9,"rotation":108.9,"width":25,"height":39}},"MON10064_DL_19":{"MON10064_DL_19":{"type":"weightedmesh","uvs":[1,0.29535,1,0.44171,0.7738,0.58922,0.53882,0.74246,0.3497,0.86578,0.1439,1,0.05936,1,0,1,0,0.823,0,0.66473,0,0.50947,0,0.39191,0,0.21856,0,0,0.69727,0,1,0,0.5647,0.2969,0.43566,0.44161,0.34607,0.57878,0.21703,0.74008,0.12743,0.85916],"triangles":[6,7,8,20,6,8,5,20,4,6,20,5,20,8,9,4,19,3,20,19,4,19,9,10,18,19,10,3,18,2,19,18,3,19,20,9,18,10,11,17,18,11,2,17,1,18,17,2,17,11,12,16,17,12,16,0,1,17,16,1,16,12,13,14,15,0,14,16,13,16,14,0],"vertices":[4,20,12.11,12.61,0.6359,28,-3.96,12.04,0.3396,29,-14.45,12.5,0.02447,31,-36.18999,11.71,0,5,20,21.92,15.03,0.15243,28,5.63,15.18,0.6111,29,-4.82,15.54,0.23544,30,-14.93,14.94,0.00101,31,-26.63,14.96,0,4,20,33.37,11.1,1.4E-4,28,17.35,12.11,0.16888,29,6.85,12.34,0.59963,30,-3.17,12.05,0.23134,3,29,18.98,9.02,0.05147,30,9.04,9.05,0.73336,31,-2.67,8.99,0.21515,3,30,18.87,6.64,0.01853,31,7.14,6.54,0.69189,32,-0.97,6.69,0.28955,1,32,9.58,3.54,1,1,32,10.26,1.17999,1,1,32,10.74,-0.46,1,2,31,7.62,-4,0.71053,32,-0.98,-3.86,0.28946,3,29,18.57,-7.48,0.02411,30,9.06,-7.46,0.83755,31,-2.71,-7.52,0.13833,4,20,33.4,-12,0.00322,28,19.1,-10.92,0.11951,29,8.35,-10.7,0.52106,30,-1.05999,-10.95,0.35619,4,20,25.53,-13.94,0.10417,28,11.39,-13.44,0.442,29,0.61,-13.14,0.40754,30,-8.72999,-13.59,0.04627,3,20,13.91,-16.81,0.663,28,0.02,-17.16,0.28685,29,-10.78,-16.74,0.05014,2,20,-0.72,-20.42,0.98367,28,-14.3,-21.86,0.01632,1,20,-5.56,-0.78,1,2,20,-7.66,7.73,1,31,-55.48,5.14,0,2,20,15.24,0.38,0.5,28,0.06,0.07,0.5,2,28,10.72,-0.37,0.5,29,0.08,-0.06,0.5,2,29,9.89,0.3,0.5,30,0.18,0.09,0.5,2,30,11.93,0.18,0.5,31,0.17,0.1,0.5,2,31,8.79,0.29,0.5,32,0.38,0.37,0.5],"hull":16}},"MON10064_DL_20":{"MON10064_DL_20":{"x":33.02,"y":0.4,"rotation":-91.12,"width":121,"height":110}},"MON10064_DL_21":{"MON10064_DL_21":{"type":"weightedmesh","uvs":[1,0.04714,1,0.37289,1,0.56493,0.92944,0.66905,0.76918,0.95356,0.67294,1,0.22647,1,0.052,1,0,0.87371,0,0.67969,0,0.40182,0,0.17044,0.05013,0.06845,0.32786,0,0.42698,0,0.90196,0,0.23619,0.69274,0.23182,0.48415],"triangles":[2,3,1,3,17,1,1,14,15,1,17,14,17,13,14,13,17,11,13,11,12,17,10,11,15,0,1,4,5,16,5,6,16,16,6,8,6,7,8,4,16,3,8,9,16,9,17,16,16,17,3,9,10,17],"vertices":[2,2,50.88,-32.47,7.1E-4,3,33.68,-19.29,0.99928,2,2,33.12,-27.53,0.12275,3,16.25,-21.44,0.87724,2,2,21.75,-24.98,0.33205,3,5.35,-23.14,0.66794,2,2,15.66,-21.16,0.49889,3,-1.46,-21.76,0.5011,2,2,-1.53,-14.44,0.9162,3,-19.53,-21.7,0.08379,2,2,-4.15,-10.62,0.95049,3,-23.46,-19.2,0.0495,2,2,-4.71999,7.47,0.99994,3,-31.3,-2.77,5.0E-5,2,2,-4.8,14.65,0.99999,3,-34.27,3.75,0,1,2,1.7,16.86,1,2,2,12.68,17.06,0.93985,3,-19.25,12.83,0.06014,2,2,39.16,14.72,0.23099,3,5.36,18.73,0.769,2,2,55.2,10.59,0.00796,3,21.03,20.41,0.99202,1,3,26.7,19.14,1,2,2,60.64,-5.34,0,3,31.93,8.38,1,2,2,59.56,-9.43999,0,3,32.54,4.36,1,1,3,35.49,-14.94,1,1,2,11.17,7.25,1,2,2,30.68,6.35,0.38223,3,1.12,8.47999,0.61776],"hull":16}},"MON10064_DL_22":{"MON10064_DL_22":{"x":7.98,"y":-0.57,"rotation":133.36,"width":23,"height":25}},"MON10064_DL_26":{"MON10064_DL_26":{"type":"weightedmesh","uvs":[0.91932,0.05579,0.9425,0.2451,1,0.44022,1,0.67397,1,0.88453,0.8208,1,0.31647,1,0.0616,1,0,0.93476,0,0.66817,0,0.48079,0,0.24897,0,0.10022,0.13404,0,0.4152,0,0.76574,0,0.41515,0.26824,0.39192,0.50782,0.3687,0.69717],"triangles":[7,8,18,3,4,5,5,18,3,8,9,18,6,7,18,5,6,18,18,9,17,18,17,3,9,10,17,17,2,3,10,11,16,17,10,16,17,16,1,17,1,2,11,13,16,1,16,15,11,12,13,16,13,14,16,14,15,1,15,0],"vertices":[1,21,8.16,43.53,1,2,21,30.45,45.16,0.47,22,-2.45,45.1,0.52999,2,22,20.17,51.07,0.5,23,-11.15,50.77,0.5,2,23,16.28,52.59,0.51,33,-10.69,52.57,0.49,1,33,13.96,55,1,1,33,28.87,42.23,1,1,21,118.82,-5.19,1,1,33,34.78,-17.53,1,1,33,27.62,-23.14,1,2,23,20.83,-26.39,0.51,33,-3.59,-26.22,0.49,2,22,29.85,-27.59,0.5,23,-1.16,-27.84,0.5,2,21,30.21,-29.4,0.47,22,2.61999,-29.28,0.52999,1,21,12.7,-29.23,1,1,21,1.01,-18.52,1,1,21,1.22,3.71,1,1,21,1.48,31.44,1,2,21,32.78,3.41,0.47,22,2.84,3.63,0.52999,2,22,31.1,3.55,0.5,23,-0.03,3.3,0.5,2,23,22.31,2.94,0.51,33,-3.06,3.13,0.49],"hull":16}},"MON10064_DL_3":{"MON10064_DL_3":{"x":2.83,"y":-2.41,"rotation":80.73,"width":17,"height":19}},"MON10064_DL_4":{"MON10064_DL_4":{"x":3.35,"y":-0.5,"rotation":60.05,"width":25,"height":34}},"MON10064_DL_44":{"MON10064_DL_44":{"type":"weightedmesh","uvs":[0.72348,0.13328,1,0.38865,1,0.73758,1,1,0.76829,1,0.60697,1,0.50742,0.84499,0.40455,0.68483,0.23255,0.52605,0,0.41862,0,0.12955,0,0,0.39798,0,0.52112,0.35545,0.72435,0.54853,0.75039,0.81614],"triangles":[13,8,10,8,9,10,14,13,0,10,12,13,13,12,0,10,11,12,7,8,13,1,14,0,3,15,2,5,15,4,3,4,15,5,6,15,15,6,14,6,7,14,15,14,2,14,1,2,7,13,14],"vertices":[3,45,-23.22,2.60999,3.0E-5,44,-7.56,11.64,0.23161,24,14.59,13.68,0.76834,3,45,-7.78,9.46,0.07216,44,9.32,11.8,0.90702,24,30.32,7.52,0.0208,1,45,11.98,7.18,1,2,45,26.84,5.47,0.99999,44,39.50999,-5.6,0,2,45,26.02,-1.66,0.99999,44,35.93,-11.82,0,2,45,25.44,-6.63,0.99999,44,33.43,-16.15,0,2,45,16.31,-8.68,0.99969,44,24.23,-14.42,3.0E-4,3,45,6.87,-10.8,0.80079,44,14.73,-12.62,0.17826,24,26.22,-17.15,0.02093,3,45,-2.72,-15.07,0.13922,44,4.21999,-12.72,0.43097,24,16.43,-13.32,0.4298,3,45,-9.63,-21.53,0.00322,44,-4.67,-15.9,0.08578,24,6.98,-12.95,0.91099,2,45,-26,-19.64,0,24,-3.18,0.01,0.99999,2,45,-33.34,-18.79999,0,24,-7.73,5.82,0.99999,3,45,-31.93,-6.54,3.0E-5,44,-19.19,6.7,0.00342,24,1.96,13.43,0.99653,2,44,0.27,-0.11,0.5,24,17.46999,-0.14,0.5,2,45,0.29,-0.06,0.5,44,12.95,-0.15,0.5,1,45,15.54,-1.01,1],"hull":13}},"MON10064_DL_5":{"MON10064_DL_5":{"x":38.9,"y":2.1,"rotation":-58.78,"width":62,"height":89}},"MON10064_DL_6":{"MON10064_DL_5":{"x":32.46,"y":-5.91,"scaleX":-0.705,"scaleY":0.869,"rotation":-125.65,"width":62,"height":89}},"MON10064_DL_7":{"MON10064_DL_7":{"x":5.2,"y":1.47,"rotation":133.03,"width":13,"height":18}},"MON10064_DL_8":{"MON10064_DL_8":{"x":1.67,"y":1.17,"rotation":128.81,"width":25,"height":28}},"MON10064_DL_80":{"MON10064_DL_80":{"x":-1.31,"y":-3.61,"rotation":177.52,"width":57,"height":21}},"shadow":{"shadow":{"x":-2.65,"y":0.65,"scaleX":1.25,"scaleY":1.252,"rotation":91.04,"width":85,"height":42}}}},"animations":{"wait_DL":{"slots":{"MON10064_DL_80":{"attachment":[{"time":0,"name":null},{"time":0.6666,"name":"MON10064_DL_80"},{"time":0.8666,"name":null},{"time":2.4,"name":null}]}},"bones":{"root":{"rotate":[{"time":0,"angle":0,"curve":"stepped"},{"time":1.2,"angle":0,"curve":"stepped"},{"time":2.4,"angle":0}],"translate":[{"time":0,"x":0,"y":0,"curve":"stepped"},{"time":1.2,"x":0,"y":0,"curve":"stepped"},{"time":2.4,"x":0,"y":0}],"scale":[{"time":0,"x":1,"y":1,"curve":"stepped"},{"time":1.2,"x":1,"y":1,"curve":"stepped"},{"time":2.4,"x":1,"y":1}]},"bone":{"rotate":[{"time":0,"angle":0,"curve":"stepped"},{"time":1.2,"angle":0,"curve":"stepped"},{"time":2.4,"angle":0}],"translate":[{"time":0,"x":0,"y":0,"curve":"stepped"},{"time":1.2,"x":0,"y":0,"curve":"stepped"},{"time":2.4,"x":0,"y":0}],"scale":[{"time":0,"x":1,"y":1,"curve":"stepped"},{"time":1.2,"x":1,"y":1,"curve":"stepped"},{"time":2.4,"x":1,"y":1}]},"MON10064_DL_21":{"rotate":[{"time":0,"angle":0},{"time":0.5333,"angle":2.58,"curve":[0.25,0,0.75,1]},{"time":1.2,"angle":0},{"time":1.7333,"angle":2.58,"curve":[0.25,0,0.75,1]},{"time":2.4,"angle":0}],"translate":[{"time":0,"x":0,"y":0},{"time":0.5333,"x":0,"y":-10,"curve":[0.25,0,0.75,1]},{"time":1.2,"x":0,"y":0},{"time":1.7333,"x":0,"y":-10,"curve":[0.25,0,0.75,1]},{"time":2.4,"x":0,"y":0}],"scale":[{"time":0,"x":1,"y":1,"curve":"stepped"},{"time":1.2,"x":1,"y":1,"curve":"stepped"},{"time":2.4,"x":1,"y":1}]},"bone2":{"rotate":[{"time":0,"angle":0,"curve":"stepped"},{"time":1.2,"angle":0,"curve":"stepped"},{"time":2.4,"angle":0}],"translate":[{"time":0,"x":0,"y":0},{"time":0.5333,"x":-1.52,"y":0.05},{"time":1.2,"x":0,"y":0},{"time":1.7333,"x":-1.52,"y":0.05},{"time":2.4,"x":0,"y":0}],"scale":[{"time":0,"x":1,"y":1,"curve":"stepped"},{"time":1.2,"x":1,"y":1,"curve":"stepped"},{"time":2.4,"x":1,"y":1}]},"MON10064_DL_20":{"rotate":[{"time":0,"angle":0},{"time":0.5333,"angle":7.28},{"time":1.2,"angle":0},{"time":1.7333,"angle":7.28},{"time":2.4,"angle":0}],"translate":[{"time":0,"x":0,"y":0},{"time":0.5333,"x":-3.84,"y":0.14},{"time":1.2,"x":0,"y":0},{"time":1.7333,"x":-3.84,"y":0.14},{"time":2.4,"x":0,"y":0}],"scale":[{"time":0,"x":1,"y":1,"curve":"stepped"},{"time":1.2,"x":1,"y":1,"curve":"stepped"},{"time":2.4,"x":1,"y":1}]},"MON10064_DL_80":{"rotate":[{"time":0,"angle":0,"curve":"stepped"},{"time":1.2,"angle":0,"curve":"stepped"},{"time":2.4,"angle":0}],"translate":[{"time":0,"x":0,"y":0,"curve":"stepped"},{"time":1.2,"x":0,"y":0,"curve":"stepped"},{"time":2.4,"x":0,"y":0}],"scale":[{"time":0,"x":1,"y":1,"curve":"stepped"},{"time":1.2,"x":1,"y":1,"curve":"stepped"},{"time":2.4,"x":1,"y":1}]},"MON10064_DL_19":{"rotate":[{"time":0,"angle":0},{"time":0.3333,"angle":-10.39},{"time":0.8,"angle":-3.82},{"time":1.2,"angle":0},{"time":1.5333,"angle":-10.39},{"time":2,"angle":-3.82},{"time":2.4,"angle":0}],"translate":[{"time":0,"x":0,"y":0,"curve":"stepped"},{"time":0.3333,"x":0,"y":0,"curve":"stepped"},{"time":0.8,"x":0,"y":0,"curve":"stepped"},{"time":1.2,"x":0,"y":0,"curve":"stepped"},{"time":1.5333,"x":0,"y":0,"curve":"stepped"},{"time":2,"x":0,"y":0,"curve":"stepped"},{"time":2.4,"x":0,"y":0}],"scale":[{"time":0,"x":1,"y":1,"curve":"stepped"},{"time":0.3333,"x":1,"y":1,"curve":"stepped"},{"time":0.8,"x":1,"y":1,"curve":"stepped"},{"time":1.2,"x":1,"y":1,"curve":"stepped"},{"time":1.5333,"x":1,"y":1,"curve":"stepped"},{"time":2,"x":1,"y":1,"curve":"stepped"},{"time":2.4,"x":1,"y":1}]},"bone3":{"rotate":[{"time":0,"angle":0},{"time":0.3333,"angle":-2.36},{"time":0.8,"angle":-6.5},{"time":1.2,"angle":0},{"time":1.5333,"angle":-2.36},{"time":2,"angle":-6.5},{"time":2.4,"angle":0}],"translate":[{"time":0,"x":0,"y":0,"curve":"stepped"},{"time":0.3333,"x":0,"y":0,"curve":"stepped"},{"time":0.8,"x":0,"y":0,"curve":"stepped"},{"time":1.2,"x":0,"y":0,"curve":"stepped"},{"time":1.5333,"x":0,"y":0,"curve":"stepped"},{"time":2,"x":0,"y":0,"curve":"stepped"},{"time":2.4,"x":0,"y":0}],"scale":[{"time":0,"x":1,"y":1,"curve":"stepped"},{"time":0.3333,"x":1,"y":1,"curve":"stepped"},{"time":0.8,"x":1,"y":1,"curve":"stepped"},{"time":1.2,"x":1,"y":1,"curve":"stepped"},{"time":1.5333,"x":1,"y":1,"curve":"stepped"},{"time":2,"x":1,"y":1,"curve":"stepped"},{"time":2.4,"x":1,"y":1}]},"bone4":{"rotate":[{"time":0,"angle":0},{"time":0.3333,"angle":10.68},{"time":0.8,"angle":-6.85},{"time":1.2,"angle":0},{"time":1.5333,"angle":10.68},{"time":2,"angle":-6.85},{"time":2.4,"angle":0}],"translate":[{"time":0,"x":0,"y":0,"curve":"stepped"},{"time":0.3333,"x":0,"y":0,"curve":"stepped"},{"time":0.8,"x":0,"y":0,"curve":"stepped"},{"time":1.2,"x":0,"y":0,"curve":"stepped"},{"time":1.5333,"x":0,"y":0,"curve":"stepped"},{"time":2,"x":0,"y":0,"curve":"stepped"},{"time":2.4,"x":0,"y":0}],"scale":[{"time":0,"x":1,"y":1,"curve":"stepped"},{"time":0.3333,"x":1,"y":1,"curve":"stepped"},{"time":0.8,"x":1,"y":1,"curve":"stepped"},{"time":1.2,"x":1,"y":1,"curve":"stepped"},{"time":1.5333,"x":1,"y":1,"curve":"stepped"},{"time":2,"x":1,"y":1,"curve":"stepped"},{"time":2.4,"x":1,"y":1}]},"bone5":{"rotate":[{"time":0,"angle":0},{"time":0.3333,"angle":4.89},{"time":0.8,"angle":-13.96},{"time":1.2,"angle":0},{"time":1.5333,"angle":4.89},{"time":2,"angle":-13.96},{"time":2.4,"angle":0}],"translate":[{"time":0,"x":0,"y":0,"curve":"stepped"},{"time":0.3333,"x":0,"y":0,"curve":"stepped"},{"time":0.8,"x":0,"y":0,"curve":"stepped"},{"time":1.2,"x":0,"y":0,"curve":"stepped"},{"time":1.5333,"x":0,"y":0,"curve":"stepped"},{"time":2,"x":0,"y":0,"curve":"stepped"},{"time":2.4,"x":0,"y":0}],"scale":[{"time":0,"x":1,"y":1,"curve":"stepped"},{"time":0.3333,"x":1,"y":1,"curve":"stepped"},{"time":0.8,"x":1,"y":1,"curve":"stepped"},{"time":1.2,"x":1,"y":1,"curve":"stepped"},{"time":1.5333,"x":1,"y":1,"curve":"stepped"},{"time":2,"x":1,"y":1,"curve":"stepped"},{"time":2.4,"x":1,"y":1}]},"bone6":{"rotate":[{"time":0,"angle":0},{"time":0.3333,"angle":20.7},{"time":0.8,"angle":-7.54},{"time":1.2,"angle":0},{"time":1.5333,"angle":20.7},{"time":2,"angle":-7.54},{"time":2.4,"angle":0}],"translate":[{"time":0,"x":0,"y":0,"curve":"stepped"},{"time":0.3333,"x":0,"y":0,"curve":"stepped"},{"time":0.8,"x":0,"y":0,"curve":"stepped"},{"time":1.2,"x":0,"y":0,"curve":"stepped"},{"time":1.5333,"x":0,"y":0,"curve":"stepped"},{"time":2,"x":0,"y":0,"curve":"stepped"},{"time":2.4,"x":0,"y":0}],"scale":[{"time":0,"x":1,"y":1,"curve":"stepped"},{"time":0.3333,"x":1,"y":1,"curve":"stepped"},{"time":0.8,"x":1,"y":1,"curve":"stepped"},{"time":1.2,"x":1,"y":1,"curve":"stepped"},{"time":1.5333,"x":1,"y":1,"curve":"stepped"},{"time":2,"x":1,"y":1,"curve":"stepped"},{"time":2.4,"x":1,"y":1}]},"bone7":{"rotate":[{"time":0,"angle":0},{"time":0.3333,"angle":27.76},{"time":0.8,"angle":-1.95},{"time":1.2,"angle":0},{"time":1.5333,"angle":27.76},{"time":2,"angle":-1.95},{"time":2.4,"angle":0}],"translate":[{"time":0,"x":0,"y":0,"curve":"stepped"},{"time":0.3333,"x":0,"y":0,"curve":"stepped"},{"time":0.8,"x":0,"y":0,"curve":"stepped"},{"time":1.2,"x":0,"y":0,"curve":"stepped"},{"time":1.5333,"x":0,"y":0,"curve":"stepped"},{"time":2,"x":0,"y":0,"curve":"stepped"},{"time":2.4,"x":0,"y":0}],"scale":[{"time":0,"x":1,"y":1,"curve":"stepped"},{"time":0.3333,"x":1,"y":1,"curve":"stepped"},{"time":0.8,"x":1,"y":1,"curve":"stepped"},{"time":1.2,"x":1,"y":1,"curve":"stepped"},{"time":1.5333,"x":1,"y":1,"curve":"stepped"},{"time":2,"x":1,"y":1,"curve":"stepped"},{"time":2.4,"x":1,"y":1}]},"MON10064_DL_11":{"rotate":[{"time":0,"angle":0},{"time":0.4333,"angle":-350.43},{"time":0.8,"angle":-4.39},{"time":1.2,"angle":0},{"time":1.6333,"angle":-350.43},{"time":2,"angle":-4.39},{"time":2.4,"angle":0}],"translate":[{"time":0,"x":0,"y":0,"curve":"stepped"},{"time":0.4333,"x":0,"y":0,"curve":"stepped"},{"time":0.8,"x":0,"y":0,"curve":"stepped"},{"time":1.2,"x":0,"y":0,"curve":"stepped"},{"time":1.6333,"x":0,"y":0,"curve":"stepped"},{"time":2,"x":0,"y":0,"curve":"stepped"},{"time":2.4,"x":0,"y":0}],"scale":[{"time":0,"x":1,"y":1,"curve":"stepped"},{"time":0.4333,"x":1,"y":1,"curve":"stepped"},{"time":0.8,"x":1,"y":1,"curve":"stepped"},{"time":1.2,"x":1,"y":1,"curve":"stepped"},{"time":1.6333,"x":1,"y":1,"curve":"stepped"},{"time":2,"x":1,"y":1,"curve":"stepped"},{"time":2.4,"x":1,"y":1}]},"MON10064_DL_10":{"rotate":[{"time":0,"angle":0},{"time":0.4333,"angle":-14.23},{"time":0.8,"angle":3.43},{"time":1.2,"angle":0},{"time":1.6333,"angle":-14.23},{"time":2,"angle":3.43},{"time":2.4,"angle":0}],"translate":[{"time":0,"x":0,"y":0,"curve":"stepped"},{"time":0.4333,"x":0,"y":0,"curve":"stepped"},{"time":0.8,"x":0,"y":0,"curve":"stepped"},{"time":1.2,"x":0,"y":0,"curve":"stepped"},{"time":1.6333,"x":0,"y":0,"curve":"stepped"},{"time":2,"x":0,"y":0,"curve":"stepped"},{"time":2.4,"x":0,"y":0}],"scale":[{"time":0,"x":1,"y":1,"curve":"stepped"},{"time":0.4333,"x":1,"y":1,"curve":"stepped"},{"time":0.8,"x":1,"y":1,"curve":"stepped"},{"time":1.2,"x":1,"y":1,"curve":"stepped"},{"time":1.6333,"x":1,"y":1,"curve":"stepped"},{"time":2,"x":1,"y":1,"curve":"stepped"},{"time":2.4,"x":1,"y":1}]},"MON10064_DL_12":{"rotate":[{"time":0,"angle":0},{"time":0.4,"angle":24.12},{"time":0.8,"angle":5.89},{"time":1.2,"angle":0},{"time":1.6,"angle":24.12},{"time":2,"angle":5.89},{"time":2.4,"angle":0}],"translate":[{"time":0,"x":0,"y":0,"curve":"stepped"},{"time":0.4,"x":0,"y":0,"curve":"stepped"},{"time":0.8,"x":0,"y":0,"curve":"stepped"},{"time":1.2,"x":0,"y":0,"curve":"stepped"},{"time":1.6,"x":0,"y":0,"curve":"stepped"},{"time":2,"x":0,"y":0,"curve":"stepped"},{"time":2.4,"x":0,"y":0}],"scale":[{"time":0,"x":1,"y":1,"curve":"stepped"},{"time":0.4,"x":1,"y":1,"curve":"stepped"},{"time":0.8,"x":1,"y":1,"curve":"stepped"},{"time":1.2,"x":1,"y":1,"curve":"stepped"},{"time":1.6,"x":1,"y":1,"curve":"stepped"},{"time":2,"x":1,"y":1,"curve":"stepped"},{"time":2.4,"x":1,"y":1}]},"MON10064_DL_4":{"rotate":[{"time":0,"angle":0},{"time":0.4,"angle":-23.57},{"time":0.8,"angle":0.69},{"time":1.2,"angle":0},{"time":1.6,"angle":-23.57},{"time":2,"angle":0.69},{"time":2.4,"angle":0}],"translate":[{"time":0,"x":0,"y":0,"curve":"stepped"},{"time":0.4,"x":0,"y":0,"curve":"stepped"},{"time":0.8,"x":0,"y":0,"curve":"stepped"},{"time":1.2,"x":0,"y":0,"curve":"stepped"},{"time":1.6,"x":0,"y":0,"curve":"stepped"},{"time":2,"x":0,"y":0,"curve":"stepped"},{"time":2.4,"x":0,"y":0}],"scale":[{"time":0,"x":1,"y":1,"curve":"stepped"},{"time":0.4,"x":1,"y":1,"curve":"stepped"},{"time":0.8,"x":1,"y":1,"curve":"stepped"},{"time":1.2,"x":1,"y":1,"curve":"stepped"},{"time":1.6,"x":1,"y":1,"curve":"stepped"},{"time":2,"x":1,"y":1,"curve":"stepped"},{"time":2.4,"x":1,"y":1}]},"MON10064_DL_3":{"rotate":[{"time":0,"angle":0},{"time":0.4,"angle":18.03},{"time":0.8,"angle":6.88},{"time":1.2,"angle":0},{"time":1.6,"angle":18.03},{"time":2,"angle":6.88},{"time":2.4,"angle":0}],"translate":[{"time":0,"x":0,"y":0,"curve":"stepped"},{"time":0.4,"x":0,"y":0,"curve":"stepped"},{"time":0.8,"x":0,"y":0,"curve":"stepped"},{"time":1.2,"x":0,"y":0,"curve":"stepped"},{"time":1.6,"x":0,"y":0,"curve":"stepped"},{"time":2,"x":0,"y":0,"curve":"stepped"},{"time":2.4,"x":0,"y":0}],"scale":[{"time":0,"x":1,"y":1,"curve":"stepped"},{"time":0.4,"x":1,"y":1,"curve":"stepped"},{"time":0.8,"x":1,"y":1,"curve":"stepped"},{"time":1.2,"x":1,"y":1,"curve":"stepped"},{"time":1.6,"x":1,"y":1,"curve":"stepped"},{"time":2,"x":1,"y":1,"curve":"stepped"},{"time":2.4,"x":1,"y":1}]},"MON10064_DL_5":{"rotate":[{"time":0,"angle":0,"curve":"stepped"},{"time":0.4,"angle":0,"curve":"stepped"},{"time":0.8,"angle":0,"curve":"stepped"},{"time":1.2,"angle":0,"curve":"stepped"},{"time":1.6,"angle":0,"curve":"stepped"},{"time":2,"angle":0,"curve":"stepped"},{"time":2.4,"angle":0}],"translate":[{"time":0,"x":0,"y":0,"curve":"stepped"},{"time":0.4,"x":0,"y":0,"curve":"stepped"},{"time":0.8,"x":0,"y":0,"curve":"stepped"},{"time":1.2,"x":0,"y":0,"curve":"stepped"},{"time":1.6,"x":0,"y":0,"curve":"stepped"},{"time":2,"x":0,"y":0,"curve":"stepped"},{"time":2.4,"x":0,"y":0}],"scale":[{"time":0,"x":1,"y":1,"curve":"stepped"},{"time":0.4,"x":1,"y":1},{"time":0.8,"x":1,"y":0.735},{"time":1.2,"x":1,"y":1,"curve":"stepped"},{"time":1.6,"x":1,"y":1},{"time":2,"x":1,"y":0.735},{"time":2.4,"x":1,"y":1}]},"MON10064_DL_24":{"rotate":[{"time":0,"angle":0},{"time":0.4,"angle":-13.29},{"time":0.8,"angle":-3.5},{"time":1.2,"angle":0},{"time":1.6,"angle":-13.29},{"time":2,"angle":-3.5},{"time":2.4,"angle":0}],"translate":[{"time":0,"x":0,"y":0,"curve":"stepped"},{"time":0.4,"x":0,"y":0,"curve":"stepped"},{"time":0.8,"x":0,"y":0,"curve":"stepped"},{"time":1.2,"x":0,"y":0,"curve":"stepped"},{"time":1.6,"x":0,"y":0,"curve":"stepped"},{"time":2,"x":0,"y":0,"curve":"stepped"},{"time":2.4,"x":0,"y":0}],"scale":[{"time":0,"x":1,"y":1,"curve":"stepped"},{"time":0.4,"x":1,"y":1,"curve":"stepped"},{"time":0.8,"x":1,"y":1,"curve":"stepped"},{"time":1.2,"x":1,"y":1,"curve":"stepped"},{"time":1.6,"x":1,"y":1,"curve":"stepped"},{"time":2,"x":1,"y":1,"curve":"stepped"},{"time":2.4,"x":1,"y":1}]},"MON10064_DL_8":{"rotate":[{"time":0,"angle":0},{"time":0.4,"angle":9.33},{"time":0.8,"angle":-3.29},{"time":1.2,"angle":0},{"time":1.6,"angle":9.33},{"time":2,"angle":-3.29},{"time":2.4,"angle":0}],"translate":[{"time":0,"x":0,"y":0,"curve":"stepped"},{"time":0.4,"x":0,"y":0,"curve":"stepped"},{"time":0.8,"x":0,"y":0,"curve":"stepped"},{"time":1.2,"x":0,"y":0,"curve":"stepped"},{"time":1.6,"x":0,"y":0,"curve":"stepped"},{"time":2,"x":0,"y":0,"curve":"stepped"},{"time":2.4,"x":0,"y":0}],"scale":[{"time":0,"x":1,"y":1,"curve":"stepped"},{"time":0.4,"x":1,"y":1,"curve":"stepped"},{"time":0.8,"x":1,"y":1,"curve":"stepped"},{"time":1.2,"x":1,"y":1,"curve":"stepped"},{"time":1.6,"x":1,"y":1,"curve":"stepped"},{"time":2,"x":1,"y":1,"curve":"stepped"},{"time":2.4,"x":1,"y":1}]},"MON10064_DL_7":{"rotate":[{"time":0,"angle":0},{"time":0.4,"angle":5.55},{"time":0.8,"angle":13.58},{"time":1.2,"angle":0},{"time":1.6,"angle":5.55},{"time":2,"angle":13.58},{"time":2.4,"angle":0}],"translate":[{"time":0,"x":0,"y":0},{"time":0.4,"x":0.08,"y":0.42},{"time":0.8,"x":-0.13,"y":0.18},{"time":1.2,"x":0,"y":0},{"time":1.6,"x":0.08,"y":0.42},{"time":2,"x":-0.13,"y":0.18},{"time":2.4,"x":0,"y":0}],"scale":[{"time":0,"x":1,"y":1,"curve":"stepped"},{"time":0.4,"x":1,"y":1,"curve":"stepped"},{"time":0.8,"x":1,"y":1,"curve":"stepped"},{"time":1.2,"x":1,"y":1,"curve":"stepped"},{"time":1.6,"x":1,"y":1,"curve":"stepped"},{"time":2,"x":1,"y":1,"curve":"stepped"},{"time":2.4,"x":1,"y":1}]},"MON10064_DL_16":{"rotate":[{"time":0,"angle":0,"curve":"stepped"},{"time":1.2,"angle":0,"curve":"stepped"},{"time":2.4,"angle":0}],"translate":[{"time":0,"x":0,"y":0,"curve":"stepped"},{"time":1.2,"x":0,"y":0,"curve":"stepped"},{"time":2.4,"x":0,"y":0}],"scale":[{"time":0,"x":1,"y":1,"curve":"stepped"},{"time":1.2,"x":1,"y":1,"curve":"stepped"},{"time":2.4,"x":1,"y":1}]},"MON10064_DL_14":{"rotate":[{"time":0,"angle":0},{"time":0.5333,"angle":-1.81},{"time":1.2,"angle":0},{"time":1.7333,"angle":-1.81},{"time":2.4,"angle":0}],"translate":[{"time":0,"x":0,"y":0},{"time":0.5333,"x":0.75,"y":-10.18},{"time":1.2,"x":0,"y":0},{"time":1.7333,"x":0.75,"y":-10.18},{"time":2.4,"x":0,"y":0}],"scale":[{"time":0,"x":1,"y":1},{"time":0.5333,"x":0.786,"y":1},{"time":1.2,"x":1,"y":1},{"time":1.7333,"x":0.786,"y":1},{"time":2.4,"x":1,"y":1}]},"MON10064_DL_15":{"rotate":[{"time":0,"angle":0},{"time":0.5333,"angle":8.99},{"time":1.2,"angle":0},{"time":1.7333,"angle":8.99},{"time":2.4,"angle":0}],"translate":[{"time":0,"x":0,"y":0},{"time":0.5333,"x":0.78,"y":-0.08},{"time":1.2,"x":0,"y":0},{"time":1.7333,"x":0.78,"y":-0.08},{"time":2.4,"x":0,"y":0}],"scale":[{"time":0,"x":1,"y":1,"curve":"stepped"},{"time":1.2,"x":1,"y":1,"curve":"stepped"},{"time":2.4,"x":1,"y":1}]},"MON10064_DL_17":{"rotate":[{"time":0,"angle":0},{"time":0.5333,"angle":-12.12},{"time":1.2,"angle":0},{"time":1.7333,"angle":-12.12},{"time":2.4,"angle":0}],"translate":[{"time":0,"x":0,"y":0},{"time":0.5333,"x":0.76,"y":-9.51},{"time":1.2,"x":0,"y":0},{"time":1.7333,"x":0.76,"y":-9.51},{"time":2.4,"x":0,"y":0}],"scale":[{"time":0,"x":1,"y":1},{"time":0.5333,"x":0.893,"y":1},{"time":1.2,"x":1,"y":1},{"time":1.7333,"x":0.893,"y":1},{"time":2.4,"x":1,"y":1}]},"MON10064_DL_18":{"rotate":[{"time":0,"angle":0},{"time":0.5333,"angle":14.26},{"time":1.2,"angle":0},{"time":1.7333,"angle":14.26},{"time":2.4,"angle":0}],"translate":[{"time":0,"x":0,"y":0},{"time":0.5333,"x":-1.21,"y":-0.6},{"time":1.2,"x":0,"y":0},{"time":1.7333,"x":-1.21,"y":-0.6},{"time":2.4,"x":0,"y":0}],"scale":[{"time":0,"x":1,"y":1,"curve":"stepped"},{"time":0.5333,"x":1,"y":1,"curve":"stepped"},{"time":1.2,"x":1,"y":1,"curve":"stepped"},{"time":1.7333,"x":1,"y":1,"curve":"stepped"},{"time":2.4,"x":1,"y":1}]},"MON10064_DL_6":{"rotate":[{"time":0,"angle":0,"curve":"stepped"},{"time":0.4,"angle":0,"curve":"stepped"},{"time":0.8,"angle":0,"curve":"stepped"},{"time":1.2,"angle":0,"curve":"stepped"},{"time":1.6,"angle":0,"curve":"stepped"},{"time":2,"angle":0,"curve":"stepped"},{"time":2.4,"angle":0}],"translate":[{"time":0,"x":0,"y":0,"curve":"stepped"},{"time":0.4,"x":0,"y":0,"curve":"stepped"},{"time":0.8,"x":0,"y":0,"curve":"stepped"},{"time":1.2,"x":0,"y":0,"curve":"stepped"},{"time":1.6,"x":0,"y":0,"curve":"stepped"},{"time":2,"x":0,"y":0,"curve":"stepped"},{"time":2.4,"x":0,"y":0}],"scale":[{"time":0,"x":1,"y":1},{"time":0.4,"x":1,"y":0.753},{"time":0.8,"x":1,"y":0.564},{"time":1.2,"x":1,"y":1},{"time":1.6,"x":1,"y":0.753},{"time":2,"x":1,"y":0.564},{"time":2.4,"x":1,"y":1}]},"MON10064_DL_26":{"rotate":[{"time":0,"angle":0},{"time":0.3333,"angle":-350.99},{"time":0.7333,"angle":-1.36},{"time":1.2,"angle":0},{"time":1.5333,"angle":-350.99},{"time":1.9333,"angle":-1.36},{"time":2.4,"angle":0}],"translate":[{"time":0,"x":0,"y":0,"curve":"stepped"},{"time":0.3333,"x":0,"y":0,"curve":"stepped"},{"time":0.7333,"x":0,"y":0,"curve":"stepped"},{"time":1.2,"x":0,"y":0,"curve":"stepped"},{"time":1.5333,"x":0,"y":0,"curve":"stepped"},{"time":1.9333,"x":0,"y":0,"curve":"stepped"},{"time":2.4,"x":0,"y":0}],"scale":[{"time":0,"x":1,"y":1,"curve":"stepped"},{"time":0.3333,"x":1,"y":1,"curve":"stepped"},{"time":0.7333,"x":1,"y":1,"curve":"stepped"},{"time":1.2,"x":1,"y":1,"curve":"stepped"},{"time":1.5333,"x":1,"y":1,"curve":"stepped"},{"time":1.9333,"x":1,"y":1,"curve":"stepped"},{"time":2.4,"x":1,"y":1}]},"bone8":{"rotate":[{"time":0,"angle":0},{"time":0.3333,"angle":-0.92},{"time":0.7333,"angle":7.33},{"time":1.2,"angle":0},{"time":1.5333,"angle":-0.92},{"time":1.9333,"angle":7.33},{"time":2.4,"angle":0}],"translate":[{"time":0,"x":0,"y":0,"curve":"stepped"},{"time":0.3333,"x":0,"y":0,"curve":"stepped"},{"time":0.7333,"x":0,"y":0,"curve":"stepped"},{"time":1.2,"x":0,"y":0,"curve":"stepped"},{"time":1.5333,"x":0,"y":0,"curve":"stepped"},{"time":1.9333,"x":0,"y":0,"curve":"stepped"},{"time":2.4,"x":0,"y":0}],"scale":[{"time":0,"x":1,"y":1,"curve":"stepped"},{"time":0.3333,"x":1,"y":1,"curve":"stepped"},{"time":0.7333,"x":1,"y":1,"curve":"stepped"},{"time":1.2,"x":1,"y":1,"curve":"stepped"},{"time":1.5333,"x":1,"y":1,"curve":"stepped"},{"time":1.9333,"x":1,"y":1,"curve":"stepped"},{"time":2.4,"x":1,"y":1}]},"MON10064_DL_27":{"rotate":[{"time":0,"angle":0},{"time":0.3333,"angle":-5.31},{"time":0.7333,"angle":8.09},{"time":1.2,"angle":0},{"time":1.5333,"angle":-5.31},{"time":1.9333,"angle":8.09},{"time":2.4,"angle":0}],"translate":[{"time":0,"x":0,"y":0,"curve":"stepped"},{"time":0.3333,"x":0,"y":0,"curve":"stepped"},{"time":0.7333,"x":0,"y":0,"curve":"stepped"},{"time":1.2,"x":0,"y":0,"curve":"stepped"},{"time":1.5333,"x":0,"y":0,"curve":"stepped"},{"time":1.9333,"x":0,"y":0,"curve":"stepped"},{"time":2.4,"x":0,"y":0}],"scale":[{"time":0,"x":1,"y":1,"curve":"stepped"},{"time":0.3333,"x":1,"y":1,"curve":"stepped"},{"time":0.7333,"x":1,"y":1,"curve":"stepped"},{"time":1.2,"x":1,"y":1,"curve":"stepped"},{"time":1.5333,"x":1,"y":1,"curve":"stepped"},{"time":1.9333,"x":1,"y":1,"curve":"stepped"},{"time":2.4,"x":1,"y":1}]},"bone9":{"rotate":[{"time":0,"angle":0},{"time":0.3333,"angle":-4.38},{"time":0.7333,"angle":3.32},{"time":1.2,"angle":0},{"time":1.5333,"angle":-4.38},{"time":1.9333,"angle":3.32},{"time":2.4,"angle":0}],"translate":[{"time":0,"x":0,"y":0,"curve":"stepped"},{"time":0.3333,"x":0,"y":0,"curve":"stepped"},{"time":0.7333,"x":0,"y":0,"curve":"stepped"},{"time":1.2,"x":0,"y":0,"curve":"stepped"},{"time":1.5333,"x":0,"y":0,"curve":"stepped"},{"time":1.9333,"x":0,"y":0,"curve":"stepped"},{"time":2.4,"x":0,"y":0}],"scale":[{"time":0,"x":1,"y":1,"curve":"stepped"},{"time":0.3333,"x":1,"y":1,"curve":"stepped"},{"time":0.7333,"x":1,"y":1,"curve":"stepped"},{"time":1.2,"x":1,"y":1,"curve":"stepped"},{"time":1.5333,"x":1,"y":1,"curve":"stepped"},{"time":1.9333,"x":1,"y":1,"curve":"stepped"},{"time":2.4,"x":1,"y":1}]},"shadow":{"rotate":[{"time":0,"angle":0,"curve":"stepped"},{"time":1.2,"angle":0,"curve":"stepped"},{"time":2.4,"angle":0}],"translate":[{"time":0,"x":0,"y":0,"curve":"stepped"},{"time":1.2,"x":0,"y":0,"curve":"stepped"},{"time":2.4,"x":0,"y":0}],"scale":[{"time":0,"x":1,"y":1},{"time":0.5333,"x":1.077,"y":1.12},{"time":1.2,"x":1,"y":1},{"time":1.7,"x":1.077,"y":1.12},{"time":2.4,"x":1,"y":1}]},"MON10064_DL_1111":{"rotate":[{"time":0,"angle":0},{"time":0.4333,"angle":-2.18},{"time":0.8,"angle":2.21},{"time":1.2,"angle":0},{"time":1.6333,"angle":-2.18},{"time":2,"angle":2.21},{"time":2.4,"angle":0}],"translate":[{"time":0,"x":0,"y":0,"curve":"stepped"},{"time":0.4333,"x":0,"y":0,"curve":"stepped"},{"time":0.8,"x":0,"y":0,"curve":"stepped"},{"time":1.2,"x":0,"y":0,"curve":"stepped"},{"time":1.6333,"x":0,"y":0,"curve":"stepped"},{"time":2,"x":0,"y":0,"curve":"stepped"},{"time":2.4,"x":0,"y":0}],"scale":[{"time":0,"x":1,"y":1,"curve":"stepped"},{"time":0.4333,"x":1,"y":1,"curve":"stepped"},{"time":0.8,"x":1,"y":1,"curve":"stepped"},{"time":1.2,"x":1,"y":1,"curve":"stepped"},{"time":1.6333,"x":1,"y":1,"curve":"stepped"},{"time":2,"x":1,"y":1,"curve":"stepped"},{"time":2.4,"x":1,"y":1}]},"bone12":{"rotate":[{"time":0,"angle":0},{"time":0.4333,"angle":-1.6},{"time":0.8,"angle":5.94},{"time":1.2,"angle":0},{"time":1.6333,"angle":-1.6},{"time":2,"angle":5.94},{"time":2.4,"angle":0}],"translate":[{"time":0,"x":0,"y":0,"curve":"stepped"},{"time":0.4333,"x":0,"y":0,"curve":"stepped"},{"time":0.8,"x":0,"y":0,"curve":"stepped"},{"time":1.2,"x":0,"y":0,"curve":"stepped"},{"time":1.6333,"x":0,"y":0,"curve":"stepped"},{"time":2,"x":0,"y":0,"curve":"stepped"},{"time":2.4,"x":0,"y":0}],"scale":[{"time":0,"x":1,"y":1,"curve":"stepped"},{"time":0.4333,"x":1,"y":1,"curve":"stepped"},{"time":0.8,"x":1,"y":1,"curve":"stepped"},{"time":1.2,"x":1,"y":1,"curve":"stepped"},{"time":1.6333,"x":1,"y":1,"curve":"stepped"},{"time":2,"x":1,"y":1,"curve":"stepped"},{"time":2.4,"x":1,"y":1}]},"bone13":{"rotate":[{"time":0,"angle":0},{"time":0.4333,"angle":-1.82},{"time":0.8,"angle":7.47},{"time":1.2,"angle":0},{"time":1.6333,"angle":-1.82},{"time":2,"angle":7.47},{"time":2.4,"angle":0}],"translate":[{"time":0,"x":0,"y":0,"curve":"stepped"},{"time":0.4333,"x":0,"y":0,"curve":"stepped"},{"time":0.8,"x":0,"y":0,"curve":"stepped"},{"time":1.2,"x":0,"y":0,"curve":"stepped"},{"time":1.6333,"x":0,"y":0,"curve":"stepped"},{"time":2,"x":0,"y":0,"curve":"stepped"},{"time":2.4,"x":0,"y":0}],"scale":[{"time":0,"x":1,"y":1,"curve":"stepped"},{"time":0.4333,"x":1,"y":1,"curve":"stepped"},{"time":0.8,"x":1,"y":1,"curve":"stepped"},{"time":1.2,"x":1,"y":1,"curve":"stepped"},{"time":1.6333,"x":1,"y":1,"curve":"stepped"},{"time":2,"x":1,"y":1,"curve":"stepped"},{"time":2.4,"x":1,"y":1}]},"bone17":{"rotate":[{"time":0,"angle":0,"curve":"stepped"},{"time":0.4333,"angle":0,"curve":"stepped"},{"time":0.8,"angle":0,"curve":"stepped"},{"time":1.2,"angle":0,"curve":"stepped"},{"time":1.6333,"angle":0,"curve":"stepped"},{"time":2,"angle":0,"curve":"stepped"},{"time":2.4,"angle":0}],"translate":[{"time":0,"x":0,"y":0,"curve":"stepped"},{"time":0.4333,"x":0,"y":0,"curve":"stepped"},{"time":0.8,"x":0,"y":0,"curve":"stepped"},{"time":1.2,"x":0,"y":0,"curve":"stepped"},{"time":1.6333,"x":0,"y":0,"curve":"stepped"},{"time":2,"x":0,"y":0,"curve":"stepped"},{"time":2.4,"x":0,"y":0}],"scale":[{"time":0,"x":1,"y":1,"curve":"stepped"},{"time":0.4333,"x":1,"y":1,"curve":"stepped"},{"time":0.8,"x":1,"y":1,"curve":"stepped"},{"time":1.2,"x":1,"y":1,"curve":"stepped"},{"time":1.6333,"x":1,"y":1,"curve":"stepped"},{"time":2,"x":1,"y":1,"curve":"stepped"},{"time":2.4,"x":1,"y":1}]},"bone18":{"rotate":[{"time":0,"angle":0},{"time":0.4333,"angle":11.21},{"time":0.8,"angle":-11.39},{"time":1.2,"angle":0},{"time":1.6333,"angle":11.21},{"time":2,"angle":-11.39},{"time":2.4,"angle":0}],"translate":[{"time":0,"x":0,"y":0,"curve":"stepped"},{"time":0.4333,"x":0,"y":0,"curve":"stepped"},{"time":0.8,"x":0,"y":0,"curve":"stepped"},{"time":1.2,"x":0,"y":0,"curve":"stepped"},{"time":1.6333,"x":0,"y":0,"curve":"stepped"},{"time":2,"x":0,"y":0,"curve":"stepped"},{"time":2.4,"x":0,"y":0}],"scale":[{"time":0,"x":1,"y":1,"curve":"stepped"},{"time":0.4333,"x":1,"y":1,"curve":"stepped"},{"time":0.8,"x":1,"y":1,"curve":"stepped"},{"time":1.2,"x":1,"y":1,"curve":"stepped"},{"time":1.6333,"x":1,"y":1,"curve":"stepped"},{"time":2,"x":1,"y":1,"curve":"stepped"},{"time":2.4,"x":1,"y":1}]},"bone19":{"rotate":[{"time":0,"angle":0},{"time":0.4333,"angle":9.83},{"time":0.8,"angle":-9.64},{"time":1.2,"angle":0},{"time":1.6333,"angle":9.83},{"time":2,"angle":-9.64},{"time":2.4,"angle":0}],"translate":[{"time":0,"x":0,"y":0,"curve":"stepped"},{"time":0.4333,"x":0,"y":0,"curve":"stepped"},{"time":0.8,"x":0,"y":0,"curve":"stepped"},{"time":1.2,"x":0,"y":0,"curve":"stepped"},{"time":1.6333,"x":0,"y":0,"curve":"stepped"},{"time":2,"x":0,"y":0,"curve":"stepped"},{"time":2.4,"x":0,"y":0}],"scale":[{"time":0,"x":1,"y":1,"curve":"stepped"},{"time":0.4333,"x":1,"y":1,"curve":"stepped"},{"time":0.8,"x":1,"y":1,"curve":"stepped"},{"time":1.2,"x":1,"y":1,"curve":"stepped"},{"time":1.6333,"x":1,"y":1,"curve":"stepped"},{"time":2,"x":1,"y":1,"curve":"stepped"},{"time":2.4,"x":1,"y":1}]},"MON10064_DL_44":{"rotate":[{"time":0,"angle":0},{"time":0.4333,"angle":3.24},{"time":0.8,"angle":-3.53},{"time":1.2,"angle":0},{"time":1.6333,"angle":3.24},{"time":2,"angle":-3.53},{"time":2.4,"angle":0}],"translate":[{"time":0,"x":0,"y":0,"curve":"stepped"},{"time":0.4333,"x":0,"y":0,"curve":"stepped"},{"time":0.8,"x":0,"y":0,"curve":"stepped"},{"time":1.2,"x":0,"y":0,"curve":"stepped"},{"time":1.6333,"x":0,"y":0,"curve":"stepped"},{"time":2,"x":0,"y":0,"curve":"stepped"},{"time":2.4,"x":0,"y":0}],"scale":[{"time":0,"x":1,"y":1,"curve":"stepped"},{"time":0.4333,"x":1,"y":1,"curve":"stepped"},{"time":0.8,"x":1,"y":1,"curve":"stepped"},{"time":1.2,"x":1,"y":1,"curve":"stepped"},{"time":1.6333,"x":1,"y":1,"curve":"stepped"},{"time":2,"x":1,"y":1,"curve":"stepped"},{"time":2.4,"x":1,"y":1}]},"bone20":{"rotate":[{"time":0,"angle":0},{"time":0.4333,"angle":4.66},{"time":0.8,"angle":-3.16},{"time":1.2,"angle":0},{"time":1.6333,"angle":4.66},{"time":2,"angle":-3.16},{"time":2.4,"angle":0}],"translate":[{"time":0,"x":0,"y":0,"curve":"stepped"},{"time":0.4333,"x":0,"y":0,"curve":"stepped"},{"time":0.8,"x":0,"y":0,"curve":"stepped"},{"time":1.2,"x":0,"y":0,"curve":"stepped"},{"time":1.6333,"x":0,"y":0,"curve":"stepped"},{"time":2,"x":0,"y":0,"curve":"stepped"},{"time":2.4,"x":0,"y":0}],"scale":[{"time":0,"x":1,"y":1,"curve":"stepped"},{"time":0.4333,"x":1,"y":1,"curve":"stepped"},{"time":0.8,"x":1,"y":1,"curve":"stepped"},{"time":1.2,"x":1,"y":1,"curve":"stepped"},{"time":1.6333,"x":1,"y":1,"curve":"stepped"},{"time":2,"x":1,"y":1,"curve":"stepped"},{"time":2.4,"x":1,"y":1}]},"bone21":{"rotate":[{"time":0,"angle":0},{"time":0.4333,"angle":-8.25},{"time":0.8,"angle":14.72},{"time":1.2,"angle":0},{"time":1.6333,"angle":-8.25},{"time":2,"angle":14.72},{"time":2.4,"angle":0}],"translate":[{"time":0,"x":0,"y":0,"curve":"stepped"},{"time":0.4333,"x":0,"y":0,"curve":"stepped"},{"time":0.8,"x":0,"y":0,"curve":"stepped"},{"time":1.2,"x":0,"y":0,"curve":"stepped"},{"time":1.6333,"x":0,"y":0,"curve":"stepped"},{"time":2,"x":0,"y":0,"curve":"stepped"},{"time":2.4,"x":0,"y":0}],"scale":[{"time":0,"x":1,"y":1,"curve":"stepped"},{"time":0.4333,"x":1,"y":1,"curve":"stepped"},{"time":0.8,"x":1,"y":1,"curve":"stepped"},{"time":1.2,"x":1,"y":1,"curve":"stepped"},{"time":1.6333,"x":1,"y":1,"curve":"stepped"},{"time":2,"x":1,"y":1,"curve":"stepped"},{"time":2.4,"x":1,"y":1}]},"MON10064_DL_111":{"rotate":[{"time":0,"angle":0},{"time":0.4333,"angle":3.05},{"time":0.8,"angle":-2.6},{"time":1.2,"angle":0},{"time":1.6333,"angle":3.05},{"time":2,"angle":-2.6},{"time":2.4,"angle":0}],"translate":[{"time":0,"x":0,"y":0,"curve":"stepped"},{"time":0.4333,"x":0,"y":0,"curve":"stepped"},{"time":0.8,"x":0,"y":0,"curve":"stepped"},{"time":1.2,"x":0,"y":0,"curve":"stepped"},{"time":1.6333,"x":0,"y":0,"curve":"stepped"},{"time":2,"x":0,"y":0,"curve":"stepped"},{"time":2.4,"x":0,"y":0}],"scale":[{"time":0,"x":1,"y":1,"curve":"stepped"},{"time":0.4333,"x":1,"y":1,"curve":"stepped"},{"time":0.8,"x":1,"y":1,"curve":"stepped"},{"time":1.2,"x":1,"y":1,"curve":"stepped"},{"time":1.6333,"x":1,"y":1,"curve":"stepped"},{"time":2,"x":1,"y":1,"curve":"stepped"},{"time":2.4,"x":1,"y":1}]},"bone10":{"rotate":[{"time":0,"angle":0},{"time":0.4333,"angle":5.55},{"time":0.8,"angle":-5.19},{"time":1.2,"angle":0},{"time":1.6333,"angle":5.55},{"time":2,"angle":-5.19},{"time":2.4,"angle":0}],"translate":[{"time":0,"x":0,"y":0,"curve":"stepped"},{"time":0.4333,"x":0,"y":0,"curve":"stepped"},{"time":0.8,"x":0,"y":0,"curve":"stepped"},{"time":1.2,"x":0,"y":0,"curve":"stepped"},{"time":1.6333,"x":0,"y":0,"curve":"stepped"},{"time":2,"x":0,"y":0,"curve":"stepped"},{"time":2.4,"x":0,"y":0}],"scale":[{"time":0,"x":1,"y":1,"curve":"stepped"},{"time":0.4333,"x":1,"y":1,"curve":"stepped"},{"time":0.8,"x":1,"y":1,"curve":"stepped"},{"time":1.2,"x":1,"y":1,"curve":"stepped"},{"time":1.6333,"x":1,"y":1,"curve":"stepped"},{"time":2,"x":1,"y":1,"curve":"stepped"},{"time":2.4,"x":1,"y":1}]},"bone11":{"rotate":[{"time":0,"angle":0},{"time":0.4333,"angle":7.67},{"time":0.8,"angle":-6.99},{"time":1.2,"angle":0},{"time":1.6333,"angle":7.67},{"time":2,"angle":-6.99},{"time":2.4,"angle":0}],"translate":[{"time":0,"x":0,"y":0,"curve":"stepped"},{"time":0.4333,"x":0,"y":0,"curve":"stepped"},{"time":0.8,"x":0,"y":0,"curve":"stepped"},{"time":1.2,"x":0,"y":0,"curve":"stepped"},{"time":1.6333,"x":0,"y":0,"curve":"stepped"},{"time":2,"x":0,"y":0,"curve":"stepped"},{"time":2.4,"x":0,"y":0}],"scale":[{"time":0,"x":1,"y":1,"curve":"stepped"},{"time":0.4333,"x":1,"y":1,"curve":"stepped"},{"time":0.8,"x":1,"y":1,"curve":"stepped"},{"time":1.2,"x":1,"y":1,"curve":"stepped"},{"time":1.6333,"x":1,"y":1,"curve":"stepped"},{"time":2,"x":1,"y":1,"curve":"stepped"},{"time":2.4,"x":1,"y":1}]},"bone14":{"rotate":[{"time":0,"angle":0,"curve":"stepped"},{"time":0.4333,"angle":0,"curve":"stepped"},{"time":0.8,"angle":0,"curve":"stepped"},{"time":1.2,"angle":0,"curve":"stepped"},{"time":1.6333,"angle":0,"curve":"stepped"},{"time":2,"angle":0,"curve":"stepped"},{"time":2.4,"angle":0}],"translate":[{"time":0,"x":0,"y":0,"curve":"stepped"},{"time":0.4333,"x":0,"y":0,"curve":"stepped"},{"time":0.8,"x":0,"y":0,"curve":"stepped"},{"time":1.2,"x":0,"y":0,"curve":"stepped"},{"time":1.6333,"x":0,"y":0,"curve":"stepped"},{"time":2,"x":0,"y":0,"curve":"stepped"},{"time":2.4,"x":0,"y":0}],"scale":[{"time":0,"x":1,"y":1,"curve":"stepped"},{"time":0.4333,"x":1,"y":1,"curve":"stepped"},{"time":0.8,"x":1,"y":1,"curve":"stepped"},{"time":1.2,"x":1,"y":1,"curve":"stepped"},{"time":1.6333,"x":1,"y":1,"curve":"stepped"},{"time":2,"x":1,"y":1,"curve":"stepped"},{"time":2.4,"x":1,"y":1}]},"bone15":{"rotate":[{"time":0,"angle":0},{"time":0.4333,"angle":-9.92},{"time":0.8,"angle":11.93},{"time":1.2,"angle":0},{"time":1.6333,"angle":-9.92},{"time":2,"angle":11.93},{"time":2.4,"angle":0}],"translate":[{"time":0,"x":0,"y":0,"curve":"stepped"},{"time":0.4333,"x":0,"y":0,"curve":"stepped"},{"time":0.8,"x":0,"y":0,"curve":"stepped"},{"time":1.2,"x":0,"y":0,"curve":"stepped"},{"time":1.6333,"x":0,"y":0,"curve":"stepped"},{"time":2,"x":0,"y":0,"curve":"stepped"},{"time":2.4,"x":0,"y":0}],"scale":[{"time":0,"x":1,"y":1,"curve":"stepped"},{"time":0.4333,"x":1,"y":1,"curve":"stepped"},{"time":0.8,"x":1,"y":1,"curve":"stepped"},{"time":1.2,"x":1,"y":1,"curve":"stepped"},{"time":1.6333,"x":1,"y":1,"curve":"stepped"},{"time":2,"x":1,"y":1,"curve":"stepped"},{"time":2.4,"x":1,"y":1}]},"bone16":{"rotate":[{"time":0,"angle":0},{"time":0.4333,"angle":-15.95},{"time":0.8,"angle":8.13},{"time":1.2,"angle":0},{"time":1.6333,"angle":-15.95},{"time":2,"angle":8.13},{"time":2.4,"angle":0}],"translate":[{"time":0,"x":0,"y":0,"curve":"stepped"},{"time":0.4333,"x":0,"y":0,"curve":"stepped"},{"time":0.8,"x":0,"y":0,"curve":"stepped"},{"time":1.2,"x":0,"y":0,"curve":"stepped"},{"time":1.6333,"x":0,"y":0,"curve":"stepped"},{"time":2,"x":0,"y":0,"curve":"stepped"},{"time":2.4,"x":0,"y":0}],"scale":[{"time":0,"x":1,"y":1,"curve":"stepped"},{"time":0.4333,"x":1,"y":1,"curve":"stepped"},{"time":0.8,"x":1,"y":1,"curve":"stepped"},{"time":1.2,"x":1,"y":1,"curve":"stepped"},{"time":1.6333,"x":1,"y":1,"curve":"stepped"},{"time":2,"x":1,"y":1,"curve":"stepped"},{"time":2.4,"x":1,"y":1}]}},"ffd":{"default":{"MON10064_DL_16":{"MON10064_DL_16":[{"time":0},{"time":0.5333,"vertices":[1.01029,-0.30731,-1.19972,0.36492,-1.19972,0.36492,-1.19972,0.36492,0.663,-0.20167,0.19995,-0.06082,0.19995,-0.06082,0.19995,-0.06082,0.99977,-0.30411]},{"time":1.2},{"time":1.7666,"vertices":[1.01029,-0.30731,-1.19972,0.36492,-1.19972,0.36492,-1.19972,0.36492,0.663,-0.20167,0.19995,-0.06082,0.19995,-0.06082,0.19995,-0.06082,0.99977,-0.30411]},{"time":2.4}]}}}},"wait_special_DL":{"slots":{"MON10064_DL_80":{"attachment":[{"time":0,"name":null},{"time":0.1333,"name":"MON10064_DL_80"},{"time":0.4,"name":null},{"time":1.8,"name":null}]}},"bones":{"root":{"rotate":[{"time":0,"angle":0,"curve":"stepped"},{"time":0.1333,"angle":0,"curve":"stepped"},{"time":0.4,"angle":0,"curve":"stepped"},{"time":0.5333,"angle":0,"curve":"stepped"},{"time":0.8,"angle":0,"curve":"stepped"},{"time":1,"angle":0,"curve":"stepped"},{"time":1.1333,"angle":0,"curve":"stepped"},{"time":1.4,"angle":0,"curve":"stepped"},{"time":1.8,"angle":0}],"translate":[{"time":0,"x":0,"y":0,"curve":"stepped"},{"time":0.1333,"x":0,"y":0,"curve":"stepped"},{"time":0.4,"x":0,"y":0,"curve":"stepped"},{"time":0.5333,"x":0,"y":0,"curve":"stepped"},{"time":0.8,"x":0,"y":0,"curve":"stepped"},{"time":1,"x":0,"y":0,"curve":"stepped"},{"time":1.1333,"x":0,"y":0,"curve":"stepped"},{"time":1.4,"x":0,"y":0,"curve":"stepped"},{"time":1.8,"x":0,"y":0}],"scale":[{"time":0,"x":1,"y":1,"curve":"stepped"},{"time":0.1333,"x":1,"y":1,"curve":"stepped"},{"time":0.4,"x":1,"y":1,"curve":"stepped"},{"time":0.5333,"x":1,"y":1,"curve":"stepped"},{"time":0.8,"x":1,"y":1,"curve":"stepped"},{"time":1,"x":1,"y":1,"curve":"stepped"},{"time":1.1333,"x":1,"y":1,"curve":"stepped"},{"time":1.4,"x":1,"y":1,"curve":"stepped"},{"time":1.8,"x":1,"y":1}]},"bone":{"rotate":[{"time":0,"angle":0},{"time":0.1333,"angle":10,"curve":"stepped"},{"time":0.4,"angle":10},{"time":0.5333,"angle":0},{"time":0.8,"angle":-20,"curve":"stepped"},{"time":1,"angle":-20},{"time":1.1333,"angle":0},{"time":1.4,"angle":10},{"time":1.8,"angle":0}],"translate":[{"time":0,"x":0,"y":0},{"time":0.1333,"x":5.43,"y":-2.9},{"time":0.4,"x":6.36,"y":-9.84},{"time":0.5333,"x":0,"y":30},{"time":0.8,"x":13.7,"y":63.07},{"time":1,"x":19.69,"y":50.16},{"time":1.1333,"x":-8.87,"y":1.66},{"time":1.4,"x":6.36,"y":-9.84},{"time":1.8,"x":0,"y":0}],"scale":[{"time":0,"x":1,"y":1,"curve":"stepped"},{"time":0.1333,"x":1,"y":1,"curve":"stepped"},{"time":0.4,"x":1,"y":1,"curve":"stepped"},{"time":0.5333,"x":1,"y":1,"curve":"stepped"},{"time":0.8,"x":1,"y":1,"curve":"stepped"},{"time":1,"x":1,"y":1,"curve":"stepped"},{"time":1.1333,"x":1,"y":1,"curve":"stepped"},{"time":1.4,"x":1,"y":1,"curve":"stepped"},{"time":1.8,"x":1,"y":1}]},"MON10064_DL_21":{"rotate":[{"time":0,"angle":0},{"time":0.1333,"angle":1.15},{"time":0.4,"angle":8.22},{"time":0.5333,"angle":0},{"time":0.8,"angle":4.3},{"time":1,"angle":12.12},{"time":1.1333,"angle":0},{"time":1.4,"angle":-0.5},{"time":1.8,"angle":0}],"translate":[{"time":0,"x":0,"y":0,"curve":"stepped"},{"time":0.1333,"x":0,"y":0,"curve":"stepped"},{"time":0.4,"x":0,"y":0,"curve":"stepped"},{"time":0.5333,"x":0,"y":0,"curve":"stepped"},{"time":0.8,"x":0,"y":0,"curve":"stepped"},{"time":1,"x":0,"y":0,"curve":"stepped"},{"time":1.1333,"x":0,"y":0},{"time":1.4,"x":-0.12,"y":-0.69},{"time":1.8,"x":0,"y":0}],"scale":[{"time":0,"x":1,"y":1,"curve":"stepped"},{"time":0.1333,"x":1,"y":1,"curve":"stepped"},{"time":0.4,"x":1,"y":1,"curve":"stepped"},{"time":0.5333,"x":1,"y":1,"curve":"stepped"},{"time":0.8,"x":1,"y":1,"curve":"stepped"},{"time":1,"x":1,"y":1,"curve":"stepped"},{"time":1.1333,"x":1,"y":1,"curve":"stepped"},{"time":1.4,"x":1,"y":1,"curve":"stepped"},{"time":1.8,"x":1,"y":1}]},"bone2":{"rotate":[{"time":0,"angle":0,"curve":"stepped"},{"time":0.1333,"angle":0},{"time":0.4,"angle":8.37},{"time":0.5333,"angle":0},{"time":0.8,"angle":-6.16},{"time":1,"angle":9.87},{"time":1.1333,"angle":0},{"time":1.4,"angle":19.72},{"time":1.8,"angle":0}],"translate":[{"time":0,"x":0,"y":0,"curve":"stepped"},{"time":0.1333,"x":0,"y":0},{"time":0.4,"x":-2.33,"y":0.74},{"time":0.5333,"x":0,"y":0,"curve":"stepped"},{"time":0.8,"x":0,"y":0,"curve":"stepped"},{"time":1,"x":0,"y":0,"curve":"stepped"},{"time":1.1333,"x":0,"y":0},{"time":1.4,"x":-0.44,"y":-0.11},{"time":1.8,"x":0,"y":0}],"scale":[{"time":0,"x":1,"y":1,"curve":"stepped"},{"time":0.1333,"x":1,"y":1,"curve":"stepped"},{"time":0.4,"x":1,"y":1,"curve":"stepped"},{"time":0.5333,"x":1,"y":1,"curve":"stepped"},{"time":0.8,"x":1,"y":1,"curve":"stepped"},{"time":1,"x":1,"y":1,"curve":"stepped"},{"time":1.1333,"x":1,"y":1,"curve":"stepped"},{"time":1.4,"x":1,"y":1,"curve":"stepped"},{"time":1.8,"x":1,"y":1}]},"MON10064_DL_20":{"rotate":[{"time":0,"angle":0},{"time":0.1333,"angle":-14.52},{"time":0.4,"angle":-5.18},{"time":0.5333,"angle":2.47},{"time":0.8,"angle":-3.61},{"time":1,"angle":-27.55},{"time":1.1333,"angle":-12.71},{"time":1.4,"angle":-2.12},{"time":1.8,"angle":0}],"translate":[{"time":0,"x":0,"y":0,"curve":"stepped"},{"time":0.1333,"x":0,"y":0,"curve":"stepped"},{"time":0.4,"x":0,"y":0,"curve":"stepped"},{"time":0.5333,"x":0,"y":0,"curve":"stepped"},{"time":0.8,"x":0,"y":0,"curve":"stepped"},{"time":1,"x":0,"y":0,"curve":"stepped"},{"time":1.1333,"x":0,"y":0,"curve":"stepped"},{"time":1.4,"x":0,"y":0,"curve":"stepped"},{"time":1.8,"x":0,"y":0}],"scale":[{"time":0,"x":1,"y":1,"curve":"stepped"},{"time":0.1333,"x":1,"y":1,"curve":"stepped"},{"time":0.4,"x":1,"y":1,"curve":"stepped"},{"time":0.5333,"x":1,"y":1,"curve":"stepped"},{"time":0.8,"x":1,"y":1,"curve":"stepped"},{"time":1,"x":1,"y":1,"curve":"stepped"},{"time":1.1333,"x":1,"y":1,"curve":"stepped"},{"time":1.4,"x":1,"y":1,"curve":"stepped"},{"time":1.8,"x":1,"y":1}]},"MON10064_DL_80":{"rotate":[{"time":0,"angle":0,"curve":"stepped"},{"time":0.1333,"angle":0,"curve":"stepped"},{"time":0.4,"angle":0,"curve":"stepped"},{"time":0.5333,"angle":0,"curve":"stepped"},{"time":0.8,"angle":0,"curve":"stepped"},{"time":1,"angle":0,"curve":"stepped"},{"time":1.1333,"angle":0,"curve":"stepped"},{"time":1.4,"angle":0,"curve":"stepped"},{"time":1.8,"angle":0}],"translate":[{"time":0,"x":0,"y":0,"curve":"stepped"},{"time":0.1333,"x":0,"y":0,"curve":"stepped"},{"time":0.4,"x":0,"y":0,"curve":"stepped"},{"time":0.5333,"x":0,"y":0,"curve":"stepped"},{"time":0.8,"x":0,"y":0,"curve":"stepped"},{"time":1,"x":0,"y":0,"curve":"stepped"},{"time":1.1333,"x":0,"y":0,"curve":"stepped"},{"time":1.4,"x":0,"y":0,"curve":"stepped"},{"time":1.8,"x":0,"y":0}],"scale":[{"time":0,"x":1,"y":1,"curve":"stepped"},{"time":0.1333,"x":1,"y":1,"curve":"stepped"},{"time":0.4,"x":1,"y":1,"curve":"stepped"},{"time":0.5333,"x":1,"y":1,"curve":"stepped"},{"time":0.8,"x":1,"y":1,"curve":"stepped"},{"time":1,"x":1,"y":1,"curve":"stepped"},{"time":1.1333,"x":1,"y":1,"curve":"stepped"},{"time":1.4,"x":1,"y":1,"curve":"stepped"},{"time":1.8,"x":1,"y":1}]},"MON10064_DL_19":{"rotate":[{"time":0,"angle":0},{"time":0.1333,"angle":-2.6},{"time":0.4,"angle":0},{"time":0.5333,"angle":1.96},{"time":0.8,"angle":0},{"time":1,"angle":0.45},{"time":1.1333,"angle":0,"curve":"stepped"},{"time":1.4,"angle":0,"curve":"stepped"},{"time":1.8,"angle":0}],"translate":[{"time":0,"x":0,"y":0,"curve":"stepped"},{"time":0.1333,"x":0,"y":0,"curve":"stepped"},{"time":0.4,"x":0,"y":0,"curve":"stepped"},{"time":0.5333,"x":0,"y":0,"curve":"stepped"},{"time":0.8,"x":0,"y":0,"curve":"stepped"},{"time":1,"x":0,"y":0,"curve":"stepped"},{"time":1.1333,"x":0,"y":0,"curve":"stepped"},{"time":1.4,"x":0,"y":0,"curve":"stepped"},{"time":1.8,"x":0,"y":0}],"scale":[{"time":0,"x":1,"y":1,"curve":"stepped"},{"time":0.1333,"x":1,"y":1,"curve":"stepped"},{"time":0.4,"x":1,"y":1,"curve":"stepped"},{"time":0.5333,"x":1,"y":1,"curve":"stepped"},{"time":0.8,"x":1,"y":1,"curve":"stepped"},{"time":1,"x":1,"y":1,"curve":"stepped"},{"time":1.1333,"x":1,"y":1,"curve":"stepped"},{"time":1.4,"x":1,"y":1,"curve":"stepped"},{"time":1.8,"x":1,"y":1}]},"bone3":{"rotate":[{"time":0,"angle":0},{"time":0.1333,"angle":-5.97},{"time":0.4,"angle":-28.39},{"time":0.5333,"angle":-26.69},{"time":0.8,"angle":0,"curve":"stepped"},{"time":1,"angle":0,"curve":"stepped"},{"time":1.1333,"angle":0},{"time":1.4,"angle":-34.51},{"time":1.5666,"angle":-16.42},{"time":1.8,"angle":0}],"translate":[{"time":0,"x":0,"y":0,"curve":"stepped"},{"time":0.1333,"x":0,"y":0,"curve":"stepped"},{"time":0.4,"x":0,"y":0,"curve":"stepped"},{"time":0.5333,"x":0,"y":0,"curve":"stepped"},{"time":0.8,"x":0,"y":0,"curve":"stepped"},{"time":1,"x":0,"y":0,"curve":"stepped"},{"time":1.1333,"x":0,"y":0,"curve":"stepped"},{"time":1.4,"x":0,"y":0,"curve":"stepped"},{"time":1.8,"x":0,"y":0}],"scale":[{"time":0,"x":1,"y":1,"curve":"stepped"},{"time":0.1333,"x":1,"y":1,"curve":"stepped"},{"time":0.4,"x":1,"y":1,"curve":"stepped"},{"time":0.5333,"x":1,"y":1,"curve":"stepped"},{"time":0.8,"x":1,"y":1,"curve":"stepped"},{"time":1,"x":1,"y":1,"curve":"stepped"},{"time":1.1333,"x":1,"y":1,"curve":"stepped"},{"time":1.4,"x":1,"y":1,"curve":"stepped"},{"time":1.8,"x":1,"y":1}]},"bone4":{"rotate":[{"time":0,"angle":0},{"time":0.1333,"angle":12.9},{"time":0.4,"angle":-24.91},{"time":0.5333,"angle":-21.38},{"time":0.8,"angle":0},{"time":1,"angle":6.34},{"time":1.1333,"angle":6.73},{"time":1.4,"angle":-22.33},{"time":1.5666,"angle":-18.67},{"time":1.8,"angle":0}],"translate":[{"time":0,"x":0,"y":0,"curve":"stepped"},{"time":0.1333,"x":0,"y":0,"curve":"stepped"},{"time":0.4,"x":0,"y":0,"curve":"stepped"},{"time":0.5333,"x":0,"y":0,"curve":"stepped"},{"time":0.8,"x":0,"y":0,"curve":"stepped"},{"time":1,"x":0,"y":0,"curve":"stepped"},{"time":1.1333,"x":0,"y":0,"curve":"stepped"},{"time":1.4,"x":0,"y":0,"curve":"stepped"},{"time":1.8,"x":0,"y":0}],"scale":[{"time":0,"x":1,"y":1,"curve":"stepped"},{"time":0.1333,"x":1,"y":1,"curve":"stepped"},{"time":0.4,"x":1,"y":1,"curve":"stepped"},{"time":0.5333,"x":1,"y":1,"curve":"stepped"},{"time":0.8,"x":1,"y":1,"curve":"stepped"},{"time":1,"x":1,"y":1,"curve":"stepped"},{"time":1.1333,"x":1,"y":1,"curve":"stepped"},{"time":1.4,"x":1,"y":1,"curve":"stepped"},{"time":1.8,"x":1,"y":1}]},"bone5":{"rotate":[{"time":0,"angle":0},{"time":0.1333,"angle":5.56},{"time":0.4,"angle":-11.09},{"time":0.5333,"angle":-32.62},{"time":0.8,"angle":-22.97},{"time":1,"angle":7.3},{"time":1.1333,"angle":16.92},{"time":1.4,"angle":-4.99},{"time":1.5666,"angle":-23.49},{"time":1.8,"angle":0}],"translate":[{"time":0,"x":0,"y":0,"curve":"stepped"},{"time":0.1333,"x":0,"y":0,"curve":"stepped"},{"time":0.4,"x":0,"y":0,"curve":"stepped"},{"time":0.5333,"x":0,"y":0,"curve":"stepped"},{"time":0.8,"x":0,"y":0,"curve":"stepped"},{"time":1,"x":0,"y":0,"curve":"stepped"},{"time":1.1333,"x":0,"y":0,"curve":"stepped"},{"time":1.4,"x":0,"y":0,"curve":"stepped"},{"time":1.8,"x":0,"y":0}],"scale":[{"time":0,"x":1,"y":1,"curve":"stepped"},{"time":0.1333,"x":1,"y":1,"curve":"stepped"},{"time":0.4,"x":1,"y":1,"curve":"stepped"},{"time":0.5333,"x":1,"y":1,"curve":"stepped"},{"time":0.8,"x":1,"y":1,"curve":"stepped"},{"time":1,"x":1,"y":1,"curve":"stepped"},{"time":1.1333,"x":1,"y":1,"curve":"stepped"},{"time":1.4,"x":1,"y":1,"curve":"stepped"},{"time":1.8,"x":1,"y":1}]},"bone6":{"rotate":[{"time":0,"angle":0},{"time":0.1333,"angle":14.55},{"time":0.4,"angle":13.39},{"time":0.5333,"angle":-10.08},{"time":0.8,"angle":-15.47},{"time":1,"angle":11.48},{"time":1.1333,"angle":29.94},{"time":1.4,"angle":17.74},{"time":1.5666,"angle":-11.71},{"time":1.8,"angle":0}],"translate":[{"time":0,"x":0,"y":0,"curve":"stepped"},{"time":0.1333,"x":0,"y":0,"curve":"stepped"},{"time":0.4,"x":0,"y":0,"curve":"stepped"},{"time":0.5333,"x":0,"y":0,"curve":"stepped"},{"time":0.8,"x":0,"y":0,"curve":"stepped"},{"time":1,"x":0,"y":0,"curve":"stepped"},{"time":1.1333,"x":0,"y":0,"curve":"stepped"},{"time":1.4,"x":0,"y":0,"curve":"stepped"},{"time":1.8,"x":0,"y":0}],"scale":[{"time":0,"x":1,"y":1,"curve":"stepped"},{"time":0.1333,"x":1,"y":1,"curve":"stepped"},{"time":0.4,"x":1,"y":1,"curve":"stepped"},{"time":0.5333,"x":1,"y":1,"curve":"stepped"},{"time":0.8,"x":1,"y":1,"curve":"stepped"},{"time":1,"x":1,"y":1,"curve":"stepped"},{"time":1.1333,"x":1,"y":1,"curve":"stepped"},{"time":1.4,"x":1,"y":1,"curve":"stepped"},{"time":1.8,"x":1,"y":1}]},"bone7":{"rotate":[{"time":0,"angle":0},{"time":0.1333,"angle":34.61},{"time":0.4,"angle":32.96},{"time":0.5333,"angle":0,"curve":"stepped"},{"time":0.8,"angle":0},{"time":1,"angle":25.95},{"time":1.1333,"angle":39.24},{"time":1.4,"angle":28.96},{"time":1.8,"angle":0}],"translate":[{"time":0,"x":0,"y":0,"curve":"stepped"},{"time":0.1333,"x":0,"y":0,"curve":"stepped"},{"time":0.4,"x":0,"y":0,"curve":"stepped"},{"time":0.5333,"x":0,"y":0,"curve":"stepped"},{"time":0.8,"x":0,"y":0,"curve":"stepped"},{"time":1,"x":0,"y":0,"curve":"stepped"},{"time":1.1333,"x":0,"y":0,"curve":"stepped"},{"time":1.4,"x":0,"y":0,"curve":"stepped"},{"time":1.8,"x":0,"y":0}],"scale":[{"time":0,"x":1,"y":1,"curve":"stepped"},{"time":0.1333,"x":1,"y":1,"curve":"stepped"},{"time":0.4,"x":1,"y":1,"curve":"stepped"},{"time":0.5333,"x":1,"y":1,"curve":"stepped"},{"time":0.8,"x":1,"y":1,"curve":"stepped"},{"time":1,"x":1,"y":1,"curve":"stepped"},{"time":1.1333,"x":1,"y":1,"curve":"stepped"},{"time":1.4,"x":1,"y":1,"curve":"stepped"},{"time":1.8,"x":1,"y":1}]},"MON10064_DL_11":{"rotate":[{"time":0,"angle":0},{"time":0.1333,"angle":6.08},{"time":0.4,"angle":-12.76},{"time":0.5333,"angle":-15.46},{"time":0.8,"angle":-318.18},{"time":1,"angle":-345.27},{"time":1.1333,"angle":-325.22},{"time":1.4,"angle":-22.33},{"time":1.6333,"angle":-349.82},{"time":1.8,"angle":0}],"translate":[{"time":0,"x":0,"y":0,"curve":"stepped"},{"time":0.1333,"x":0,"y":0,"curve":"stepped"},{"time":0.4,"x":0,"y":0,"curve":"stepped"},{"time":0.5333,"x":0,"y":0,"curve":"stepped"},{"time":0.8,"x":0,"y":0,"curve":"stepped"},{"time":1,"x":0,"y":0,"curve":"stepped"},{"time":1.1333,"x":0,"y":0,"curve":"stepped"},{"time":1.4,"x":0,"y":0,"curve":"stepped"},{"time":1.8,"x":0,"y":0}],"scale":[{"time":0,"x":1,"y":1,"curve":"stepped"},{"time":0.1333,"x":1,"y":1,"curve":"stepped"},{"time":0.4,"x":1,"y":1,"curve":"stepped"},{"time":0.5333,"x":1,"y":1,"curve":"stepped"},{"time":0.8,"x":1,"y":1,"curve":"stepped"},{"time":1,"x":1,"y":1,"curve":"stepped"},{"time":1.1333,"x":1,"y":1,"curve":"stepped"},{"time":1.4,"x":1,"y":1,"curve":"stepped"},{"time":1.8,"x":1,"y":1}]},"MON10064_DL_10":{"rotate":[{"time":0,"angle":0},{"time":0.1333,"angle":-352.08},{"time":0.4,"angle":-30.82},{"time":0.5333,"angle":-22.41},{"time":0.8,"angle":-332.67},{"time":1,"angle":-6.44},{"time":1.1333,"angle":-341.5},{"time":1.4,"angle":-32.03},{"time":1.6333,"angle":1.65},{"time":1.8,"angle":0}],"translate":[{"time":0,"x":0,"y":0,"curve":"stepped"},{"time":0.1333,"x":0,"y":0,"curve":"stepped"},{"time":0.4,"x":0,"y":0,"curve":"stepped"},{"time":0.5333,"x":0,"y":0,"curve":"stepped"},{"time":0.8,"x":0,"y":0,"curve":"stepped"},{"time":1,"x":0,"y":0,"curve":"stepped"},{"time":1.1333,"x":0,"y":0,"curve":"stepped"},{"time":1.4,"x":0,"y":0,"curve":"stepped"},{"time":1.8,"x":0,"y":0}],"scale":[{"time":0,"x":1,"y":1,"curve":"stepped"},{"time":0.1333,"x":1,"y":1,"curve":"stepped"},{"time":0.4,"x":1,"y":1,"curve":"stepped"},{"time":0.5333,"x":1,"y":1,"curve":"stepped"},{"time":0.8,"x":1,"y":1,"curve":"stepped"},{"time":1,"x":1,"y":1,"curve":"stepped"},{"time":1.1333,"x":1,"y":1,"curve":"stepped"},{"time":1.4,"x":1,"y":1,"curve":"stepped"},{"time":1.8,"x":1,"y":1}]},"MON10064_DL_12":{"rotate":[{"time":0,"angle":0},{"time":0.1333,"angle":19.45},{"time":0.4,"angle":-32.24},{"time":0.5333,"angle":37.95},{"time":0.8,"angle":86.36},{"time":1,"angle":63.05},{"time":1.1333,"angle":47.87},{"time":1.4,"angle":30.1},{"time":1.8,"angle":0}],"translate":[{"time":0,"x":0,"y":0,"curve":"stepped"},{"time":0.1333,"x":0,"y":0,"curve":"stepped"},{"time":0.4,"x":0,"y":0},{"time":0.5333,"x":3.82,"y":2.75,"curve":"stepped"},{"time":0.8,"x":3.82,"y":2.75,"curve":"stepped"},{"time":1,"x":3.82,"y":2.75},{"time":1.1333,"x":0,"y":0,"curve":"stepped"},{"time":1.4,"x":0,"y":0,"curve":"stepped"},{"time":1.8,"x":0,"y":0}],"scale":[{"time":0,"x":1,"y":1,"curve":"stepped"},{"time":0.1333,"x":1,"y":1,"curve":"stepped"},{"time":0.4,"x":1,"y":1,"curve":"stepped"},{"time":0.5333,"x":1,"y":1,"curve":"stepped"},{"time":0.8,"x":1,"y":1,"curve":"stepped"},{"time":1,"x":1,"y":1,"curve":"stepped"},{"time":1.1333,"x":1,"y":1,"curve":"stepped"},{"time":1.4,"x":1,"y":1,"curve":"stepped"},{"time":1.8,"x":1,"y":1}]},"MON10064_DL_4":{"rotate":[{"time":0,"angle":0},{"time":0.1333,"angle":-9.44},{"time":0.4,"angle":85.25},{"time":0.5333,"angle":129.19},{"time":0.8,"angle":130.42},{"time":1,"angle":224.92},{"time":1.1333,"angle":237.31},{"time":1.4,"angle":273.24},{"time":1.8,"angle":0}],"translate":[{"time":0,"x":0,"y":0,"curve":"stepped"},{"time":0.1333,"x":0,"y":0,"curve":"stepped"},{"time":0.4,"x":0,"y":0,"curve":"stepped"},{"time":0.5333,"x":0,"y":0,"curve":"stepped"},{"time":0.8,"x":0,"y":0,"curve":"stepped"},{"time":1,"x":0,"y":0,"curve":"stepped"},{"time":1.1333,"x":0,"y":0,"curve":"stepped"},{"time":1.4,"x":0,"y":0,"curve":"stepped"},{"time":1.8,"x":0,"y":0}],"scale":[{"time":0,"x":1,"y":1,"curve":"stepped"},{"time":0.1333,"x":1,"y":1,"curve":"stepped"},{"time":0.4,"x":1,"y":1,"curve":"stepped"},{"time":0.5333,"x":1,"y":1,"curve":"stepped"},{"time":0.8,"x":1,"y":1,"curve":"stepped"},{"time":1,"x":1,"y":1,"curve":"stepped"},{"time":1.1333,"x":1,"y":1,"curve":"stepped"},{"time":1.4,"x":1,"y":1,"curve":"stepped"},{"time":1.8,"x":1,"y":1}]},"MON10064_DL_3":{"rotate":[{"time":0,"angle":0,"curve":"stepped"},{"time":0.1333,"angle":0},{"time":0.4,"angle":-41.55},{"time":0.5333,"angle":-50.94},{"time":0.8,"angle":-3.38,"curve":"stepped"},{"time":1,"angle":-3.38},{"time":1.1333,"angle":0,"curve":"stepped"},{"time":1.4,"angle":0,"curve":"stepped"},{"time":1.8,"angle":0}],"translate":[{"time":0,"x":0,"y":0,"curve":"stepped"},{"time":0.1333,"x":0,"y":0,"curve":"stepped"},{"time":0.4,"x":0,"y":0,"curve":"stepped"},{"time":0.5333,"x":0,"y":0,"curve":"stepped"},{"time":0.8,"x":0,"y":0,"curve":"stepped"},{"time":1,"x":0,"y":0,"curve":"stepped"},{"time":1.1333,"x":0,"y":0,"curve":"stepped"},{"time":1.4,"x":0,"y":0,"curve":"stepped"},{"time":1.8,"x":0,"y":0}],"scale":[{"time":0,"x":1,"y":1,"curve":"stepped"},{"time":0.1333,"x":1,"y":1,"curve":"stepped"},{"time":0.4,"x":1,"y":1,"curve":"stepped"},{"time":0.5333,"x":1,"y":1,"curve":"stepped"},{"time":0.8,"x":1,"y":1,"curve":"stepped"},{"time":1,"x":1,"y":1,"curve":"stepped"},{"time":1.1333,"x":1,"y":1,"curve":"stepped"},{"time":1.4,"x":1,"y":1,"curve":"stepped"},{"time":1.8,"x":1,"y":1}]},"MON10064_DL_5":{"rotate":[{"time":0,"angle":0,"curve":"stepped"},{"time":0.1333,"angle":0},{"time":0.4,"angle":-1.61},{"time":0.4333,"angle":-291.55},{"time":0.4666,"angle":-222.44},{"time":0.5,"angle":-150.18},{"time":0.5333,"angle":-78.09},{"time":0.5666,"angle":1.84},{"time":0.6,"angle":-278.81},{"time":0.6333,"angle":-199.22},{"time":0.6666,"angle":-117.21},{"time":0.7,"angle":-36.65},{"time":0.7333,"angle":-317.44},{"time":0.7666,"angle":-237.62},{"time":0.8,"angle":-157.05},{"time":0.8333,"angle":-82.98},{"time":0.8666,"angle":-9.93},{"time":0.9,"angle":-293.59},{"time":0.9333,"angle":-218.54},{"time":0.9666,"angle":-144.72},{"time":1,"angle":-74.44},{"time":1.0333,"angle":17.27},{"time":1.0666,"angle":-252.81},{"time":1.1,"angle":-162.71},{"time":1.1333,"angle":-72.87},{"time":1.1666,"angle":13.39},{"time":1.2,"angle":-262.4},{"time":1.2333,"angle":-178.34},{"time":1.2666,"angle":-93.83},{"time":1.3,"angle":-11.09},{"time":1.4,"angle":0,"curve":"stepped"},{"time":1.8,"angle":0}],"translate":[{"time":0,"x":0,"y":0,"curve":"stepped"},{"time":0.1333,"x":0,"y":0,"curve":"stepped"},{"time":0.4,"x":0,"y":0,"curve":"stepped"},{"time":0.5333,"x":0,"y":0,"curve":"stepped"},{"time":0.8,"x":0,"y":0,"curve":"stepped"},{"time":1,"x":0,"y":0,"curve":"stepped"},{"time":1.1333,"x":0,"y":0,"curve":"stepped"},{"time":1.4,"x":0,"y":0,"curve":"stepped"},{"time":1.8,"x":0,"y":0}],"scale":[{"time":0,"x":1,"y":1,"curve":"stepped"},{"time":0.1333,"x":1,"y":1,"curve":"stepped"},{"time":0.4,"x":1,"y":1,"curve":"stepped"},{"time":0.5333,"x":1,"y":1,"curve":"stepped"},{"time":0.8,"x":1,"y":1,"curve":"stepped"},{"time":1,"x":1,"y":1,"curve":"stepped"},{"time":1.1333,"x":1,"y":1,"curve":"stepped"},{"time":1.4,"x":1,"y":1,"curve":"stepped"},{"time":1.8,"x":1,"y":1}]},"MON10064_DL_24":{"rotate":[{"time":0,"angle":0},{"time":0.1333,"angle":-26.64},{"time":0.4,"angle":-14.17},{"time":0.5333,"angle":-49.54},{"time":0.8,"angle":-92.07},{"time":1,"angle":-95.19},{"time":1.1333,"angle":-50.12},{"time":1.4,"angle":-69.81},{"time":1.8,"angle":0}],"translate":[{"time":0,"x":0,"y":0,"curve":"stepped"},{"time":0.1333,"x":0,"y":0},{"time":0.4,"x":5.67,"y":3.03},{"time":0.5333,"x":0.22,"y":3.99,"curve":"stepped"},{"time":0.8,"x":0.22,"y":3.99,"curve":"stepped"},{"time":1,"x":0.22,"y":3.99,"curve":"stepped"},{"time":1.1333,"x":0.22,"y":3.99},{"time":1.4,"x":0,"y":0,"curve":"stepped"},{"time":1.8,"x":0,"y":0}],"scale":[{"time":0,"x":1,"y":1,"curve":"stepped"},{"time":0.1333,"x":1,"y":1,"curve":"stepped"},{"time":0.4,"x":1,"y":1,"curve":"stepped"},{"time":0.5333,"x":1,"y":1,"curve":"stepped"},{"time":0.8,"x":1,"y":1,"curve":"stepped"},{"time":1,"x":1,"y":1,"curve":"stepped"},{"time":1.1333,"x":1,"y":1,"curve":"stepped"},{"time":1.4,"x":1,"y":1,"curve":"stepped"},{"time":1.8,"x":1,"y":1}]},"MON10064_DL_8":{"rotate":[{"time":0,"angle":0},{"time":0.1333,"angle":-0.78},{"time":0.4,"angle":97.68},{"time":0.5333,"angle":116.87,"curve":"stepped"},{"time":0.8,"angle":116.87},{"time":1,"angle":107.23},{"time":1.1333,"angle":82.45},{"time":1.4,"angle":67.05},{"time":1.8,"angle":0}],"translate":[{"time":0,"x":0,"y":0,"curve":"stepped"},{"time":0.1333,"x":0,"y":0},{"time":0.4,"x":-5.19,"y":-1.28,"curve":"stepped"},{"time":0.5333,"x":-5.19,"y":-1.28,"curve":"stepped"},{"time":0.8,"x":-5.19,"y":-1.28,"curve":"stepped"},{"time":1,"x":-5.19,"y":-1.28,"curve":"stepped"},{"time":1.1333,"x":-5.19,"y":-1.28},{"time":1.4,"x":0,"y":0,"curve":"stepped"},{"time":1.8,"x":0,"y":0}],"scale":[{"time":0,"x":1,"y":1,"curve":"stepped"},{"time":0.1333,"x":1,"y":1},{"time":0.4,"x":1.639,"y":0.871,"curve":"stepped"},{"time":0.5333,"x":1.639,"y":0.871,"curve":"stepped"},{"time":0.8,"x":1.639,"y":0.871,"curve":"stepped"},{"time":1,"x":1.639,"y":0.871,"curve":"stepped"},{"time":1.1333,"x":1.639,"y":0.871},{"time":1.4,"x":1,"y":1,"curve":"stepped"},{"time":1.8,"x":1,"y":1}]},"MON10064_DL_7":{"rotate":[{"time":0,"angle":0},{"time":0.1333,"angle":-8.79,"curve":"stepped"},{"time":0.4,"angle":-8.79,"curve":"stepped"},{"time":0.5333,"angle":-8.79},{"time":0.8,"angle":-22.54,"curve":"stepped"},{"time":1,"angle":-22.54},{"time":1.1333,"angle":13.96},{"time":1.4,"angle":0,"curve":"stepped"},{"time":1.8,"angle":0}],"translate":[{"time":0,"x":0,"y":0,"curve":"stepped"},{"time":0.1333,"x":0,"y":0,"curve":"stepped"},{"time":0.4,"x":0,"y":0,"curve":"stepped"},{"time":0.5333,"x":0,"y":0,"curve":"stepped"},{"time":0.8,"x":0,"y":0,"curve":"stepped"},{"time":1,"x":0,"y":0,"curve":"stepped"},{"time":1.1333,"x":0,"y":0,"curve":"stepped"},{"time":1.4,"x":0,"y":0,"curve":"stepped"},{"time":1.8,"x":0,"y":0}],"scale":[{"time":0,"x":1,"y":1,"curve":"stepped"},{"time":0.1333,"x":1,"y":1},{"time":0.4,"x":0.704,"y":0.92,"curve":"stepped"},{"time":0.5333,"x":0.704,"y":0.92,"curve":"stepped"},{"time":0.8,"x":0.704,"y":0.92,"curve":"stepped"},{"time":1,"x":0.704,"y":0.92,"curve":"stepped"},{"time":1.1333,"x":0.704,"y":0.92},{"time":1.4,"x":1,"y":1,"curve":"stepped"},{"time":1.8,"x":1,"y":1}]},"MON10064_DL_16":{"rotate":[{"time":0,"angle":0,"curve":"stepped"},{"time":0.1333,"angle":0,"curve":"stepped"},{"time":0.4,"angle":0,"curve":"stepped"},{"time":0.5333,"angle":0,"curve":"stepped"},{"time":0.8,"angle":0,"curve":"stepped"},{"time":1,"angle":0,"curve":"stepped"},{"time":1.1333,"angle":0,"curve":"stepped"},{"time":1.4,"angle":0,"curve":"stepped"},{"time":1.8,"angle":0}],"translate":[{"time":0,"x":0,"y":0,"curve":"stepped"},{"time":0.1333,"x":0,"y":0,"curve":"stepped"},{"time":0.4,"x":0,"y":0,"curve":"stepped"},{"time":0.5333,"x":0,"y":0,"curve":"stepped"},{"time":0.8,"x":0,"y":0,"curve":"stepped"},{"time":1,"x":0,"y":0,"curve":"stepped"},{"time":1.1333,"x":0,"y":0,"curve":"stepped"},{"time":1.4,"x":0,"y":0,"curve":"stepped"},{"time":1.8,"x":0,"y":0}],"scale":[{"time":0,"x":1,"y":1,"curve":"stepped"},{"time":0.1333,"x":1,"y":1,"curve":"stepped"},{"time":0.4,"x":1,"y":1,"curve":"stepped"},{"time":0.5333,"x":1,"y":1,"curve":"stepped"},{"time":0.8,"x":1,"y":1,"curve":"stepped"},{"time":1,"x":1,"y":1,"curve":"stepped"},{"time":1.1333,"x":1,"y":1,"curve":"stepped"},{"time":1.4,"x":1,"y":1,"curve":"stepped"},{"time":1.8,"x":1,"y":1}]},"MON10064_DL_14":{"rotate":[{"time":0,"angle":0},{"time":0.1333,"angle":-3.28,"curve":"stepped"},{"time":0.4,"angle":-3.28},{"time":0.5333,"angle":-26.63},{"time":0.8,"angle":11.2},{"time":1,"angle":31.2},{"time":1.1333,"angle":-5.78},{"time":1.2666,"angle":0.2},{"time":1.4,"angle":-3.28},{"time":1.8,"angle":0}],"translate":[{"time":0,"x":0,"y":0,"curve":"stepped"},{"time":0.1333,"x":0,"y":0,"curve":"stepped"},{"time":0.4,"x":0,"y":0,"curve":"stepped"},{"time":0.5333,"x":0,"y":0,"curve":"stepped"},{"time":0.8,"x":0,"y":0,"curve":"stepped"},{"time":1,"x":0,"y":0,"curve":"stepped"},{"time":1.1333,"x":0,"y":0,"curve":"stepped"},{"time":1.4,"x":0,"y":0,"curve":"stepped"},{"time":1.8,"x":0,"y":0}],"scale":[{"time":0,"x":1,"y":1,"curve":"stepped"},{"time":0.1333,"x":1,"y":1,"curve":"stepped"},{"time":0.4,"x":1,"y":1,"curve":"stepped"},{"time":0.5333,"x":1,"y":1},{"time":0.8,"x":1.147,"y":1},{"time":1,"x":1,"y":1,"curve":"stepped"},{"time":1.1333,"x":1,"y":1,"curve":"stepped"},{"time":1.4,"x":1,"y":1,"curve":"stepped"},{"time":1.8,"x":1,"y":1}]},"MON10064_DL_15":{"rotate":[{"time":0,"angle":0},{"time":0.1333,"angle":10.14},{"time":0.4,"angle":39.25},{"time":0.5333,"angle":17.34},{"time":0.8,"angle":64.02},{"time":1,"angle":95.54},{"time":1.1333,"angle":127.23},{"time":1.2666,"angle":15.88},{"time":1.4,"angle":39.25},{"time":1.8,"angle":0}],"translate":[{"time":0,"x":0,"y":0,"curve":"stepped"},{"time":0.1333,"x":0,"y":0,"curve":"stepped"},{"time":0.4,"x":0,"y":0,"curve":"stepped"},{"time":0.5333,"x":0,"y":0,"curve":"stepped"},{"time":0.8,"x":0,"y":0,"curve":"stepped"},{"time":1,"x":0,"y":0,"curve":"stepped"},{"time":1.1333,"x":0,"y":0,"curve":"stepped"},{"time":1.4,"x":0,"y":0,"curve":"stepped"},{"time":1.8,"x":0,"y":0}],"scale":[{"time":0,"x":1,"y":1,"curve":"stepped"},{"time":0.1333,"x":1,"y":1,"curve":"stepped"},{"time":0.4,"x":1,"y":1,"curve":"stepped"},{"time":0.5333,"x":1,"y":1,"curve":"stepped"},{"time":0.8,"x":1,"y":1,"curve":"stepped"},{"time":1,"x":1,"y":1,"curve":"stepped"},{"time":1.1333,"x":1,"y":1,"curve":"stepped"},{"time":1.4,"x":1,"y":1,"curve":"stepped"},{"time":1.8,"x":1,"y":1}]},"MON10064_DL_17":{"rotate":[{"time":0,"angle":0},{"time":0.1333,"angle":-35.93},{"time":0.4,"angle":-60.28},{"time":0.5333,"angle":-15.01},{"time":0.8,"angle":-18.33},{"time":1,"angle":-42.17},{"time":1.1333,"angle":22.34},{"time":1.2666,"angle":-38.44},{"time":1.4,"angle":-60.28},{"time":1.8,"angle":0}],"translate":[{"time":0,"x":0,"y":0,"curve":"stepped"},{"time":0.1333,"x":0,"y":0,"curve":"stepped"},{"time":0.4,"x":0,"y":0,"curve":"stepped"},{"time":0.5333,"x":0,"y":0,"curve":"stepped"},{"time":0.8,"x":0,"y":0,"curve":"stepped"},{"time":1,"x":0,"y":0,"curve":"stepped"},{"time":1.1333,"x":0,"y":0,"curve":"stepped"},{"time":1.4,"x":0,"y":0,"curve":"stepped"},{"time":1.8,"x":0,"y":0}],"scale":[{"time":0,"x":1,"y":1,"curve":"stepped"},{"time":0.1333,"x":1,"y":1,"curve":"stepped"},{"time":0.4,"x":1,"y":1,"curve":"stepped"},{"time":0.5333,"x":1,"y":1},{"time":0.8,"x":1.145,"y":1,"curve":"stepped"},{"time":1,"x":1.145,"y":1},{"time":1.1333,"x":1,"y":1,"curve":"stepped"},{"time":1.4,"x":1,"y":1,"curve":"stepped"},{"time":1.8,"x":1,"y":1}]},"MON10064_DL_18":{"rotate":[{"time":0,"angle":0},{"time":0.1333,"angle":26.05},{"time":0.4,"angle":60.01},{"time":0.5333,"angle":62.37},{"time":0.8,"angle":74.78},{"time":1,"angle":92.8},{"time":1.1333,"angle":-18.53},{"time":1.2666,"angle":49.69},{"time":1.4,"angle":60.01},{"time":1.8,"angle":0}],"translate":[{"time":0,"x":0,"y":0,"curve":"stepped"},{"time":0.1333,"x":0,"y":0,"curve":"stepped"},{"time":0.4,"x":0,"y":0,"curve":"stepped"},{"time":0.5333,"x":0,"y":0,"curve":"stepped"},{"time":0.8,"x":0,"y":0,"curve":"stepped"},{"time":1,"x":0,"y":0,"curve":"stepped"},{"time":1.1333,"x":0,"y":0,"curve":"stepped"},{"time":1.4,"x":0,"y":0,"curve":"stepped"},{"time":1.8,"x":0,"y":0}],"scale":[{"time":0,"x":1,"y":1,"curve":"stepped"},{"time":0.1333,"x":1,"y":1,"curve":"stepped"},{"time":0.4,"x":1,"y":1,"curve":"stepped"},{"time":0.5333,"x":1,"y":1},{"time":0.8,"x":1.165,"y":1,"curve":"stepped"},{"time":1,"x":1.165,"y":1},{"time":1.1333,"x":1,"y":1,"curve":"stepped"},{"time":1.4,"x":1,"y":1,"curve":"stepped"},{"time":1.8,"x":1,"y":1}]},"MON10064_DL_6":{"rotate":[{"time":0,"angle":0,"curve":"stepped"},{"time":0.1333,"angle":0,"curve":"stepped"},{"time":0.4,"angle":0},{"time":0.4333,"angle":-28.21},{"time":0.4666,"angle":-121.18},{"time":0.5,"angle":-189.05},{"time":0.5333,"angle":-268.18},{"time":0.5666,"angle":6.03},{"time":0.6,"angle":-65.78},{"time":0.6333,"angle":-156.75},{"time":0.6666,"angle":-221.18},{"time":0.7,"angle":41.46},{"time":0.7333,"angle":-18.21},{"time":0.7666,"angle":-120.04},{"time":0.8,"angle":-183.64},{"time":0.8333,"angle":66.77},{"time":0.8666,"angle":-7.28},{"time":0.9,"angle":-118.39},{"time":0.9333,"angle":-189.97},{"time":0.9666,"angle":56.62},{"time":1,"angle":-12.71},{"time":1.0333,"angle":-136.77},{"time":1.0666,"angle":-223},{"time":1.1,"angle":11.39},{"time":1.1333,"angle":-68.6},{"time":1.1666,"angle":-175.36},{"time":1.2,"angle":-247.4},{"time":1.2333,"angle":7.6},{"time":1.2666,"angle":-63.09},{"time":1.3,"angle":-161.83},{"time":1.3333,"angle":-241.42},{"time":1.4,"angle":0,"curve":"stepped"},{"time":1.8,"angle":0}],"translate":[{"time":0,"x":0,"y":0,"curve":"stepped"},{"time":0.1333,"x":0,"y":0,"curve":"stepped"},{"time":0.4,"x":0,"y":0,"curve":"stepped"},{"time":0.5333,"x":0,"y":0,"curve":"stepped"},{"time":0.8,"x":0,"y":0,"curve":"stepped"},{"time":1,"x":0,"y":0,"curve":"stepped"},{"time":1.1333,"x":0,"y":0,"curve":"stepped"},{"time":1.4,"x":0,"y":0,"curve":"stepped"},{"time":1.8,"x":0,"y":0}],"scale":[{"time":0,"x":1,"y":1,"curve":"stepped"},{"time":0.1333,"x":1,"y":1},{"time":0.4,"x":1.151,"y":0.846},{"time":0.5333,"x":1.125,"y":0.879,"curve":"stepped"},{"time":0.8,"x":1.125,"y":0.879,"curve":"stepped"},{"time":1,"x":1.125,"y":0.879,"curve":"stepped"},{"time":1.1333,"x":1.125,"y":0.879},{"time":1.4,"x":1,"y":1,"curve":"stepped"},{"time":1.8,"x":1,"y":1}]},"MON10064_DL_26":{"rotate":[{"time":0,"angle":0,"curve":"stepped"},{"time":0.1333,"angle":0},{"time":0.4,"angle":-2.13},{"time":0.5333,"angle":0},{"time":0.8,"angle":-347.17},{"time":1,"angle":0},{"time":1.1333,"angle":-350.87},{"time":1.4,"angle":0},{"time":1.6333,"angle":-3.35},{"time":1.8,"angle":0}],"translate":[{"time":0,"x":0,"y":0,"curve":"stepped"},{"time":0.1333,"x":0,"y":0,"curve":"stepped"},{"time":0.4,"x":0,"y":0,"curve":"stepped"},{"time":0.5333,"x":0,"y":0,"curve":"stepped"},{"time":0.8,"x":0,"y":0,"curve":"stepped"},{"time":1,"x":0,"y":0,"curve":"stepped"},{"time":1.1333,"x":0,"y":0,"curve":"stepped"},{"time":1.4,"x":0,"y":0,"curve":"stepped"},{"time":1.8,"x":0,"y":0}],"scale":[{"time":0,"x":1,"y":1,"curve":"stepped"},{"time":0.1333,"x":1,"y":1,"curve":"stepped"},{"time":0.4,"x":1,"y":1,"curve":"stepped"},{"time":0.5333,"x":1,"y":1,"curve":"stepped"},{"time":0.8,"x":1,"y":1,"curve":"stepped"},{"time":1,"x":1,"y":1,"curve":"stepped"},{"time":1.1333,"x":1,"y":1,"curve":"stepped"},{"time":1.4,"x":1,"y":1,"curve":"stepped"},{"time":1.8,"x":1,"y":1}]},"bone8":{"rotate":[{"time":0,"angle":0},{"time":0.1333,"angle":9.45},{"time":0.4,"angle":-5.41},{"time":0.5333,"angle":11.13},{"time":0.8,"angle":13.29},{"time":1,"angle":18.45},{"time":1.1333,"angle":19.99},{"time":1.4,"angle":-12.37},{"time":1.6333,"angle":7.12},{"time":1.8,"angle":0}],"translate":[{"time":0,"x":0,"y":0,"curve":"stepped"},{"time":0.1333,"x":0,"y":0,"curve":"stepped"},{"time":0.4,"x":0,"y":0,"curve":"stepped"},{"time":0.5333,"x":0,"y":0,"curve":"stepped"},{"time":0.8,"x":0,"y":0,"curve":"stepped"},{"time":1,"x":0,"y":0,"curve":"stepped"},{"time":1.1333,"x":0,"y":0,"curve":"stepped"},{"time":1.4,"x":0,"y":0,"curve":"stepped"},{"time":1.8,"x":0,"y":0}],"scale":[{"time":0,"x":1,"y":1,"curve":"stepped"},{"time":0.1333,"x":1,"y":1,"curve":"stepped"},{"time":0.4,"x":1,"y":1,"curve":"stepped"},{"time":0.5333,"x":1,"y":1,"curve":"stepped"},{"time":0.8,"x":1,"y":1,"curve":"stepped"},{"time":1,"x":1,"y":1,"curve":"stepped"},{"time":1.1333,"x":1,"y":1,"curve":"stepped"},{"time":1.4,"x":1,"y":1,"curve":"stepped"},{"time":1.8,"x":1,"y":1}]},"MON10064_DL_27":{"rotate":[{"time":0,"angle":0},{"time":0.1333,"angle":10.17},{"time":0.4,"angle":-8.7},{"time":0.5333,"angle":6.87},{"time":0.8,"angle":10.35},{"time":1,"angle":15.05},{"time":1.1333,"angle":21.82},{"time":1.4,"angle":-12.62},{"time":1.6333,"angle":4.56},{"time":1.8,"angle":0}],"translate":[{"time":0,"x":0,"y":0,"curve":"stepped"},{"time":0.1333,"x":0,"y":0,"curve":"stepped"},{"time":0.4,"x":0,"y":0,"curve":"stepped"},{"time":0.5333,"x":0,"y":0,"curve":"stepped"},{"time":0.8,"x":0,"y":0,"curve":"stepped"},{"time":1,"x":0,"y":0,"curve":"stepped"},{"time":1.1333,"x":0,"y":0,"curve":"stepped"},{"time":1.4,"x":0,"y":0,"curve":"stepped"},{"time":1.8,"x":0,"y":0}],"scale":[{"time":0,"x":1,"y":1,"curve":"stepped"},{"time":0.1333,"x":1,"y":1,"curve":"stepped"},{"time":0.4,"x":1,"y":1,"curve":"stepped"},{"time":0.5333,"x":1,"y":1,"curve":"stepped"},{"time":0.8,"x":1,"y":1,"curve":"stepped"},{"time":1,"x":1,"y":1,"curve":"stepped"},{"time":1.1333,"x":1,"y":1,"curve":"stepped"},{"time":1.4,"x":1,"y":1,"curve":"stepped"},{"time":1.8,"x":1,"y":1}]},"bone9":{"rotate":[{"time":0,"angle":0},{"time":0.1333,"angle":2.1},{"time":0.4,"angle":-1.6},{"time":0.5333,"angle":0},{"time":0.8,"angle":1.04},{"time":1,"angle":16.21},{"time":1.1333,"angle":20.75},{"time":1.4,"angle":-6.9},{"time":1.6333,"angle":6.94},{"time":1.8,"angle":0}],"translate":[{"time":0,"x":0,"y":0,"curve":"stepped"},{"time":0.1333,"x":0,"y":0,"curve":"stepped"},{"time":0.4,"x":0,"y":0,"curve":"stepped"},{"time":0.5333,"x":0,"y":0,"curve":"stepped"},{"time":0.8,"x":0,"y":0,"curve":"stepped"},{"time":1,"x":0,"y":0,"curve":"stepped"},{"time":1.1333,"x":0,"y":0,"curve":"stepped"},{"time":1.4,"x":0,"y":0,"curve":"stepped"},{"time":1.8,"x":0,"y":0}],"scale":[{"time":0,"x":1,"y":1,"curve":"stepped"},{"time":0.1333,"x":1,"y":1,"curve":"stepped"},{"time":0.4,"x":1,"y":1,"curve":"stepped"},{"time":0.5333,"x":1,"y":1,"curve":"stepped"},{"time":0.8,"x":1,"y":1,"curve":"stepped"},{"time":1,"x":1,"y":1,"curve":"stepped"},{"time":1.1333,"x":1,"y":1,"curve":"stepped"},{"time":1.4,"x":1,"y":1,"curve":"stepped"},{"time":1.8,"x":1,"y":1}]},"shadow":{"rotate":[{"time":0,"angle":0,"curve":"stepped"},{"time":0.1333,"angle":0,"curve":"stepped"},{"time":0.4,"angle":0,"curve":"stepped"},{"time":0.5333,"angle":0,"curve":"stepped"},{"time":0.8,"angle":0,"curve":"stepped"},{"time":1,"angle":0,"curve":"stepped"},{"time":1.1333,"angle":0,"curve":"stepped"},{"time":1.4,"angle":0,"curve":"stepped"},{"time":1.8,"angle":0}],"translate":[{"time":0,"x":0,"y":0,"curve":"stepped"},{"time":0.1333,"x":0,"y":0,"curve":"stepped"},{"time":0.4,"x":0,"y":0,"curve":"stepped"},{"time":0.5333,"x":0,"y":0},{"time":0.8,"x":17.05,"y":0.61},{"time":1,"x":8.81,"y":-0.98},{"time":1.1333,"x":0,"y":0,"curve":"stepped"},{"time":1.4,"x":0,"y":0,"curve":"stepped"},{"time":1.8,"x":0,"y":0}],"scale":[{"time":0,"x":1,"y":1},{"time":0.1333,"x":1.107,"y":1.129},{"time":0.4,"x":1.205,"y":1.404},{"time":0.5333,"x":0.941,"y":0.843},{"time":0.8,"x":0.875,"y":0.694},{"time":1,"x":0.912,"y":0.765},{"time":1.1333,"x":1,"y":1},{"time":1.4,"x":1.355,"y":1.294},{"time":1.8,"x":1,"y":1}]}},"drawOrder":[{"time":0.4333,"offsets":[{"slot":"MON10064_DL_6","offset":21},{"slot":"MON10064_DL_5","offset":2}]},{"time":1.4}]}}}