{"skeleton":{"hash":"QbvkWkzNQMu2sIRhphzu+maqXMQ","spine":"3.1.03","width":276.5,"height":230.49},"bones":[{"name":"root"},{"name":"bone","parent":"root","x":-4.75,"y":57.17},{"name":"MON40074_DL_8","parent":"bone","length":18.55,"x":-1.21,"y":-5.66,"rotation":92.79},{"name":"MON40074_DL_3","parent":"MON40074_DL_8","length":36.62,"x":38.01,"y":-0.96,"rotation":7.49},{"name":"MON40074_DL_0","parent":"MON40074_DL_3","length":12.56,"x":29.33,"y":18.46,"rotation":81.55},{"name":"MON40074_DL_6","parent":"MON40074_DL_8","length":37.81,"x":45.45,"y":-32.23,"rotation":-136.33},{"name":"MON40074_DL_4","parent":"MON40074_DL_6","length":24.08,"x":36.39,"y":0.49,"rotation":-30.11},{"name":"MON40074_DL_5","parent":"MON40074_DL_4","length":17.82,"x":23.59,"y":-0.17,"rotation":-17.75},{"name":"MON40074_DL_1","parent":"MON40074_DL_5","length":10.25,"x":3.95,"y":4.14,"rotation":100.47},{"name":"MON40074_DL_2","parent":"MON40074_DL_8","length":15.42,"x":51.82,"y":-26.45,"rotation":-106.46},{"name":"MON40074_DL_7","parent":"bone","length":8.9,"x":-2.02,"y":-10.93,"rotation":-90},{"name":"MON40074_DL_9","parent":"MON40074_DL_7","length":12.14,"x":3.64,"y":-17.01,"rotation":-37.12},{"name":"MON40074_DL_12","parent":"MON40074_DL_7","length":20.14,"x":2.83,"y":19.43,"rotation":15.2},{"name":"MON40074_DL_10","parent":"MON40074_DL_12","length":19.47,"x":19.25,"y":-0.19,"rotation":30.03},{"name":"MON40074_DL_11","parent":"MON40074_DL_10","length":8.66,"x":18.61,"y":-0.37,"rotation":-82.66},{"name":"MON40074_DL_15","parent":"MON40074_DL_7","length":19.11,"x":5.26,"y":-9.31,"rotation":-36.64},{"name":"MON40074_DL_13","parent":"MON40074_DL_15","length":17.54,"x":18.46,"y":-0.4,"rotation":55.19},{"name":"MON40074_DL_14","parent":"MON40074_DL_13","length":15.5,"x":16.39,"y":0.47,"rotation":-88.72},{"name":"MON40074_DL_20","parent":"MON40074_DL_8","length":39.98,"x":40.72,"y":3.68,"rotation":143.17},{"name":"MON40074_DL_17","parent":"MON40074_DL_20","length":19.48,"x":39.31,"y":-0.32,"rotation":-12.67},{"name":"MON40074_DL_18","parent":"MON40074_DL_17","length":18.98,"x":18.91,"y":-0.01,"rotation":-3.49},{"name":"MON40074_DL_21","parent":"MON40074_DL_18","length":8.88,"x":14.83,"y":4.5,"rotation":97.01},{"name":"MON40074_DL_16","parent":"MON40074_DL_21","length":44.6,"x":-20.92,"y":-0.18,"rotation":-176.18},{"name":"MON40074_DL_19","parent":"MON40074_DL_8","length":14.08,"x":46.38,"y":28.14,"rotation":105.86},{"name":"bone4","parent":"MON40074_DL_9","length":10.6,"x":12.39,"y":-0.27,"rotation":-6.34},{"name":"bone5","parent":"MON40074_DL_7","length":12.65,"x":2.71,"y":22.48,"rotation":31.07},{"name":"bone6","parent":"bone5","length":11.17,"x":12.65,"y":-0.03,"rotation":3.55},{"name":"bone9","parent":"MON40074_DL_8","length":19.15,"x":17.82,"y":-0.22,"rotation":-2.29},{"name":"shadow","parent":"root","x":4.88,"y":6.24}],"slots":[{"name":"shadow","bone":"shadow"},{"name":"MON40074_DL_21","bone":"MON40074_DL_21","attachment":"MON40074_DL_21"},{"name":"MON40074_DL_20","bone":"MON40074_DL_20","attachment":"MON40074_DL_20"},{"name":"MON40074_DL_19","bone":"MON40074_DL_19","attachment":"MON40074_DL_19"},{"name":"MON40074_DL_18","bone":"MON40074_DL_18","attachment":"MON40074_DL_18"},{"name":"MON40074_DL_17","bone":"MON40074_DL_17","attachment":"MON40074_DL_17"},{"name":"MON40074_DL_16","bone":"MON40074_DL_16","attachment":"MON40074_DL_16"},{"name":"MON40074_DL_15","bone":"MON40074_DL_15","attachment":"MON40074_DL_15"},{"name":"MON40074_DL_14","bone":"MON40074_DL_14","attachment":"MON40074_DL_14"},{"name":"MON40074_DL_13","bone":"MON40074_DL_13","attachment":"MON40074_DL_13"},{"name":"MON40074_DL_12","bone":"MON40074_DL_12","attachment":"MON40074_DL_12"},{"name":"MON40074_DL_11","bone":"MON40074_DL_11","attachment":"MON40074_DL_11"},{"name":"MON40074_DL_10","bone":"MON40074_DL_10","attachment":"MON40074_DL_10"},{"name":"MON40074_DL_9","bone":"MON40074_DL_9","attachment":"MON40074_DL_9"},{"name":"MON40074_DL_8","bone":"MON40074_DL_8","attachment":"MON40074_DL_8"},{"name":"MON40074_DL_7","bone":"MON40074_DL_7","attachment":"MON40074_DL_7"},{"name":"MON40074_DL_6","bone":"MON40074_DL_6","attachment":"MON40074_DL_6"},{"name":"MON40074_DL_5","bone":"MON40074_DL_5","attachment":"MON40074_DL_5"},{"name":"MON40074_DL_4","bone":"MON40074_DL_4","attachment":"MON40074_DL_4"},{"name":"MON40074_DL_3","bone":"MON40074_DL_3","attachment":"MON40074_DL_3"},{"name":"MON40074_DL_0","bone":"MON40074_DL_0"},{"name":"MON40074_DL_2","bone":"MON40074_DL_2","attachment":"MON40074_DL_2"},{"name":"MON40074_DL_1","bone":"MON40074_DL_1","attachment":"MON40074_DL_1"}],"skins":{"default":{"MON40074_DL_0":{"MON40074_DL_0":{"x":-0.69,"y":-7.31,"rotation":178.16,"width":56,"height":30}},"MON40074_DL_1":{"MON40074_DL_1":{"type":"mesh","uvs":[1,0.5314,1,1,0.47571,1,0,1,0,0.51716,0,0,0.389,0,1,0,0.47571,0.16345,0.54074,0.34383,0.56603,0.51006,0.55519,0.67983,0.53351,0.84252],"triangles":[8,6,7,9,8,7,0,10,9,8,4,5,8,5,6,4,8,9,4,9,10,0,9,7,11,4,10,12,4,11,3,4,12,2,3,12,11,10,0,1,11,0,12,11,1,2,12,1],"vertices":[46.93,-9.12,39.9,-53.08,-8.24,-45.38,-51.92,-38.39,-44.68,6.89,-36.91999,55.4,-1.2,49.69,54.9,40.72,4.3,33.08,7.57,15.21,7.4,-0.75,3.86,-16.51,-0.57,-31.45],"hull":8}},"MON40074_DL_10":{"MON40074_DL_10":{"x":8.87,"y":4.07,"rotation":44.52,"width":31,"height":28}},"MON40074_DL_11":{"MON40074_DL_11":{"x":3.43,"y":2.89,"rotation":127.65,"width":31,"height":21}},"MON40074_DL_12":{"MON40074_DL_12":{"x":7.65,"y":1.57,"rotation":74.73,"width":26,"height":32}},"MON40074_DL_13":{"MON40074_DL_13":{"x":4.74,"y":-1.46,"rotation":71.32,"width":27,"height":26}},"MON40074_DL_14":{"MON40074_DL_14":{"x":7.67,"y":0.5,"rotation":160.04,"width":36,"height":19}},"MON40074_DL_15":{"MON40074_DL_15":{"x":10.56,"y":0.11,"rotation":126.88,"width":29,"height":32}},"MON40074_DL_16":{"MON40074_DL_16":{"x":45.68,"y":-2.86,"rotation":-140.36,"width":124,"height":110}},"MON40074_DL_17":{"MON40074_DL_17":{"x":7.45,"y":0.77,"rotation":136.76,"width":40,"height":39}},"MON40074_DL_18":{"MON40074_DL_18":{"x":12.71,"y":-0.55,"rotation":139.99,"width":34,"height":31}},"MON40074_DL_19":{"MON40074_DL_19":{"x":6.94,"y":3.49,"rotation":161.25,"width":30,"height":70}},"MON40074_DL_2":{"MON40074_DL_2":{"x":15.97,"y":-11.69,"rotation":13.68,"width":55,"height":58}},"MON40074_DL_20":{"MON40074_DL_20":{"x":18.19,"y":-1.79,"rotation":124.31,"width":47,"height":55}},"MON40074_DL_21":{"MON40074_DL_21":{"x":5.76,"y":0.25,"rotation":43.09,"width":18,"height":17}},"MON40074_DL_3":{"MON40074_DL_3":{"x":48.75,"y":0.89,"rotation":-100.3,"width":105,"height":179}},"MON40074_DL_4":{"MON40074_DL_4":{"x":9.8,"y":0.2,"rotation":73.56,"width":41,"height":40}},"MON40074_DL_5":{"MON40074_DL_5":{"x":9.67,"y":0.21,"rotation":91.36,"width":34,"height":36}},"MON40074_DL_6":{"MON40074_DL_6":{"x":19.31,"y":1.71,"rotation":43.44,"width":54,"height":46}},"MON40074_DL_7":{"MON40074_DL_7":{"type":"mesh","uvs":[1,1,0,1,0,0,1,0],"triangles":[1,2,3,1,3,0],"vertices":[15.81,33.97,15.81,-25.02,-15.18,-25.02,-15.18,33.97],"hull":4}},"MON40074_DL_8":{"MON40074_DL_8":{"type":"weightedmesh","uvs":[1,0.58207,1,0.60762,1,0.63461,1,1,0.44764,1,0,1,0,0.62785,0,0.60086,0,0.5737,0,0,0.44954,0,1,0,0.45082,0.6309,0.44929,0.6039,0.44929,0.57746],"triangles":[13,14,0,7,8,14,0,14,11,14,10,11,14,8,10,8,9,10,13,0,1,7,14,13,4,12,3,12,2,3,12,4,6,4,5,6,12,1,2,6,13,12,12,13,1,6,7,13],"vertices":[1,27,2.14,-45.83,1,2,2,16.09,-46,0.504,27,0.09,-45.81,0.49599,1,2,13.94,-45.89,1,1,2,-15.25,-44.48,1,1,2,-13.02,1.29999,1,1,2,-11.22,38.41,1,1,2,18.5,36.97,1,2,2,20.66,36.86,0.504,27,1.36,37.16999,0.49599,1,27,3.54,37.15,1,1,27,49.43,36.74,1,1,27,49.1,-0.55,1,1,27,48.7,-46.24,1,1,2,16.44,-0.38,1,2,2,18.61,-0.36,0.504,27,0.79,-0.11,0.49599,1,27,2.91,-0.13,1],"hull":12}},"MON40074_DL_9":{"MON40074_DL_9":{"type":"weightedmesh","uvs":[1,0.13366,1,1,0.92326,1,0.68866,1,0.46299,1,0.21423,1,0,1,0,0.77831,0,0.25937,0,0,0.29441,0,0.38147,0,0.46146,0,0.5627,0,0.6907,0,1,0,0.15685,0.39635,0.29169,0.49061,0.46232,0.56206,0.6293,0.48227,0.78236,0.35984],"triangles":[1,20,0,2,19,20,1,2,20,2,3,19,3,4,18,3,18,19,19,18,12,12,13,19,20,13,14,20,19,13,20,14,0,14,15,0,5,18,4,17,5,7,5,6,7,7,16,17,7,8,16,5,17,18,17,12,18,11,16,10,17,11,12,11,17,16,16,8,10,8,9,10],"vertices":[2,25,12.7,20.84,0.58178,26,1.34,20.83,0.4182,1,26,29.22,1.76,1,3,11,-8.39,65.8,9.2E-4,24,-27.93,63.39,6.5E-4,26,25.54,-3.61,0.99841,4,11,3.7,49.96,0.09382,24,-14.16,48.97,0.05333,25,28.15,-19.18,0.10872,26,14.28,-20.07,0.7441,4,11,15.34,34.71,0.29233,24,-0.91,35.09999,0.28346,25,18.32,-35.65,0.18957,26,3.46,-35.9,0.23463,4,11,28.17,17.9,0.11977,24,13.68,19.79999,0.81601,25,7.49,-53.81,0.03529,26,-8.47,-53.35,0.02891,2,24,26.26,6.63,0.99999,26,-18.75,-68.37,0,1,24,20.01,0.66,1,2,11,16.27,-14.09,0.43169,24,5.37,-13.31,0.5683,2,11,8.22999,-20.23,0.70762,24,-1.94,-20.29,0.29237,2,11,-6.95,-0.34,0.94752,25,-22.49,-27.97,0.05247,2,11,-11.44,5.53,0.77635,25,-18.7,-21.62,0.22364,2,11,-15.57,10.94,0.56771,25,-15.22,-15.78,0.43228,2,11,-20.79,17.78,0.2858,25,-10.81,-8.39,0.71419,2,11,-27.39,26.43,0.02205,25,-5.23,0.94,0.97794,2,25,8.22,23.51,0.62783,26,-2.95,23.78,0.37216,2,11,12.42,-0.25,0.5,24,0.02,0.02,0.5,4,11,8.39,11.08,0.64272,24,-5.21999,10.84,0.22004,25,-6.18,-37.97,0.10808,26,-21.15,-36.7,0.02914,4,11,1.8,24.3,0.39731,24,-13.23,23.26,0.12184,25,3.63,-26.95,0.34939,26,-10.66,-26.3,0.13144,4,11,-9.27,33.68999,0.13016,24,-25.28,31.37,0.02293,25,8.22999,-13.17,0.66965,26,-5.21999,-12.83,0.17724,2,25,10.8,0.44,0.5,26,-1.81,0.58999,0.5],"hull":16}},"shadow":{"shadow":{"x":-5.06,"y":-4.71,"scaleX":1.7,"scaleY":1.7,"width":85,"height":42}}}},"animations":{"wait_DL":{"slots":{"MON40074_DL_0":{"attachment":[{"time":0,"name":null},{"time":1,"name":null},{"time":1.7666,"name":"MON40074_DL_0"},{"time":1.9333,"name":null},{"time":2,"name":null}]}},"bones":{"bone":{"rotate":[{"time":0,"angle":0,"curve":"stepped"},{"time":0.5,"angle":0,"curve":"stepped"},{"time":1,"angle":0,"curve":"stepped"},{"time":1.5,"angle":0,"curve":"stepped"},{"time":2,"angle":0}],"translate":[{"time":0,"x":0,"y":0,"curve":"stepped"},{"time":0.5,"x":0,"y":0,"curve":"stepped"},{"time":1,"x":0,"y":0,"curve":"stepped"},{"time":1.5,"x":0,"y":0,"curve":"stepped"},{"time":2,"x":0,"y":0}],"scale":[{"time":0,"x":1,"y":1,"curve":"stepped"},{"time":0.5,"x":1,"y":1,"curve":"stepped"},{"time":1,"x":1,"y":1,"curve":"stepped"},{"time":1.5,"x":1,"y":1,"curve":"stepped"},{"time":2,"x":1,"y":1}]},"MON40074_DL_8":{"rotate":[{"time":0,"angle":0,"curve":"stepped"},{"time":0.5,"angle":0,"curve":"stepped"},{"time":1,"angle":0,"curve":"stepped"},{"time":1.5,"angle":0,"curve":"stepped"},{"time":2,"angle":0}],"translate":[{"time":0,"x":0,"y":0},{"time":0.5,"x":0,"y":-9.9},{"time":1,"x":0,"y":0},{"time":1.5,"x":0,"y":-9.9},{"time":2,"x":0,"y":0}],"scale":[{"time":0,"x":1,"y":1},{"time":0.5,"x":0.962,"y":1.019},{"time":1,"x":1,"y":1},{"time":1.5,"x":0.962,"y":1.019},{"time":2,"x":1,"y":1}]},"MON40074_DL_3":{"rotate":[{"time":0,"angle":0},{"time":0.5,"angle":3.09},{"time":1,"angle":0},{"time":1.5,"angle":3.09},{"time":2,"angle":0}],"translate":[{"time":0,"x":0,"y":0},{"time":0.5,"x":-12.18,"y":1.77},{"time":1,"x":0,"y":0},{"time":1.5,"x":-12.18,"y":1.77},{"time":2,"x":0,"y":0}],"scale":[{"time":0,"x":1,"y":1,"curve":"stepped"},{"time":0.5,"x":1,"y":1,"curve":"stepped"},{"time":1,"x":1,"y":1,"curve":"stepped"},{"time":1.5,"x":1,"y":1,"curve":"stepped"},{"time":2,"x":1,"y":1}]},"MON40074_DL_0":{"rotate":[{"time":0,"angle":0,"curve":"stepped"},{"time":0.5,"angle":0,"curve":"stepped"},{"time":1,"angle":0,"curve":"stepped"},{"time":1.5,"angle":0,"curve":"stepped"},{"time":2,"angle":0}],"translate":[{"time":0,"x":0,"y":0,"curve":"stepped"},{"time":0.5,"x":0,"y":0,"curve":"stepped"},{"time":1,"x":0,"y":0,"curve":"stepped"},{"time":1.5,"x":0,"y":0,"curve":"stepped"},{"time":2,"x":0,"y":0}],"scale":[{"time":0,"x":1,"y":1,"curve":"stepped"},{"time":0.5,"x":1,"y":1,"curve":"stepped"},{"time":1,"x":1,"y":1,"curve":"stepped"},{"time":1.5,"x":1,"y":1,"curve":"stepped"},{"time":2,"x":1,"y":1}]},"MON40074_DL_2":{"rotate":[{"time":0,"angle":0},{"time":0.5,"angle":8.84},{"time":1,"angle":0},{"time":1.5,"angle":8.84},{"time":2,"angle":0}],"translate":[{"time":0,"x":0,"y":0},{"time":0.5,"x":-8.05,"y":0},{"time":1,"x":0,"y":0},{"time":1.5,"x":-8.05,"y":0},{"time":2,"x":0,"y":0}],"scale":[{"time":0,"x":1,"y":1,"curve":"stepped"},{"time":0.5,"x":1,"y":1,"curve":"stepped"},{"time":1,"x":1,"y":1,"curve":"stepped"},{"time":1.5,"x":1,"y":1,"curve":"stepped"},{"time":2,"x":1,"y":1}]},"MON40074_DL_6":{"rotate":[{"time":0,"angle":0},{"time":0.1666,"angle":1.93},{"time":0.5,"angle":-4.64},{"time":0.6666,"angle":-7.19},{"time":1,"angle":0},{"time":1.1666,"angle":1.93},{"time":1.5,"angle":-4.64},{"time":1.6666,"angle":-7.19},{"time":2,"angle":0}],"translate":[{"time":0,"x":0,"y":0},{"time":0.5,"x":-8.05,"y":0},{"time":1,"x":0,"y":0},{"time":1.5,"x":-8.05,"y":0},{"time":2,"x":0,"y":0}],"scale":[{"time":0,"x":1,"y":1,"curve":"stepped"},{"time":0.5,"x":1,"y":1,"curve":"stepped"},{"time":1,"x":1,"y":1,"curve":"stepped"},{"time":1.5,"x":1,"y":1,"curve":"stepped"},{"time":2,"x":1,"y":1}]},"MON40074_DL_4":{"rotate":[{"time":0,"angle":-68.57},{"time":0.1666,"angle":-65.24},{"time":0.5,"angle":-69.41},{"time":0.6666,"angle":-72.85},{"time":1,"angle":-68.57},{"time":1.1666,"angle":-65.24},{"time":1.5,"angle":-69.41},{"time":1.6666,"angle":-72.85},{"time":2,"angle":-68.57}],"translate":[{"time":0,"x":0,"y":0,"curve":"stepped"},{"time":0.1666,"x":0,"y":0,"curve":"stepped"},{"time":0.5,"x":0,"y":0,"curve":"stepped"},{"time":0.6666,"x":0,"y":0,"curve":"stepped"},{"time":1,"x":0,"y":0,"curve":"stepped"},{"time":1.1666,"x":0,"y":0,"curve":"stepped"},{"time":1.5,"x":0,"y":0,"curve":"stepped"},{"time":1.6666,"x":0,"y":0,"curve":"stepped"},{"time":2,"x":0,"y":0}],"scale":[{"time":0,"x":1,"y":1,"curve":"stepped"},{"time":0.1666,"x":1,"y":1,"curve":"stepped"},{"time":0.5,"x":1,"y":1,"curve":"stepped"},{"time":0.6666,"x":1,"y":1,"curve":"stepped"},{"time":1,"x":1,"y":1,"curve":"stepped"},{"time":1.1666,"x":1,"y":1,"curve":"stepped"},{"time":1.5,"x":1,"y":1,"curve":"stepped"},{"time":1.6666,"x":1,"y":1,"curve":"stepped"},{"time":2,"x":1,"y":1}]},"MON40074_DL_5":{"rotate":[{"time":0,"angle":0,"curve":"stepped"},{"time":0.1666,"angle":0,"curve":"stepped"},{"time":0.5,"angle":0,"curve":"stepped"},{"time":0.6666,"angle":0,"curve":"stepped"},{"time":1,"angle":0,"curve":"stepped"},{"time":1.1666,"angle":0,"curve":"stepped"},{"time":1.5,"angle":0,"curve":"stepped"},{"time":1.6666,"angle":0,"curve":"stepped"},{"time":2,"angle":0}],"translate":[{"time":0,"x":0,"y":0,"curve":"stepped"},{"time":0.1666,"x":0,"y":0,"curve":"stepped"},{"time":0.5,"x":0,"y":0,"curve":"stepped"},{"time":0.6666,"x":0,"y":0,"curve":"stepped"},{"time":1,"x":0,"y":0,"curve":"stepped"},{"time":1.1666,"x":0,"y":0,"curve":"stepped"},{"time":1.5,"x":0,"y":0,"curve":"stepped"},{"time":1.6666,"x":0,"y":0,"curve":"stepped"},{"time":2,"x":0,"y":0}],"scale":[{"time":0,"x":1,"y":1,"curve":"stepped"},{"time":0.1666,"x":1,"y":1,"curve":"stepped"},{"time":0.5,"x":1,"y":1,"curve":"stepped"},{"time":0.6666,"x":1,"y":1,"curve":"stepped"},{"time":1,"x":1,"y":1,"curve":"stepped"},{"time":1.1666,"x":1,"y":1,"curve":"stepped"},{"time":1.5,"x":1,"y":1,"curve":"stepped"},{"time":1.6666,"x":1,"y":1,"curve":"stepped"},{"time":2,"x":1,"y":1}]},"MON40074_DL_19":{"rotate":[{"time":0,"angle":0},{"time":0.1666,"angle":-1.73},{"time":0.5,"angle":8.24},{"time":0.6666,"angle":1.06},{"time":1,"angle":0},{"time":1.1666,"angle":-1.73},{"time":1.5,"angle":8.24},{"time":1.6666,"angle":1.06},{"time":2,"angle":0}],"translate":[{"time":0,"x":0,"y":0},{"time":0.1666,"x":0,"y":-1.7},{"time":0.5,"x":0,"y":2.33},{"time":0.6666,"x":-2.18,"y":1.55},{"time":1,"x":0,"y":0},{"time":1.1666,"x":0,"y":-1.7},{"time":1.5,"x":0,"y":2.33},{"time":1.6666,"x":-2.18,"y":1.55},{"time":2,"x":0,"y":0}],"scale":[{"time":0,"x":1,"y":1,"curve":"stepped"},{"time":0.5,"x":1,"y":1,"curve":"stepped"},{"time":1,"x":1,"y":1,"curve":"stepped"},{"time":1.5,"x":1,"y":1,"curve":"stepped"},{"time":2,"x":1,"y":1}]},"MON40074_DL_20":{"rotate":[{"time":0,"angle":0},{"time":0.1666,"angle":-1.67},{"time":0.5,"angle":-0.1},{"time":0.6666,"angle":2.48},{"time":1,"angle":0},{"time":1.1666,"angle":-1.67},{"time":1.5,"angle":-0.1},{"time":1.6666,"angle":2.48},{"time":2,"angle":0}],"translate":[{"time":0,"x":0,"y":0},{"time":0.1666,"x":2.25,"y":-2.96},{"time":0.5,"x":-6.5,"y":3.15},{"time":1,"x":0,"y":0},{"time":1.1666,"x":2.25,"y":-2.96},{"time":1.5,"x":-6.5,"y":3.15},{"time":2,"x":0,"y":0}],"scale":[{"time":0,"x":1,"y":1,"curve":"stepped"},{"time":0.5,"x":1,"y":1,"curve":"stepped"},{"time":1,"x":1,"y":1,"curve":"stepped"},{"time":1.5,"x":1,"y":1,"curve":"stepped"},{"time":2,"x":1,"y":1}]},"MON40074_DL_17":{"rotate":[{"time":0,"angle":0},{"time":0.1666,"angle":-4.36},{"time":0.5,"angle":4.72},{"time":0.6666,"angle":8.23},{"time":1,"angle":0},{"time":1.1666,"angle":-4.36},{"time":1.5,"angle":4.72},{"time":1.6666,"angle":8.23},{"time":2,"angle":0}],"translate":[{"time":0,"x":0,"y":0,"curve":"stepped"},{"time":0.5,"x":0,"y":0,"curve":"stepped"},{"time":1,"x":0,"y":0,"curve":"stepped"},{"time":1.5,"x":0,"y":0,"curve":"stepped"},{"time":2,"x":0,"y":0}],"scale":[{"time":0,"x":1,"y":1,"curve":"stepped"},{"time":0.5,"x":1,"y":1,"curve":"stepped"},{"time":1,"x":1,"y":1,"curve":"stepped"},{"time":1.5,"x":1,"y":1,"curve":"stepped"},{"time":2,"x":1,"y":1}]},"MON40074_DL_18":{"rotate":[{"time":0,"angle":0},{"time":0.1666,"angle":-5.1},{"time":0.5,"angle":9.28},{"time":0.6666,"angle":12},{"time":1,"angle":0},{"time":1.1666,"angle":-5.1},{"time":1.5,"angle":9.28},{"time":1.6666,"angle":12},{"time":2,"angle":0}],"translate":[{"time":0,"x":0,"y":0,"curve":"stepped"},{"time":0.5,"x":0,"y":0,"curve":"stepped"},{"time":1,"x":0,"y":0,"curve":"stepped"},{"time":1.5,"x":0,"y":0,"curve":"stepped"},{"time":2,"x":0,"y":0}],"scale":[{"time":0,"x":1,"y":1,"curve":"stepped"},{"time":0.5,"x":1,"y":1,"curve":"stepped"},{"time":1,"x":1,"y":1,"curve":"stepped"},{"time":1.5,"x":1,"y":1,"curve":"stepped"},{"time":2,"x":1,"y":1}]},"MON40074_DL_16":{"rotate":[{"time":0,"angle":0,"curve":"stepped"},{"time":0.5,"angle":0,"curve":"stepped"},{"time":1,"angle":0,"curve":"stepped"},{"time":1.5,"angle":0,"curve":"stepped"},{"time":2,"angle":0}],"translate":[{"time":0,"x":0,"y":0,"curve":"stepped"},{"time":0.5,"x":0,"y":0,"curve":"stepped"},{"time":1,"x":0,"y":0,"curve":"stepped"},{"time":1.5,"x":0,"y":0,"curve":"stepped"},{"time":2,"x":0,"y":0}],"scale":[{"time":0,"x":1,"y":1,"curve":"stepped"},{"time":0.5,"x":1,"y":1,"curve":"stepped"},{"time":1,"x":1,"y":1,"curve":"stepped"},{"time":1.5,"x":1,"y":1,"curve":"stepped"},{"time":2,"x":1,"y":1}]},"MON40074_DL_21":{"rotate":[{"time":0,"angle":0,"curve":"stepped"},{"time":0.5,"angle":0,"curve":"stepped"},{"time":1,"angle":0,"curve":"stepped"},{"time":1.5,"angle":0,"curve":"stepped"},{"time":2,"angle":0}],"translate":[{"time":0,"x":0,"y":0,"curve":"stepped"},{"time":0.5,"x":0,"y":0,"curve":"stepped"},{"time":1,"x":0,"y":0,"curve":"stepped"},{"time":1.5,"x":0,"y":0,"curve":"stepped"},{"time":2,"x":0,"y":0}],"scale":[{"time":0,"x":1,"y":1,"curve":"stepped"},{"time":0.5,"x":1,"y":1,"curve":"stepped"},{"time":1,"x":1,"y":1,"curve":"stepped"},{"time":1.5,"x":1,"y":1,"curve":"stepped"},{"time":2,"x":1,"y":1}]},"MON40074_DL_7":{"rotate":[{"time":0,"angle":0,"curve":"stepped"},{"time":0.5,"angle":0,"curve":"stepped"},{"time":1,"angle":0,"curve":"stepped"},{"time":1.5,"angle":0,"curve":"stepped"},{"time":2,"angle":0}],"translate":[{"time":0,"x":0,"y":0},{"time":0.5,"x":0,"y":-8.89},{"time":1,"x":0,"y":0},{"time":1.5,"x":0,"y":-8.89},{"time":2,"x":0,"y":0}],"scale":[{"time":0,"x":1,"y":1},{"time":0.5,"x":0.895,"y":1.018},{"time":1,"x":1,"y":1},{"time":1.5,"x":0.895,"y":1.018},{"time":2,"x":1,"y":1}]},"MON40074_DL_9":{"rotate":[{"time":0,"angle":0},{"time":0.5,"angle":-6.5},{"time":1,"angle":0},{"time":1.5,"angle":-6.5},{"time":2,"angle":0}],"translate":[{"time":0,"x":0,"y":0,"curve":"stepped"},{"time":0.5,"x":0,"y":0,"curve":"stepped"},{"time":1,"x":0,"y":0,"curve":"stepped"},{"time":1.5,"x":0,"y":0,"curve":"stepped"},{"time":2,"x":0,"y":0}],"scale":[{"time":0,"x":1,"y":1,"curve":"stepped"},{"time":0.5,"x":1,"y":1,"curve":"stepped"},{"time":1,"x":1,"y":1,"curve":"stepped"},{"time":1.5,"x":1,"y":1,"curve":"stepped"},{"time":2,"x":1,"y":1}]},"bone4":{"rotate":[{"time":0,"angle":0},{"time":0.5,"angle":-5.14},{"time":1,"angle":0},{"time":1.5,"angle":-5.14},{"time":2,"angle":0}],"translate":[{"time":0,"x":0,"y":0,"curve":"stepped"},{"time":0.5,"x":0,"y":0,"curve":"stepped"},{"time":1,"x":0,"y":0,"curve":"stepped"},{"time":1.5,"x":0,"y":0,"curve":"stepped"},{"time":2,"x":0,"y":0}],"scale":[{"time":0,"x":1,"y":1,"curve":"stepped"},{"time":0.5,"x":1,"y":1,"curve":"stepped"},{"time":1,"x":1,"y":1,"curve":"stepped"},{"time":1.5,"x":1,"y":1,"curve":"stepped"},{"time":2,"x":1,"y":1}]},"bone5":{"rotate":[{"time":0,"angle":0},{"time":0.5,"angle":7.02},{"time":1,"angle":0},{"time":1.5,"angle":7.02},{"time":2,"angle":0}],"translate":[{"time":0,"x":0,"y":0,"curve":"stepped"},{"time":0.5,"x":0,"y":0,"curve":"stepped"},{"time":1,"x":0,"y":0,"curve":"stepped"},{"time":1.5,"x":0,"y":0,"curve":"stepped"},{"time":2,"x":0,"y":0}],"scale":[{"time":0,"x":1,"y":1,"curve":"stepped"},{"time":0.5,"x":1,"y":1,"curve":"stepped"},{"time":1,"x":1,"y":1,"curve":"stepped"},{"time":1.5,"x":1,"y":1,"curve":"stepped"},{"time":2,"x":1,"y":1}]},"bone6":{"rotate":[{"time":0,"angle":0},{"time":0.5,"angle":6.05},{"time":1,"angle":0},{"time":1.5,"angle":6.05},{"time":2,"angle":0}],"translate":[{"time":0,"x":0,"y":0,"curve":"stepped"},{"time":0.5,"x":0,"y":0,"curve":"stepped"},{"time":1,"x":0,"y":0,"curve":"stepped"},{"time":1.5,"x":0,"y":0,"curve":"stepped"},{"time":2,"x":0,"y":0}],"scale":[{"time":0,"x":1,"y":1,"curve":"stepped"},{"time":0.5,"x":1,"y":1,"curve":"stepped"},{"time":1,"x":1,"y":1,"curve":"stepped"},{"time":1.5,"x":1,"y":1,"curve":"stepped"},{"time":2,"x":1,"y":1}]},"MON40074_DL_15":{"rotate":[{"time":0,"angle":0},{"time":0.5,"angle":-8.7},{"time":1,"angle":0},{"time":1.5,"angle":-8.7},{"time":2,"angle":0}],"translate":[{"time":0,"x":0,"y":0,"curve":"stepped"},{"time":0.5,"x":0,"y":0,"curve":"stepped"},{"time":1,"x":0,"y":0,"curve":"stepped"},{"time":1.5,"x":0,"y":0,"curve":"stepped"},{"time":2,"x":0,"y":0}],"scale":[{"time":0,"x":1,"y":1,"curve":"stepped"},{"time":0.5,"x":1,"y":1,"curve":"stepped"},{"time":1,"x":1,"y":1,"curve":"stepped"},{"time":1.5,"x":1,"y":1,"curve":"stepped"},{"time":2,"x":1,"y":1}]},"MON40074_DL_13":{"rotate":[{"time":0,"angle":0},{"time":0.5,"angle":21.17},{"time":1,"angle":0},{"time":1.5,"angle":21.17},{"time":2,"angle":0}],"translate":[{"time":0,"x":0,"y":0,"curve":"stepped"},{"time":0.5,"x":0,"y":0,"curve":"stepped"},{"time":1,"x":0,"y":0,"curve":"stepped"},{"time":1.5,"x":0,"y":0,"curve":"stepped"},{"time":2,"x":0,"y":0}],"scale":[{"time":0,"x":1,"y":1,"curve":"stepped"},{"time":0.5,"x":1,"y":1,"curve":"stepped"},{"time":1,"x":1,"y":1,"curve":"stepped"},{"time":1.5,"x":1,"y":1,"curve":"stepped"},{"time":2,"x":1,"y":1}]},"MON40074_DL_14":{"rotate":[{"time":0,"angle":0},{"time":0.5,"angle":-11.69},{"time":1,"angle":0},{"time":1.5,"angle":-11.69},{"time":2,"angle":0}],"translate":[{"time":0,"x":0,"y":0,"curve":"stepped"},{"time":0.5,"x":0,"y":0,"curve":"stepped"},{"time":1,"x":0,"y":0,"curve":"stepped"},{"time":1.5,"x":0,"y":0,"curve":"stepped"},{"time":2,"x":0,"y":0}],"scale":[{"time":0,"x":1,"y":1,"curve":"stepped"},{"time":0.5,"x":1,"y":1,"curve":"stepped"},{"time":1,"x":1,"y":1,"curve":"stepped"},{"time":1.5,"x":1,"y":1,"curve":"stepped"},{"time":2,"x":1,"y":1}]},"MON40074_DL_12":{"rotate":[{"time":0,"angle":0},{"time":0.5,"angle":-10.76},{"time":1,"angle":0},{"time":1.5,"angle":-10.76},{"time":2,"angle":0}],"translate":[{"time":0,"x":0,"y":0,"curve":"stepped"},{"time":0.5,"x":0,"y":0,"curve":"stepped"},{"time":1,"x":0,"y":0,"curve":"stepped"},{"time":1.5,"x":0,"y":0,"curve":"stepped"},{"time":2,"x":0,"y":0}],"scale":[{"time":0,"x":1,"y":1,"curve":"stepped"},{"time":0.5,"x":1,"y":1,"curve":"stepped"},{"time":1,"x":1,"y":1,"curve":"stepped"},{"time":1.5,"x":1,"y":1,"curve":"stepped"},{"time":2,"x":1,"y":1}]},"MON40074_DL_10":{"rotate":[{"time":0,"angle":0},{"time":0.5,"angle":27.96},{"time":1,"angle":0},{"time":1.5,"angle":27.96},{"time":2,"angle":0}],"translate":[{"time":0,"x":0,"y":0,"curve":"stepped"},{"time":0.5,"x":0,"y":0,"curve":"stepped"},{"time":1,"x":0,"y":0,"curve":"stepped"},{"time":1.5,"x":0,"y":0,"curve":"stepped"},{"time":2,"x":0,"y":0}],"scale":[{"time":0,"x":1,"y":1,"curve":"stepped"},{"time":0.5,"x":1,"y":1,"curve":"stepped"},{"time":1,"x":1,"y":1,"curve":"stepped"},{"time":1.5,"x":1,"y":1,"curve":"stepped"},{"time":2,"x":1,"y":1}]},"MON40074_DL_11":{"rotate":[{"time":0,"angle":0},{"time":0.5,"angle":-18.93},{"time":1,"angle":0},{"time":1.5,"angle":-18.93},{"time":2,"angle":0}],"translate":[{"time":0,"x":0,"y":0,"curve":"stepped"},{"time":0.5,"x":0,"y":0,"curve":"stepped"},{"time":1,"x":0,"y":0,"curve":"stepped"},{"time":1.5,"x":0,"y":0,"curve":"stepped"},{"time":2,"x":0,"y":0}],"scale":[{"time":0,"x":1,"y":1,"curve":"stepped"},{"time":0.5,"x":1,"y":1,"curve":"stepped"},{"time":1,"x":1,"y":1,"curve":"stepped"},{"time":1.5,"x":1,"y":1,"curve":"stepped"},{"time":2,"x":1,"y":1}]},"MON40074_DL_1":{"rotate":[{"time":0,"angle":59.68,"curve":"stepped"},{"time":0.1666,"angle":59.68},{"time":0.5,"angle":66.07},{"time":0.6666,"angle":68.67},{"time":1,"angle":59.68,"curve":"stepped"},{"time":1.1666,"angle":59.68},{"time":1.5,"angle":66.07},{"time":1.6666,"angle":68.67},{"time":2,"angle":59.68}],"translate":[{"time":0,"x":-12.48,"y":10.37,"curve":"stepped"},{"time":1,"x":-12.48,"y":10.37,"curve":"stepped"},{"time":2,"x":-12.48,"y":10.37}],"scale":[{"time":0,"x":1,"y":1,"curve":"stepped"},{"time":0.1666,"x":1,"y":1,"curve":"stepped"},{"time":0.5,"x":1,"y":1,"curve":"stepped"},{"time":0.6666,"x":1,"y":1,"curve":"stepped"},{"time":1,"x":1,"y":1,"curve":"stepped"},{"time":1.1666,"x":1,"y":1,"curve":"stepped"},{"time":1.5,"x":1,"y":1,"curve":"stepped"},{"time":1.6666,"x":1,"y":1,"curve":"stepped"},{"time":2,"x":1,"y":1}]},"shadow":{"rotate":[{"time":0,"angle":0,"curve":"stepped"},{"time":0.5,"angle":0,"curve":"stepped"},{"time":1,"angle":0,"curve":"stepped"},{"time":1.5,"angle":0,"curve":"stepped"},{"time":2,"angle":0}],"translate":[{"time":0,"x":0,"y":0,"curve":"stepped"},{"time":0.5,"x":0,"y":0,"curve":"stepped"},{"time":1,"x":0,"y":0,"curve":"stepped"},{"time":1.5,"x":0,"y":0,"curve":"stepped"},{"time":2,"x":0,"y":0}],"scale":[{"time":0,"x":1,"y":1},{"time":0.5,"x":1.1,"y":1.1},{"time":1,"x":1,"y":1},{"time":1.5,"x":1.1,"y":1.1},{"time":2,"x":1,"y":1}]},"bone9":{"rotate":[{"time":0,"angle":0},{"time":0.5,"angle":12.2},{"time":1,"angle":0},{"time":1.5,"angle":9.55},{"time":2,"angle":0}],"translate":[{"time":0,"x":0,"y":0,"curve":"stepped"},{"time":0.5,"x":0,"y":0,"curve":"stepped"},{"time":1,"x":0,"y":0,"curve":"stepped"},{"time":1.5,"x":0,"y":0,"curve":"stepped"},{"time":2,"x":0,"y":0}],"scale":[{"time":0,"x":1,"y":1,"curve":"stepped"},{"time":0.5,"x":1,"y":1,"curve":"stepped"},{"time":1,"x":1,"y":1,"curve":"stepped"},{"time":1.5,"x":1,"y":1,"curve":"stepped"},{"time":2,"x":1,"y":1}]}},"ffd":{"default":{"MON40074_DL_1":{"MON40074_DL_1":[{"time":0},{"time":0.1666,"vertices":[-1.60115,-1.0E-5,-1.16578,-1.0E-5,1.36794,-1.0E-5,1.86827,-1.0E-5,0,0,1.86827,-1.0E-5,1.36794,-1.0E-5,-1.91501,-2.0E-5,2.27813,-4.0E-5,2.27813,-4.0E-5,2.27813,-4.0E-5,2.27813,-4.0E-5,2.27813]},{"time":0.5,"vertices":[-3.37577,0,-2.65031,-1.0E-5,-1.1743,-2.0E-5,0,0,0,0,0,0,-1.1743,-2.0E-5,-3.74609,-2.0E-5,-2.94116,-4.0E-5,-2.94116,-4.0E-5,-2.94116,-4.0E-5,-2.94116,-4.0E-5,-2.94116]},{"time":0.6666,"vertices":[-3.4652,0,-3.5927,-6.0E-5,0,0,0,0,0,0,0,0,0,0,-3.19612,1.18257,-4.83234,-8.0E-5,-5.77378,-9.0E-5,-5.77378,-9.0E-5,-5.77378,-9.0E-5,-4.83234]},{"time":1},{"time":1.1666,"vertices":[-1.60115,-1.0E-5,-1.16578,-1.0E-5,1.36794,-1.0E-5,1.86827,-1.0E-5,0,0,1.86827,-1.0E-5,1.36794,-1.0E-5,-1.91501,-2.0E-5,2.27813,-4.0E-5,2.27813,-4.0E-5,2.27813,-4.0E-5,2.27813,-4.0E-5,2.27813]},{"time":1.5,"vertices":[-3.37577,0,-2.65031,-1.0E-5,-1.1743,-2.0E-5,0,0,0,0,0,0,-1.1743,-2.0E-5,-3.74609,-2.0E-5,-2.94116,-4.0E-5,-2.94116,-4.0E-5,-2.94116,-4.0E-5,-2.94116,-4.0E-5,-2.94116]},{"time":1.6666,"vertices":[-3.4652,0,-3.5927,-6.0E-5,0,0,0,0,0,0,0,0,0,0,-3.19612,1.18257,-4.83234,-8.0E-5,-5.77378,-9.0E-5,-5.77378,-9.0E-5,-5.77378,-9.0E-5,-4.83234]},{"time":2}]},"MON40074_DL_7":{"MON40074_DL_7":[{"time":0},{"time":0.3333,"vertices":[-2.8653,0.10312,-2.8653,-0.10318,2.86549,-0.10318,2.86549,0.10312]},{"time":0.6666,"vertices":[-2.03569,-1.0E-5,-2.03569,-1.0E-5,2.03583,-1.0E-5,2.03582]},{"time":1},{"time":1.3333,"vertices":[-2.8653,0.10312,-2.8653,-0.10318,2.86549,-0.10318,2.86549,0.10312]},{"time":1.6666,"vertices":[-2.03569,-1.0E-5,-2.03569,-1.0E-5,2.03583,-1.0E-5,2.03582]},{"time":2}]},"MON40074_DL_8":{"MON40074_DL_8":[{"time":0,"vertices":[0.09033,-2.27551,0,0,0,0,0,0,0,2.83265,0,0,0,-3.95735,0,0,0,0,0,0,-0.09124,2.29853,-0.12044,3.03322,0,0,0.05646,-1.42221,0,2.88837,0,2.80481,-0.11131,2.80264,-0.07685,1.9354]},{"time":0.5,"vertices":[-0.1341,3.37582,0,3.6663,-0.14553,3.66347,0,3.96544,-0.69875,11.42769,0,0,-0.21842,-4.43885,-3.0E-5,-5.86338,-2.0E-5,-4.98358,0.19765,-4.97973,0.18929,-4.77125,-6.72041,-4.35332,-7.95429,-0.31588,-8.30073,10.02138,-2.47306,-2.04744,0,-2.50997,0.09956,-2.50803,0.10782,-2.71649]},{"time":1,"vertices":[0.09033,-2.27551,0,0,0,0,0,0,0,2.83265,0,0,0,-3.95735,0,0,0,0,0,0,-0.09124,2.29853,-0.12044,3.03322,0,0,0.05646,-1.42221,0,2.88837,0,2.80481,-0.11131,2.80264,-0.07685,1.9354]},{"time":1.5,"vertices":[-0.1341,3.37582,0,3.6663,-0.14553,3.66347,0,3.96544,-0.69875,11.42769,0,0,-0.21842,-4.43885,-3.0E-5,-5.86338,-2.0E-5,-4.98358,0.19765,-4.97973,0.18929,-4.77125,-6.72041,-4.35332,-7.95429,-0.31588,-8.30073,10.02138,-2.47306,-2.04744,0,-2.50997,0.09956,-2.50803,0.10782,-2.71649]},{"time":2,"vertices":[0.09033,-2.27551,0,0,0,0,0,0,0,2.83265,0,0,0,-3.95735,0,0,0,0,0,0,-0.09124,2.29853,-0.12044,3.03322,0,0,0.05646,-1.42221,0,2.88837,0,2.80481,-0.11131,2.80264,-0.07685,1.9354]}]},"MON40074_DL_9":{"MON40074_DL_9":[{"time":0},{"time":0.3333,"vertices":[1.49302,-1.17021,1.27663,-1.40312,-6.37388,5.34967,-3.44105,-5.58775,-2.26013,-6.16134,-5.50606,3.56798,-4.90807,-7.37861,-3.41147,-8.13742,-8.19168,3.61081,-7.5651,4.85621,-8.68808,-5.79924,-7.43852,-7.35226,-7.14796,7.55771,-5.86611,8.56286,-9.39838,-4.38007,-8.4133,-6.1221,-5.79646,8.47506,-4.35754,9.24356,-2.07223,-6.15328,-5.42105,2.66371,-0.87753,-5.54534,1.37365,1.30882,1.08572,1.55617,1.37365,1.30882,1.08572,1.55617,-2.26711,0.53387,0.20118,2.32003,-1.07657,-0.25603,-0.40859,1.0282,-0.84703,-0.03733,-0.15911,0.83265,-0.72951,-1.07989,-1.17361,0.566,-0.64928,-2.54291,-2.60946,0.27559,-4.84352,-2.57464,-5.2055,-1.7297,-2.4577,-2.65453,-1.91344,-3.06502,-4.98357,-1.50723,-4.63465,-2.39724,-2.39597,4.58302,-1.68687,4.86977,-5.18076,-4.65483,-4.20069,-5.57153,-5.4094,4.32695,-4.64359,5.11528,-2.9422,-3.94677,-2.20625,-4.38575,-4.50494,2.06205,-4.19014,2.66889,-0.34756,-0.43545,-0.41542,-0.37132]},{"time":0.6666,"vertices":[-1.72259,1.19306,-1.57423,1.38724,-6.51604,-1.88203,3.9436,-8.13616,5.35701,-7.38734,-7.56041,-4.33872,2.02988,-8.06118,3.45383,-7.61871,-7.36701,-3.53346,-7.73037,-2.43175,-5.8387,-1.92093,-5.35812,-2.96452,-2.95022,5.45263,-2.09365,5.85814,-7.48199,4.83171,-8.13816,3.38874,3.33296,8.50361,4.56138,8.02734,-3.85563,3.68252,4.24959,3.60466,-2.53611,2.81264,-1.59388,-1.36063,-1.36396,-1.59409,-1.59388,-1.36063,-1.36396,-1.59409,-4.88592,-3.62314,-4.52218,3.95846,-2.81899,-2.14306,-2.6734,2.29227,-2.70422,-2.03371,-2.54866,2.19449,-2.64546,-2.55499,-3.05591,2.06117,-2.60534,-3.2865,-3.77383,1.91597,-4.89086,0.49084,-4.8153,1.22394,-3.20879,-1.927,-2.8067,-2.45881,-4.2411,-0.56683,-4.07314,-1.31065,-1.40269,4.03845,-0.81556,4.19359,-5.12501,-3.70586,-4.36521,-4.57348,-4.60924,4.33,-3.92342,4.95682,-1.46416,-3.40564,-0.85384,-3.60338,-3.64743,0.70752,-3.52055,1.19808,-2.88884,-0.38541,-2.92114]},{"time":1},{"time":1.3333,"vertices":[1.49302,-1.17021,1.27663,-1.40312,-6.37388,5.34967,-3.44105,-5.58775,-2.26013,-6.16134,-5.50606,3.56798,-4.90807,-7.37861,-3.41147,-8.13742,-8.19168,3.61081,-7.5651,4.85621,-8.68808,-5.79924,-7.43852,-7.35226,-7.14796,7.55771,-5.86611,8.56286,-9.39838,-4.38007,-8.4133,-6.1221,-5.79646,8.47506,-4.35754,9.24356,-2.07223,-6.15328,-5.42105,2.66371,-0.87753,-5.54534,1.37365,1.30882,1.08572,1.55617,1.37365,1.30882,1.08572,1.55617,-2.26711,0.53387,0.20118,2.32003,-1.07657,-0.25603,-0.40859,1.0282,-0.84703,-0.03733,-0.15911,0.83265,-0.72951,-1.07989,-1.17361,0.566,-0.64928,-2.54291,-2.60946,0.27559,-4.84352,-2.57464,-5.2055,-1.7297,-2.4577,-2.65453,-1.91344,-3.06502,-4.98357,-1.50723,-4.63465,-2.39724,-2.39597,4.58302,-1.68687,4.86977,-5.18076,-4.65483,-4.20069,-5.57153,-5.4094,4.32695,-4.64359,5.11528,-2.9422,-3.94677,-2.20625,-4.38575,-4.50494,2.06205,-4.19014,2.66889,-0.34756,-0.43545,-0.41542,-0.37132]},{"time":1.6666,"vertices":[-1.72259,1.19306,-1.57423,1.38724,-6.51604,-1.88203,3.9436,-8.13616,5.35701,-7.38734,-7.56041,-4.33872,2.02988,-8.06118,3.45383,-7.61871,-7.36701,-3.53346,-7.73037,-2.43175,-5.8387,-1.92093,-5.35812,-2.96452,-2.95022,5.45263,-2.09365,5.85814,-7.48199,4.83171,-8.13816,3.38874,3.33296,8.50361,4.56138,8.02734,-3.85563,3.68252,4.24959,3.60466,-2.53611,2.81264,-1.59388,-1.36063,-1.36396,-1.59409,-1.59388,-1.36063,-1.36396,-1.59409,-4.88592,-3.62314,-4.52218,3.95846,-2.81899,-2.14306,-2.6734,2.29227,-2.70422,-2.03371,-2.54866,2.19449,-2.64546,-2.55499,-3.05591,2.06117,-2.60534,-3.2865,-3.77383,1.91597,-4.89086,0.49084,-4.8153,1.22394,-3.20879,-1.927,-2.8067,-2.45881,-4.2411,-0.56683,-4.07314,-1.31065,-1.40269,4.03845,-0.81556,4.19359,-5.12501,-3.70586,-4.36521,-4.57348,-4.60924,4.33,-3.92342,4.95682,-1.46416,-3.40564,-0.85384,-3.60338,-3.64743,0.70752,-3.52055,1.19808,-2.88884,-0.38541,-2.92114]},{"time":2}]}}}}}}