{"skeleton":{"hash":"hXjcIG/Ae+ejZGXhm6wo/sj17ks","spine":"3.1.03","width":227.48,"height":229.71},"bones":[{"name":"root"},{"name":"bone","parent":"root","x":10.29,"y":68.38},{"name":"MON30081_DL_14","parent":"bone","length":10.25,"x":-10.6,"y":-4.67,"rotation":85.2},{"name":"bone2","parent":"MON30081_DL_14","length":12.45,"x":10.25,"rotation":-26.65},{"name":"MON30081_DL_0","parent":"bone2","length":28.17,"x":18.09,"y":-11,"rotation":-25.05},{"name":"bone3","parent":"bone2","length":9.35,"x":12.45,"y":0.04,"rotation":30.54},{"name":"MON30081_DL_12","parent":"bone3","length":42.16,"x":9.2,"y":0.41,"rotation":0.99},{"name":"MON30081_DL_1","parent":"MON30081_DL_12","length":23.81,"x":76.17,"y":-8.73,"rotation":145.58},{"name":"MON30081_DL_2","parent":"MON30081_DL_12","length":24.84,"x":75.85,"y":-11.09,"rotation":-149.48},{"name":"MON30081_DL_7","parent":"bone2","length":19.37,"x":15.72,"y":-9.58,"rotation":-121.17},{"name":"MON30081_DL_5","parent":"MON30081_DL_7","length":17.36,"x":18.99,"y":0.25,"rotation":-15.06},{"name":"MON30081_DL_3","parent":"MON30081_DL_5","length":10.71,"x":17.35,"y":-0.18,"rotation":-3.59},{"name":"MON30081_DL_4","parent":"bone3","length":14.82,"x":0.71,"y":1.64,"rotation":95.76},{"name":"MON30081_DL_6","parent":"MON30081_DL_12","length":39.14,"x":54.75,"y":11.84,"rotation":42.29},{"name":"MON30081_DL_011","parent":"MON30081_DL_12","length":12.55,"x":16.62,"y":12.52,"rotation":2.56},{"name":"MON30081_DL_11","parent":"MON30081_DL_12","length":42.27,"x":78.61,"y":1.45,"rotation":127.22},{"name":"MON30081_DL_012","parent":"MON30081_DL_12","length":6.66,"x":5.11,"y":10.43,"rotation":178.02},{"name":"MON30081_DL_13","parent":"bone2","length":6.97,"x":-2.31,"y":2.86,"rotation":31.23},{"name":"MON30081_DL_15","parent":"MON30081_DL_14","length":13.97,"x":-1.38,"y":-0.25,"scaleX":0.92,"rotation":-178.19},{"name":"MON30081_DL_16","parent":"MON30081_DL_14","length":14.21,"x":-1.55,"y":-11.97,"rotation":-143.31},{"name":"MON30081_DL_17","parent":"MON30081_DL_14","length":14.04,"x":-3.82,"y":6.79,"rotation":163.27},{"name":"MON30081_DL_18","parent":"bone2","length":20.6,"x":4.7,"y":5.87,"rotation":179.83},{"name":"MON30081_DL_19","parent":"MON30081_DL_18","length":17.89,"x":19.44,"y":0.16,"rotation":-1.59},{"name":"MON30081_DL_20","parent":"MON30081_DL_19","length":7.08,"x":17.72,"y":-0.13,"rotation":7.33},{"name":"MON30081_DL_21","parent":"bone","length":25.61,"x":0.26,"y":-16.47,"rotation":-80.92},{"name":"MON30081_DL_22","parent":"MON30081_DL_20","length":48.61,"x":3.76,"y":-0.17,"rotation":-88.55},{"name":"MON30081_DL_23","parent":"MON30081_DL_21","length":29.84,"x":25.1,"y":0.06,"rotation":-3.06},{"name":"MON30081_DL_24","parent":"bone","length":25.86,"x":-14.94,"y":-16.97,"rotation":-108.52},{"name":"MON30081_DL_25","parent":"MON30081_DL_12","length":19.86,"x":31.66,"y":-22.93,"rotation":-174.31},{"name":"MON30081_DL_26","parent":"MON30081_DL_25","length":21.47,"x":19,"y":-0.34,"rotation":-3.24},{"name":"MON30081_DL_27","parent":"MON30081_DL_24","length":26.44,"x":25.36,"y":-0.14,"rotation":7.11},{"name":"MON30081_DL_28","parent":"MON30081_DL_12","length":19.06,"x":40.06,"y":33.2,"rotation":-156.85},{"name":"bone4","parent":"MON30081_DL_1","length":15.75,"x":24.28,"y":0.03,"rotation":12.76},{"name":"bone5","parent":"bone4","length":14.43,"x":15.28,"y":-0.19,"rotation":-5.87},{"name":"bone6","parent":"bone5","length":12.71,"x":14.43,"rotation":-15.7},{"name":"bone7","parent":"MON30081_DL_2","length":20.74,"x":24.84,"y":-0.11,"rotation":-16.78},{"name":"bone8","parent":"bone7","length":16.47,"x":20.74,"y":0.02,"rotation":-11.8},{"name":"bone9","parent":"bone8","length":18.81,"x":16.47,"rotation":-12.57},{"name":"bone10","parent":"MON30081_DL_11","length":20.5,"x":42.27,"y":-0.17,"rotation":31.35},{"name":"bone11","parent":"bone10","length":15.55,"x":20.5,"y":-0.09,"rotation":23.51},{"name":"bone12","parent":"bone11","length":13.73,"x":15.54,"y":-0.27,"rotation":35.84},{"name":"bone13","parent":"bone12","length":8.31,"x":13.26,"y":-0.29,"rotation":-14.78},{"name":"bone14","parent":"MON30081_DL_26","length":15.61,"x":21.47,"rotation":-4.8},{"name":"bone15","parent":"bone14","length":14.08,"x":15.61,"rotation":0.43},{"name":"bone16","parent":"bone15","length":12.57,"x":14.08,"rotation":4.34},{"name":"bone17","parent":"bone16","length":14.24,"x":12.57,"rotation":5.73},{"name":"bone18","parent":"MON30081_DL_28","length":16.27,"x":19.06,"y":-0.05,"rotation":-13.77},{"name":"bone19","parent":"bone18","length":13.28,"x":16.27,"rotation":-20.62},{"name":"fx_skill_dian","parent":"MON30081_DL_22","length":9.73,"x":81.72,"y":-1.17,"scaleX":2,"scaleY":2,"rotation":91.21},{"name":"fx_wuqi","parent":"MON30081_DL_22","length":23.67,"x":86.35,"y":-2.99,"rotation":-4.83},{"name":"shadow","parent":"root","length":19.74,"x":-0.11,"y":-3.36,"rotation":-90}],"slots":[{"name":"BG3","bone":"root","color":"ffffff71"},{"name":"shadow","bone":"shadow","attachment":"shadow"},{"name":"MON30081_DL_25","bone":"MON30081_DL_26","attachment":"MON30081_DL_25"},{"name":"MON30081_DL_23","bone":"MON30081_DL_28","attachment":"MON30081_DL_23"},{"name":"MON30081_DL_22","bone":"MON30081_DL_22","attachment":"MON30081_DL_22"},{"name":"MON30081_DL_21","bone":"MON30081_DL_24","attachment":"MON30081_DL_21"},{"name":"MON30081_DL_20","bone":"MON30081_DL_27","attachment":"MON30081_DL_20"},{"name":"MON30081_DL_19","bone":"MON30081_DL_21","attachment":"MON30081_DL_19"},{"name":"MON30081_DL_18","bone":"MON30081_DL_23","attachment":"MON30081_DL_18"},{"name":"MON30081_DL_17","bone":"MON30081_DL_18","attachment":"MON30081_DL_17"},{"name":"MON30081_DL_16","bone":"MON30081_DL_19","attachment":"MON30081_DL_16"},{"name":"MON30081_DL_15","bone":"MON30081_DL_20","attachment":"MON30081_DL_15"},{"name":"MON30081_DL_14","bone":"MON30081_DL_17","attachment":"MON30081_DL_14"},{"name":"MON30081_DL_13","bone":"MON30081_DL_13","attachment":"MON30081_DL_13"},{"name":"MON30081_DL_12","bone":"MON30081_DL_12","attachment":"MON30081_DL_12"},{"name":"MON30081_DL_012","bone":"MON30081_DL_012","attachment":"MON30081_DL_016"},{"name":"MON30081_DL_011","bone":"MON30081_DL_011"},{"name":"MON30081_DL_11","bone":"MON30081_DL_11","attachment":"MON30081_DL_11"},{"name":"MON30081_DL_7","bone":"MON30081_DL_7","attachment":"MON30081_DL_7"},{"name":"MON30081_DL_6","bone":"MON30081_DL_6","attachment":"MON30081_DL_6"},{"name":"MON30081_DL_5","bone":"MON30081_DL_5","attachment":"MON30081_DL_5"},{"name":"MON30081_DL_4","bone":"MON30081_DL_4","attachment":"MON30081_DL_4"},{"name":"MON30081_DL_3","bone":"MON30081_DL_3","attachment":"MON30081_DL_3"},{"name":"MON30081_DL_2","bone":"MON30081_DL_2","attachment":"MON30081_DL_2"},{"name":"MON30081_DL_1","bone":"MON30081_DL_1","attachment":"MON30081_DL_1"},{"name":"MON30081_DL_0","bone":"MON30081_DL_0","attachment":"MON30081_DL_0"},{"name":"fx_wuqi","bone":"fx_wuqi","blend":"additive"},{"name":"fx_skill_dian","bone":"fx_skill_dian","blend":"additive"}],"skins":{"default":{"MON30081_DL_0":{"MON30081_DL_0":{"x":15.62,"y":3.92,"rotation":-32.86,"width":44,"height":55}},"MON30081_DL_011":{"MON30081_DL_011":{"x":9.11,"y":-8.94,"rotation":-92.33,"width":54,"height":21},"MON30081_DL_013":{"x":9.11,"y":-8.94,"rotation":-92.33,"width":55,"height":26}},"MON30081_DL_012":{"MON30081_DL_012":{"x":2.41,"y":2.61,"rotation":92.21,"width":14,"height":8},"MON30081_DL_014":{"x":2.41,"y":2.61,"rotation":92.21,"width":16,"height":11},"MON30081_DL_015":{"x":2.71,"y":2.35,"rotation":92.21,"width":16,"height":10},"MON30081_DL_016":{"x":0.89,"y":1.97,"rotation":92.21,"width":16,"height":9}},"MON30081_DL_1":{"MON30081_DL_1":{"type":"weightedmesh","uvs":[1,0.44914,0.82693,0.69162,0.57362,0.87441,0.3148,1,0,1,0,0.87068,0.08352,0.73639,0.18264,0.45288,0.35335,0.21786,0.67825,0,1,0,0.60957,0.3836,0.46643,0.60683,0.29636,0.82539],"triangles":[4,13,3,3,13,2,13,5,6,13,4,5,13,12,2,2,12,1,13,6,7,12,13,7,12,11,1,1,11,0,7,8,12,12,8,11,11,10,0,11,9,10,11,8,9],"vertices":[3,7,18.2,16.29,0.60903,32,-2.33,17.2,0.3826,33,-19.29999,15.5,0.00835,3,7,34.68999,18.93,0.03678,32,14.32,16.14,0.59933,33,-2.61999,16.15,0.36386,3,32,28.83,10.56,0.03986,33,12.38,12.08,0.77722,34,-5.23999,11.08,0.1829,2,33,24.36,6.15,0.04721,34,7.89,8.60999,0.95278,1,34,17.03,-0.94,1,2,33,23.49,-9.28,0.00811,34,11.23,-6.48,0.99188,3,32,28.68,-11.72,0.01551,33,14.49,-10.1,0.43961,34,2.79,-9.7,0.54486,3,7,38.04,-11.72,0.02847,32,10.83,-14.5,0.74473,33,-2.97,-14.68,0.22678,2,7,21.99,-14.18,0.66289,32,-5.36,-13.36,0.3371,1,7,3.11,-10.73,1,1,7,-4.62,0.34,1,2,7,24.26,0.52,0.5,32,0.08,0.48,0.5,2,32,15.17,0.13,0.5,33,-0.14,0.31,0.5,2,33,15.16,0.38,0.5,34,0.6,0.56,0.5],"hull":11}},"MON30081_DL_11":{"MON30081_DL_11":{"type":"weightedmesh","uvs":[0.95713,0.02178,1,0.04559,1,0.19031,0.85895,0.25841,0.66624,0.43931,0.51696,0.63084,0.43553,0.77556,0.46267,0.85856,0.47353,0.9373,0.43553,1,0.37573,1,0.30796,1,0.21839,0.91389,0,0.81174,0,0.733,0,0.43718,0.12883,0.2201,0.31611,0.05623,0.44367,0,0.89423,0,0.30171,0.35482,0.21059,0.57011,0.20612,0.74467,0.31265,0.86564,0.59966,0.12472],"triangles":[11,12,23,8,10,23,8,23,7,11,23,10,9,10,8,6,22,21,23,22,6,23,6,7,12,22,23,13,22,12,14,15,21,22,14,21,5,6,21,13,14,22,15,16,20,21,15,20,21,20,5,24,18,19,24,19,0,17,18,24,0,1,2,3,24,0,2,3,0,20,16,17,20,17,24,4,24,3,20,24,4,5,20,4],"vertices":[1,15,-10.75,3.12,1,1,15,-11.84,6.58,1,1,15,-4.13,16.71999,1,1,15,7.23,15.6,1,4,15,27.45,20.23,0.82955,38,-2.03,25.14,0.1438,39,-10.59,32.14,0.01542,40,-2.2,41.58,0.01121,4,15,45.85,27.42,0.12049,38,17.42,21.7,0.37102,39,5.86,21.22,0.28865,40,4.73999,23.09,0.21982,5,15,58.03,34.16,0.00212,38,31.32,21.11,0.03393,39,18.37999,15.13,0.14809,40,11.33,10.83,0.67211,41,-4.69999,10.26,0.14369,4,38,37.43999,25.52,0.00144,39,25.75,16.73,0.00887,40,18.24,7.81,0.28591,41,2.74,9.1,0.70376,1,41,9.39999,7.06,1,1,41,13.44,2.47,1,1,41,11.81,-1.30999,1,1,41,9.97,-5.61,1,3,39,29.99,-0.28,5.5E-4,40,11.7,-8.47,0.63528,41,0.57,-8.3,0.36416,3,15,83.87999,18.51,0,39,20.45,-15.01,0.5991,40,-4.64,-14.82,0.40089,4,15,79.69,12.99,0,38,38.8,-8.22,0.01383,39,13.53,-14.75,0.76731,40,-10.10999,-10.55,0.21884,4,15,63.94,-7.73,0.01695,38,14.56,-17.71999,0.85258,39,-12.48,-13.79,0.13038,40,-30.63,5.45,6.0E-5,3,15,45.3,-17.56,0.55806,38,-6.45,-16.41,0.44193,40,-40.22,24.21,0,2,15,26.29,-21.22,0.97659,38,-24.6,-9.64999,0.0234,2,15,16.29,-19.83,1,40,-42.12,53.26,0,1,15,-8.46,-1.02,1,2,15,42.98,-0.9,0.5,38,0.22,-0.98,0.5,2,38,20.15,0.07,0.5,39,-0.25,0.29,0.5,2,39,15.08,-0.58,0.5,40,-0.55,0.02,0.5,2,40,12.36,-0.73,0.5,41,-0.76,-0.64999,0.5,2,15,10.31,1.54,1,40,-20.67,58.95,0],"hull":20}},"MON30081_DL_12":{"MON30081_DL_12":{"x":52.17,"y":-7.9,"rotation":-89.77,"width":132,"height":121}},"MON30081_DL_13":{"MON30081_DL_13":{"x":1.56,"y":-2.15,"rotation":-88.86,"width":21,"height":13}},"MON30081_DL_14":{"MON30081_DL_14":{"type":"weightedmesh","uvs":[0.8071,0.04985,0.81376,0.09891,1,0.13146,1,0.27904,1,0.42878,0.83255,0.50691,0.75202,0.53729,0.76008,0.58287,1,0.75648,1,1,0.373,1,0,1,0,0.75214,0.09171,0.59589,0.08903,0.39189,0.25813,0.14015,0.42187,0.12061,0.42328,0.05743,0.42455,0,0.60929,0,0.80034,0,0.60774,0.18813,0.39292,0.62802,0.6526,0.62246,0.2236,0.62159,0.41382,0.38321,0.48361,0.18138,0.76276,0.151,0.65003,0.37019,0.60869,0.07302,0.13701,0.76813,0.3851,0.77413,0.8012,0.78395],"triangles":[12,13,30,11,12,30,11,30,10,32,7,8,32,8,9,9,10,32,10,30,31,10,31,32,19,17,18,29,17,19,29,19,20,29,20,0,26,16,17,27,29,0,27,0,1,29,26,17,21,26,29,21,29,27,1,2,3,28,21,27,3,28,27,3,27,1,25,15,16,25,16,26,21,28,25,21,25,26,14,15,25,5,28,3,4,5,3,6,28,5,30,13,24,23,7,32,23,28,6,23,6,7,25,24,14,22,24,25,23,22,25,24,13,14,25,28,23,31,24,22,31,22,23,32,31,23,30,24,31],"vertices":[1,3,21.68,-3.57,1,1,3,19.95,-4.96,1,1,3,22.3,-11.89,1,2,2,17.95,-21.34,0.0223,3,16.45,-15.62,0.97769,2,2,10.94,-22.05,0.07095,3,10.52,-19.4,0.92904,2,2,6.64,-16.1,0.20171,3,4,-16.01,0.79828,2,2,4.92999,-13.2,0.38305,3,1.16999,-14.18,0.61694,1,2,2.85,-13.96,1,1,19,9.22,7.66,1,1,19,19.04999,1.79,1,1,18,18.54,0.67,1,1,20,16.93,-1.38,1,1,20,6.17,-5.85,1,1,2,-0.39,11.47,1,2,2,9.13,12.55,0.69662,3,-6.62,10.71,0.30337,1,3,6.8,11.65,1,2,2,23.11,1.27,0.00442,3,10.92,6.9,0.99557,1,3,13.45,8.45,1,1,3,15.76,9.85999,1,1,3,19.53,3.94,1,2,3,23.43,-2.17,0.98967,19,-25.19,19.37,0.01032,1,3,12.5,-0.34,1,1,2,-0.72,-0.06,1,1,2,0.54,-9.85,1,1,2,-1.08,6.36,1,2,2,10.8,0.31,0.5,3,0.35,0.52,0.5,1,3,9.77,3.39,1,2,3,16.93,-4.56,0.97202,19,-20.12999,14.63,0.02797,2,2,12.62,-8.46,0.12925,3,5.92,-6.5,0.87074,2,3,16.79999,2.28,0.99916,19,-26.2,11.45,8.3E-4,1,20,4.87,-0.76,1,1,18,6.61,0.11,1,1,19,6.45,0.51,1],"hull":21}},"MON30081_DL_15":{"MON30081_DL_15":{"x":4.36,"y":0.01,"scaleX":1.154,"scaleY":1.144,"rotation":122.43,"width":11,"height":11}},"MON30081_DL_16":{"MON30081_DL_16":{"x":5.65,"y":-2.52,"rotation":128.65,"width":19,"height":28}},"MON30081_DL_17":{"MON30081_DL_17":{"x":10.03,"y":-0.01,"rotation":127.11,"width":17,"height":21}},"MON30081_DL_18":{"MON30081_DL_18":{"x":13.15,"y":0.24,"rotation":85.62,"width":14,"height":36}},"MON30081_DL_19":{"MON30081_DL_19":{"x":13.07,"y":-0.13,"rotation":82.57,"width":16,"height":30}},"MON30081_DL_2":{"MON30081_DL_2":{"type":"weightedmesh","uvs":[0.79448,0.09448,1,0.24692,1,0.49735,1,0.72818,1,0.86102,0.75936,1,0.64291,1,0.47844,1,0.42577,0.81311,0.19752,0.85013,0.2619,0.5605,0.16826,0.32531,0.08837,0.22709,0,0.11843,0,0,0.10354,0,0.47844,0,0.622,0.27933,0.77135,0.51866,0.7679,0.71033,0.43639,0.17933],"triangles":[4,5,19,5,6,19,19,6,8,6,7,8,19,3,4,9,10,8,19,8,18,19,18,3,18,2,3,18,8,10,10,17,18,10,11,17,2,18,1,18,17,1,11,20,17,11,12,20,17,0,1,17,20,0,12,15,20,12,13,15,20,16,0,20,15,16,13,14,15],"vertices":[3,8,13.84,13.11,0.97412,35,-14.35,9.49,0.02586,36,-36.29,2.09999,1.0E-5,3,8,28.47,12.1,0.40274,35,-0.05,12.75,0.59721,36,-22.96,8.21,4.0E-5,2,35,20.86,7.62,0.6014,36,-1.43,7.46,0.39858,2,36,18.4,6.76,0.34421,37,0.41,7.02,0.65578,1,37,11.64,9.10999,1,1,37,24.8,3.73,1,1,37,25.49,0.06,1,1,37,26.45,-5.1,1,3,35,42.85,-16.7,3.7E-4,36,25.06,-11.85,0.06894,37,10.96,-9.7,0.93066,2,36,27.99,-19.26,0.10246,37,15.42,-16.29999,0.89753,4,8,39.66999,-21.94,0.00289,35,20.5,-16.61,0.44007,36,3.16,-16.33,0.47971,37,-9.43999,-18.84,0.07731,3,8,20.73,-14.23,0.57987,35,0.14,-14.7,0.41888,36,-17.15,-18.62,0.00124,2,8,12.16,-12.13,0.94567,35,-8.66,-15.16,0.05432,1,8,2.68,-9.82,1,1,8,-6.08,-4.63,1,1,8,-4.4,-1.78,1,2,8,1.7,8.54,0.99999,36,-44.77,-7.71,0,2,8,24.72,0.27,0.5,35,-0.23,0.34,0.5,2,35,20.89,0.07,0.5,36,0.13,0.08,0.5,2,36,16.61,-0.6,0.5,37,0.26,-0.56,0.5,1,8,14.29,-0.46,1],"hull":17}},"MON30081_DL_20":{"MON30081_DL_20":{"x":10.98,"y":-0.22,"rotation":101.4,"width":16,"height":35}},"MON30081_DL_21":{"MON30081_DL_21":{"x":13.53,"y":1.28,"rotation":108.57,"width":19,"height":30}},"MON30081_DL_22":{"MON30081_DL_22":{"x":33.7,"y":-4.22,"rotation":-145.61,"width":168,"height":130}},"MON30081_DL_23":{"MON30081_DL_23":{"type":"weightedmesh","uvs":[1,0.12971,1,0.35203,1,0.67072,1,0.88108,0.81278,1,0.65333,1,0.456,1,0.52204,0.70217,0.27761,0.48284,0,0.29444,0,0,0.23648,0,0.79394,0,0.69463,0.40195,0.8257,0.69874],"triangles":[14,2,3,5,7,14,4,5,14,6,7,5,3,4,14,14,13,1,2,14,1,7,8,13,7,13,14,9,10,11,13,12,0,13,11,12,1,13,0,8,9,11,13,8,11],"vertices":[1,31,8.42,11.22,1,2,31,19.45999,6.51,0.63166,46,-1.16999,6.47,0.36833,2,46,15.8,3.67,0.67281,47,-1.72,3.27,0.32718,1,47,9.41,5.49,1,2,46,32.68,-3.27,0,47,16.51,2.7,1,2,46,32.11,-6.73,0,47,17.2,-0.73,0.99999,2,46,31.4,-11.02,0,47,18.04,-4.98999,0.99999,2,46,15.77,-6.97,0.47271,47,1.98,-6.7,0.52727,2,31,19.71999,-10.87,0.38022,46,3.21,-10.35,0.61977,2,31,7.97,-12.5,0.97205,46,-7.82,-14.72,0.02794,2,31,-6.65,-6.26,0.99999,46,-23.51,-12.14,0,2,31,-4.61,-1.47,0.99999,46,-22.66,-7,0,1,31,0.2,9.8,1,2,31,19.29999,-0.72,0.28044,46,0.39,-0.58999,0.71954,2,46,16.67,-0.35,0.5,47,0.5,-0.18,0.5],"hull":13}},"MON30081_DL_25":{"MON30081_DL_25":{"type":"weightedmesh","uvs":[1,0.14363,0.95309,0.20884,1,0.24009,1,0.36507,0.91532,0.40854,1,0.49005,0.85395,0.58922,1,0.64899,0.86795,0.74329,0.91752,0.82616,0.82782,0.92397,0.69562,1,0.62024,1,0.52093,1,0.49497,0.94435,0.33444,0.86963,0.38874,0.73106,0.2589,0.65499,0.37945,0.61095,0.27086,0.55118,0.09381,0.46288,0,0.35827,0,0.26861,0,0.06756,0.29683,0,0.40493,0,1,0,0.51417,0.23826,0.56542,0.44825,0.60982,0.59543,0.63375,0.72103,0.64063,0.84467],"triangles":[10,31,9,14,15,31,12,13,14,31,12,14,11,12,31,10,11,31,31,30,8,31,8,9,31,15,16,31,16,30,30,29,6,16,18,29,16,29,30,17,18,16,8,6,7,30,6,8,19,20,28,6,28,4,6,4,5,29,28,6,18,19,28,29,18,28,20,21,22,1,2,3,4,27,1,4,1,3,28,27,4,27,20,22,20,27,28,26,27,25,0,1,26,1,27,26,22,23,24,27,22,24,27,24,25],"vertices":[1,28,11.05,30.15,1,2,28,17.66,26.65,0.47763,29,0.28,27.03,0.52236,3,28,21.23,29.19,0.31008,29,3.99,29.34,0.52508,42,-17.71999,29.2,0.16481,3,28,34.41999,27.94,0.09213,29,17.08,27.31,0.5296,42,-4.61,27.27,0.37825,4,28,38.52,22.36,0.01778,29,20.84,21.49,0.43929,42,-0.81,21.49,0.53612,43,-17.33,20.77,0.00679,5,28,47.6,26.69,-0.00939,29,30.17,25.27,0.21364,42,8.47999,25.34,0.67982,43,-8.2,25.02,0.11432,44,-23.98,23.4,0.00161,4,29,39.18999,14.85,0.01915,42,17.59,15,0.44435,43,1.33,15.07,0.48691,44,-13.77,14.15,0.04956,5,29,46.82,22.68,7.1E-4,42,25.15,22.89,0.2099,43,8.55,23.28,0.60232,44,-7.14,22.84,0.18527,45,-21.71,20.96999,0.00177,4,42,33.87,13.46,0.01711,43,17.66,14.24,0.47203,44,2.57,14.46,0.42434,45,-11.26,13.5,0.0865,3,43,26.71,16.34,0.23498,44,11.45,17.19,0.36805,45,-2.67,17.02,0.39696,3,43,36.46,9.82,0.05921,44,21.63,11.37,0.09934,45,7.99,12.15,0.84143,2,43,43.64,0.97,0.00405,45,16.5,4.56,0.99594,1,45,16.76,-0.02,1,2,43,42.54,-9.62,0.00981,45,17.11,-6.07,0.99018,2,43,36.50999,-10.58,0.03258,45,11.31,-7.99,0.96741,4,42,42.38,-20.67,0.00527,43,27.62,-19.51,0.13398,44,14.87,-18.51,0.28208,45,3.96,-18.21999,0.57866,4,42,28.33,-15.26,0.09302,43,13.35,-14.7,0.43257,44,0.3,-14.71,0.42224,45,-10.88,-15.75,0.05215,5,29,40.49,-22.08,5.3E-4,42,19.2,-21.92,0.33048,43,4.52,-21.74,0.45957,44,-8.01,-22.35,0.20473,45,-18.48,-24.12,0.00466,4,29,37.00999,-14.09,0.02291,42,15.65,-13.97,0.48447,43,0.63,-13.95,0.41409,44,-12.43,-14.85,0.07852,5,28,49.87,-18.19,0.04089,29,29.73,-19.66,0.21564,42,8.42,-19.6,0.65335,43,-6.34,-19.87999,0.0837,44,-18.99,-21.26,0.0064,4,28,39.53,-28.06,0.17848,29,18.82,-28.9,0.50461,42,-2.4,-28.92,0.31059,43,-16.77,-29.66,0.00629,3,28,27.95,-32.71,0.34891,29,6.99,-32.84999,0.49665,42,-14.21,-32.97,0.15443,2,28,18.49,-31.82,0.55264,29,-2.39,-31.39,0.44734,1,28,-2.72,-29.81,1,1,28,-8.14,-11.11,1,1,28,-7.52,-4.54,1,1,28,-4.1,31.58,1,2,28,18.24,-0.29,0.5,29,-0.75,0.09,0.5,2,29,21.72,-0.23,0.5,42,0.24,-0.23,0.5,2,42,16.07,0.17,0.5,43,0.45,0.19,0.5,2,43,13.84,0.27,0.5,44,-0.25,0.26,0.5,2,44,12.85,0.24,0.5,45,0.25,0.27,0.5],"hull":27}},"MON30081_DL_3":{"MON30081_DL_3":{"x":5.93,"y":-0.65,"scaleX":1.111,"scaleY":1.071,"rotation":88.87,"width":12,"height":14}},"MON30081_DL_4":{"MON30081_DL_4":{"type":"mesh","uvs":[1,0.33624,1,0.73624,0.84061,0.90981,0.70303,1,0.48326,1,0.22861,1,0,1,0,0.55053,0,0,0.23559,0,0.45535,0,0.72396,0,1,0,0.47219,0.60325,0.75225,0.46157,0.22812,0.576],"triangles":[11,12,0,14,11,0,7,8,9,15,7,9,10,11,14,15,9,10,10,13,15,14,13,10,14,0,1,2,14,1,13,14,2,6,7,15,5,15,13,4,5,13,6,15,5,13,3,4,2,3,13],"vertices":[-21.32,-3.77,-20.75,4.61,-13.19,7.09,-7.63,9.25,1.79,8.6,12.72,7.85,22.52,7.17,21.87,-2.23,21.08,-13.77,10.97,-13.07,1.54,-12.42,-9.97,-11.63,-21.81,-10.81,1.69,0.26,-10.52,-1.87,12.12,-1.03],"hull":13}},"MON30081_DL_5":{"MON30081_DL_5":{"x":5.78,"y":0.22,"rotation":85.3,"width":18,"height":29}},"MON30081_DL_6":{"MON30081_DL_6":{"x":18.23,"y":-1.95,"rotation":-132.1,"width":35,"height":52}},"MON30081_DL_7":{"MON30081_DL_7":{"x":9.24,"y":-0.19,"rotation":66.25,"width":14,"height":24}},"fx_skill_dian":{"wuqidian1_00008":{"rotation":113.35,"width":90,"height":99},"wuqidian1_00009":{"rotation":113.35,"width":90,"height":99},"wuqidian1_00010":{"rotation":113.35,"width":90,"height":99},"wuqidian1_00011":{"rotation":113.35,"width":90,"height":99},"wuqidian1_00012":{"rotation":113.35,"width":90,"height":99},"wuqidian1_00013":{"rotation":113.35,"width":90,"height":99},"wuqidian2_00018":{"rotation":113.35,"width":76,"height":88},"wuqidian2_00019":{"rotation":113.35,"width":76,"height":88},"wuqidian2_00020":{"rotation":113.35,"width":76,"height":88},"wuqidian2_00021":{"rotation":113.35,"width":76,"height":88},"wuqidian2_00022":{"rotation":113.35,"width":76,"height":88},"wuqidian2_00023":{"rotation":113.35,"width":76,"height":88}},"fx_wuqi":{"wuqi_00000":{"x":14.84,"scaleX":2,"scaleY":2,"rotation":-150.51,"width":44,"height":42}},"shadow":{"shadow":{"x":-1.48,"y":-1.06,"rotation":90,"width":85,"height":42}}}},"animations":{"wait_DL":{"slots":{"MON30081_DL_011":{"attachment":[{"time":0,"name":null},{"time":1.3333,"name":"MON30081_DL_011"},{"time":1.6,"name":null},{"time":2.4,"name":null}]},"fx_skill_dian":{"attachment":[{"time":0,"name":"wuqidian1_00008"},{"time":0.0333,"name":"wuqidian1_00009"},{"time":0.0666,"name":"wuqidian1_00010"},{"time":0.1,"name":"wuqidian1_00011"},{"time":0.1333,"name":"wuqidian1_00012"},{"time":0.1666,"name":"wuqidian1_00013"},{"time":0.2,"name":null},{"time":0.5,"name":"wuqidian2_00018"},{"time":0.5333,"name":"wuqidian2_00019"},{"time":0.5666,"name":"wuqidian2_00020"},{"time":0.6,"name":"wuqidian2_00021"},{"time":0.6333,"name":"wuqidian2_00022"},{"time":0.6666,"name":"wuqidian2_00023"},{"time":0.7,"name":null},{"time":1.2,"name":"wuqidian1_00008"},{"time":1.2333,"name":"wuqidian1_00009"},{"time":1.2666,"name":"wuqidian1_00010"},{"time":1.3,"name":"wuqidian1_00011"},{"time":1.3333,"name":"wuqidian1_00012"},{"time":1.3666,"name":"wuqidian1_00013"},{"time":1.4,"name":null},{"time":1.7,"name":"wuqidian2_00018"},{"time":1.7333,"name":"wuqidian2_00019"},{"time":1.7666,"name":"wuqidian2_00020"},{"time":1.8,"name":"wuqidian2_00021"},{"time":1.8333,"name":"wuqidian2_00022"},{"time":1.8666,"name":"wuqidian2_00023"},{"time":1.9,"name":null},{"time":2.4,"name":null}]},"fx_wuqi":{"attachment":[{"time":0,"name":"wuqi_00000"},{"time":0.0666,"name":null},{"time":0.1,"name":"wuqi_00000"},{"time":0.2333,"name":null},{"time":0.3333,"name":"wuqi_00000"},{"time":0.4,"name":null},{"time":0.4333,"name":"wuqi_00000"},{"time":0.5666,"name":null},{"time":0.6333,"name":"wuqi_00000"},{"time":0.6666,"name":null},{"time":0.7,"name":"wuqi_00000"},{"time":0.8,"name":null},{"time":0.8666,"name":"wuqi_00000"},{"time":1.0333,"name":null},{"time":1.1,"name":"wuqi_00000"},{"time":1.1666,"name":null},{"time":1.2,"name":"wuqi_00000"},{"time":1.3333,"name":null},{"time":1.3666,"name":"wuqi_00000"},{"time":1.4333,"name":null},{"time":1.4666,"name":"wuqi_00000"},{"time":1.6,"name":null},{"time":1.6666,"name":"wuqi_00000"},{"time":1.7,"name":null},{"time":1.7333,"name":"wuqi_00000"},{"time":1.8333,"name":null},{"time":1.9,"name":"wuqi_00000"},{"time":2.0666,"name":null},{"time":2.1,"name":"wuqi_00000"},{"time":2.2333,"name":null},{"time":2.2666,"name":"wuqi_00000"},{"time":2.3666,"name":null},{"time":2.4,"name":"wuqi_00000"}]}},"bones":{"root":{"rotate":[{"time":0,"angle":0,"curve":"stepped"},{"time":1.2,"angle":0,"curve":"stepped"},{"time":2.4,"angle":0}],"translate":[{"time":0,"x":0,"y":0,"curve":"stepped"},{"time":1.2,"x":0,"y":0,"curve":"stepped"},{"time":2.4,"x":0,"y":0}],"scale":[{"time":0,"x":1,"y":1,"curve":"stepped"},{"time":1.2,"x":1,"y":1,"curve":"stepped"},{"time":2.4,"x":1,"y":1}]},"bone":{"rotate":[{"time":0,"angle":0,"curve":"stepped"},{"time":1.2,"angle":0,"curve":"stepped"},{"time":2.4,"angle":0}],"translate":[{"time":0,"x":0,"y":0,"curve":"stepped"},{"time":1.2,"x":0,"y":0,"curve":"stepped"},{"time":2.4,"x":0,"y":0}],"scale":[{"time":0,"x":1,"y":1,"curve":"stepped"},{"time":1.2,"x":1,"y":1,"curve":"stepped"},{"time":2.4,"x":1,"y":1}]},"MON30081_DL_14":{"rotate":[{"time":0,"angle":0,"curve":[0.25,0,0.75,1]},{"time":0.6666,"angle":2.56,"curve":[0.25,0,0.75,1]},{"time":1.2,"angle":0,"curve":[0.25,0,0.75,1]},{"time":1.8666,"angle":2.56,"curve":[0.25,0,0.75,1]},{"time":2.4,"angle":0}],"translate":[{"time":0,"x":0,"y":0,"curve":[0.25,0,0.75,1]},{"time":0.6666,"x":-1.58,"y":-7.5,"curve":[0.25,0,0.75,1]},{"time":1.2,"x":0,"y":0,"curve":[0.25,0,0.75,1]},{"time":1.8666,"x":-1.58,"y":-7.5,"curve":[0.25,0,0.75,1]},{"time":2.4,"x":0,"y":0}],"scale":[{"time":0,"x":1,"y":1,"curve":"stepped"},{"time":1.2,"x":1,"y":1,"curve":"stepped"},{"time":2.4,"x":1,"y":1}]},"bone2":{"rotate":[{"time":0,"angle":0,"curve":"stepped"},{"time":1.2,"angle":0,"curve":"stepped"},{"time":2.4,"angle":0}],"translate":[{"time":0,"x":0,"y":0,"curve":"stepped"},{"time":1.2,"x":0,"y":0,"curve":"stepped"},{"time":2.4,"x":0,"y":0}],"scale":[{"time":0,"x":1,"y":1,"curve":"stepped"},{"time":1.2,"x":1,"y":1,"curve":"stepped"},{"time":2.4,"x":1,"y":1}]},"bone3":{"rotate":[{"time":0,"angle":0},{"time":0.7333,"angle":0.81},{"time":1.2,"angle":0},{"time":1.9333,"angle":0.81},{"time":2.4,"angle":0}],"translate":[{"time":0,"x":0,"y":0,"curve":"stepped"},{"time":1.2,"x":0,"y":0,"curve":"stepped"},{"time":2.4,"x":0,"y":0}],"scale":[{"time":0,"x":1,"y":1,"curve":"stepped"},{"time":1.2,"x":1,"y":1,"curve":"stepped"},{"time":2.4,"x":1,"y":1}]},"MON30081_DL_15":{"rotate":[{"time":0,"angle":0,"curve":"stepped"},{"time":1.2,"angle":0,"curve":"stepped"},{"time":2.4,"angle":0}],"translate":[{"time":0,"x":0,"y":0,"curve":"stepped"},{"time":1.2,"x":0,"y":0,"curve":"stepped"},{"time":2.4,"x":0,"y":0}],"scale":[{"time":0,"x":1,"y":1},{"time":0.4666,"x":0.841,"y":1},{"time":0.8666,"x":1.037,"y":1},{"time":1.2,"x":1,"y":1},{"time":1.6666,"x":0.841,"y":1},{"time":2.0666,"x":1.037,"y":1},{"time":2.4,"x":1,"y":1}]},"MON30081_DL_16":{"rotate":[{"time":0,"angle":0},{"time":0.4666,"angle":12.86},{"time":0.8666,"angle":-2.97},{"time":1.2,"angle":0},{"time":1.6666,"angle":12.86},{"time":2.0666,"angle":-2.97},{"time":2.4,"angle":0}],"translate":[{"time":0,"x":0,"y":0,"curve":"stepped"},{"time":1.2,"x":0,"y":0,"curve":"stepped"},{"time":2.4,"x":0,"y":0}],"scale":[{"time":0,"x":1,"y":1},{"time":0.4666,"x":1.003,"y":0.964},{"time":0.8666,"x":0.973,"y":1},{"time":1.2,"x":1,"y":1},{"time":1.6666,"x":1.003,"y":0.964},{"time":2.0666,"x":0.973,"y":1},{"time":2.4,"x":1,"y":1}]},"MON30081_DL_17":{"rotate":[{"time":0,"angle":0},{"time":0.4666,"angle":-23.75},{"time":0.8666,"angle":-9.46},{"time":1.2,"angle":0},{"time":1.6666,"angle":-23.75},{"time":2.0666,"angle":-9.46},{"time":2.4,"angle":0}],"translate":[{"time":0,"x":0,"y":0,"curve":"stepped"},{"time":1.2,"x":0,"y":0,"curve":"stepped"},{"time":2.4,"x":0,"y":0}],"scale":[{"time":0,"x":1,"y":1},{"time":0.4666,"x":0.934,"y":1},{"time":0.8666,"x":0.992,"y":1},{"time":1.2,"x":1,"y":1},{"time":1.6666,"x":0.934,"y":1},{"time":2.0666,"x":0.992,"y":1},{"time":2.4,"x":1,"y":1}]},"MON30081_DL_13":{"rotate":[{"time":0,"angle":0,"curve":"stepped"},{"time":1.2,"angle":0,"curve":"stepped"},{"time":2.4,"angle":0}],"translate":[{"time":0,"x":0,"y":0},{"time":0.4666,"x":0.98,"y":0.55},{"time":0.8,"x":-0.2,"y":-0.11},{"time":1.2,"x":0,"y":0},{"time":1.6666,"x":0.98,"y":0.55},{"time":2,"x":-0.2,"y":-0.11},{"time":2.4,"x":0,"y":0}],"scale":[{"time":0,"x":1,"y":1},{"time":0.4666,"x":1.163,"y":1.142},{"time":0.8,"x":1.188,"y":0.989},{"time":1.2,"x":1,"y":1},{"time":1.6666,"x":1.163,"y":1.142},{"time":2,"x":1.188,"y":0.989},{"time":2.4,"x":1,"y":1}]},"MON30081_DL_4":{"rotate":[{"time":0,"angle":0},{"time":0.6,"angle":1.38},{"time":1.2,"angle":0},{"time":1.8,"angle":1.38},{"time":2.4,"angle":0}],"translate":[{"time":0,"x":0,"y":0,"curve":"stepped"},{"time":1.2,"x":0,"y":0,"curve":"stepped"},{"time":2.4,"x":0,"y":0}],"scale":[{"time":0,"x":1,"y":1,"curve":"stepped"},{"time":1.2,"x":1,"y":1,"curve":"stepped"},{"time":2.4,"x":1,"y":1}]},"MON30081_DL_12":{"rotate":[{"time":0,"angle":0},{"time":0.6,"angle":5.84},{"time":1.2,"angle":0},{"time":1.8,"angle":5.84},{"time":2.4,"angle":0}],"translate":[{"time":0,"x":0,"y":0},{"time":0.6,"x":-1.17,"y":0.05},{"time":1.2,"x":0,"y":0},{"time":1.8,"x":-1.17,"y":0.05},{"time":2.4,"x":0,"y":0}],"scale":[{"time":0,"x":1,"y":1,"curve":"stepped"},{"time":1.2,"x":1,"y":1,"curve":"stepped"},{"time":2.4,"x":1,"y":1}]},"MON30081_DL_011":{"rotate":[{"time":0,"angle":0,"curve":"stepped"},{"time":1.2,"angle":0,"curve":"stepped"},{"time":2.4,"angle":0}],"translate":[{"time":0,"x":0,"y":0,"curve":"stepped"},{"time":1.2,"x":0,"y":0,"curve":"stepped"},{"time":2.4,"x":0,"y":0}],"scale":[{"time":0,"x":1,"y":1,"curve":"stepped"},{"time":1.2,"x":1,"y":1,"curve":"stepped"},{"time":2.4,"x":1,"y":1}]},"MON30081_DL_012":{"rotate":[{"time":0,"angle":0,"curve":"stepped"},{"time":1.2,"angle":0,"curve":"stepped"},{"time":2.4,"angle":0}],"translate":[{"time":0,"x":0,"y":0,"curve":"stepped"},{"time":1.2,"x":0,"y":0,"curve":"stepped"},{"time":2.4,"x":0,"y":0}],"scale":[{"time":0,"x":1,"y":1,"curve":"stepped"},{"time":1.2,"x":1,"y":1,"curve":"stepped"},{"time":2.4,"x":1,"y":1}]},"MON30081_DL_1":{"rotate":[{"time":0,"angle":0,"curve":"stepped"},{"time":0.6,"angle":0,"curve":"stepped"},{"time":1.2,"angle":0,"curve":"stepped"},{"time":1.8,"angle":0,"curve":"stepped"},{"time":2.4,"angle":0}],"translate":[{"time":0,"x":0,"y":0,"curve":"stepped"},{"time":0.6,"x":0,"y":0,"curve":"stepped"},{"time":1.2,"x":0,"y":0,"curve":"stepped"},{"time":1.8,"x":0,"y":0,"curve":"stepped"},{"time":2.4,"x":0,"y":0}],"scale":[{"time":0,"x":1,"y":1,"curve":"stepped"},{"time":0.6,"x":1,"y":1,"curve":"stepped"},{"time":1.2,"x":1,"y":1,"curve":"stepped"},{"time":1.8,"x":1,"y":1,"curve":"stepped"},{"time":2.4,"x":1,"y":1}]},"bone4":{"rotate":[{"time":0,"angle":0},{"time":0.6,"angle":-6.14},{"time":1.2,"angle":0},{"time":1.8,"angle":-6.14},{"time":2.4,"angle":0}],"translate":[{"time":0,"x":0,"y":0,"curve":"stepped"},{"time":0.6,"x":0,"y":0,"curve":"stepped"},{"time":1.2,"x":0,"y":0,"curve":"stepped"},{"time":1.8,"x":0,"y":0,"curve":"stepped"},{"time":2.4,"x":0,"y":0}],"scale":[{"time":0,"x":1,"y":1,"curve":"stepped"},{"time":0.6,"x":1,"y":1,"curve":"stepped"},{"time":1.2,"x":1,"y":1,"curve":"stepped"},{"time":1.8,"x":1,"y":1,"curve":"stepped"},{"time":2.4,"x":1,"y":1}]},"bone5":{"rotate":[{"time":0,"angle":0},{"time":0.6,"angle":-10.43},{"time":1.2,"angle":0},{"time":1.8,"angle":-10.43},{"time":2.4,"angle":0}],"translate":[{"time":0,"x":0,"y":0,"curve":"stepped"},{"time":0.6,"x":0,"y":0,"curve":"stepped"},{"time":1.2,"x":0,"y":0,"curve":"stepped"},{"time":1.8,"x":0,"y":0,"curve":"stepped"},{"time":2.4,"x":0,"y":0}],"scale":[{"time":0,"x":1,"y":1,"curve":"stepped"},{"time":0.6,"x":1,"y":1,"curve":"stepped"},{"time":1.2,"x":1,"y":1,"curve":"stepped"},{"time":1.8,"x":1,"y":1,"curve":"stepped"},{"time":2.4,"x":1,"y":1}]},"bone6":{"rotate":[{"time":0,"angle":0},{"time":0.6,"angle":-4.86},{"time":1.2,"angle":0},{"time":1.8,"angle":-4.86},{"time":2.4,"angle":0}],"translate":[{"time":0,"x":0,"y":0,"curve":"stepped"},{"time":0.6,"x":0,"y":0,"curve":"stepped"},{"time":1.2,"x":0,"y":0,"curve":"stepped"},{"time":1.8,"x":0,"y":0,"curve":"stepped"},{"time":2.4,"x":0,"y":0}],"scale":[{"time":0,"x":1,"y":1,"curve":"stepped"},{"time":0.6,"x":1,"y":1,"curve":"stepped"},{"time":1.2,"x":1,"y":1,"curve":"stepped"},{"time":1.8,"x":1,"y":1,"curve":"stepped"},{"time":2.4,"x":1,"y":1}]},"MON30081_DL_2":{"rotate":[{"time":0,"angle":0,"curve":"stepped"},{"time":0.6,"angle":0,"curve":"stepped"},{"time":1.2,"angle":0,"curve":"stepped"},{"time":1.8,"angle":0,"curve":"stepped"},{"time":2.4,"angle":0}],"translate":[{"time":0,"x":0,"y":0,"curve":"stepped"},{"time":0.6,"x":0,"y":0,"curve":"stepped"},{"time":1.2,"x":0,"y":0,"curve":"stepped"},{"time":1.8,"x":0,"y":0,"curve":"stepped"},{"time":2.4,"x":0,"y":0}],"scale":[{"time":0,"x":1,"y":1,"curve":"stepped"},{"time":0.6,"x":1,"y":1,"curve":"stepped"},{"time":1.2,"x":1,"y":1,"curve":"stepped"},{"time":1.8,"x":1,"y":1,"curve":"stepped"},{"time":2.4,"x":1,"y":1}]},"bone7":{"rotate":[{"time":0,"angle":0},{"time":0.6,"angle":3.72},{"time":1.2,"angle":0},{"time":1.8,"angle":3.72},{"time":2.4,"angle":0}],"translate":[{"time":0,"x":0,"y":0,"curve":"stepped"},{"time":0.6,"x":0,"y":0,"curve":"stepped"},{"time":1.2,"x":0,"y":0,"curve":"stepped"},{"time":1.8,"x":0,"y":0,"curve":"stepped"},{"time":2.4,"x":0,"y":0}],"scale":[{"time":0,"x":1,"y":1,"curve":"stepped"},{"time":0.6,"x":1,"y":1,"curve":"stepped"},{"time":1.2,"x":1,"y":1,"curve":"stepped"},{"time":1.8,"x":1,"y":1,"curve":"stepped"},{"time":2.4,"x":1,"y":1}]},"bone8":{"rotate":[{"time":0,"angle":0},{"time":0.6,"angle":7.72},{"time":1.2,"angle":0},{"time":1.8,"angle":7.72},{"time":2.4,"angle":0}],"translate":[{"time":0,"x":0,"y":0,"curve":"stepped"},{"time":0.6,"x":0,"y":0,"curve":"stepped"},{"time":1.2,"x":0,"y":0,"curve":"stepped"},{"time":1.8,"x":0,"y":0,"curve":"stepped"},{"time":2.4,"x":0,"y":0}],"scale":[{"time":0,"x":1,"y":1,"curve":"stepped"},{"time":0.6,"x":1,"y":1,"curve":"stepped"},{"time":1.2,"x":1,"y":1,"curve":"stepped"},{"time":1.8,"x":1,"y":1,"curve":"stepped"},{"time":2.4,"x":1,"y":1}]},"bone9":{"rotate":[{"time":0,"angle":0,"curve":"stepped"},{"time":0.6,"angle":0,"curve":"stepped"},{"time":1.2,"angle":0,"curve":"stepped"},{"time":1.8,"angle":0,"curve":"stepped"},{"time":2.4,"angle":0}],"translate":[{"time":0,"x":0,"y":0,"curve":"stepped"},{"time":0.6,"x":0,"y":0,"curve":"stepped"},{"time":1.2,"x":0,"y":0,"curve":"stepped"},{"time":1.8,"x":0,"y":0,"curve":"stepped"},{"time":2.4,"x":0,"y":0}],"scale":[{"time":0,"x":1,"y":1,"curve":"stepped"},{"time":0.6,"x":1,"y":1,"curve":"stepped"},{"time":1.2,"x":1,"y":1,"curve":"stepped"},{"time":1.8,"x":1,"y":1,"curve":"stepped"},{"time":2.4,"x":1,"y":1}]},"MON30081_DL_6":{"rotate":[{"time":0,"angle":0,"curve":"stepped"},{"time":1.2,"angle":0,"curve":"stepped"},{"time":2.4,"angle":0}],"translate":[{"time":0,"x":0,"y":0,"curve":"stepped"},{"time":1.2,"x":0,"y":0,"curve":"stepped"},{"time":2.4,"x":0,"y":0}],"scale":[{"time":0,"x":1,"y":1,"curve":"stepped"},{"time":1.2,"x":1,"y":1,"curve":"stepped"},{"time":2.4,"x":1,"y":1}]},"MON30081_DL_11":{"rotate":[{"time":0,"angle":0,"curve":"stepped"},{"time":0.6,"angle":0,"curve":"stepped"},{"time":1.2,"angle":0,"curve":"stepped"},{"time":1.8,"angle":0,"curve":"stepped"},{"time":2.4,"angle":0}],"translate":[{"time":0,"x":0,"y":0,"curve":"stepped"},{"time":0.6,"x":0,"y":0,"curve":"stepped"},{"time":1.2,"x":0,"y":0,"curve":"stepped"},{"time":1.8,"x":0,"y":0,"curve":"stepped"},{"time":2.4,"x":0,"y":0}],"scale":[{"time":0,"x":1,"y":1,"curve":"stepped"},{"time":0.6,"x":1,"y":1,"curve":"stepped"},{"time":1.2,"x":1,"y":1,"curve":"stepped"},{"time":1.8,"x":1,"y":1,"curve":"stepped"},{"time":2.4,"x":1,"y":1}]},"bone10":{"rotate":[{"time":0,"angle":0},{"time":0.6,"angle":-10.24},{"time":1.2,"angle":0},{"time":1.8,"angle":-10.24},{"time":2.4,"angle":0}],"translate":[{"time":0,"x":0,"y":0,"curve":"stepped"},{"time":0.6,"x":0,"y":0,"curve":"stepped"},{"time":1.2,"x":0,"y":0,"curve":"stepped"},{"time":1.8,"x":0,"y":0,"curve":"stepped"},{"time":2.4,"x":0,"y":0}],"scale":[{"time":0,"x":1,"y":1,"curve":"stepped"},{"time":0.6,"x":1,"y":1,"curve":"stepped"},{"time":1.2,"x":1,"y":1,"curve":"stepped"},{"time":1.8,"x":1,"y":1,"curve":"stepped"},{"time":2.4,"x":1,"y":1}]},"bone11":{"rotate":[{"time":0,"angle":0,"curve":"stepped"},{"time":0.6,"angle":0,"curve":"stepped"},{"time":1.2,"angle":0,"curve":"stepped"},{"time":1.8,"angle":0,"curve":"stepped"},{"time":2.4,"angle":0}],"translate":[{"time":0,"x":0,"y":0,"curve":"stepped"},{"time":0.6,"x":0,"y":0,"curve":"stepped"},{"time":1.2,"x":0,"y":0,"curve":"stepped"},{"time":1.8,"x":0,"y":0,"curve":"stepped"},{"time":2.4,"x":0,"y":0}],"scale":[{"time":0,"x":1,"y":1,"curve":"stepped"},{"time":0.6,"x":1,"y":1,"curve":"stepped"},{"time":1.2,"x":1,"y":1,"curve":"stepped"},{"time":1.8,"x":1,"y":1,"curve":"stepped"},{"time":2.4,"x":1,"y":1}]},"bone12":{"rotate":[{"time":0,"angle":0},{"time":0.6,"angle":-10.63},{"time":1.2,"angle":0},{"time":1.8,"angle":-10.63},{"time":2.4,"angle":0}],"translate":[{"time":0,"x":0,"y":0,"curve":"stepped"},{"time":0.6,"x":0,"y":0,"curve":"stepped"},{"time":1.2,"x":0,"y":0,"curve":"stepped"},{"time":1.8,"x":0,"y":0,"curve":"stepped"},{"time":2.4,"x":0,"y":0}],"scale":[{"time":0,"x":1,"y":1,"curve":"stepped"},{"time":0.6,"x":1,"y":1,"curve":"stepped"},{"time":1.2,"x":1,"y":1,"curve":"stepped"},{"time":1.8,"x":1,"y":1,"curve":"stepped"},{"time":2.4,"x":1,"y":1}]},"bone13":{"rotate":[{"time":0,"angle":0,"curve":"stepped"},{"time":1.2,"angle":0,"curve":"stepped"},{"time":2.4,"angle":0}],"translate":[{"time":0,"x":0,"y":0,"curve":"stepped"},{"time":1.2,"x":0,"y":0,"curve":"stepped"},{"time":2.4,"x":0,"y":0}],"scale":[{"time":0,"x":1,"y":1,"curve":"stepped"},{"time":1.2,"x":1,"y":1,"curve":"stepped"},{"time":2.4,"x":1,"y":1}]},"MON30081_DL_25":{"rotate":[{"time":0,"angle":0},{"time":0.4,"angle":1.22},{"time":0.7333,"angle":-2.2},{"time":1.2,"angle":0},{"time":1.6,"angle":1.22},{"time":1.9333,"angle":-2.2},{"time":2.4,"angle":0}],"translate":[{"time":0,"x":0,"y":0,"curve":"stepped"},{"time":0.4,"x":0,"y":0,"curve":"stepped"},{"time":1.2,"x":0,"y":0,"curve":"stepped"},{"time":1.6,"x":0,"y":0,"curve":"stepped"},{"time":2.4,"x":0,"y":0}],"scale":[{"time":0,"x":1,"y":1,"curve":"stepped"},{"time":0.4,"x":1,"y":1,"curve":"stepped"},{"time":1.2,"x":1,"y":1,"curve":"stepped"},{"time":1.6,"x":1,"y":1,"curve":"stepped"},{"time":2.4,"x":1,"y":1}]},"MON30081_DL_26":{"rotate":[{"time":0,"angle":0},{"time":0.4,"angle":10.63},{"time":0.7333,"angle":2.66},{"time":1.2,"angle":0},{"time":1.6,"angle":10.63},{"time":1.9333,"angle":2.66},{"time":2.4,"angle":0}],"translate":[{"time":0,"x":0,"y":0,"curve":"stepped"},{"time":0.4,"x":0,"y":0,"curve":"stepped"},{"time":1.2,"x":0,"y":0,"curve":"stepped"},{"time":1.6,"x":0,"y":0,"curve":"stepped"},{"time":2.4,"x":0,"y":0}],"scale":[{"time":0,"x":1,"y":1,"curve":"stepped"},{"time":0.4,"x":1,"y":1,"curve":"stepped"},{"time":1.2,"x":1,"y":1,"curve":"stepped"},{"time":1.6,"x":1,"y":1,"curve":"stepped"},{"time":2.4,"x":1,"y":1}]},"bone14":{"rotate":[{"time":0,"angle":0},{"time":0.4,"angle":18.09},{"time":0.7333,"angle":16.91},{"time":1.2,"angle":0},{"time":1.6,"angle":18.09},{"time":1.9333,"angle":16.91},{"time":2.4,"angle":0}],"translate":[{"time":0,"x":0,"y":0,"curve":"stepped"},{"time":0.4,"x":0,"y":0,"curve":"stepped"},{"time":1.2,"x":0,"y":0,"curve":"stepped"},{"time":1.6,"x":0,"y":0,"curve":"stepped"},{"time":2.4,"x":0,"y":0}],"scale":[{"time":0,"x":1,"y":1,"curve":"stepped"},{"time":0.4,"x":1,"y":1,"curve":"stepped"},{"time":1.2,"x":1,"y":1,"curve":"stepped"},{"time":1.6,"x":1,"y":1,"curve":"stepped"},{"time":2.4,"x":1,"y":1}]},"bone15":{"rotate":[{"time":0,"angle":0},{"time":0.4,"angle":-6.64},{"time":0.7333,"angle":8.96},{"time":1.2,"angle":0},{"time":1.6,"angle":-6.64},{"time":1.9333,"angle":8.96},{"time":2.4,"angle":0}],"translate":[{"time":0,"x":0,"y":0,"curve":"stepped"},{"time":0.4,"x":0,"y":0,"curve":"stepped"},{"time":1.2,"x":0,"y":0,"curve":"stepped"},{"time":1.6,"x":0,"y":0,"curve":"stepped"},{"time":2.4,"x":0,"y":0}],"scale":[{"time":0,"x":1,"y":1,"curve":"stepped"},{"time":0.4,"x":1,"y":1,"curve":"stepped"},{"time":1.2,"x":1,"y":1,"curve":"stepped"},{"time":1.6,"x":1,"y":1,"curve":"stepped"},{"time":2.4,"x":1,"y":1}]},"bone16":{"rotate":[{"time":0,"angle":0},{"time":0.4,"angle":-11.57},{"time":0.7333,"angle":5.18},{"time":1.2,"angle":0},{"time":1.6,"angle":-11.57},{"time":1.9333,"angle":5.18},{"time":2.4,"angle":0}],"translate":[{"time":0,"x":0,"y":0,"curve":"stepped"},{"time":0.4,"x":0,"y":0,"curve":"stepped"},{"time":1.2,"x":0,"y":0,"curve":"stepped"},{"time":1.6,"x":0,"y":0,"curve":"stepped"},{"time":2.4,"x":0,"y":0}],"scale":[{"time":0,"x":1,"y":1,"curve":"stepped"},{"time":0.4,"x":1,"y":1,"curve":"stepped"},{"time":1.2,"x":1,"y":1,"curve":"stepped"},{"time":1.6,"x":1,"y":1,"curve":"stepped"},{"time":2.4,"x":1,"y":1}]},"bone17":{"rotate":[{"time":0,"angle":0},{"time":0.4,"angle":-12.55},{"time":0.7333,"angle":6.11},{"time":1.2,"angle":0},{"time":1.6,"angle":-12.55},{"time":1.9333,"angle":6.11},{"time":2.4,"angle":0}],"translate":[{"time":0,"x":0,"y":0,"curve":"stepped"},{"time":0.4,"x":0,"y":0,"curve":"stepped"},{"time":1.2,"x":0,"y":0,"curve":"stepped"},{"time":1.6,"x":0,"y":0,"curve":"stepped"},{"time":2.4,"x":0,"y":0}],"scale":[{"time":0,"x":1,"y":1,"curve":"stepped"},{"time":0.4,"x":1,"y":1,"curve":"stepped"},{"time":1.2,"x":1,"y":1,"curve":"stepped"},{"time":1.6,"x":1,"y":1,"curve":"stepped"},{"time":2.4,"x":1,"y":1}]},"MON30081_DL_0":{"rotate":[{"time":0,"angle":0},{"time":0.5,"angle":8.05},{"time":0.8333,"angle":2.71},{"time":1.2,"angle":0},{"time":1.7,"angle":8.05},{"time":2.0333,"angle":2.71},{"time":2.4,"angle":0}],"translate":[{"time":0,"x":0,"y":0,"curve":"stepped"},{"time":1.2,"x":0,"y":0,"curve":"stepped"},{"time":2.4,"x":0,"y":0}],"scale":[{"time":0,"x":1,"y":1,"curve":"stepped"},{"time":1.2,"x":1,"y":1,"curve":"stepped"},{"time":2.4,"x":1,"y":1}]},"MON30081_DL_7":{"rotate":[{"time":0,"angle":0},{"time":0.4666,"angle":24.59},{"time":0.7333,"angle":9.26},{"time":1.2,"angle":0},{"time":1.6666,"angle":24.59},{"time":1.9333,"angle":9.26},{"time":2.4,"angle":0}],"translate":[{"time":0,"x":0,"y":0,"curve":"stepped"},{"time":0.4666,"x":0,"y":0,"curve":"stepped"},{"time":1.2,"x":0,"y":0,"curve":"stepped"},{"time":1.6666,"x":0,"y":0,"curve":"stepped"},{"time":2.4,"x":0,"y":0}],"scale":[{"time":0,"x":1,"y":1,"curve":"stepped"},{"time":0.4666,"x":1,"y":1,"curve":"stepped"},{"time":1.2,"x":1,"y":1,"curve":"stepped"},{"time":1.6666,"x":1,"y":1,"curve":"stepped"},{"time":2.4,"x":1,"y":1}]},"MON30081_DL_5":{"rotate":[{"time":0,"angle":0},{"time":0.4666,"angle":-2.89},{"time":0.7333,"angle":12.15},{"time":1.2,"angle":0},{"time":1.6666,"angle":-2.89},{"time":1.9333,"angle":12.15},{"time":2.4,"angle":0}],"translate":[{"time":0,"x":0,"y":0,"curve":"stepped"},{"time":0.4666,"x":0,"y":0,"curve":"stepped"},{"time":1.2,"x":0,"y":0,"curve":"stepped"},{"time":1.6666,"x":0,"y":0,"curve":"stepped"},{"time":2.4,"x":0,"y":0}],"scale":[{"time":0,"x":1,"y":1,"curve":"stepped"},{"time":0.4666,"x":1,"y":1,"curve":"stepped"},{"time":1.2,"x":1,"y":1,"curve":"stepped"},{"time":1.6666,"x":1,"y":1,"curve":"stepped"},{"time":2.4,"x":1,"y":1}]},"MON30081_DL_3":{"rotate":[{"time":0,"angle":0},{"time":0.4666,"angle":20.49},{"time":0.7333,"angle":34.38},{"time":1.2,"angle":0},{"time":1.6666,"angle":20.49},{"time":1.9333,"angle":34.38},{"time":2.4,"angle":0}],"translate":[{"time":0,"x":0,"y":0,"curve":"stepped"},{"time":0.4666,"x":0,"y":0,"curve":"stepped"},{"time":1.2,"x":0,"y":0,"curve":"stepped"},{"time":1.6666,"x":0,"y":0,"curve":"stepped"},{"time":2.4,"x":0,"y":0}],"scale":[{"time":0,"x":1,"y":1,"curve":"stepped"},{"time":0.4666,"x":1,"y":1,"curve":"stepped"},{"time":1.2,"x":1,"y":1,"curve":"stepped"},{"time":1.6666,"x":1,"y":1,"curve":"stepped"},{"time":2.4,"x":1,"y":1}]},"MON30081_DL_18":{"rotate":[{"time":0,"angle":0},{"time":0.6,"angle":-20.06},{"time":1.2,"angle":0},{"time":1.8,"angle":-20.06},{"time":2.4,"angle":0}],"translate":[{"time":0,"x":0,"y":0,"curve":"stepped"},{"time":1.2,"x":0,"y":0,"curve":"stepped"},{"time":2.4,"x":0,"y":0}],"scale":[{"time":0,"x":1,"y":1,"curve":"stepped"},{"time":1.2,"x":1,"y":1,"curve":"stepped"},{"time":2.4,"x":1,"y":1}]},"MON30081_DL_19":{"rotate":[{"time":0,"angle":0},{"time":0.6,"angle":-13.12},{"time":1.2,"angle":0},{"time":1.8,"angle":-13.12},{"time":2.4,"angle":0}],"translate":[{"time":0,"x":0,"y":0,"curve":"stepped"},{"time":1.2,"x":0,"y":0,"curve":"stepped"},{"time":2.4,"x":0,"y":0}],"scale":[{"time":0,"x":1,"y":1,"curve":"stepped"},{"time":1.2,"x":1,"y":1,"curve":"stepped"},{"time":2.4,"x":1,"y":1}]},"MON30081_DL_20":{"rotate":[{"time":0,"angle":0},{"time":0.6,"angle":14.55},{"time":1.2,"angle":0},{"time":1.8,"angle":14.55},{"time":2.4,"angle":0}],"translate":[{"time":0,"x":0,"y":0,"curve":"stepped"},{"time":1.2,"x":0,"y":0,"curve":"stepped"},{"time":2.4,"x":0,"y":0}],"scale":[{"time":0,"x":1,"y":1,"curve":"stepped"},{"time":1.2,"x":1,"y":1,"curve":"stepped"},{"time":2.4,"x":1,"y":1}]},"MON30081_DL_22":{"rotate":[{"time":0,"angle":0,"curve":"stepped"},{"time":1.2,"angle":0,"curve":"stepped"},{"time":2.4,"angle":0}],"translate":[{"time":0,"x":0,"y":0,"curve":"stepped"},{"time":1.2,"x":0,"y":0,"curve":"stepped"},{"time":2.4,"x":0,"y":0}],"scale":[{"time":0,"x":1,"y":1},{"time":0.6,"x":0.91,"y":0.731},{"time":1.2,"x":1,"y":1},{"time":1.8,"x":0.91,"y":0.731},{"time":2.4,"x":1,"y":1}]},"MON30081_DL_21":{"rotate":[{"time":0,"angle":0},{"time":0.7333,"angle":-6.11},{"time":1.2,"angle":0},{"time":1.9333,"angle":-6.11},{"time":2.4,"angle":0}],"translate":[{"time":0,"x":0,"y":0,"curve":"stepped"},{"time":1.2,"x":0,"y":0,"curve":"stepped"},{"time":2.4,"x":0,"y":0}],"scale":[{"time":0,"x":1,"y":1,"curve":"stepped"},{"time":1.2,"x":1,"y":1,"curve":"stepped"},{"time":2.4,"x":1,"y":1}]},"MON30081_DL_23":{"rotate":[{"time":0,"angle":0},{"time":0.7333,"angle":10.43},{"time":1.2,"angle":0},{"time":1.9333,"angle":10.43},{"time":2.4,"angle":0}],"translate":[{"time":0,"x":0,"y":0},{"time":0.7333,"x":-0.38,"y":0.65},{"time":1.2,"x":0,"y":0},{"time":1.9333,"x":-0.38,"y":0.65},{"time":2.4,"x":0,"y":0}],"scale":[{"time":0,"x":1,"y":1,"curve":"stepped"},{"time":1.2,"x":1,"y":1,"curve":"stepped"},{"time":2.4,"x":1,"y":1}]},"MON30081_DL_24":{"rotate":[{"time":0,"angle":0},{"time":0.7333,"angle":-8.82},{"time":1.2,"angle":0},{"time":1.9333,"angle":-8.82},{"time":2.4,"angle":0}],"translate":[{"time":0,"x":0,"y":0},{"time":0.7333,"x":-0.25,"y":-3.31},{"time":1.2,"x":0,"y":0},{"time":1.9333,"x":-0.25,"y":-3.31},{"time":2.4,"x":0,"y":0}],"scale":[{"time":0,"x":1,"y":1,"curve":"stepped"},{"time":1.2,"x":1,"y":1,"curve":"stepped"},{"time":2.4,"x":1,"y":1}]},"MON30081_DL_27":{"rotate":[{"time":0,"angle":0},{"time":0.7333,"angle":16.27},{"time":1.2,"angle":0},{"time":1.9333,"angle":16.27},{"time":2.4,"angle":0}],"translate":[{"time":0,"x":0,"y":0},{"time":0.7333,"x":-2.81,"y":-0.5},{"time":1.2,"x":0,"y":0},{"time":1.9333,"x":-2.81,"y":-0.5},{"time":2.4,"x":0,"y":0}],"scale":[{"time":0,"x":1,"y":1,"curve":"stepped"},{"time":1.2,"x":1,"y":1,"curve":"stepped"},{"time":2.4,"x":1,"y":1}]},"MON30081_DL_28":{"rotate":[{"time":0,"angle":0},{"time":0.4666,"angle":-3.09},{"time":0.8,"angle":-4.58},{"time":1.2,"angle":0},{"time":1.6666,"angle":-3.09},{"time":2,"angle":-4.58},{"time":2.4,"angle":0}],"translate":[{"time":0,"x":0,"y":0,"curve":"stepped"},{"time":1.2,"x":0,"y":0,"curve":"stepped"},{"time":2.4,"x":0,"y":0}],"scale":[{"time":0,"x":1,"y":1,"curve":"stepped"},{"time":1.2,"x":1,"y":1,"curve":"stepped"},{"time":2.4,"x":1,"y":1}]},"bone18":{"rotate":[{"time":0,"angle":0},{"time":0.4666,"angle":16.74},{"time":0.8,"angle":4.54},{"time":1.2,"angle":0},{"time":1.6666,"angle":16.74},{"time":2,"angle":4.54},{"time":2.4,"angle":0}],"translate":[{"time":0,"x":0,"y":0,"curve":"stepped"},{"time":1.2,"x":0,"y":0,"curve":"stepped"},{"time":2.4,"x":0,"y":0}],"scale":[{"time":0,"x":1,"y":1,"curve":"stepped"},{"time":1.2,"x":1,"y":1,"curve":"stepped"},{"time":2.4,"x":1,"y":1}]},"bone19":{"rotate":[{"time":0,"angle":0},{"time":0.4666,"angle":13.55},{"time":1.2,"angle":0},{"time":1.6666,"angle":13.55},{"time":2.4,"angle":0}],"translate":[{"time":0,"x":0,"y":0,"curve":"stepped"},{"time":1.2,"x":0,"y":0,"curve":"stepped"},{"time":2.4,"x":0,"y":0}],"scale":[{"time":0,"x":1,"y":1,"curve":"stepped"},{"time":1.2,"x":1,"y":1,"curve":"stepped"},{"time":2.4,"x":1,"y":1}]},"shadow":{"rotate":[{"time":0,"angle":0,"curve":"stepped"},{"time":1.2,"angle":0,"curve":"stepped"},{"time":2.4,"angle":0}],"translate":[{"time":0,"x":0,"y":0,"curve":"stepped"},{"time":1.2,"x":0,"y":0,"curve":"stepped"},{"time":2.4,"x":0,"y":0}],"scale":[{"time":0,"x":1,"y":1},{"time":0.6666,"x":1.096,"y":1.096},{"time":1.2,"x":1,"y":1},{"time":1.8666,"x":1.096,"y":1.096},{"time":2.4,"x":1,"y":1}]}},"ffd":{"default":{"MON30081_DL_4":{"MON30081_DL_4":[{"time":0},{"time":0.4,"offset":8,"vertices":[-0.06621,-0.47956,-0.04967,-0.35969,0,0,0.27286,0.20664,0,0,0.03125,-1.11895,-1.16918,-0.4242,-1.1384,-0.23059,0,0,-0.33136,-2.38278,-0.41316,-0.33071,-0.4592,-1.98011]},{"time":0.8,"offset":4,"vertices":[-1.16047,0.41997,0,0,0.1084,0.71787,0,0,0,0,0,0,0.09034,0.59828,0.23489,1.55547,-0.17398,2.08979,-0.34372,1.75623,0,0,0.21594,0.2087,-0.33384,1.03109,0.07909,1.33423]},{"time":1.2},{"time":1.6,"offset":8,"vertices":[-0.06621,-0.47956,-0.04967,-0.35969,0,0,0.27286,0.20664,0,0,0.03125,-1.11895,-1.16918,-0.4242,-1.1384,-0.23059,0,0,-0.33136,-2.38278,-0.41316,-0.33071,-0.4592,-1.98011]},{"time":2,"offset":4,"vertices":[-1.16047,0.41997,0,0,0.1084,0.71787,0,0,0,0,0,0,0.09034,0.59828,0.23489,1.55547,-0.17398,2.08979,-0.34372,1.75623,0,0,0.21594,0.2087,-0.33384,1.03109,0.07909,1.33423]},{"time":2.4}]}}}},"wait_special_DL":{}}}