{"skeleton":{"hash":"BtsDqrHtenjdlC0JrJ2wrX0+Fuo","spine":"3.1.03","width":233.64,"height":199.56},"bones":[{"name":"root"},{"name":"bone","parent":"root","x":0.68,"y":39.46},{"name":"MON30058_DL_15","parent":"bone","length":26.68,"x":-5.75,"y":2.56,"rotation":95.5},{"name":"bone2","parent":"MON30058_DL_15","length":38.59,"x":26.68,"rotation":-11.23},{"name":"MON30058_DL_18","parent":"bone2","length":38.6,"x":37.11,"y":25.71,"rotation":179.04},{"name":"MON30058_DL_17","parent":"MON30058_DL_18","length":33.78,"x":37.67,"y":-0.6,"rotation":-12.73},{"name":"MON30058_DL_16","parent":"MON30058_DL_17","length":16.28,"x":33.63,"y":-0.31,"rotation":-4.04},{"name":"MON30058_DL_19","parent":"MON30058_DL_16","length":45.04,"x":5.38,"y":20.78,"rotation":-84.61},{"name":"FX_WEAPON","parent":"MON30058_DL_19","length":18.61,"x":58.25,"y":-3.73,"scaleX":2,"scaleY":2,"rotation":3.45},{"name":"MON30058_DL_1","parent":"bone2","length":62.68,"x":21.78,"y":-38.63,"rotation":-43.54},{"name":"MON30058_DL_3","parent":"bone2","length":64.96,"x":38.27,"y":-0.02,"rotation":5.71},{"name":"MON30058_DL_2","parent":"MON30058_DL_3","length":20.5,"x":20.48,"y":31.67,"rotation":-92.69},{"name":"MON30058_DL_4","parent":"MON30058_DL_3","length":23.6,"x":36.47,"y":-38.08,"rotation":167.43},{"name":"bone3","parent":"MON30058_DL_4","length":19.52,"x":23.6,"y":0.01,"rotation":2.18},{"name":"bone4","parent":"bone3","length":21.23,"x":19.89,"y":-0.25,"rotation":4.33},{"name":"MON30058_DL_5","parent":"bone4","length":16.43,"x":20.77,"y":-0.12,"rotation":6.04},{"name":"MON30058_DL_6","parent":"MON30058_DL_3","length":18.21,"x":23.76,"y":21.02,"rotation":171.93},{"name":"MON30058_DL_7","parent":"bone2","length":44.88,"x":16.25,"y":31.63,"rotation":43.62},{"name":"MON30058_DL_10","parent":"bone2","length":48.59,"x":50.15,"y":-52.06,"rotation":-145.2},{"name":"MON30058_DL_9","parent":"MON30058_DL_10","length":28.53,"x":48.15,"y":-0.01,"rotation":-38.85},{"name":"MON30058_DL_8","parent":"MON30058_DL_9","length":25.62,"x":28.04,"y":0.01,"rotation":-11.35},{"name":"MON30058_DL_11","parent":"MON30058_DL_15","length":25.82,"x":-3.02,"y":-2.37,"rotation":84.49},{"name":"MON30058_DL_12","parent":"MON30058_DL_3","length":19.4,"x":14.75,"y":-39.65,"rotation":-22.29},{"name":"MON30058_DL_13","parent":"bone","length":42.66,"x":24.98,"y":-3.3,"rotation":-88.07},{"name":"MON30058_DL_14","parent":"bone","length":33.47,"x":-17.45,"y":-3.71,"rotation":-93.51},{"name":"MON30058_DL_20","parent":"MON30058_DL_3","length":11.06,"x":41.1,"y":35.16,"rotation":10.89},{"name":"MON30058_DL_21","parent":"MON30058_DL_3","length":9.85,"x":-24.53,"y":-17.49,"rotation":-158.76},{"name":"MON30058_DL_22","parent":"MON30058_DL_3","length":11.4,"x":-25.56,"y":27.44,"rotation":166.16},{"name":"bone5","parent":"MON30058_DL_5","length":13.95,"x":16.43,"rotation":2.03},{"name":"bone6","parent":"bone5","length":15.01,"x":13.95,"rotation":3.66},{"name":"bone7","parent":"MON30058_DL_6","length":15.74,"x":18.31,"y":-0.18,"rotation":0.99},{"name":"bone8","parent":"bone7","length":14.55,"x":15.74,"rotation":3.36},{"name":"bone9","parent":"bone8","length":15.28,"x":14.55,"rotation":2.4},{"name":"bone10","parent":"bone9","length":14,"x":15.28,"rotation":1.43},{"name":"bone11","parent":"bone10","length":13.95,"x":14,"rotation":3.05},{"name":"bone12","parent":"MON30058_DL_12","length":17.14,"x":19.4,"y":0.03,"rotation":2.36},{"name":"bone13","parent":"bone12","length":16.53,"x":17.14,"rotation":6.09},{"name":"bone14","parent":"MON30058_DL_20","length":10.26,"x":11.06,"rotation":-7.4},{"name":"bone15","parent":"MON30058_DL_21","length":11.82,"x":9.85,"y":-0.02,"rotation":-13.17},{"name":"fx_lei","parent":"root","length":94.6,"x":-129.14,"y":220.63,"scaleX":1.411,"scaleY":1.231,"rotation":154.4},{"name":"fx_lei2","parent":"root","length":94.6,"x":-113.45,"y":232.03,"scaleX":2.152,"scaleY":2.934,"rotation":107.77},{"name":"fx_lei3","parent":"root","length":94.6,"x":-32.67,"y":209.92,"scaleX":3.207,"scaleY":-1.687,"rotation":39.92},{"name":"shadow","parent":"root","length":33.9,"x":0.96,"y":-3.19,"scaleX":0.897,"scaleY":0.9,"rotation":-90}],"slots":[{"name":"shadow","bone":"shadow"},{"name":"MON30058_DL_19","bone":"MON30058_DL_19","attachment":"MON30058_DL_19"},{"name":"MON30058_DL_18","bone":"MON30058_DL_18","attachment":"MON30058_DL_18"},{"name":"MON30058_DL_17","bone":"MON30058_DL_17","attachment":"MON30058_DL_17"},{"name":"MON30058_DL_16","bone":"MON30058_DL_16","attachment":"MON30058_DL_16"},{"name":"MON30058_DL_15","bone":"MON30058_DL_15","attachment":"MON30058_DL_15"},{"name":"MON30058_DL_14","bone":"MON30058_DL_14","attachment":"MON30058_DL_14"},{"name":"MON30058_DL_13","bone":"MON30058_DL_13","attachment":"MON30058_DL_13"},{"name":"MON30058_DL_11","bone":"MON30058_DL_11","attachment":"MON30058_DL_11"},{"name":"MON30058_DL_10","bone":"MON30058_DL_10","attachment":"MON30058_DL_10"},{"name":"MON30058_DL_9","bone":"MON30058_DL_9","attachment":"MON30058_DL_9"},{"name":"MON30058_DL_8","bone":"MON30058_DL_8","attachment":"MON30058_DL_8"},{"name":"MON30058_DL_7","bone":"MON30058_DL_7","attachment":"MON30058_DL_7"},{"name":"MON30058_DL_5","bone":"MON30058_DL_6","attachment":"MON30058_DL_5"},{"name":"MON30058_DL_4","bone":"MON30058_DL_5","attachment":"MON30058_DL_4"},{"name":"MON30058_DL_3","bone":"MON30058_DL_22","attachment":"MON30058_DL_3"},{"name":"MON30058_DL_2","bone":"MON30058_DL_2"},{"name":"MON30058_DL_1","bone":"MON30058_DL_1","attachment":"MON30058_DL_1"},{"name":"FX_WEAPON","bone":"FX_WEAPON","attachment":"FX/WUQI_00002","blend":"additive"},{"name":"fx_lei","bone":"fx_lei","blend":"additive"},{"name":"fx_lei2","bone":"fx_lei2","blend":"additive"},{"name":"fx_lei3","bone":"fx_lei3","blend":"additive"},{"name":"wuqi","bone":"MON30058_DL_19","blend":"additive"}],"skins":{"default":{"FX_WEAPON":{"FX/WUQI_00000":{"rotation":-165.37,"width":50,"height":63},"FX/WUQI_00001":{"rotation":-165.37,"width":50,"height":63},"FX/WUQI_00002":{"rotation":-165.37,"width":50,"height":63}},"MON30058_DL_1":{"MON30058_DL_1":{"x":38.2,"y":0.21,"rotation":-40.88,"width":77,"height":87}},"MON30058_DL_10":{"MON30058_DL_10":{"x":29.54,"y":-2.01,"rotation":60.65,"width":55,"height":65}},"MON30058_DL_11":{"MON30058_DL_11":{"x":-9.17,"y":-0.27,"rotation":179.99,"width":75,"height":19}},"MON30058_DL_13":{"MON30058_DL_13":{"x":20.6,"y":-1.59,"rotation":88.07,"width":39,"height":47}},"MON30058_DL_14":{"MON30058_DL_14":{"x":15.71,"y":0.98,"rotation":93.48,"width":36,"height":38}},"MON30058_DL_15":{"MON30058_DL_15":{"type":"weightedmesh","uvs":[1,0.07677,1,0.59864,0.92792,0.91238,0.72047,1,0.34846,1,0.2262,1,0.10172,0.90186,0.08535,0.71472,0.03838,0.7167,0,0.66354,0,0.29013,0,0.21214,0.03947,0.10032,0.29595,0,0.42346,0,0.74229,0,0.29429,0.70593,0.71805,0.68889,0.27458,0.55779,0.66123,0.23815],"triangles":[19,14,15,19,15,0,13,10,11,12,13,11,18,10,13,18,13,14,19,18,14,19,0,1,17,19,1,16,18,17,7,9,18,16,7,18,8,9,7,6,7,16,2,17,1,5,6,16,4,16,17,5,16,4,3,17,2,4,17,3,9,10,18,18,19,17],"vertices":[1,3,57.39,-57.45,1,1,2,17.25,-62.28,1,1,2,-14.83,-51.81,1,1,2,-21.97,-29.87,1,1,2,-18.34,7.89,1,1,2,-17.15,20.29999,1,1,2,-5.68,31.86,1,2,2,14.04,31.45,0.86,3,-18.51,28.39,0.14,2,2,14.29,36.4,0.86,3,-19.23,33.3,0.14,2,2,20.20999,39.9,0.86,3,-14.1,37.88,0.14,1,3,24.9,41.8,1,1,3,33.05,42.62,1,1,3,45.14,39.78,1,1,3,58.23,14.8,1,1,3,59.53,1.86,1,1,3,62.78,-30.49,1,2,2,12.96,9.43999,0.76,3,-15.29,6.59,0.24,2,2,10.56,-32.75,0.83,3,-9.43,-35.25999,0.17,2,2,32.32,11.34,0.71,3,3.32,12.22,0.29,1,3,33.96,-21.37,1],"hull":16}},"MON30058_DL_16":{"MON30058_DL_16":{"x":8.11,"y":5.39,"rotation":113.57,"width":37,"height":27}},"MON30058_DL_17":{"MON30058_DL_17":{"x":20.02,"y":0.96,"rotation":109.48,"width":51,"height":49}},"MON30058_DL_18":{"MON30058_DL_18":{"x":21.61,"y":0.8,"rotation":96.67,"width":45,"height":51}},"MON30058_DL_19":{"MON30058_DL_19":{"x":46.52,"y":-6.52,"rotation":-161.87,"width":97,"height":65}},"MON30058_DL_2":{"MON30058_DL_2":{"x":22.15,"y":2.39,"rotation":2.65,"width":55,"height":17}},"MON30058_DL_3":{"MON30058_DL_3":{"type":"weightedmesh","uvs":[1,0.21633,1,0.36521,1,0.5303,0.88325,0.60533,0.92237,0.70365,0.91585,0.81361,0.83598,0.76704,0.8425,0.85889,0.761,1,0.65186,1,0.56039,1,0.33276,0.96286,0.17743,0.9462,0.10977,1,0.03566,0.85371,0,0.72952,0,0.37636,0,0.19266,0,0.08399,0.03222,0,0.11553,0.1021,0.30134,0,0.65016,0,0.86532,0.08011,0.9403,0,1,0,0.57011,0.7711,0.62464,0.8773,0.16056,0.80342,0.04681,0.19673,0.07248,0.30621,0.93189,0.22043,0.88579,0.34892,0.81761,0.49493,0.18073,0.82396,0.48553,0.83301,0.50998,0.78903,0.60452,0.73599,0.7284,0.54194,0.78871,0.59886,0.10738,0.26898,0.11286,0.15671,0.12694,0.76057,0.06762,0.74606,0.05175,0.79949,0.14313,0.87088,0.68785,0.77003,0.73698,0.68665,0.66508,0.64113,0.32519,0.82825,0.32469,0.8733,0.85781,0.1919,0.72297,0.33613,0.71711,0.45942],"triangles":[13,14,45,13,45,12,45,14,44,12,50,11,10,11,50,12,45,50,45,34,50,28,45,44,14,15,44,46,7,8,46,8,27,10,27,9,27,8,9,27,10,50,6,3,4,46,6,7,27,26,46,5,6,4,46,47,6,46,48,47,25,0,31,31,51,24,31,24,25,32,31,1,31,0,1,3,33,2,38,53,33,33,32,2,32,1,2,32,33,52,33,53,52,30,17,29,29,17,18,19,20,29,29,18,19,39,33,3,47,39,6,39,38,33,35,36,27,36,26,27,32,51,31,47,48,39,50,49,35,50,34,49,49,34,28,49,28,42,30,42,43,43,15,16,35,49,36,49,40,36,40,37,36,37,48,46,52,22,51,51,22,23,52,51,32,48,38,39,48,53,38,52,53,37,53,48,37,21,52,41,20,21,41,20,41,29,30,43,16,42,30,40,30,16,17,40,29,41,37,40,52,52,40,41,21,22,52,49,42,40,30,29,40,51,23,24,50,35,27,46,26,37,26,36,37,44,43,42,45,28,34,28,44,42,44,15,43,6,39,3],"vertices":[2,35,19.70999,-6,0.4348,36,1.91,-6.24,0.56519,2,22,22.32,-10.74,0.4738,35,1.63,-11.04,0.52619,3,22,3.07,-18.62999,0.97914,35,-18.4,-16.62999,0.00664,26,-17.98,50.52,0.01421,1,10,1.08,-46.39,1,5,10,-11.29,-50.3,0.00282,22,-20.07,-19.73,0.45386,35,-41.52,-15.02,0,26,-0.43,35.38,0.51949,38,-18.08,32.13,0.02381,4,22,-33.14,-24.39,0.37121,35,-55.05,-18.11,0,26,12.24,29.75,0.58398,38,-4.44999,29.54,0.04478,5,10,-19.28,-41.66999,0.00243,22,-30.74,-14.77,0.31837,35,-51.54,-8.84,0,26,3.87,24.43,0.59131,38,-11.38,22.46,0.08786,4,22,-41.2,-19.76,0.10824,35,-62.51,-12.58,0,26,14.9,20.85,0.47282,38,0.16,21.47,0.41893,3,22,-60.75,-18.96999,0.00463,35,-81.83,-9.51,0,38,16.61,10.9,0.99536,2,35,-84.76,1,0,38,15.08,0.1,1,4,35,-87.34,10.22999,0,26,21.09,-12.29,0.07848,38,13.73,-9.38,0.87456,27,12.57,45.45,0.04694,5,10,-42.06,9.34,0.03681,35,-87.17,34.18999,0,26,6.6,-31.36,0.2831,38,3.96,-31.25,0.15948,27,11.68,21.52,0.52059,5,10,-39.02,25.21,0.00409,35,-88.5,50.3,0,26,-1.97,-45.05,0.02983,38,-1.27,-46.55,0.01147,27,12.53,5.38,0.9546,2,35,-95.72,55.8,0,27,19.58,-0.33,1,3,25,-69.46,16.6,0.00389,35,-83.56,65.31,0,27,7.14,-9.47,0.9961,1,10,-14.59,41.91999,1,1,10,29.9,41.93999,1,2,25,13.01,4.4,0.37672,37,1.36,4.62,0.62326,1,37,15.02,3.78,1,3,37,25.39,-0.07,0.99999,35,19.96999,94.54,0,36,12.85,93.71,0,1,10,64.46,30.4,1,1,10,77.33,11.82,1,1,10,77.35,-23.05,1,1,10,67.26,-44.57,1,2,10,77.36,-52.06,0.00387,36,27.82,4.13,0.99612,1,36,28.8,-1.75,1,1,10,-19.79999,-15.08,1,2,26,9.17,-0.29,0.5,38,-0.6,-0.41,0.5,1,10,-23.89,25.86,1,2,25,11.62,-0.09,0.5,37,0.56,-0.01,0.5,1,10,38.74,34.7,1,2,35,17.37999,0.41,0.5,36,0.28,0.39,0.5,2,22,19.89,0.6,0.5,35,0.54,0.5,0.5,1,22,0.28,-0.06,1,1,10,-26.48,23.85,1,1,10,-27.61,-6.63,1,1,10,-22.07,-9.07,1,1,10,-15.38,-18.52,1,1,10,9.07,-30.9,1,1,10,1.9,-36.93,1,1,10,43.43,31.21,1,1,10,57.58,30.67,1,1,10,-18.49,29.23,1,1,10,-16.67,35.16,1,4,10,-23.4,36.74,0.03652,25,-63.05,13.73,0.03289,35,-76.55,65.6,0,27,0.12,-9.55,0.93057,1,27,5.4,0.62,1,5,10,-19.66,-26.85,0.0315,22,-36.71,-1.2,0.23028,35,-55.88,5.32,0,26,-1.13,10.49,0.67752,38,-13.09,7.74,0.06069,5,10,-9.16,-31.76,0.08177,22,-25.12,-1.76,0.4406,35,-44.44,3.41,0,26,-9.14,18.87,0.47011,38,-22.81,14.08,0.00749,1,10,-3.42,-24.57,1,1,10,-27.01,9.39999,1,5,10,-31.8,9.77,0.05729,35,-77.4,37.36,0,26,-3.1,-28.05,0.24148,38,-6.25,-30.24,0.10037,27,1.83,18.64,0.60083,1,10,53.18,-43.82,1,1,10,35,-30.35,1,4,10,19.45999,-29.76,0.29249,22,0.61,10.93,0.66358,35,-17.39,13.01,0.03075,26,-36.55,27.39,0.01315],"hull":26}},"MON30058_DL_4":{"MON30058_DL_4":{"type":"weightedmesh","uvs":[1,0.25116,1,0.43197,0.89183,0.59051,0.7868,0.71557,0.84375,0.81174,1,0.87769,0.73339,1,0.42155,1,0.19367,1,0,0.95228,0,0.82308,0,0.70516,0,0.54596,0,0.38087,0,0.2455,0.12485,0.16949,0.14505,0,0.64215,0,1,0,0.50224,0.22561,0.40539,0.40053,0.35158,0.57741,0.35159,0.72481,0.37312,0.84273],"triangles":[8,9,10,23,8,10,6,7,23,8,23,7,4,6,23,6,4,5,10,11,22,23,22,3,10,22,23,23,3,4,11,12,21,3,21,2,22,21,3,11,21,22,21,12,13,20,21,13,2,20,1,21,20,2,13,14,15,20,15,19,13,15,20,19,0,1,20,19,1,19,16,17,15,16,19,17,18,0,19,17,0],"vertices":[3,12,20.94,21.03,0.51391,13,-1.85,21.1,0.45173,14,-20.07,22.95,0.03435,4,12,41.23,25.56,0.0248,13,18.59,24.85,0.48982,14,0.6,25.14,0.44783,15,-17.39,27.25,0.03753,4,13,37.34,23.67,0.07049,14,19.20999,22.54,0.5181,15,0.83,22.7,0.3726,28,-14.78,23.24,0.03878,5,13,52.29,21.92,5.6E-4,14,33.98,19.66,0.08853,15,15.21,18.29,0.46509,28,-0.56,18.32,0.35227,29,-13.32,19.20999,0.09352,4,14,44.72,23.21,0.00122,15,26.27,20.68,0.10001,28,10.57,20.32,0.41001,29,-2.07,20.49,0.48874,3,15,33.86,27.24,0.0187,28,18.37999,26.61,0.2873,29,6.11,26.27,0.69399,2,28,32.04,14.92,0.07893,29,19,13.73,0.92105,2,28,31.57,1.83,7.6E-4,29,17.7,0.7,0.99923,1,29,16.74,-8.82,1,2,28,25.45,-15.66,0.07246,29,10.47999,-16.37,0.92753,3,15,27.57,-14.75,0.09065,28,10.6,-15.13,0.56795,29,-4.3,-14.89,0.34139,4,14,36.27,-13.31,0.01909,15,14.01,-14.75,0.64249,28,-2.94,-14.65,0.33236,29,-17.79,-13.54,0.00603,4,13,39.06,-14.09,0.00946,14,18.06,-15.24,0.65993,15,-4.29,-14.74,0.33032,28,-21.23,-14,2.6E-4,4,12,44.64,-16.7,0.01027,13,20.37999,-17.51,0.51323,14,-0.81,-17.24,0.47625,15,-23.27,-14.74,2.2E-4,4,12,29.44,-20.09,0.2358,13,5.07,-20.32,0.71288,14,-16.29,-18.87999,0.05131,15,-38.84,-14.74,0,4,12,19.77,-16.87,0.62686,13,-4.46,-16.73,0.37157,14,-25.54,-14.58,0.00155,15,-47.58,-9.49,0,3,12,0.56,-20.29,0.99954,13,-23.79,-19.41,4.5E-4,15,-67.07,-8.64,0,1,12,-3.97,0.08,1,1,12,-7.24,14.75,1,2,12,22.62,0,0.5,13,-0.97,0.01,0.5,2,13,19.54,-0.36,0.5,14,-0.35,-0.07,0.5,2,14,20.1,-0.18,0.5,15,-0.67,0.01,0.5,2,15,16.27,0.01,0.5,28,-0.15,0.02,0.5,2,28,13.42,0.44,0.5,29,-0.49,0.47,0.5],"hull":19}},"MON30058_DL_5":{"MON30058_DL_5":{"type":"weightedmesh","uvs":[1,0.2165,1,0.34428,0.9313,0.40318,0.88532,0.54403,0.70455,0.68944,0.69714,0.82603,0.71901,0.95235,0.50209,1,0.27752,1,0,1,0,0.79519,0,0.65125,0,0.49116,0,0.35313,0.05305,0.30801,0.0697,0.18537,0.17942,0.11461,0.20037,0,0.78092,0,1,0,0.5755,0.2064,0.43841,0.35944,0.36945,0.50404,0.30562,0.66566,0.26806,0.83952],"triangles":[7,8,24,9,24,8,6,7,5,9,10,24,5,7,24,5,23,4,23,24,11,24,10,11,24,23,5,22,23,12,4,22,3,23,11,12,23,22,4,12,13,14,22,14,21,3,21,2,12,14,22,22,21,3,2,20,0,21,16,20,21,14,16,21,20,2,14,15,16,1,2,0,20,17,18,16,17,20,18,19,0,20,18,0],"vertices":[2,16,12.82,15.66,0.48,30,-4.54,16.14,0.52,1,30,7.08,20.04999,1,2,30,11.17,18.04999,0.48,31,-2.79,18.41,0.52,2,31,13.01,20.75,0.53999,32,0.74,20.79999,0.46,2,32,15.43,15.42,0.45,33,0.52,15.41,0.55,2,33,13.68,15.49,0.48,34,0.51,15.48,0.52,1,34,12.56,17.64,1,1,34,17.45,9.35999,1,1,34,17.79,0.61,1,1,34,18.20999,-10.2,1,2,33,13.14,-11.01,0.48,34,-1.43,-10.95,0.52,2,32,14.98,-12.29,0.45,33,-0.61,-12.28,0.55,2,31,15.83,-14.02,0.53999,32,-0.27,-14.08,0.46,2,30,20.29999,-16.64,0.12,31,2.92,-17,0.88,2,30,16.79,-14.53,0.48,31,-0.36,-14.56,0.52,1,30,6.14,-18.11,1,2,16,16.86,-17.2,0.48,30,-2.44,-16.9,0.52,1,16,5.19,-21.02,1,1,16,-3.26,-0.02,1,1,16,-6.45,7.9,1,2,16,18.11,-0.05,0.48,30,-0.19,0.14,0.52,2,30,15.43,-0.24,0.52999,31,-0.33,-0.2,0.47,2,31,13.79,0.29,0.53999,32,-0.72,0.37,0.46,2,32,14.97,-0.29,0.45,33,-0.32,-0.28,0.55,2,33,14.04,-0.43,0.48,34,0.01,-0.43,0.52],"hull":20}},"MON30058_DL_7":{"MON30058_DL_7":{"x":23.55,"y":-15.5,"rotation":-128.14,"width":72,"height":88}},"MON30058_DL_8":{"MON30058_DL_8":{"x":13.95,"y":1.54,"rotation":111.19,"width":42,"height":36}},"MON30058_DL_9":{"MON30058_DL_9":{"x":19.15,"y":1.96,"rotation":99.75,"width":54,"height":52}},"fx_lei":{"FX/LEI_A_00028":{"x":48.31,"y":2.11,"rotation":60.53,"width":86,"height":145},"FX/LEI_A_00029":{"x":48.31,"y":2.11,"rotation":60.53,"width":86,"height":145},"FX/LEI_A_00031":{"x":48.31,"y":2.11,"rotation":60.53,"width":86,"height":145},"FX/LEI_A_00032":{"x":48.31,"y":2.11,"rotation":60.53,"width":86,"height":145},"FX/LEI_A_00034":{"x":48.31,"y":2.11,"rotation":60.53,"width":86,"height":145},"FX/LEI_A_00036":{"x":48.31,"y":2.11,"rotation":60.53,"width":86,"height":145}},"fx_lei2":{"FX/LEI_B_00026":{"x":74.42,"y":-15.61,"rotation":105.8,"width":93,"height":158},"FX/LEI_B_00027":{"x":74.42,"y":-15.61,"rotation":105.8,"width":93,"height":158},"FX/LEI_B_00028":{"x":74.42,"y":-15.61,"rotation":105.8,"width":93,"height":158},"FX/LEI_B_00030":{"x":74.42,"y":-15.61,"rotation":105.8,"width":93,"height":158},"FX/LEI_B_00031":{"x":74.42,"y":-15.61,"rotation":105.8,"width":93,"height":158},"FX/LEI_B_00034":{"x":74.42,"y":-15.61,"rotation":105.8,"width":93,"height":158}},"fx_lei3":{"FX/LEI_C_00030":{"x":50.73,"y":-2.08,"rotation":70.75,"width":146,"height":131},"FX/LEI_C_00031":{"x":50.73,"y":-2.08,"rotation":70.75,"width":146,"height":131},"FX/LEI_C_00032":{"x":50.73,"y":-2.08,"rotation":70.75,"width":146,"height":131},"FX/LEI_C_00033":{"x":50.73,"y":-2.08,"rotation":70.75,"width":146,"height":131},"FX/LEI_C_00034":{"x":50.73,"y":-2.08,"rotation":70.75,"width":146,"height":131},"FX/LEI_C_00035":{"x":50.73,"y":-2.08,"rotation":70.75,"width":146,"height":131}},"shadow":{"shadow":{"x":-2.03,"y":1.32,"scaleX":2,"scaleY":2,"rotation":90,"width":85,"height":42}},"wuqi":{"FX/wuqi":{"x":56.87,"y":-1.96,"rotation":-161.87,"width":90,"height":81}}}},"animations":{"wait_DL":{"slots":{"FX_WEAPON":{"attachment":[{"time":0,"name":"FX/WUQI_00000"},{"time":0.0666,"name":"FX/WUQI_00001"},{"time":0.1333,"name":"FX/WUQI_00002"},{"time":0.2,"name":"FX/WUQI_00000"},{"time":0.2666,"name":"FX/WUQI_00001"},{"time":0.3333,"name":"FX/WUQI_00002"},{"time":0.4,"name":"FX/WUQI_00000"},{"time":0.4666,"name":"FX/WUQI_00001"},{"time":0.5333,"name":"FX/WUQI_00002"},{"time":0.6,"name":"FX/WUQI_00000"},{"time":0.6666,"name":"FX/WUQI_00001"},{"time":0.7333,"name":"FX/WUQI_00002"},{"time":0.8,"name":"FX/WUQI_00000"},{"time":0.8666,"name":"FX/WUQI_00001"},{"time":0.9333,"name":"FX/WUQI_00002"},{"time":1,"name":"FX/WUQI_00000"},{"time":1.0666,"name":"FX/WUQI_00001"},{"time":1.1333,"name":"FX/WUQI_00002"},{"time":1.2,"name":"FX/WUQI_00000"},{"time":1.2666,"name":"FX/WUQI_00001"},{"time":1.3333,"name":"FX/WUQI_00002"},{"time":1.4,"name":"FX/WUQI_00000"},{"time":1.4666,"name":"FX/WUQI_00001"},{"time":1.5333,"name":"FX/WUQI_00002"},{"time":1.6,"name":"FX/WUQI_00000"},{"time":1.6666,"name":"FX/WUQI_00001"},{"time":1.7333,"name":"FX/WUQI_00002"},{"time":1.8,"name":"FX/WUQI_00000"},{"time":1.8666,"name":"FX/WUQI_00001"},{"time":1.9333,"name":"FX/WUQI_00002"},{"time":2,"name":"FX/WUQI_00000"},{"time":2.0666,"name":"FX/WUQI_00001"},{"time":2.1333,"name":"FX/WUQI_00002"},{"time":2.2,"name":"FX/WUQI_00000"},{"time":2.2666,"name":"FX/WUQI_00001"},{"time":2.3333,"name":"FX/WUQI_00002"},{"time":2.4,"name":"FX/WUQI_00000"},{"time":2.4666,"name":"FX/WUQI_00001"},{"time":2.5333,"name":"FX/WUQI_00002"},{"time":2.6,"name":"FX/WUQI_00001"},{"time":2.6666,"name":"FX/WUQI_00000"}]},"MON30058_DL_2":{"attachment":[{"time":0,"name":null},{"time":0.9333,"name":"MON30058_DL_2"},{"time":1.3333,"name":null},{"time":2.6666,"name":null}]}},"bones":{"root":{"rotate":[{"time":0,"angle":0,"curve":"stepped"},{"time":1.3333,"angle":0,"curve":"stepped"},{"time":2.6666,"angle":0}],"translate":[{"time":0,"x":0,"y":0,"curve":"stepped"},{"time":1.3333,"x":0,"y":0,"curve":"stepped"},{"time":2.6666,"x":0,"y":0}],"scale":[{"time":0,"x":1,"y":1,"curve":"stepped"},{"time":1.3333,"x":1,"y":1,"curve":"stepped"},{"time":2.6666,"x":1,"y":1}]},"bone":{"rotate":[{"time":0,"angle":0,"curve":"stepped"},{"time":1.3333,"angle":0,"curve":"stepped"},{"time":2.6666,"angle":0}],"translate":[{"time":0,"x":0,"y":0,"curve":"stepped"},{"time":1.3333,"x":0,"y":0,"curve":"stepped"},{"time":2.6666,"x":0,"y":0}],"scale":[{"time":0,"x":1,"y":1,"curve":"stepped"},{"time":1.3333,"x":1,"y":1,"curve":"stepped"},{"time":2.6666,"x":1,"y":1}]},"MON30058_DL_15":{"rotate":[{"time":0,"angle":0,"curve":"stepped"},{"time":1.3333,"angle":0,"curve":"stepped"},{"time":2.6666,"angle":0}],"translate":[{"time":0,"x":0,"y":0,"curve":[0.25,0,0.75,1]},{"time":0.7333,"x":-0.85,"y":-12.32,"curve":[0.25,0,0.75,1]},{"time":1.3333,"x":0,"y":0},{"time":2.0666,"x":-0.85,"y":-12.32,"curve":[0.25,0,0.75,1]},{"time":2.6666,"x":0,"y":0}],"scale":[{"time":0,"x":1,"y":1,"curve":"stepped"},{"time":1.3333,"x":1,"y":1,"curve":"stepped"},{"time":2.6666,"x":1,"y":1}]},"bone2":{"rotate":[{"time":0,"angle":0},{"time":0.7333,"angle":2.3},{"time":1.3333,"angle":0},{"time":2.0666,"angle":2.3},{"time":2.6666,"angle":0}],"translate":[{"time":0,"x":0,"y":0,"curve":"stepped"},{"time":1.3333,"x":0,"y":0,"curve":"stepped"},{"time":2.6666,"x":0,"y":0}],"scale":[{"time":0,"x":1,"y":1,"curve":"stepped"},{"time":1.3333,"x":1,"y":1,"curve":"stepped"},{"time":2.6666,"x":1,"y":1}]},"MON30058_DL_3":{"rotate":[{"time":0,"angle":0},{"time":0.7333,"angle":0.34},{"time":1.3333,"angle":0},{"time":2.0666,"angle":0.34},{"time":2.6666,"angle":0}],"translate":[{"time":0,"x":0,"y":0},{"time":0.7333,"x":-3.68,"y":0.23},{"time":1.3333,"x":0,"y":0},{"time":2.0666,"x":-3.68,"y":0.23},{"time":2.6666,"x":0,"y":0}],"scale":[{"time":0,"x":1,"y":1,"curve":"stepped"},{"time":1.3333,"x":1,"y":1,"curve":"stepped"},{"time":2.6666,"x":1,"y":1}]},"MON30058_DL_2":{"rotate":[{"time":0,"angle":0,"curve":"stepped"},{"time":1.3333,"angle":0,"curve":"stepped"},{"time":2.6666,"angle":0}],"translate":[{"time":0,"x":0,"y":0,"curve":"stepped"},{"time":1.3333,"x":0,"y":0,"curve":"stepped"},{"time":2.6666,"x":0,"y":0}],"scale":[{"time":0,"x":1,"y":1,"curve":"stepped"},{"time":1.3333,"x":1,"y":1,"curve":"stepped"},{"time":2.6666,"x":1,"y":1}]},"MON30058_DL_4":{"rotate":[{"time":0,"angle":0},{"time":0.2333,"angle":8.59},{"time":0.7333,"angle":10.58},{"time":0.9666,"angle":3.23},{"time":1.3333,"angle":0},{"time":1.5666,"angle":8.59},{"time":2.0666,"angle":10.58},{"time":2.3,"angle":3.23},{"time":2.6666,"angle":0}],"translate":[{"time":0,"x":0,"y":0,"curve":"stepped"},{"time":1.3333,"x":0,"y":0,"curve":"stepped"},{"time":2.6666,"x":0,"y":0}],"scale":[{"time":0,"x":1,"y":1,"curve":"stepped"},{"time":1.3333,"x":1,"y":1,"curve":"stepped"},{"time":2.6666,"x":1,"y":1}]},"bone3":{"rotate":[{"time":0,"angle":0},{"time":0.2333,"angle":-1.14},{"time":0.7333,"angle":13.89},{"time":1.3333,"angle":0},{"time":1.5666,"angle":-1.14},{"time":2.0666,"angle":13.89},{"time":2.6666,"angle":0}],"translate":[{"time":0,"x":0,"y":0,"curve":"stepped"},{"time":1.3333,"x":0,"y":0,"curve":"stepped"},{"time":2.6666,"x":0,"y":0}],"scale":[{"time":0,"x":1,"y":1,"curve":"stepped"},{"time":1.3333,"x":1,"y":1,"curve":"stepped"},{"time":2.6666,"x":1,"y":1}]},"bone4":{"rotate":[{"time":0,"angle":0},{"time":0.2333,"angle":-11.72},{"time":0.7333,"angle":17.34},{"time":0.9666,"angle":6.91},{"time":1.3333,"angle":0},{"time":1.5666,"angle":-11.72},{"time":2.0666,"angle":17.34},{"time":2.3,"angle":6.91},{"time":2.6666,"angle":0}],"translate":[{"time":0,"x":0,"y":0,"curve":"stepped"},{"time":1.3333,"x":0,"y":0,"curve":"stepped"},{"time":2.6666,"x":0,"y":0}],"scale":[{"time":0,"x":1,"y":1,"curve":"stepped"},{"time":1.3333,"x":1,"y":1,"curve":"stepped"},{"time":2.6666,"x":1,"y":1}]},"MON30058_DL_5":{"rotate":[{"time":0,"angle":0},{"time":0.2333,"angle":-9.51},{"time":0.7333,"angle":-21.06},{"time":0.9666,"angle":1.19},{"time":1.3333,"angle":0},{"time":1.5666,"angle":-9.51},{"time":2.0666,"angle":-21.06},{"time":2.3,"angle":1.19},{"time":2.6666,"angle":0}],"translate":[{"time":0,"x":0,"y":0,"curve":"stepped"},{"time":1.3333,"x":0,"y":0,"curve":"stepped"},{"time":2.6666,"x":0,"y":0}],"scale":[{"time":0,"x":1,"y":1,"curve":"stepped"},{"time":1.3333,"x":1,"y":1,"curve":"stepped"},{"time":2.6666,"x":1,"y":1}]},"bone5":{"rotate":[{"time":0,"angle":0},{"time":0.2333,"angle":-12.28},{"time":0.7333,"angle":-15.74},{"time":0.9666,"angle":11.96},{"time":1.3333,"angle":0},{"time":1.5666,"angle":-12.28},{"time":2.0666,"angle":-15.74},{"time":2.3,"angle":11.96},{"time":2.6666,"angle":0}],"translate":[{"time":0,"x":0,"y":0,"curve":"stepped"},{"time":1.3333,"x":0,"y":0,"curve":"stepped"},{"time":2.6666,"x":0,"y":0}],"scale":[{"time":0,"x":1,"y":1,"curve":"stepped"},{"time":1.3333,"x":1,"y":1,"curve":"stepped"},{"time":2.6666,"x":1,"y":1}]},"bone6":{"rotate":[{"time":0,"angle":0},{"time":0.7333,"angle":-24.55},{"time":0.9666,"angle":3.43},{"time":1.3333,"angle":0},{"time":2.0666,"angle":-24.55},{"time":2.3,"angle":3.43},{"time":2.6666,"angle":0}],"translate":[{"time":0,"x":0,"y":0,"curve":"stepped"},{"time":1.3333,"x":0,"y":0,"curve":"stepped"},{"time":2.6666,"x":0,"y":0}],"scale":[{"time":0,"x":1,"y":1,"curve":"stepped"},{"time":1.3333,"x":1,"y":1,"curve":"stepped"},{"time":2.6666,"x":1,"y":1}]},"MON30058_DL_6":{"rotate":[{"time":0,"angle":0},{"time":0.7333,"angle":-0.98},{"time":0.9666,"angle":2.23},{"time":1.3333,"angle":0},{"time":2.0666,"angle":-0.98},{"time":2.3,"angle":2.23},{"time":2.6666,"angle":0}],"translate":[{"time":0,"x":0,"y":0,"curve":"stepped"},{"time":1.3333,"x":0,"y":0,"curve":"stepped"},{"time":2.6666,"x":0,"y":0}],"scale":[{"time":0,"x":1,"y":1,"curve":"stepped"},{"time":1.3333,"x":1,"y":1,"curve":"stepped"},{"time":2.6666,"x":1,"y":1}]},"bone7":{"rotate":[{"time":0,"angle":0},{"time":0.2333,"angle":1.54},{"time":0.7333,"angle":-11.8},{"time":0.9666,"angle":-3.3},{"time":1.3333,"angle":0},{"time":1.5666,"angle":1.54},{"time":2.0666,"angle":-11.8},{"time":2.3,"angle":-3.3},{"time":2.6666,"angle":0}],"translate":[{"time":0,"x":0,"y":0,"curve":"stepped"},{"time":1.3333,"x":0,"y":0,"curve":"stepped"},{"time":2.6666,"x":0,"y":0}],"scale":[{"time":0,"x":1,"y":1,"curve":"stepped"},{"time":1.3333,"x":1,"y":1,"curve":"stepped"},{"time":2.6666,"x":1,"y":1}]},"bone8":{"rotate":[{"time":0,"angle":0},{"time":0.2333,"angle":2.5},{"time":0.7333,"angle":-13.26},{"time":0.9666,"angle":-10.33},{"time":1.3333,"angle":0},{"time":1.5666,"angle":2.5},{"time":2.0666,"angle":-13.26},{"time":2.3,"angle":-10.33},{"time":2.6666,"angle":0}],"translate":[{"time":0,"x":0,"y":0,"curve":"stepped"},{"time":1.3333,"x":0,"y":0,"curve":"stepped"},{"time":2.6666,"x":0,"y":0}],"scale":[{"time":0,"x":1,"y":1,"curve":"stepped"},{"time":1.3333,"x":1,"y":1,"curve":"stepped"},{"time":2.6666,"x":1,"y":1}]},"bone9":{"rotate":[{"time":0,"angle":0},{"time":0.2333,"angle":6.48},{"time":0.7333,"angle":-0.23},{"time":0.9666,"angle":-11.38},{"time":1.3333,"angle":0},{"time":1.5666,"angle":6.48},{"time":2.0666,"angle":-0.23},{"time":2.3,"angle":-11.38},{"time":2.6666,"angle":0}],"translate":[{"time":0,"x":0,"y":0,"curve":"stepped"},{"time":1.3333,"x":0,"y":0,"curve":"stepped"},{"time":2.6666,"x":0,"y":0}],"scale":[{"time":0,"x":1,"y":1,"curve":"stepped"},{"time":1.3333,"x":1,"y":1,"curve":"stepped"},{"time":2.6666,"x":1,"y":1}]},"bone10":{"rotate":[{"time":0,"angle":0},{"time":0.2333,"angle":7.89},{"time":0.7333,"angle":16.69},{"time":0.9666,"angle":-15.98},{"time":1.3333,"angle":0},{"time":1.5666,"angle":7.89},{"time":2.0666,"angle":16.69},{"time":2.3,"angle":-15.98},{"time":2.6666,"angle":0}],"translate":[{"time":0,"x":0,"y":0,"curve":"stepped"},{"time":1.3333,"x":0,"y":0,"curve":"stepped"},{"time":2.6666,"x":0,"y":0}],"scale":[{"time":0,"x":1,"y":1,"curve":"stepped"},{"time":1.3333,"x":1,"y":1,"curve":"stepped"},{"time":2.6666,"x":1,"y":1}]},"bone11":{"rotate":[{"time":0,"angle":0},{"time":0.2333,"angle":7.81},{"time":0.7333,"angle":10.67},{"time":0.9666,"angle":-10.24},{"time":1.3333,"angle":0},{"time":1.5666,"angle":7.81},{"time":2.0666,"angle":10.67},{"time":2.3,"angle":-10.24},{"time":2.6666,"angle":0}],"translate":[{"time":0,"x":0,"y":0,"curve":"stepped"},{"time":1.3333,"x":0,"y":0,"curve":"stepped"},{"time":2.6666,"x":0,"y":0}],"scale":[{"time":0,"x":1,"y":1,"curve":"stepped"},{"time":1.3333,"x":1,"y":1,"curve":"stepped"},{"time":2.6666,"x":1,"y":1}]},"MON30058_DL_1":{"rotate":[{"time":0,"angle":0},{"time":0.7333,"angle":15.03},{"time":1.3333,"angle":0},{"time":2.0666,"angle":15.03},{"time":2.6666,"angle":0}],"translate":[{"time":0,"x":0,"y":0,"curve":"stepped"},{"time":1.3333,"x":0,"y":0,"curve":"stepped"},{"time":2.6666,"x":0,"y":0}],"scale":[{"time":0,"x":1,"y":1,"curve":"stepped"},{"time":1.3333,"x":1,"y":1,"curve":"stepped"},{"time":2.6666,"x":1,"y":1}]},"MON30058_DL_7":{"rotate":[{"time":0,"angle":0},{"time":0.7333,"angle":-16.04},{"time":1.3333,"angle":0},{"time":2.0666,"angle":-16.04},{"time":2.6666,"angle":0}],"translate":[{"time":0,"x":0,"y":0,"curve":"stepped"},{"time":1.3333,"x":0,"y":0,"curve":"stepped"},{"time":2.6666,"x":0,"y":0}],"scale":[{"time":0,"x":1,"y":1,"curve":"stepped"},{"time":1.3333,"x":1,"y":1,"curve":"stepped"},{"time":2.6666,"x":1,"y":1}]},"MON30058_DL_10":{"rotate":[{"time":0,"angle":0},{"time":0.7333,"angle":18.89},{"time":1.3333,"angle":0},{"time":2.0666,"angle":18.89},{"time":2.6666,"angle":0}],"translate":[{"time":0,"x":0,"y":0,"curve":"stepped"},{"time":1.3333,"x":0,"y":0,"curve":"stepped"},{"time":2.6666,"x":0,"y":0}],"scale":[{"time":0,"x":1,"y":1,"curve":"stepped"},{"time":1.3333,"x":1,"y":1,"curve":"stepped"},{"time":2.6666,"x":1,"y":1}]},"MON30058_DL_9":{"rotate":[{"time":0,"angle":0},{"time":0.2666,"angle":-15.49},{"time":0.7333,"angle":-2.72},{"time":0.9333,"angle":11.37},{"time":1.3333,"angle":0},{"time":1.6,"angle":-15.49},{"time":2.0666,"angle":-2.72},{"time":2.2666,"angle":11.37},{"time":2.6666,"angle":0}],"translate":[{"time":0,"x":0,"y":0,"curve":"stepped"},{"time":1.3333,"x":0,"y":0,"curve":"stepped"},{"time":2.6666,"x":0,"y":0}],"scale":[{"time":0,"x":1,"y":1,"curve":"stepped"},{"time":1.3333,"x":1,"y":1,"curve":"stepped"},{"time":2.6666,"x":1,"y":1}]},"MON30058_DL_8":{"rotate":[{"time":0,"angle":0},{"time":0.2666,"angle":-10.68},{"time":0.7333,"angle":-3.64},{"time":0.9333,"angle":8.58},{"time":1.3333,"angle":0},{"time":1.6,"angle":-10.68},{"time":2.0666,"angle":-3.64},{"time":2.2666,"angle":8.58},{"time":2.6666,"angle":0}],"translate":[{"time":0,"x":0,"y":0,"curve":"stepped"},{"time":1.3333,"x":0,"y":0,"curve":"stepped"},{"time":2.6666,"x":0,"y":0}],"scale":[{"time":0,"x":1,"y":1,"curve":"stepped"},{"time":1.3333,"x":1,"y":1,"curve":"stepped"},{"time":2.6666,"x":1,"y":1}]},"MON30058_DL_18":{"rotate":[{"time":0,"angle":0},{"time":0.7333,"angle":-30.07},{"time":1.3333,"angle":0},{"time":2.0666,"angle":-30.07},{"time":2.6666,"angle":0}],"translate":[{"time":0,"x":0,"y":0,"curve":"stepped"},{"time":1.3333,"x":0,"y":0,"curve":"stepped"},{"time":2.6666,"x":0,"y":0}],"scale":[{"time":0,"x":1,"y":1,"curve":"stepped"},{"time":1.3333,"x":1,"y":1,"curve":"stepped"},{"time":2.6666,"x":1,"y":1}]},"MON30058_DL_17":{"rotate":[{"time":0,"angle":0,"curve":"stepped"},{"time":1.3333,"angle":0,"curve":"stepped"},{"time":2.6666,"angle":0}],"translate":[{"time":0,"x":0,"y":0,"curve":"stepped"},{"time":1.3333,"x":0,"y":0,"curve":"stepped"},{"time":2.6666,"x":0,"y":0}],"scale":[{"time":0,"x":1,"y":1,"curve":"stepped"},{"time":1.3333,"x":1,"y":1,"curve":"stepped"},{"time":2.6666,"x":1,"y":1}]},"MON30058_DL_16":{"rotate":[{"time":0,"angle":0,"curve":"stepped"},{"time":1.3333,"angle":0,"curve":"stepped"},{"time":2.6666,"angle":0}],"translate":[{"time":0,"x":0,"y":0,"curve":"stepped"},{"time":1.3333,"x":0,"y":0,"curve":"stepped"},{"time":2.6666,"x":0,"y":0}],"scale":[{"time":0,"x":1,"y":1,"curve":"stepped"},{"time":1.3333,"x":1,"y":1,"curve":"stepped"},{"time":2.6666,"x":1,"y":1}]},"MON30058_DL_19":{"rotate":[{"time":0,"angle":0,"curve":"stepped"},{"time":1.3333,"angle":0,"curve":"stepped"},{"time":2.6666,"angle":0}],"translate":[{"time":0,"x":0,"y":0,"curve":"stepped"},{"time":1.3333,"x":0,"y":0,"curve":"stepped"},{"time":2.6666,"x":0,"y":0}],"scale":[{"time":0,"x":1,"y":1,"curve":"stepped"},{"time":1.3333,"x":1,"y":1,"curve":"stepped"},{"time":2.6666,"x":1,"y":1}]},"MON30058_DL_11":{"rotate":[{"time":0,"angle":0,"curve":"stepped"},{"time":1.3333,"angle":0,"curve":"stepped"},{"time":2.6666,"angle":0}],"translate":[{"time":0,"x":0,"y":0,"curve":"stepped"},{"time":1.3333,"x":0,"y":0,"curve":"stepped"},{"time":2.6666,"x":0,"y":0}],"scale":[{"time":0,"x":1,"y":1},{"time":0.7333,"x":1.045,"y":0.846},{"time":1.3333,"x":1,"y":1},{"time":2.0666,"x":1.045,"y":0.846},{"time":2.6666,"x":1,"y":1}]},"MON30058_DL_13":{"rotate":[{"time":0,"angle":0,"curve":"stepped"},{"time":1.3333,"angle":0,"curve":"stepped"},{"time":2.6666,"angle":0}],"translate":[{"time":0,"x":0,"y":0},{"time":0.7333,"x":0.36,"y":-9.07},{"time":1.3333,"x":0,"y":0},{"time":2.0666,"x":0.36,"y":-9.07},{"time":2.6666,"x":0,"y":0}],"scale":[{"time":0,"x":1,"y":1},{"time":0.7333,"x":0.788,"y":1.047},{"time":1.3333,"x":1,"y":1},{"time":2.0666,"x":0.788,"y":1.047},{"time":2.6666,"x":1,"y":1}]},"MON30058_DL_14":{"rotate":[{"time":0,"angle":0,"curve":"stepped"},{"time":1.3333,"angle":0,"curve":"stepped"},{"time":2.6666,"angle":0}],"translate":[{"time":0,"x":0,"y":0},{"time":0.7333,"x":0,"y":-7.26},{"time":1.3333,"x":0,"y":0},{"time":2.0666,"x":0,"y":-7.26},{"time":2.6666,"x":0,"y":0}],"scale":[{"time":0,"x":1,"y":1},{"time":0.7333,"x":0.783,"y":1.061},{"time":1.3333,"x":1,"y":1},{"time":2.0666,"x":0.783,"y":1.061},{"time":2.6666,"x":1,"y":1}]},"MON30058_DL_12":{"rotate":[{"time":0,"angle":0,"curve":"stepped"},{"time":1.3333,"angle":0,"curve":"stepped"},{"time":2.6666,"angle":0}],"translate":[{"time":0,"x":0,"y":0,"curve":"stepped"},{"time":1.3333,"x":0,"y":0,"curve":"stepped"},{"time":2.6666,"x":0,"y":0}],"scale":[{"time":0,"x":1,"y":1,"curve":"stepped"},{"time":1.3333,"x":1,"y":1,"curve":"stepped"},{"time":2.6666,"x":1,"y":1}]},"bone12":{"rotate":[{"time":0,"angle":0},{"time":0.4,"angle":6.62},{"time":0.9333,"angle":-11.69},{"time":1.3333,"angle":0},{"time":1.7333,"angle":6.62},{"time":2.2666,"angle":-11.69},{"time":2.6666,"angle":0}],"translate":[{"time":0,"x":0,"y":0,"curve":"stepped"},{"time":1.3333,"x":0,"y":0,"curve":"stepped"},{"time":2.6666,"x":0,"y":0}],"scale":[{"time":0,"x":1,"y":1,"curve":"stepped"},{"time":1.3333,"x":1,"y":1,"curve":"stepped"},{"time":2.6666,"x":1,"y":1}]},"bone13":{"rotate":[{"time":0,"angle":0},{"time":0.4,"angle":6.4},{"time":0.9333,"angle":-22.16},{"time":1.3333,"angle":0},{"time":1.7333,"angle":6.4},{"time":2.2666,"angle":-22.16},{"time":2.6666,"angle":0}],"translate":[{"time":0,"x":0,"y":0,"curve":"stepped"},{"time":1.3333,"x":0,"y":0,"curve":"stepped"},{"time":2.6666,"x":0,"y":0}],"scale":[{"time":0,"x":1,"y":1,"curve":"stepped"},{"time":1.3333,"x":1,"y":1,"curve":"stepped"},{"time":2.6666,"x":1,"y":1}]},"MON30058_DL_20":{"rotate":[{"time":0,"angle":0},{"time":0.4,"angle":-10.96},{"time":0.9333,"angle":7.33},{"time":1.3333,"angle":0},{"time":1.7333,"angle":-10.96},{"time":2.2666,"angle":7.33},{"time":2.6666,"angle":0}],"translate":[{"time":0,"x":0,"y":0,"curve":"stepped"},{"time":1.3333,"x":0,"y":0,"curve":"stepped"},{"time":2.6666,"x":0,"y":0}],"scale":[{"time":0,"x":1,"y":1,"curve":"stepped"},{"time":1.3333,"x":1,"y":1,"curve":"stepped"},{"time":2.6666,"x":1,"y":1}]},"bone14":{"rotate":[{"time":0,"angle":0},{"time":0.4,"angle":-5.6},{"time":0.9333,"angle":18.8},{"time":1.3333,"angle":0},{"time":1.7333,"angle":-5.6},{"time":2.2666,"angle":18.8},{"time":2.6666,"angle":0}],"translate":[{"time":0,"x":0,"y":0,"curve":"stepped"},{"time":1.3333,"x":0,"y":0,"curve":"stepped"},{"time":2.6666,"x":0,"y":0}],"scale":[{"time":0,"x":1,"y":1,"curve":"stepped"},{"time":1.3333,"x":1,"y":1,"curve":"stepped"},{"time":2.6666,"x":1,"y":1}]},"MON30058_DL_21":{"rotate":[{"time":0,"angle":0},{"time":0.4666,"angle":15.51},{"time":0.9333,"angle":-2.48},{"time":1.3333,"angle":0},{"time":1.8,"angle":15.51},{"time":2.2666,"angle":-2.48},{"time":2.6666,"angle":0}],"translate":[{"time":0,"x":0,"y":0,"curve":"stepped"},{"time":1.3333,"x":0,"y":0,"curve":"stepped"},{"time":2.6666,"x":0,"y":0}],"scale":[{"time":0,"x":1,"y":1,"curve":"stepped"},{"time":1.3333,"x":1,"y":1,"curve":"stepped"},{"time":2.6666,"x":1,"y":1}]},"bone15":{"rotate":[{"time":0,"angle":0},{"time":0.4666,"angle":32.47},{"time":0.9333,"angle":1.47},{"time":1.3333,"angle":0},{"time":1.8,"angle":32.47},{"time":2.2666,"angle":1.47},{"time":2.6666,"angle":0}],"translate":[{"time":0,"x":0,"y":0,"curve":"stepped"},{"time":1.3333,"x":0,"y":0,"curve":"stepped"},{"time":2.6666,"x":0,"y":0}],"scale":[{"time":0,"x":1,"y":1,"curve":"stepped"},{"time":1.3333,"x":1,"y":1,"curve":"stepped"},{"time":2.6666,"x":1,"y":1}]},"MON30058_DL_22":{"rotate":[{"time":0,"angle":0},{"time":0.4666,"angle":-21.5},{"time":0.9333,"angle":-0.59},{"time":1.3333,"angle":0},{"time":1.8,"angle":-21.5},{"time":2.2666,"angle":-0.59},{"time":2.6666,"angle":0}],"translate":[{"time":0,"x":0,"y":0,"curve":"stepped"},{"time":1.3333,"x":0,"y":0,"curve":"stepped"},{"time":2.6666,"x":0,"y":0}],"scale":[{"time":0,"x":1,"y":1,"curve":"stepped"},{"time":1.3333,"x":1,"y":1,"curve":"stepped"},{"time":2.6666,"x":1,"y":1}]},"shadow":{"rotate":[{"time":0,"angle":0,"curve":"stepped"},{"time":1.3333,"angle":0,"curve":"stepped"},{"time":2.6666,"angle":0}],"translate":[{"time":0,"x":0,"y":0,"curve":"stepped"},{"time":1.3333,"x":0,"y":0,"curve":"stepped"},{"time":2.6666,"x":0,"y":0}],"scale":[{"time":0,"x":1,"y":1},{"time":0.7333,"x":1.064,"y":1.11},{"time":1.3333,"x":1,"y":1},{"time":2.0666,"x":1.064,"y":1.11},{"time":2.6666,"x":1,"y":1}]}},"ffd":{"default":{"MON30058_DL_3":{"MON30058_DL_3":[{"time":0},{"time":0.4666,"offset":16,"vertices":[1.4082,-4.1239,2.86653,-3.28296,2.46313,-3.59551,1.34064,4.14638,2.63594,3.4701,3.64246,-2.44694,3.33148,-2.85592,0.22473,4.38171,1.66055,4.06109,-0.58562,-2.53389,0.4185,-2.56716,0.1156,-2.59847,1.98593,1.67919,2.42939,0.92829,0,0,0,0,0,0,0,0,2.59768,-2.5666,2.27989,-2.85264,1.98874,3.06217,0,0,0,0,0,0,0,0,0,0,0,0,0,0,0,0,0,0,0,0,0,0,-2.28655,0.32306,-2.28977,-0.30218,1.63823,-1.62754,1.00814,-2.07761,2.05206,1.05922,2.91703,3.0838,-1.70081,-3.88849,0,0,0,0,0,0,0,0,0,0,0,0,0,0,0,0,0,0,0,0,0,0,0,0,0,0,0,0,0,0,0,0,0,0,0,0,0,0,0,0,0,0,0,0,0,0,0,0,0,0,0,0,0,0,0,0,0,0,0,0,0,0,0,0,0,0,0,0,0,0,0,0,0,0,0,0,0,0,0,0,0,0,0,0,0,0,0,0,1.83817,-0.92095,-1.32757,-1.74646,-0.56667,-2.11963,-0.81053,-2.03886,2.10889,0.60428,2.19013,-0.12682,-2.36233,-2.22597,-1.34256,-2.95566,-1.67883,-2.77846,3.2248,0.36896,3.16551,-0.71778]},{"time":0.9333,"offset":44,"vertices":[-1.52073,1.88204,-1.80513,1.61144,-0.089,-2.41765,0.40227,-2.38581,-2.14613,3.55425,-2.69274,3.16061,0.12718,-4.14971,-3.86616,5.72189,-0.55707,-6.88231,-3.10774,6.4504,-2.98326,-6.50733,-1.60433,-6.97707,1.06691,-7.07863,-3.80765,0.62781,-3.57331,-1.45938,3.40302,-1.81995,3.70124,-1.09349,3.84404,0.34052,-2.12573,-2.74088,-0.37573,-3.44887,2.89484,1.91084,2.44825,2.45746,1.37593,3.18402,1.26028,-6.3042,0.65497,6.39423,-3.18128,-1.28479,-1.07199,-3.25985,1.98531,2.79816,0,0,0,0,0,0,0,0,0,0,0,0,0,0,0,0,0,0,0,0,0,0,0,0,0,0,0,0,0,0,0,0,-0.08897,-2.41763,0.40229,-2.38578,0,0,0,0,0,0,0,0,0,0,0,0,0,0,0,0,0,0,0,0,0,0,0,0,0,0,0,0,0,0,0,0,0,0,0,0,0,0,0,0,0,0,0,0,0,0,0.13706,0.55351,-3.02723,1.11398,-3.22406,-0.11646,-3.16293,-0.63635,2.50762,-2.02906,2.86666,-1.47954,-1.27445,0.03934,-1.19446,-0.44666,-1.10658,-0.63399,1.19399,-0.44745,1.25994,-0.1965,0,0,0,0,-3.39125,0.56893,-3.18766,-1.29146,3.02775,-1.63018,3.29529,-0.9836,3.4261,0.29382]},{"time":1.3333},{"time":1.8,"offset":16,"vertices":[1.4082,-4.1239,2.86653,-3.28296,2.46313,-3.59551,1.34064,4.14638,2.63594,3.4701,3.64246,-2.44694,3.33148,-2.85592,0.22473,4.38171,1.66055,4.06109,-0.58562,-2.53389,0.4185,-2.56716,0.1156,-2.59847,1.98593,1.67919,2.42939,0.92829,0,0,0,0,0,0,0,0,2.59768,-2.5666,2.27989,-2.85264,1.98874,3.06217,0,0,0,0,0,0,0,0,0,0,0,0,0,0,0,0,0,0,0,0,0,0,-2.28655,0.32306,-2.28977,-0.30218,1.63823,-1.62754,1.00814,-2.07761,2.05206,1.05922,2.91703,3.0838,-1.70081,-3.88849,0,0,0,0,0,0,0,0,0,0,0,0,0,0,0,0,0,0,0,0,0,0,0,0,0,0,0,0,0,0,0,0,0,0,0,0,0,0,0,0,0,0,0,0,0,0,0,0,0,0,0,0,0,0,0,0,0,0,0,0,0,0,0,0,0,0,0,0,0,0,0,0,0,0,0,0,0,0,0,0,0,0,0,0,0,0,0,0,1.83817,-0.92095,-1.32757,-1.74646,-0.56667,-2.11963,-0.81053,-2.03886,2.10889,0.60428,2.19013,-0.12682,-2.36233,-2.22597,-1.34256,-2.95566,-1.67883,-2.77846,3.2248,0.36896,3.16551,-0.71778]},{"time":2.2666,"offset":44,"vertices":[-1.52073,1.88204,-1.80513,1.61144,-0.089,-2.41765,0.40227,-2.38581,-2.14613,3.55425,-2.69274,3.16061,0.12718,-4.14971,-3.86616,5.72189,-0.55707,-6.88231,-3.10774,6.4504,-2.98326,-6.50733,-1.60433,-6.97707,1.06691,-7.07863,-3.80765,0.62781,-3.57331,-1.45938,3.40302,-1.81995,3.70124,-1.09349,3.84404,0.34052,-2.12573,-2.74088,-0.37573,-3.44887,2.89484,1.91084,2.44825,2.45746,1.37593,3.18402,1.26028,-6.3042,0.65497,6.39423,-3.18128,-1.28479,-1.07199,-3.25985,1.98531,2.79816,0,0,0,0,0,0,0,0,0,0,0,0,0,0,0,0,0,0,0,0,0,0,0,0,0,0,0,0,0,0,0,0,-0.08897,-2.41763,0.40229,-2.38578,0,0,0,0,0,0,0,0,0,0,0,0,0,0,0,0,0,0,0,0,0,0,0,0,0,0,0,0,0,0,0,0,0,0,0,0,0,0,0,0,0,0,0,0,0,0,0.13706,0.55351,-3.02723,1.11398,-3.22406,-0.11646,-3.16293,-0.63635,2.50762,-2.02906,2.86666,-1.47954,-1.27445,0.03934,-1.19446,-0.44666,-1.10658,-0.63399,1.19399,-0.44745,1.25994,-0.1965,0,0,0,0,-3.39125,0.56893,-3.18766,-1.29146,3.02775,-1.63018,3.29529,-0.9836,3.4261,0.29382]},{"time":2.6666}]},"MON30058_DL_15":{"MON30058_DL_15":[{"time":0},{"time":0.4,"offset":2,"vertices":[1.97524,-2.39651,0,0,0,0,0,0,0,0,0,0,3.0198,0.81208,2.83391,1.32249,6.22834,-0.23249,6.17504,0.84888,10.52986,-1.38238,10.61096,0.4607,10.6964,-0.63401,0,0,0,0,0,0,0,0,0,0,0,0,0,0,3.17348,-1.40889,3.36964,-0.83851,6.01776,-2.41834,6.3459,-1.34057,2.27492,-0.92391]},{"time":0.8666,"vertices":[1.66043,-2.82148,-2.24288,-4.19619,-1.19826,-0.98762,0,0,0,0,0,0,0,0,-0.29412,0.76373,-0.41511,0.70537,0.61665,0.67596,0.49716,0.77653,6.35123,1.04258,6.0947,2.10285,2.71708,0.60368,0,0,0,0,0,0,0,0,0,0,-2.91456,0.28083,-2.9214,-0.19978,-2.92546,-1.74042,-2.59733,-2.17957,-0.63428,-0.85811,-0.47874,-0.91998,-4.53047,-3.41766]},{"time":1.3333},{"time":1.7333,"offset":2,"vertices":[1.97524,-2.39651,0,0,0,0,0,0,0,0,0,0,3.0198,0.81208,2.83391,1.32249,6.22834,-0.23249,6.17504,0.84888,10.52986,-1.38238,10.61096,0.4607,10.6964,-0.63401,0,0,0,0,0,0,0,0,0,0,0,0,0,0,3.17348,-1.40889,3.36964,-0.83851,6.01776,-2.41834,6.3459,-1.34057,2.27492,-0.92391]},{"time":2.2,"vertices":[1.66043,-2.82148,-2.24288,-4.19619,-1.19826,-0.98762,0,0,0,0,0,0,0,0,-0.29412,0.76373,-0.41511,0.70537,0.61665,0.67596,0.49716,0.77653,6.35123,1.04258,6.0947,2.10285,2.71708,0.60368,0,0,0,0,0,0,0,0,0,0,-2.91456,0.28083,-2.9214,-0.19978,-2.92546,-1.74042,-2.59733,-2.17957,-0.63428,-0.85811,-0.47874,-0.91998,-4.53047,-3.41766]},{"time":2.6666}]}}}},"wait_special_DL":{"slots":{"FX_WEAPON":{"attachment":[{"time":0,"name":"FX/WUQI_00000"},{"time":0.0666,"name":"FX/WUQI_00001"},{"time":0.1333,"name":"FX/WUQI_00002"},{"time":0.2,"name":"FX/WUQI_00000"},{"time":0.2666,"name":"FX/WUQI_00001"},{"time":0.3333,"name":"FX/WUQI_00002"},{"time":0.4,"name":"FX/WUQI_00000"},{"time":0.4666,"name":"FX/WUQI_00001"},{"time":0.5333,"name":"FX/WUQI_00002"},{"time":0.6,"name":"FX/WUQI_00000"},{"time":0.6666,"name":"FX/WUQI_00001"},{"time":0.7333,"name":"FX/WUQI_00002"},{"time":0.8,"name":"FX/WUQI_00000"},{"time":0.8666,"name":"FX/WUQI_00001"},{"time":0.9333,"name":"FX/WUQI_00002"},{"time":1,"name":"FX/WUQI_00000"},{"time":1.0666,"name":"FX/WUQI_00001"},{"time":1.1333,"name":"FX/WUQI_00002"},{"time":1.2,"name":"FX/WUQI_00000"},{"time":1.2666,"name":"FX/WUQI_00001"},{"time":1.3333,"name":"FX/WUQI_00002"},{"time":1.4,"name":"FX/WUQI_00000"},{"time":1.4666,"name":"FX/WUQI_00001"},{"time":1.5333,"name":"FX/WUQI_00002"},{"time":1.6,"name":"FX/WUQI_00000"},{"time":1.6666,"name":"FX/WUQI_00001"},{"time":1.7333,"name":"FX/WUQI_00002"},{"time":1.8,"name":"FX/WUQI_00000"},{"time":1.8666,"name":"FX/WUQI_00001"},{"time":1.9333,"name":"FX/WUQI_00002"},{"time":2,"name":"FX/WUQI_00000"},{"time":2.0666,"name":"FX/WUQI_00001"},{"time":2.1333,"name":"FX/WUQI_00002"},{"time":2.2,"name":"FX/WUQI_00000"},{"time":2.2666,"name":"FX/WUQI_00001"},{"time":2.3333,"name":"FX/WUQI_00002"}]},"MON30058_DL_2":{"attachment":[{"time":0,"name":null},{"time":0.1333,"name":"MON30058_DL_2"},{"time":0.4666,"name":null},{"time":2.3333,"name":null}]},"fx_lei":{"attachment":[{"time":0,"name":null},{"time":1.1333,"name":"FX/LEI_A_00028"},{"time":1.1666,"name":"FX/LEI_A_00029"},{"time":1.2,"name":"FX/LEI_A_00031"},{"time":1.2666,"name":"FX/LEI_A_00032"},{"time":1.3333,"name":"FX/LEI_A_00034"},{"time":1.4,"name":"FX/LEI_A_00036"},{"time":1.4666,"name":null},{"time":2.3333,"name":null}]},"fx_lei2":{"attachment":[{"time":0,"name":null},{"time":1.1666,"name":"FX/LEI_B_00026"},{"time":1.2,"name":"FX/LEI_B_00027"},{"time":1.2333,"name":"FX/LEI_B_00028"},{"time":1.3,"name":"FX/LEI_B_00030"},{"time":1.3666,"name":"FX/LEI_B_00031"},{"time":1.4333,"name":"FX/LEI_B_00034"},{"time":1.5,"name":null},{"time":2.3333,"name":null}]},"fx_lei3":{"attachment":[{"time":0,"name":null},{"time":1.1333,"name":"FX/LEI_C_00030"},{"time":1.1666,"name":"FX/LEI_C_00031"},{"time":1.2,"name":"FX/LEI_C_00032"},{"time":1.2666,"name":"FX/LEI_C_00033"},{"time":1.3333,"name":"FX/LEI_C_00034"},{"time":1.4,"name":"FX/LEI_C_00035"},{"time":1.4666,"name":null}]},"wuqi":{"attachment":[{"time":0,"name":null},{"time":1.1333,"name":"FX/wuqi"},{"time":2.3333,"name":null}],"color":[{"time":1.1333,"color":"ffffffff","curve":"stepped"},{"time":1.2,"color":"ffffffff"},{"time":1.4666,"color":"ffffff00"}]}},"bones":{"root":{"rotate":[{"time":0,"angle":0,"curve":"stepped"},{"time":0.1333,"angle":0,"curve":"stepped"},{"time":0.4,"angle":0,"curve":"stepped"},{"time":0.4666,"angle":0,"curve":"stepped"},{"time":0.6,"angle":0,"curve":"stepped"},{"time":1.0666,"angle":0,"curve":"stepped"},{"time":1.1333,"angle":0,"curve":"stepped"},{"time":1.3333,"angle":0,"curve":"stepped"},{"time":1.7333,"angle":0,"curve":"stepped"},{"time":1.9333,"angle":0,"curve":"stepped"},{"time":2.3333,"angle":0}],"translate":[{"time":0,"x":0,"y":0,"curve":"stepped"},{"time":0.1333,"x":0,"y":0,"curve":"stepped"},{"time":0.4,"x":0,"y":0,"curve":"stepped"},{"time":0.4666,"x":0,"y":0,"curve":"stepped"},{"time":0.6,"x":0,"y":0,"curve":"stepped"},{"time":1.0666,"x":0,"y":0,"curve":"stepped"},{"time":1.1333,"x":0,"y":0,"curve":"stepped"},{"time":1.3333,"x":0,"y":0,"curve":"stepped"},{"time":1.7333,"x":0,"y":0,"curve":"stepped"},{"time":1.9333,"x":0,"y":0,"curve":"stepped"},{"time":2.3333,"x":0,"y":0}],"scale":[{"time":0,"x":1,"y":1,"curve":"stepped"},{"time":0.1333,"x":1,"y":1,"curve":"stepped"},{"time":0.4,"x":1,"y":1,"curve":"stepped"},{"time":0.4666,"x":1,"y":1,"curve":"stepped"},{"time":0.6,"x":1,"y":1,"curve":"stepped"},{"time":1.0666,"x":1,"y":1,"curve":"stepped"},{"time":1.1333,"x":1,"y":1,"curve":"stepped"},{"time":1.3333,"x":1,"y":1,"curve":"stepped"},{"time":1.7333,"x":1,"y":1,"curve":"stepped"},{"time":1.9333,"x":1,"y":1,"curve":"stepped"},{"time":2.3333,"x":1,"y":1}]},"bone":{"rotate":[{"time":0,"angle":0,"curve":"stepped"},{"time":0.1333,"angle":0,"curve":"stepped"},{"time":0.4,"angle":0,"curve":"stepped"},{"time":0.4666,"angle":0},{"time":0.6,"angle":-4.28},{"time":1.0666,"angle":-10.6},{"time":1.1333,"angle":0,"curve":"stepped"},{"time":1.3333,"angle":0,"curve":"stepped"},{"time":1.7333,"angle":0,"curve":"stepped"},{"time":1.9333,"angle":0,"curve":"stepped"},{"time":2.3333,"angle":0}],"translate":[{"time":0,"x":0,"y":0,"curve":"stepped"},{"time":0.1333,"x":0,"y":0,"curve":"stepped"},{"time":0.4,"x":0,"y":0,"curve":"stepped"},{"time":0.4666,"x":0,"y":0},{"time":0.6,"x":1.01,"y":1.6},{"time":1.0666,"x":-6.27,"y":9.53},{"time":1.1333,"x":0,"y":0,"curve":"stepped"},{"time":1.3333,"x":0,"y":0},{"time":1.7333,"x":3.22,"y":-1.61,"curve":"stepped"},{"time":1.9333,"x":3.22,"y":-1.61},{"time":2.3333,"x":0,"y":0}],"scale":[{"time":0,"x":1,"y":1,"curve":"stepped"},{"time":0.1333,"x":1,"y":1,"curve":"stepped"},{"time":0.4,"x":1,"y":1,"curve":"stepped"},{"time":0.4666,"x":1,"y":1,"curve":"stepped"},{"time":0.6,"x":1,"y":1,"curve":"stepped"},{"time":1.0666,"x":1,"y":1,"curve":"stepped"},{"time":1.1333,"x":1,"y":1,"curve":"stepped"},{"time":1.3333,"x":1,"y":1,"curve":"stepped"},{"time":1.7333,"x":1,"y":1,"curve":"stepped"},{"time":1.9333,"x":1,"y":1,"curve":"stepped"},{"time":2.3333,"x":1,"y":1}]},"MON30058_DL_15":{"rotate":[{"time":0,"angle":0,"curve":"stepped"},{"time":0.1333,"angle":0},{"time":0.4,"angle":-3.82},{"time":0.4666,"angle":0},{"time":0.6,"angle":-1.86},{"time":1.0666,"angle":-11.15},{"time":1.1333,"angle":0},{"time":1.3333,"angle":-3.82},{"time":1.7333,"angle":0},{"time":1.9333,"angle":-4.2},{"time":2.3333,"angle":0}],"translate":[{"time":0,"x":0,"y":0},{"time":0.1333,"x":-0.85,"y":-12.32},{"time":0.4,"x":-0.78,"y":-14.42},{"time":0.4666,"x":0,"y":0},{"time":0.6,"x":0.05,"y":0.8},{"time":1.0666,"x":5.27,"y":8.98},{"time":1.1333,"x":-0.85,"y":-12.32},{"time":1.3333,"x":-0.78,"y":-16.82},{"time":1.7333,"x":0,"y":-3.22,"curve":"stepped"},{"time":1.9333,"x":0,"y":-3.22},{"time":2.3333,"x":0,"y":0}],"scale":[{"time":0,"x":1,"y":1,"curve":"stepped"},{"time":0.1333,"x":1,"y":1,"curve":"stepped"},{"time":0.4,"x":1,"y":1,"curve":"stepped"},{"time":0.4666,"x":1,"y":1,"curve":"stepped"},{"time":0.6,"x":1,"y":1,"curve":"stepped"},{"time":1.0666,"x":1,"y":1,"curve":"stepped"},{"time":1.1333,"x":1,"y":1,"curve":"stepped"},{"time":1.3333,"x":1,"y":1,"curve":"stepped"},{"time":1.7333,"x":1,"y":1,"curve":"stepped"},{"time":1.9333,"x":1,"y":1,"curve":"stepped"},{"time":2.3333,"x":1,"y":1}]},"bone2":{"rotate":[{"time":0,"angle":0},{"time":0.1333,"angle":3.32},{"time":0.4,"angle":18.02},{"time":0.4666,"angle":0,"curve":"stepped"},{"time":0.6,"angle":0},{"time":1.0666,"angle":-0.6},{"time":1.1333,"angle":3.32},{"time":1.3333,"angle":18.02},{"time":1.7333,"angle":0,"curve":"stepped"},{"time":1.9333,"angle":0,"curve":"stepped"},{"time":2.3333,"angle":0}],"translate":[{"time":0,"x":0,"y":0,"curve":"stepped"},{"time":0.1333,"x":0,"y":0,"curve":"stepped"},{"time":0.4,"x":0,"y":0,"curve":"stepped"},{"time":0.4666,"x":0,"y":0,"curve":"stepped"},{"time":0.6,"x":0,"y":0,"curve":"stepped"},{"time":1.0666,"x":0,"y":0,"curve":"stepped"},{"time":1.1333,"x":0,"y":0,"curve":"stepped"},{"time":1.3333,"x":0,"y":0,"curve":"stepped"},{"time":1.7333,"x":0,"y":0,"curve":"stepped"},{"time":1.9333,"x":0,"y":0,"curve":"stepped"},{"time":2.3333,"x":0,"y":0}],"scale":[{"time":0,"x":1,"y":1,"curve":"stepped"},{"time":0.1333,"x":1,"y":1,"curve":"stepped"},{"time":0.4,"x":1,"y":1,"curve":"stepped"},{"time":0.4666,"x":1,"y":1,"curve":"stepped"},{"time":0.6,"x":1,"y":1,"curve":"stepped"},{"time":1.0666,"x":1,"y":1,"curve":"stepped"},{"time":1.1333,"x":1,"y":1,"curve":"stepped"},{"time":1.3333,"x":1,"y":1,"curve":"stepped"},{"time":1.7333,"x":1,"y":1,"curve":"stepped"},{"time":1.9333,"x":1,"y":1,"curve":"stepped"},{"time":2.3333,"x":1,"y":1}]},"MON30058_DL_3":{"rotate":[{"time":0,"angle":0},{"time":0.1333,"angle":2.66},{"time":0.4,"angle":3.66},{"time":0.4666,"angle":0},{"time":0.6,"angle":-6.93},{"time":1.0666,"angle":-32.01},{"time":1.1333,"angle":2.66},{"time":1.3333,"angle":3.66},{"time":1.7333,"angle":-7.34},{"time":1.9333,"angle":-16.77},{"time":2.3333,"angle":0}],"translate":[{"time":0,"x":0,"y":0},{"time":0.1333,"x":-3.68,"y":0.23},{"time":0.4,"x":-6.97,"y":-0.3},{"time":0.4666,"x":0,"y":0,"curve":"stepped"},{"time":0.6,"x":0,"y":0},{"time":1.0666,"x":10.41,"y":-5.96},{"time":1.1333,"x":-3.68,"y":0.23},{"time":1.3333,"x":-6.97,"y":-0.3},{"time":1.7333,"x":0,"y":0,"curve":"stepped"},{"time":1.9333,"x":0,"y":0,"curve":"stepped"},{"time":2.3333,"x":0,"y":0}],"scale":[{"time":0,"x":1,"y":1,"curve":"stepped"},{"time":0.1333,"x":1,"y":1,"curve":"stepped"},{"time":0.4,"x":1,"y":1,"curve":"stepped"},{"time":0.4666,"x":1,"y":1,"curve":"stepped"},{"time":0.6,"x":1,"y":1,"curve":"stepped"},{"time":1.0666,"x":1,"y":1,"curve":"stepped"},{"time":1.1333,"x":1,"y":1,"curve":"stepped"},{"time":1.3333,"x":1,"y":1,"curve":"stepped"},{"time":1.7333,"x":1,"y":1,"curve":"stepped"},{"time":1.9333,"x":1,"y":1,"curve":"stepped"},{"time":2.3333,"x":1,"y":1}]},"MON30058_DL_2":{"rotate":[{"time":0,"angle":0,"curve":"stepped"},{"time":0.1333,"angle":0,"curve":"stepped"},{"time":0.4,"angle":0,"curve":"stepped"},{"time":0.4666,"angle":0,"curve":"stepped"},{"time":0.6,"angle":0},{"time":1.0666,"angle":-0.6},{"time":1.1333,"angle":0,"curve":"stepped"},{"time":1.3333,"angle":0,"curve":"stepped"},{"time":1.7333,"angle":0,"curve":"stepped"},{"time":1.9333,"angle":0,"curve":"stepped"},{"time":2.3333,"angle":0}],"translate":[{"time":0,"x":0,"y":0,"curve":"stepped"},{"time":0.1333,"x":0,"y":0,"curve":"stepped"},{"time":0.4,"x":0,"y":0,"curve":"stepped"},{"time":0.4666,"x":0,"y":0,"curve":"stepped"},{"time":0.6,"x":0,"y":0,"curve":"stepped"},{"time":1.0666,"x":0,"y":0,"curve":"stepped"},{"time":1.1333,"x":0,"y":0,"curve":"stepped"},{"time":1.3333,"x":0,"y":0,"curve":"stepped"},{"time":1.7333,"x":0,"y":0,"curve":"stepped"},{"time":1.9333,"x":0,"y":0,"curve":"stepped"},{"time":2.3333,"x":0,"y":0}],"scale":[{"time":0,"x":1,"y":1,"curve":"stepped"},{"time":0.1333,"x":1,"y":1,"curve":"stepped"},{"time":0.4,"x":1,"y":1,"curve":"stepped"},{"time":0.4666,"x":1,"y":1,"curve":"stepped"},{"time":0.6,"x":1,"y":1,"curve":"stepped"},{"time":1.0666,"x":1,"y":1,"curve":"stepped"},{"time":1.1333,"x":1,"y":1,"curve":"stepped"},{"time":1.3333,"x":1,"y":1,"curve":"stepped"},{"time":1.7333,"x":1,"y":1,"curve":"stepped"},{"time":1.9333,"x":1,"y":1,"curve":"stepped"},{"time":2.3333,"x":1,"y":1}]},"MON30058_DL_4":{"rotate":[{"time":0,"angle":0},{"time":0.4,"angle":10.58},{"time":0.6,"angle":-339.68},{"time":0.8333,"angle":-334.05},{"time":1.0666,"angle":-340.65},{"time":1.1333,"angle":10.58,"curve":"stepped"},{"time":1.3333,"angle":10.58},{"time":1.7333,"angle":-341.31},{"time":1.9333,"angle":-345.86},{"time":2.3333,"angle":0}],"translate":[{"time":0,"x":0,"y":0,"curve":"stepped"},{"time":0.4,"x":0,"y":0,"curve":"stepped"},{"time":0.6,"x":0,"y":0,"curve":"stepped"},{"time":1.0666,"x":0,"y":0,"curve":"stepped"},{"time":1.1333,"x":0,"y":0,"curve":"stepped"},{"time":1.3333,"x":0,"y":0,"curve":"stepped"},{"time":1.7333,"x":0,"y":0,"curve":"stepped"},{"time":1.9333,"x":0,"y":0,"curve":"stepped"},{"time":2.3333,"x":0,"y":0}],"scale":[{"time":0,"x":1,"y":1,"curve":"stepped"},{"time":0.4,"x":1,"y":1,"curve":"stepped"},{"time":0.6,"x":1,"y":1,"curve":"stepped"},{"time":1.0666,"x":1,"y":1,"curve":"stepped"},{"time":1.1333,"x":1,"y":1,"curve":"stepped"},{"time":1.3333,"x":1,"y":1,"curve":"stepped"},{"time":1.7333,"x":1,"y":1,"curve":"stepped"},{"time":1.9333,"x":1,"y":1,"curve":"stepped"},{"time":2.3333,"x":1,"y":1}]},"bone3":{"rotate":[{"time":0,"angle":0},{"time":0.4,"angle":15.81},{"time":0.6,"angle":-7.66},{"time":0.8333,"angle":-15.27},{"time":1.0666,"angle":16.7},{"time":1.1333,"angle":28.82},{"time":1.3333,"angle":13.89},{"time":1.7333,"angle":-11.01},{"time":1.9333,"angle":-3.05},{"time":2.3333,"angle":0}],"translate":[{"time":0,"x":0,"y":0,"curve":"stepped"},{"time":0.4,"x":0,"y":0,"curve":"stepped"},{"time":0.6,"x":0,"y":0,"curve":"stepped"},{"time":1.0666,"x":0,"y":0,"curve":"stepped"},{"time":1.1333,"x":0,"y":0,"curve":"stepped"},{"time":1.3333,"x":0,"y":0,"curve":"stepped"},{"time":1.7333,"x":0,"y":0,"curve":"stepped"},{"time":1.9333,"x":0,"y":0,"curve":"stepped"},{"time":2.3333,"x":0,"y":0}],"scale":[{"time":0,"x":1,"y":1,"curve":"stepped"},{"time":0.4,"x":1,"y":1,"curve":"stepped"},{"time":0.6,"x":1,"y":1,"curve":"stepped"},{"time":1.0666,"x":1,"y":1,"curve":"stepped"},{"time":1.1333,"x":1,"y":1,"curve":"stepped"},{"time":1.3333,"x":1,"y":1,"curve":"stepped"},{"time":1.7333,"x":1,"y":1,"curve":"stepped"},{"time":1.9333,"x":1,"y":1,"curve":"stepped"},{"time":2.3333,"x":1,"y":1}]},"bone4":{"rotate":[{"time":0,"angle":0},{"time":0.4,"angle":10.33},{"time":0.6,"angle":4.41},{"time":0.8333,"angle":-15.95},{"time":1.0666,"angle":11.41},{"time":1.1333,"angle":26.55},{"time":1.3333,"angle":19.58},{"time":1.7333,"angle":-11.34},{"time":1.9333,"angle":-15.94},{"time":2.3333,"angle":0}],"translate":[{"time":0,"x":0,"y":0,"curve":"stepped"},{"time":0.4,"x":0,"y":0,"curve":"stepped"},{"time":0.6,"x":0,"y":0,"curve":"stepped"},{"time":1.0666,"x":0,"y":0,"curve":"stepped"},{"time":1.1333,"x":0,"y":0,"curve":"stepped"},{"time":1.3333,"x":0,"y":0,"curve":"stepped"},{"time":1.7333,"x":0,"y":0,"curve":"stepped"},{"time":1.9333,"x":0,"y":0,"curve":"stepped"},{"time":2.3333,"x":0,"y":0}],"scale":[{"time":0,"x":1,"y":1,"curve":"stepped"},{"time":0.4,"x":1,"y":1,"curve":"stepped"},{"time":0.6,"x":1,"y":1,"curve":"stepped"},{"time":1.0666,"x":1,"y":1,"curve":"stepped"},{"time":1.1333,"x":1,"y":1,"curve":"stepped"},{"time":1.3333,"x":1,"y":1,"curve":"stepped"},{"time":1.7333,"x":1,"y":1,"curve":"stepped"},{"time":1.9333,"x":1,"y":1,"curve":"stepped"},{"time":2.3333,"x":1,"y":1}]},"MON30058_DL_5":{"rotate":[{"time":0,"angle":0},{"time":0.4,"angle":-30.72},{"time":0.6,"angle":16.95},{"time":0.8333,"angle":-14.2},{"time":1.0666,"angle":6.97},{"time":1.1333,"angle":-5.54},{"time":1.3333,"angle":17.25},{"time":1.7333,"angle":-11.64},{"time":1.9333,"angle":-21.54},{"time":2.3333,"angle":0}],"translate":[{"time":0,"x":0,"y":0,"curve":"stepped"},{"time":0.4,"x":0,"y":0,"curve":"stepped"},{"time":0.6,"x":0,"y":0,"curve":"stepped"},{"time":1.0666,"x":0,"y":0,"curve":"stepped"},{"time":1.1333,"x":0,"y":0,"curve":"stepped"},{"time":1.3333,"x":0,"y":0,"curve":"stepped"},{"time":1.7333,"x":0,"y":0,"curve":"stepped"},{"time":1.9333,"x":0,"y":0,"curve":"stepped"},{"time":2.3333,"x":0,"y":0}],"scale":[{"time":0,"x":1,"y":1,"curve":"stepped"},{"time":0.4,"x":1,"y":1,"curve":"stepped"},{"time":0.6,"x":1,"y":1,"curve":"stepped"},{"time":1.0666,"x":1,"y":1,"curve":"stepped"},{"time":1.1333,"x":1,"y":1,"curve":"stepped"},{"time":1.3333,"x":1,"y":1,"curve":"stepped"},{"time":1.7333,"x":1,"y":1,"curve":"stepped"},{"time":1.9333,"x":1,"y":1,"curve":"stepped"},{"time":2.3333,"x":1,"y":1}]},"bone5":{"rotate":[{"time":0,"angle":0},{"time":0.4,"angle":-15.74},{"time":0.6,"angle":27.01},{"time":0.8333,"angle":6.03},{"time":1.0666,"angle":-13.12},{"time":1.1333,"angle":-15.74},{"time":1.3333,"angle":14.19},{"time":1.7333,"angle":12.97},{"time":1.9333,"angle":-12.99},{"time":2.3333,"angle":0}],"translate":[{"time":0,"x":0,"y":0,"curve":"stepped"},{"time":0.4,"x":0,"y":0,"curve":"stepped"},{"time":0.6,"x":0,"y":0,"curve":"stepped"},{"time":1.0666,"x":0,"y":0,"curve":"stepped"},{"time":1.1333,"x":0,"y":0,"curve":"stepped"},{"time":1.3333,"x":0,"y":0,"curve":"stepped"},{"time":1.7333,"x":0,"y":0,"curve":"stepped"},{"time":1.9333,"x":0,"y":0,"curve":"stepped"},{"time":2.3333,"x":0,"y":0}],"scale":[{"time":0,"x":1,"y":1,"curve":"stepped"},{"time":0.4,"x":1,"y":1,"curve":"stepped"},{"time":0.6,"x":1,"y":1,"curve":"stepped"},{"time":1.0666,"x":1,"y":1,"curve":"stepped"},{"time":1.1333,"x":1,"y":1,"curve":"stepped"},{"time":1.3333,"x":1,"y":1,"curve":"stepped"},{"time":1.7333,"x":1,"y":1,"curve":"stepped"},{"time":1.9333,"x":1,"y":1,"curve":"stepped"},{"time":2.3333,"x":1,"y":1}]},"bone6":{"rotate":[{"time":0,"angle":0},{"time":0.4,"angle":-24.55},{"time":0.6,"angle":24.11},{"time":0.8333,"angle":6.04},{"time":1.0666,"angle":-20.12},{"time":1.1333,"angle":-24.55},{"time":1.3333,"angle":15.1},{"time":1.7333,"angle":12.92},{"time":1.9333,"angle":-11.83},{"time":2.3333,"angle":0}],"translate":[{"time":0,"x":0,"y":0,"curve":"stepped"},{"time":0.4,"x":0,"y":0,"curve":"stepped"},{"time":0.6,"x":0,"y":0,"curve":"stepped"},{"time":1.0666,"x":0,"y":0,"curve":"stepped"},{"time":1.1333,"x":0,"y":0,"curve":"stepped"},{"time":1.3333,"x":0,"y":0,"curve":"stepped"},{"time":1.7333,"x":0,"y":0,"curve":"stepped"},{"time":1.9333,"x":0,"y":0,"curve":"stepped"},{"time":2.3333,"x":0,"y":0}],"scale":[{"time":0,"x":1,"y":1,"curve":"stepped"},{"time":0.4,"x":1,"y":1,"curve":"stepped"},{"time":0.6,"x":1,"y":1,"curve":"stepped"},{"time":1.0666,"x":1,"y":1,"curve":"stepped"},{"time":1.1333,"x":1,"y":1,"curve":"stepped"},{"time":1.3333,"x":1,"y":1,"curve":"stepped"},{"time":1.7333,"x":1,"y":1,"curve":"stepped"},{"time":1.9333,"x":1,"y":1,"curve":"stepped"},{"time":2.3333,"x":1,"y":1}]},"MON30058_DL_6":{"rotate":[{"time":0,"angle":0},{"time":0.4,"angle":-13.15},{"time":0.6,"angle":-10.9},{"time":1.0666,"angle":-20.57},{"time":1.1333,"angle":-0.98,"curve":"stepped"},{"time":1.3333,"angle":-0.98},{"time":1.7333,"angle":-11.81},{"time":1.9333,"angle":0,"curve":"stepped"},{"time":2.3333,"angle":0}],"translate":[{"time":0,"x":0,"y":0,"curve":"stepped"},{"time":0.4,"x":0,"y":0,"curve":"stepped"},{"time":0.6,"x":0,"y":0,"curve":"stepped"},{"time":1.0666,"x":0,"y":0,"curve":"stepped"},{"time":1.1333,"x":0,"y":0,"curve":"stepped"},{"time":1.3333,"x":0,"y":0,"curve":"stepped"},{"time":1.7333,"x":0,"y":0,"curve":"stepped"},{"time":1.9333,"x":0,"y":0,"curve":"stepped"},{"time":2.3333,"x":0,"y":0}],"scale":[{"time":0,"x":1,"y":1,"curve":"stepped"},{"time":0.4,"x":1,"y":1,"curve":"stepped"},{"time":0.6,"x":1,"y":1,"curve":"stepped"},{"time":1.0666,"x":1,"y":1,"curve":"stepped"},{"time":1.1333,"x":1,"y":1,"curve":"stepped"},{"time":1.3333,"x":1,"y":1,"curve":"stepped"},{"time":1.7333,"x":1,"y":1,"curve":"stepped"},{"time":1.9333,"x":1,"y":1,"curve":"stepped"},{"time":2.3333,"x":1,"y":1}]},"bone7":{"rotate":[{"time":0,"angle":0},{"time":0.4,"angle":-11.8},{"time":0.6,"angle":10.5},{"time":1.0666,"angle":17.74},{"time":1.1333,"angle":-11.8,"curve":"stepped"},{"time":1.3333,"angle":-11.8},{"time":1.7333,"angle":10.33},{"time":1.9333,"angle":0,"curve":"stepped"},{"time":2.3333,"angle":0}],"translate":[{"time":0,"x":0,"y":0,"curve":"stepped"},{"time":0.4,"x":0,"y":0,"curve":"stepped"},{"time":0.6,"x":0,"y":0,"curve":"stepped"},{"time":1.0666,"x":0,"y":0,"curve":"stepped"},{"time":1.1333,"x":0,"y":0,"curve":"stepped"},{"time":1.3333,"x":0,"y":0,"curve":"stepped"},{"time":1.7333,"x":0,"y":0,"curve":"stepped"},{"time":1.9333,"x":0,"y":0,"curve":"stepped"},{"time":2.3333,"x":0,"y":0}],"scale":[{"time":0,"x":1,"y":1,"curve":"stepped"},{"time":0.4,"x":1,"y":1,"curve":"stepped"},{"time":0.6,"x":1,"y":1,"curve":"stepped"},{"time":1.0666,"x":1,"y":1,"curve":"stepped"},{"time":1.1333,"x":1,"y":1,"curve":"stepped"},{"time":1.3333,"x":1,"y":1,"curve":"stepped"},{"time":1.7333,"x":1,"y":1,"curve":"stepped"},{"time":1.9333,"x":1,"y":1,"curve":"stepped"},{"time":2.3333,"x":1,"y":1}]},"bone8":{"rotate":[{"time":0,"angle":0},{"time":0.4,"angle":-11.88},{"time":0.6,"angle":6.9},{"time":1.0666,"angle":9.5},{"time":1.1333,"angle":-11.88},{"time":1.3333,"angle":-19.21},{"time":1.7333,"angle":16.97},{"time":1.9333,"angle":12.69},{"time":2.3333,"angle":0}],"translate":[{"time":0,"x":0,"y":0,"curve":"stepped"},{"time":0.4,"x":0,"y":0,"curve":"stepped"},{"time":0.6,"x":0,"y":0,"curve":"stepped"},{"time":1.0666,"x":0,"y":0,"curve":"stepped"},{"time":1.1333,"x":0,"y":0,"curve":"stepped"},{"time":1.3333,"x":0,"y":0,"curve":"stepped"},{"time":1.7333,"x":0,"y":0,"curve":"stepped"},{"time":1.9333,"x":0,"y":0,"curve":"stepped"},{"time":2.3333,"x":0,"y":0}],"scale":[{"time":0,"x":1,"y":1,"curve":"stepped"},{"time":0.4,"x":1,"y":1,"curve":"stepped"},{"time":0.6,"x":1,"y":1,"curve":"stepped"},{"time":1.0666,"x":1,"y":1,"curve":"stepped"},{"time":1.1333,"x":1,"y":1,"curve":"stepped"},{"time":1.3333,"x":1,"y":1,"curve":"stepped"},{"time":1.7333,"x":1,"y":1,"curve":"stepped"},{"time":1.9333,"x":1,"y":1,"curve":"stepped"},{"time":2.3333,"x":1,"y":1}]},"bone9":{"rotate":[{"time":0,"angle":0},{"time":0.4,"angle":1.89},{"time":0.6,"angle":0},{"time":1.0666,"angle":14.93},{"time":1.1333,"angle":1.89},{"time":1.3333,"angle":-17.25},{"time":1.7333,"angle":-2.37},{"time":1.9333,"angle":13.34},{"time":2.3333,"angle":0}],"translate":[{"time":0,"x":0,"y":0,"curve":"stepped"},{"time":0.4,"x":0,"y":0,"curve":"stepped"},{"time":0.6,"x":0,"y":0,"curve":"stepped"},{"time":1.0666,"x":0,"y":0,"curve":"stepped"},{"time":1.1333,"x":0,"y":0,"curve":"stepped"},{"time":1.3333,"x":0,"y":0,"curve":"stepped"},{"time":1.7333,"x":0,"y":0,"curve":"stepped"},{"time":1.9333,"x":0,"y":0,"curve":"stepped"},{"time":2.3333,"x":0,"y":0}],"scale":[{"time":0,"x":1,"y":1,"curve":"stepped"},{"time":0.4,"x":1,"y":1,"curve":"stepped"},{"time":0.6,"x":1,"y":1,"curve":"stepped"},{"time":1.0666,"x":1,"y":1,"curve":"stepped"},{"time":1.1333,"x":1,"y":1,"curve":"stepped"},{"time":1.3333,"x":1,"y":1,"curve":"stepped"},{"time":1.7333,"x":1,"y":1,"curve":"stepped"},{"time":1.9333,"x":1,"y":1,"curve":"stepped"},{"time":2.3333,"x":1,"y":1}]},"bone10":{"rotate":[{"time":0,"angle":0},{"time":0.4,"angle":16.69},{"time":0.6,"angle":-17.89},{"time":1.0666,"angle":12.76},{"time":1.1333,"angle":16.69},{"time":1.3333,"angle":-19.86},{"time":1.7333,"angle":-13.68},{"time":1.9333,"angle":12.86},{"time":2.3333,"angle":0}],"translate":[{"time":0,"x":0,"y":0,"curve":"stepped"},{"time":0.4,"x":0,"y":0,"curve":"stepped"},{"time":0.6,"x":0,"y":0,"curve":"stepped"},{"time":1.0666,"x":0,"y":0,"curve":"stepped"},{"time":1.1333,"x":0,"y":0,"curve":"stepped"},{"time":1.3333,"x":0,"y":0,"curve":"stepped"},{"time":1.7333,"x":0,"y":0,"curve":"stepped"},{"time":1.9333,"x":0,"y":0,"curve":"stepped"},{"time":2.3333,"x":0,"y":0}],"scale":[{"time":0,"x":1,"y":1,"curve":"stepped"},{"time":0.4,"x":1,"y":1,"curve":"stepped"},{"time":0.6,"x":1,"y":1,"curve":"stepped"},{"time":1.0666,"x":1,"y":1,"curve":"stepped"},{"time":1.1333,"x":1,"y":1,"curve":"stepped"},{"time":1.3333,"x":1,"y":1,"curve":"stepped"},{"time":1.7333,"x":1,"y":1,"curve":"stepped"},{"time":1.9333,"x":1,"y":1,"curve":"stepped"},{"time":2.3333,"x":1,"y":1}]},"bone11":{"rotate":[{"time":0,"angle":0},{"time":0.4,"angle":10.67},{"time":0.6,"angle":-15.6},{"time":1.0666,"angle":14.37},{"time":1.1333,"angle":10.67},{"time":1.3333,"angle":-35.35},{"time":1.7333,"angle":-19.66},{"time":1.9333,"angle":18.43},{"time":2.3333,"angle":0}],"translate":[{"time":0,"x":0,"y":0,"curve":"stepped"},{"time":0.4,"x":0,"y":0,"curve":"stepped"},{"time":0.6,"x":0,"y":0,"curve":"stepped"},{"time":1.0666,"x":0,"y":0,"curve":"stepped"},{"time":1.1333,"x":0,"y":0,"curve":"stepped"},{"time":1.3333,"x":0,"y":0,"curve":"stepped"},{"time":1.7333,"x":0,"y":0,"curve":"stepped"},{"time":1.9333,"x":0,"y":0,"curve":"stepped"},{"time":2.3333,"x":0,"y":0}],"scale":[{"time":0,"x":1,"y":1,"curve":"stepped"},{"time":0.4,"x":1,"y":1,"curve":"stepped"},{"time":0.6,"x":1,"y":1,"curve":"stepped"},{"time":1.0666,"x":1,"y":1,"curve":"stepped"},{"time":1.1333,"x":1,"y":1,"curve":"stepped"},{"time":1.3333,"x":1,"y":1,"curve":"stepped"},{"time":1.7333,"x":1,"y":1,"curve":"stepped"},{"time":1.9333,"x":1,"y":1,"curve":"stepped"},{"time":2.3333,"x":1,"y":1}]},"MON30058_DL_1":{"rotate":[{"time":0,"angle":0},{"time":0.1333,"angle":10.14},{"time":0.4,"angle":24.3},{"time":0.4666,"angle":-0.41},{"time":0.6,"angle":-13.76},{"time":1.0666,"angle":4.27},{"time":1.1333,"angle":24.33},{"time":1.3333,"angle":39.17},{"time":1.4666,"angle":4.27},{"time":1.7333,"angle":6.68},{"time":1.9333,"angle":4.03},{"time":2.3333,"angle":0}],"translate":[{"time":0,"x":0,"y":0},{"time":0.1333,"x":0.84,"y":-3.46},{"time":0.4,"x":13.02,"y":-3.18},{"time":0.4666,"x":13.54,"y":-3.05},{"time":0.6,"x":7.87,"y":-4.25},{"time":1.0666,"x":12.42,"y":-6.99},{"time":1.1333,"x":17.58,"y":-4.16},{"time":1.3333,"x":19.91,"y":-4.2},{"time":1.7333,"x":7.3,"y":-4.73},{"time":1.9333,"x":0,"y":0,"curve":"stepped"},{"time":2.3333,"x":0,"y":0}],"scale":[{"time":0,"x":1,"y":1,"curve":"stepped"},{"time":0.1333,"x":1,"y":1,"curve":"stepped"},{"time":0.4,"x":1,"y":1,"curve":"stepped"},{"time":0.4666,"x":1,"y":1,"curve":"stepped"},{"time":0.6,"x":1,"y":1,"curve":"stepped"},{"time":1.0666,"x":1,"y":1,"curve":"stepped"},{"time":1.1333,"x":1,"y":1,"curve":"stepped"},{"time":1.3333,"x":1,"y":1,"curve":"stepped"},{"time":1.7333,"x":1,"y":1,"curve":"stepped"},{"time":1.9333,"x":1,"y":1,"curve":"stepped"},{"time":2.3333,"x":1,"y":1}]},"MON30058_DL_7":{"rotate":[{"time":0,"angle":0},{"time":0.1333,"angle":-13.94},{"time":0.4,"angle":22.91},{"time":0.4666,"angle":14.36},{"time":0.6,"angle":-26.34},{"time":1.0666,"angle":-62.31},{"time":1.1333,"angle":-31.52},{"time":1.3333,"angle":-21.67},{"time":1.7333,"angle":-44.58},{"time":1.9333,"angle":-35.69},{"time":2.0666,"angle":0.67},{"time":2.3333,"angle":0}],"translate":[{"time":0,"x":0,"y":0,"curve":"stepped"},{"time":0.1333,"x":0,"y":0},{"time":0.4,"x":3.45,"y":-3.41},{"time":0.4666,"x":10.69,"y":-0.12},{"time":0.6,"x":24.84,"y":-1.37},{"time":1.0666,"x":23.67,"y":-6.78},{"time":1.1333,"x":18.46,"y":-0.35,"curve":"stepped"},{"time":1.3333,"x":18.46,"y":-0.35},{"time":1.7333,"x":18.57,"y":-4.59,"curve":"stepped"},{"time":1.9333,"x":18.57,"y":-4.59},{"time":2.3333,"x":0,"y":0}],"scale":[{"time":0,"x":1,"y":1,"curve":"stepped"},{"time":0.1333,"x":1,"y":1,"curve":"stepped"},{"time":0.4,"x":1,"y":1,"curve":"stepped"},{"time":0.4666,"x":1,"y":1,"curve":"stepped"},{"time":0.6,"x":1,"y":1,"curve":"stepped"},{"time":1.0666,"x":1,"y":1,"curve":"stepped"},{"time":1.1333,"x":1,"y":1,"curve":"stepped"},{"time":1.3333,"x":1,"y":1,"curve":"stepped"},{"time":1.7333,"x":1,"y":1,"curve":"stepped"},{"time":1.9333,"x":1,"y":1,"curve":"stepped"},{"time":2.3333,"x":1,"y":1}]},"MON30058_DL_10":{"rotate":[{"time":0,"angle":0},{"time":0.1333,"angle":24.02},{"time":0.4,"angle":72.63},{"time":0.4666,"angle":31.87},{"time":0.6,"angle":3.63},{"time":1.0666,"angle":39.11},{"time":1.1333,"angle":66.39},{"time":1.3333,"angle":87.36},{"time":1.4666,"angle":37.59},{"time":1.7333,"angle":29.14},{"time":1.9333,"angle":18.92},{"time":2.3333,"angle":0}],"translate":[{"time":0,"x":0,"y":0,"curve":"stepped"},{"time":0.1333,"x":0,"y":0,"curve":"stepped"},{"time":0.4,"x":0,"y":0,"curve":"stepped"},{"time":0.4666,"x":0,"y":0,"curve":"stepped"},{"time":0.6,"x":0,"y":0},{"time":1.0666,"x":-2.62,"y":-1.54},{"time":1.1333,"x":0,"y":0,"curve":"stepped"},{"time":1.3333,"x":0,"y":0,"curve":"stepped"},{"time":1.7333,"x":0,"y":0,"curve":"stepped"},{"time":1.9333,"x":0,"y":0,"curve":"stepped"},{"time":2.3333,"x":0,"y":0}],"scale":[{"time":0,"x":1,"y":1,"curve":"stepped"},{"time":0.1333,"x":1,"y":1,"curve":"stepped"},{"time":0.4,"x":1,"y":1,"curve":"stepped"},{"time":0.4666,"x":1,"y":1,"curve":"stepped"},{"time":0.6,"x":1,"y":1,"curve":"stepped"},{"time":1.0666,"x":1,"y":1,"curve":"stepped"},{"time":1.1333,"x":1,"y":1,"curve":"stepped"},{"time":1.3333,"x":1,"y":1,"curve":"stepped"},{"time":1.7333,"x":1,"y":1,"curve":"stepped"},{"time":1.9333,"x":1,"y":1,"curve":"stepped"},{"time":2.3333,"x":1,"y":1}]},"MON30058_DL_9":{"rotate":[{"time":0,"angle":0},{"time":0.1333,"angle":12.46,"curve":"stepped"},{"time":0.4,"angle":12.46},{"time":0.4666,"angle":36.86},{"time":0.6,"angle":34.09},{"time":1.0666,"angle":-6.91},{"time":1.1333,"angle":19.85},{"time":1.3333,"angle":1.32},{"time":1.4666,"angle":2.46},{"time":1.7333,"angle":-9.89},{"time":1.9333,"angle":-7.75},{"time":2.3333,"angle":0}],"translate":[{"time":0,"x":0,"y":0,"curve":"stepped"},{"time":0.1333,"x":0,"y":0,"curve":"stepped"},{"time":0.4,"x":0,"y":0,"curve":"stepped"},{"time":0.4666,"x":0,"y":0,"curve":"stepped"},{"time":0.6,"x":0,"y":0,"curve":"stepped"},{"time":1.0666,"x":0,"y":0,"curve":"stepped"},{"time":1.1333,"x":0,"y":0,"curve":"stepped"},{"time":1.3333,"x":0,"y":0,"curve":"stepped"},{"time":1.7333,"x":0,"y":0,"curve":"stepped"},{"time":1.9333,"x":0,"y":0,"curve":"stepped"},{"time":2.3333,"x":0,"y":0}],"scale":[{"time":0,"x":1,"y":1,"curve":"stepped"},{"time":0.1333,"x":1,"y":1,"curve":"stepped"},{"time":0.4,"x":1,"y":1,"curve":"stepped"},{"time":0.4666,"x":1,"y":1,"curve":"stepped"},{"time":0.6,"x":1,"y":1,"curve":"stepped"},{"time":1.0666,"x":1,"y":1,"curve":"stepped"},{"time":1.1333,"x":1,"y":1,"curve":"stepped"},{"time":1.3333,"x":1,"y":1,"curve":"stepped"},{"time":1.7333,"x":1,"y":1,"curve":"stepped"},{"time":1.9333,"x":1,"y":1,"curve":"stepped"},{"time":2.3333,"x":1,"y":1}]},"MON30058_DL_8":{"rotate":[{"time":0,"angle":0},{"time":0.1333,"angle":-3.64,"curve":"stepped"},{"time":0.4,"angle":-3.64},{"time":0.4666,"angle":12.66},{"time":0.6,"angle":5.7},{"time":1.0666,"angle":-0.6},{"time":1.1333,"angle":-3.64},{"time":1.3333,"angle":-9.42},{"time":1.4666,"angle":19.57},{"time":1.7333,"angle":8.27},{"time":1.9333,"angle":-15.59},{"time":2.3333,"angle":0}],"translate":[{"time":0,"x":0,"y":0,"curve":"stepped"},{"time":0.1333,"x":0,"y":0,"curve":"stepped"},{"time":0.4,"x":0,"y":0,"curve":"stepped"},{"time":0.4666,"x":0,"y":0,"curve":"stepped"},{"time":0.6,"x":0,"y":0,"curve":"stepped"},{"time":1.0666,"x":0,"y":0,"curve":"stepped"},{"time":1.1333,"x":0,"y":0,"curve":"stepped"},{"time":1.3333,"x":0,"y":0,"curve":"stepped"},{"time":1.7333,"x":0,"y":0,"curve":"stepped"},{"time":1.9333,"x":0,"y":0,"curve":"stepped"},{"time":2.3333,"x":0,"y":0}],"scale":[{"time":0,"x":1,"y":1,"curve":"stepped"},{"time":0.1333,"x":1,"y":1,"curve":"stepped"},{"time":0.4,"x":1,"y":1,"curve":"stepped"},{"time":0.4666,"x":1,"y":1,"curve":"stepped"},{"time":0.6,"x":1,"y":1,"curve":"stepped"},{"time":1.0666,"x":1,"y":1,"curve":"stepped"},{"time":1.1333,"x":1,"y":1,"curve":"stepped"},{"time":1.3333,"x":1,"y":1,"curve":"stepped"},{"time":1.7333,"x":1,"y":1,"curve":"stepped"},{"time":1.9333,"x":1,"y":1,"curve":"stepped"},{"time":2.3333,"x":1,"y":1}]},"MON30058_DL_18":{"rotate":[{"time":0,"angle":0},{"time":0.1333,"angle":-24.42},{"time":0.4,"angle":-25.21},{"time":0.4666,"angle":-67.31},{"time":0.6,"angle":-114.55},{"time":0.8333,"angle":-147.79},{"time":1.0666,"angle":-181.81},{"time":1.1333,"angle":-135.72},{"time":1.3333,"angle":-125.42},{"time":1.7333,"angle":-143.86},{"time":1.9333,"angle":-138.69},{"time":2.0666,"angle":-64.97},{"time":2.3333,"angle":0}],"translate":[{"time":0,"x":0,"y":0,"curve":"stepped"},{"time":0.1333,"x":0,"y":0,"curve":"stepped"},{"time":0.4,"x":0,"y":0},{"time":0.4666,"x":2.2,"y":9.82},{"time":0.6,"x":13.3,"y":3.99},{"time":1.0666,"x":17.94,"y":-4.24},{"time":1.1333,"x":10.96,"y":13.24,"curve":"stepped"},{"time":1.3333,"x":10.96,"y":13.24},{"time":1.7333,"x":0,"y":0,"curve":"stepped"},{"time":1.9333,"x":0,"y":0,"curve":"stepped"},{"time":2.3333,"x":0,"y":0}],"scale":[{"time":0,"x":1,"y":1,"curve":"stepped"},{"time":0.1333,"x":1,"y":1,"curve":"stepped"},{"time":0.4,"x":1,"y":1,"curve":"stepped"},{"time":0.6,"x":1,"y":1,"curve":"stepped"},{"time":1.0666,"x":1,"y":1,"curve":"stepped"},{"time":1.1333,"x":1,"y":1,"curve":"stepped"},{"time":1.3333,"x":1,"y":1,"curve":"stepped"},{"time":1.7333,"x":1,"y":1,"curve":"stepped"},{"time":1.9333,"x":1,"y":1,"curve":"stepped"},{"time":2.3333,"x":1,"y":1}]},"MON30058_DL_17":{"rotate":[{"time":0,"angle":0},{"time":0.1333,"angle":14.18},{"time":0.4,"angle":38.5},{"time":0.4666,"angle":15.79},{"time":0.6,"angle":15.68},{"time":0.8333,"angle":10.17},{"time":1.0666,"angle":-7.94},{"time":1.1333,"angle":14.18},{"time":1.3333,"angle":7.81},{"time":1.7333,"angle":11.03},{"time":1.9333,"angle":0.95},{"time":2.0666,"angle":-18.39},{"time":2.3333,"angle":0}],"translate":[{"time":0,"x":0,"y":0,"curve":"stepped"},{"time":0.1333,"x":0,"y":0,"curve":"stepped"},{"time":0.4,"x":0,"y":0,"curve":"stepped"},{"time":0.6,"x":0,"y":0,"curve":"stepped"},{"time":1.0666,"x":0,"y":0,"curve":"stepped"},{"time":1.1333,"x":0,"y":0,"curve":"stepped"},{"time":1.3333,"x":0,"y":0,"curve":"stepped"},{"time":1.7333,"x":0,"y":0,"curve":"stepped"},{"time":1.9333,"x":0,"y":0,"curve":"stepped"},{"time":2.3333,"x":0,"y":0}],"scale":[{"time":0,"x":1,"y":1,"curve":"stepped"},{"time":0.1333,"x":1,"y":1,"curve":"stepped"},{"time":0.4,"x":1,"y":1,"curve":"stepped"},{"time":0.6,"x":1,"y":1,"curve":"stepped"},{"time":1.0666,"x":1,"y":1,"curve":"stepped"},{"time":1.1333,"x":1,"y":1,"curve":"stepped"},{"time":1.3333,"x":1,"y":1,"curve":"stepped"},{"time":1.7333,"x":1,"y":1,"curve":"stepped"},{"time":1.9333,"x":1,"y":1,"curve":"stepped"},{"time":2.3333,"x":1,"y":1}]},"MON30058_DL_16":{"rotate":[{"time":0,"angle":0},{"time":0.1333,"angle":5.42},{"time":0.4,"angle":26.98},{"time":0.4666,"angle":89.32},{"time":0.6,"angle":40.38},{"time":0.8333,"angle":67.42},{"time":1.0666,"angle":-4.17},{"time":1.1333,"angle":42.65,"curve":"stepped"},{"time":1.3333,"angle":42.65},{"time":1.7333,"angle":55.93,"curve":"stepped"},{"time":1.9333,"angle":55.93},{"time":2.0666,"angle":14.41},{"time":2.3333,"angle":0}],"translate":[{"time":0,"x":0,"y":0,"curve":"stepped"},{"time":0.1333,"x":0,"y":0,"curve":"stepped"},{"time":0.4,"x":0,"y":0,"curve":"stepped"},{"time":0.6,"x":0,"y":0,"curve":"stepped"},{"time":1.0666,"x":0,"y":0,"curve":"stepped"},{"time":1.1333,"x":0,"y":0,"curve":"stepped"},{"time":1.3333,"x":0,"y":0,"curve":"stepped"},{"time":1.7333,"x":0,"y":0,"curve":"stepped"},{"time":1.9333,"x":0,"y":0,"curve":"stepped"},{"time":2.3333,"x":0,"y":0}],"scale":[{"time":0,"x":1,"y":1,"curve":"stepped"},{"time":0.1333,"x":1,"y":1,"curve":"stepped"},{"time":0.4,"x":1,"y":1,"curve":"stepped"},{"time":0.6,"x":1,"y":1,"curve":"stepped"},{"time":1.0666,"x":1,"y":1,"curve":"stepped"},{"time":1.1333,"x":1,"y":1,"curve":"stepped"},{"time":1.3333,"x":1,"y":1,"curve":"stepped"},{"time":1.7333,"x":1,"y":1,"curve":"stepped"},{"time":1.9333,"x":1,"y":1,"curve":"stepped"},{"time":2.3333,"x":1,"y":1}]},"MON30058_DL_19":{"rotate":[{"time":0,"angle":0,"curve":"stepped"},{"time":0.1333,"angle":0,"curve":"stepped"},{"time":0.4,"angle":0,"curve":"stepped"},{"time":0.6,"angle":0},{"time":1.0666,"angle":-0.6},{"time":1.1333,"angle":0,"curve":"stepped"},{"time":1.3333,"angle":0,"curve":"stepped"},{"time":1.7333,"angle":0,"curve":"stepped"},{"time":1.9333,"angle":0,"curve":"stepped"},{"time":2.3333,"angle":0}],"translate":[{"time":0,"x":0,"y":0,"curve":"stepped"},{"time":0.1333,"x":0,"y":0,"curve":"stepped"},{"time":0.4,"x":0,"y":0,"curve":"stepped"},{"time":0.6,"x":0,"y":0,"curve":"stepped"},{"time":1.0666,"x":0,"y":0,"curve":"stepped"},{"time":1.1333,"x":0,"y":0,"curve":"stepped"},{"time":1.3333,"x":0,"y":0,"curve":"stepped"},{"time":1.7333,"x":0,"y":0,"curve":"stepped"},{"time":1.9333,"x":0,"y":0,"curve":"stepped"},{"time":2.3333,"x":0,"y":0}],"scale":[{"time":0,"x":1,"y":1,"curve":"stepped"},{"time":0.1333,"x":1,"y":1,"curve":"stepped"},{"time":0.4,"x":1,"y":1},{"time":0.6,"x":1.579,"y":1.526},{"time":1.0666,"x":1.579,"y":1.48},{"time":1.1333,"x":1.574,"y":1.459,"curve":"stepped"},{"time":1.3333,"x":1.574,"y":1.459},{"time":1.7333,"x":1.579,"y":1.471,"curve":"stepped"},{"time":1.9333,"x":1.579,"y":1.471},{"time":2.3333,"x":1,"y":1}]},"MON30058_DL_11":{"rotate":[{"time":0,"angle":0,"curve":"stepped"},{"time":0.1333,"angle":0,"curve":"stepped"},{"time":0.4,"angle":0,"curve":"stepped"},{"time":0.4666,"angle":0,"curve":"stepped"},{"time":0.6,"angle":0},{"time":1.0666,"angle":-0.6},{"time":1.1333,"angle":0,"curve":"stepped"},{"time":1.3333,"angle":0,"curve":"stepped"},{"time":1.7333,"angle":0,"curve":"stepped"},{"time":1.9333,"angle":0,"curve":"stepped"},{"time":2.3333,"angle":0}],"translate":[{"time":0,"x":0,"y":0,"curve":"stepped"},{"time":0.1333,"x":0,"y":0,"curve":"stepped"},{"time":0.4,"x":0,"y":0,"curve":"stepped"},{"time":0.4666,"x":0,"y":0,"curve":"stepped"},{"time":0.6,"x":0,"y":0,"curve":"stepped"},{"time":1.0666,"x":0,"y":0,"curve":"stepped"},{"time":1.1333,"x":0,"y":0},{"time":1.3333,"x":4.03,"y":0.68},{"time":1.7333,"x":0,"y":0,"curve":"stepped"},{"time":1.9333,"x":0,"y":0,"curve":"stepped"},{"time":2.3333,"x":0,"y":0}],"scale":[{"time":0,"x":1,"y":1},{"time":0.1333,"x":1.045,"y":0.926,"curve":"stepped"},{"time":0.4,"x":1.045,"y":0.926},{"time":0.4666,"x":1,"y":1,"curve":"stepped"},{"time":0.6,"x":1,"y":1,"curve":"stepped"},{"time":1.0666,"x":1,"y":1},{"time":1.1333,"x":1.045,"y":0.926,"curve":"stepped"},{"time":1.3333,"x":1.045,"y":0.926},{"time":1.7333,"x":1,"y":1,"curve":"stepped"},{"time":1.9333,"x":1,"y":1,"curve":"stepped"},{"time":2.3333,"x":1,"y":1}]},"MON30058_DL_13":{"rotate":[{"time":0,"angle":0,"curve":"stepped"},{"time":0.1333,"angle":0,"curve":"stepped"},{"time":0.4,"angle":0,"curve":"stepped"},{"time":0.4666,"angle":0},{"time":0.6,"angle":3.51},{"time":1.0666,"angle":19.66},{"time":1.1333,"angle":0,"curve":"stepped"},{"time":1.3333,"angle":0},{"time":1.7333,"angle":14.07,"curve":"stepped"},{"time":1.9333,"angle":14.07},{"time":2.3333,"angle":0}],"translate":[{"time":0,"x":0,"y":0},{"time":0.1333,"x":0.36,"y":-9.07,"curve":"stepped"},{"time":0.4,"x":0.36,"y":-9.07},{"time":0.4666,"x":0,"y":0,"curve":"stepped"},{"time":0.6,"x":0,"y":0,"curve":"stepped"},{"time":1.0666,"x":0,"y":0},{"time":1.1333,"x":0.36,"y":-9.07,"curve":"stepped"},{"time":1.3333,"x":0.36,"y":-9.07},{"time":1.7333,"x":-2.68,"y":3.22,"curve":"stepped"},{"time":1.9333,"x":-2.68,"y":3.22},{"time":2.3333,"x":0,"y":0}],"scale":[{"time":0,"x":1,"y":1},{"time":0.1333,"x":0.788,"y":1.047,"curve":"stepped"},{"time":0.4,"x":0.788,"y":1.047},{"time":0.4666,"x":1,"y":1,"curve":"stepped"},{"time":0.6,"x":1,"y":1},{"time":1.0666,"x":1.086,"y":1},{"time":1.1333,"x":0.788,"y":1.047,"curve":"stepped"},{"time":1.3333,"x":0.788,"y":1.047},{"time":1.7333,"x":1,"y":1,"curve":"stepped"},{"time":1.9333,"x":1,"y":1,"curve":"stepped"},{"time":2.3333,"x":1,"y":1}]},"MON30058_DL_14":{"rotate":[{"time":0,"angle":0,"curve":"stepped"},{"time":0.1333,"angle":0,"curve":"stepped"},{"time":0.4,"angle":0,"curve":"stepped"},{"time":0.4666,"angle":0},{"time":0.6,"angle":-21.84},{"time":1.0666,"angle":-65.8},{"time":1.1333,"angle":0,"curve":"stepped"},{"time":1.3333,"angle":0},{"time":1.7333,"angle":-4.7,"curve":"stepped"},{"time":1.9333,"angle":-4.7},{"time":2.3333,"angle":0}],"translate":[{"time":0,"x":0,"y":0},{"time":0.1333,"x":0,"y":-7.26,"curve":"stepped"},{"time":0.4,"x":0,"y":-7.26},{"time":0.4666,"x":0,"y":0},{"time":0.6,"x":-1.94,"y":3.73},{"time":1.0666,"x":0.96,"y":21.2},{"time":1.1333,"x":0,"y":-7.26,"curve":"stepped"},{"time":1.3333,"x":0,"y":-7.26},{"time":1.7333,"x":0,"y":0,"curve":"stepped"},{"time":1.9333,"x":0,"y":0,"curve":"stepped"},{"time":2.3333,"x":0,"y":0}],"scale":[{"time":0,"x":1,"y":1},{"time":0.1333,"x":0.783,"y":1.061,"curve":"stepped"},{"time":0.4,"x":0.783,"y":1.061},{"time":0.4666,"x":1,"y":1},{"time":0.6,"x":1.028,"y":1},{"time":1.0666,"x":1.066,"y":1},{"time":1.1333,"x":0.783,"y":1.061,"curve":"stepped"},{"time":1.3333,"x":0.783,"y":1.061},{"time":1.7333,"x":0.925,"y":1,"curve":"stepped"},{"time":1.9333,"x":0.925,"y":1},{"time":2.3333,"x":1,"y":1}]},"MON30058_DL_12":{"rotate":[{"time":0,"angle":0},{"time":0.4,"angle":4.76},{"time":0.6,"angle":-6.57},{"time":1.0666,"angle":-6.75},{"time":1.1333,"angle":0},{"time":1.3333,"angle":6.89},{"time":1.7333,"angle":0,"curve":"stepped"},{"time":1.9333,"angle":0,"curve":"stepped"},{"time":2.3333,"angle":0}],"translate":[{"time":0,"x":0,"y":0,"curve":"stepped"},{"time":0.4,"x":0,"y":0,"curve":"stepped"},{"time":0.6,"x":0,"y":0,"curve":"stepped"},{"time":1.0666,"x":0,"y":0,"curve":"stepped"},{"time":1.1333,"x":0,"y":0,"curve":"stepped"},{"time":1.3333,"x":0,"y":0,"curve":"stepped"},{"time":1.7333,"x":0,"y":0,"curve":"stepped"},{"time":1.9333,"x":0,"y":0,"curve":"stepped"},{"time":2.3333,"x":0,"y":0}],"scale":[{"time":0,"x":1,"y":1,"curve":"stepped"},{"time":0.4,"x":1,"y":1,"curve":"stepped"},{"time":0.6,"x":1,"y":1,"curve":"stepped"},{"time":1.0666,"x":1,"y":1,"curve":"stepped"},{"time":1.1333,"x":1,"y":1,"curve":"stepped"},{"time":1.3333,"x":1,"y":1,"curve":"stepped"},{"time":1.7333,"x":1,"y":1,"curve":"stepped"},{"time":1.9333,"x":1,"y":1,"curve":"stepped"},{"time":2.3333,"x":1,"y":1}]},"bone12":{"rotate":[{"time":0,"angle":0},{"time":0.4,"angle":-18.81},{"time":0.6,"angle":16.63},{"time":1.0666,"angle":-9.46},{"time":1.1333,"angle":-15.9},{"time":1.3333,"angle":7.2},{"time":1.7333,"angle":-11.55},{"time":1.9333,"angle":0},{"time":2.0666,"angle":-10.29},{"time":2.3333,"angle":0}],"translate":[{"time":0,"x":0,"y":0,"curve":"stepped"},{"time":0.4,"x":0,"y":0,"curve":"stepped"},{"time":0.6,"x":0,"y":0,"curve":"stepped"},{"time":1.0666,"x":0,"y":0,"curve":"stepped"},{"time":1.1333,"x":0,"y":0,"curve":"stepped"},{"time":1.3333,"x":0,"y":0,"curve":"stepped"},{"time":1.7333,"x":0,"y":0,"curve":"stepped"},{"time":1.9333,"x":0,"y":0,"curve":"stepped"},{"time":2.3333,"x":0,"y":0}],"scale":[{"time":0,"x":1,"y":1,"curve":"stepped"},{"time":0.4,"x":1,"y":1,"curve":"stepped"},{"time":0.6,"x":1,"y":1,"curve":"stepped"},{"time":1.0666,"x":1,"y":1,"curve":"stepped"},{"time":1.1333,"x":1,"y":1,"curve":"stepped"},{"time":1.3333,"x":1,"y":1,"curve":"stepped"},{"time":1.7333,"x":1,"y":1,"curve":"stepped"},{"time":1.9333,"x":1,"y":1,"curve":"stepped"},{"time":2.3333,"x":1,"y":1}]},"bone13":{"rotate":[{"time":0,"angle":0},{"time":0.4,"angle":-26.28},{"time":0.6,"angle":14.65},{"time":1.0666,"angle":-20.84},{"time":1.1333,"angle":-29.53},{"time":1.3333,"angle":6.86},{"time":1.7333,"angle":-9.54},{"time":1.9333,"angle":0},{"time":2.0666,"angle":-14.51},{"time":2.3333,"angle":0}],"translate":[{"time":0,"x":0,"y":0,"curve":"stepped"},{"time":0.4,"x":0,"y":0,"curve":"stepped"},{"time":0.6,"x":0,"y":0,"curve":"stepped"},{"time":1.0666,"x":0,"y":0,"curve":"stepped"},{"time":1.1333,"x":0,"y":0,"curve":"stepped"},{"time":1.3333,"x":0,"y":0,"curve":"stepped"},{"time":1.7333,"x":0,"y":0,"curve":"stepped"},{"time":1.9333,"x":0,"y":0,"curve":"stepped"},{"time":2.3333,"x":0,"y":0}],"scale":[{"time":0,"x":1,"y":1,"curve":"stepped"},{"time":0.4,"x":1,"y":1,"curve":"stepped"},{"time":0.6,"x":1,"y":1,"curve":"stepped"},{"time":1.0666,"x":1,"y":1,"curve":"stepped"},{"time":1.1333,"x":1,"y":1,"curve":"stepped"},{"time":1.3333,"x":1,"y":1,"curve":"stepped"},{"time":1.7333,"x":1,"y":1,"curve":"stepped"},{"time":1.9333,"x":1,"y":1,"curve":"stepped"},{"time":2.3333,"x":1,"y":1}]},"MON30058_DL_20":{"rotate":[{"time":0,"angle":0},{"time":0.4,"angle":-26.41},{"time":0.6,"angle":28.15},{"time":1.0666,"angle":-10.33},{"time":1.1333,"angle":-18.43},{"time":1.3333,"angle":19.84},{"time":1.7333,"angle":7.24},{"time":1.9333,"angle":0},{"time":2.0666,"angle":-11.94},{"time":2.3333,"angle":0}],"translate":[{"time":0,"x":0,"y":0,"curve":"stepped"},{"time":0.4,"x":0,"y":0,"curve":"stepped"},{"time":0.6,"x":0,"y":0,"curve":"stepped"},{"time":1.0666,"x":0,"y":0,"curve":"stepped"},{"time":1.1333,"x":0,"y":0,"curve":"stepped"},{"time":1.3333,"x":0,"y":0,"curve":"stepped"},{"time":1.7333,"x":0,"y":0,"curve":"stepped"},{"time":1.9333,"x":0,"y":0,"curve":"stepped"},{"time":2.3333,"x":0,"y":0}],"scale":[{"time":0,"x":1,"y":1,"curve":"stepped"},{"time":0.4,"x":1,"y":1,"curve":"stepped"},{"time":0.6,"x":1,"y":1,"curve":"stepped"},{"time":1.0666,"x":1,"y":1,"curve":"stepped"},{"time":1.1333,"x":1,"y":1,"curve":"stepped"},{"time":1.3333,"x":1,"y":1,"curve":"stepped"},{"time":1.7333,"x":1,"y":1,"curve":"stepped"},{"time":1.9333,"x":1,"y":1,"curve":"stepped"},{"time":2.3333,"x":1,"y":1}]},"bone14":{"rotate":[{"time":0,"angle":0,"curve":"stepped"},{"time":0.4,"angle":0},{"time":0.6,"angle":15.37},{"time":1.0666,"angle":-0.6},{"time":1.1333,"angle":1.51},{"time":1.3333,"angle":17.39},{"time":1.7333,"angle":21.96},{"time":1.9333,"angle":0},{"time":2.0666,"angle":-8.63},{"time":2.3333,"angle":0}],"translate":[{"time":0,"x":0,"y":0,"curve":"stepped"},{"time":0.4,"x":0,"y":0,"curve":"stepped"},{"time":0.6,"x":0,"y":0,"curve":"stepped"},{"time":1.0666,"x":0,"y":0,"curve":"stepped"},{"time":1.1333,"x":0,"y":0,"curve":"stepped"},{"time":1.3333,"x":0,"y":0,"curve":"stepped"},{"time":1.7333,"x":0,"y":0,"curve":"stepped"},{"time":1.9333,"x":0,"y":0,"curve":"stepped"},{"time":2.3333,"x":0,"y":0}],"scale":[{"time":0,"x":1,"y":1,"curve":"stepped"},{"time":0.4,"x":1,"y":1,"curve":"stepped"},{"time":0.6,"x":1,"y":1,"curve":"stepped"},{"time":1.0666,"x":1,"y":1,"curve":"stepped"},{"time":1.1333,"x":1,"y":1,"curve":"stepped"},{"time":1.3333,"x":1,"y":1,"curve":"stepped"},{"time":1.7333,"x":1,"y":1,"curve":"stepped"},{"time":1.9333,"x":1,"y":1,"curve":"stepped"},{"time":2.3333,"x":1,"y":1}]},"MON30058_DL_21":{"rotate":[{"time":0,"angle":0},{"time":0.4,"angle":19.4},{"time":0.6,"angle":-9.89},{"time":1.0666,"angle":-1.25},{"time":1.1333,"angle":16.22},{"time":1.3333,"angle":14.72},{"time":1.7333,"angle":-19.68},{"time":1.9333,"angle":0,"curve":"stepped"},{"time":2.3333,"angle":0}],"translate":[{"time":0,"x":0,"y":0,"curve":"stepped"},{"time":0.4,"x":0,"y":0,"curve":"stepped"},{"time":0.6,"x":0,"y":0,"curve":"stepped"},{"time":1.0666,"x":0,"y":0,"curve":"stepped"},{"time":1.1333,"x":0,"y":0,"curve":"stepped"},{"time":1.3333,"x":0,"y":0,"curve":"stepped"},{"time":1.7333,"x":0,"y":0,"curve":"stepped"},{"time":1.9333,"x":0,"y":0,"curve":"stepped"},{"time":2.3333,"x":0,"y":0}],"scale":[{"time":0,"x":1,"y":1,"curve":"stepped"},{"time":0.4,"x":1,"y":1,"curve":"stepped"},{"time":0.6,"x":1,"y":1,"curve":"stepped"},{"time":1.0666,"x":1,"y":1,"curve":"stepped"},{"time":1.1333,"x":1,"y":1,"curve":"stepped"},{"time":1.3333,"x":1,"y":1,"curve":"stepped"},{"time":1.7333,"x":1,"y":1,"curve":"stepped"},{"time":1.9333,"x":1,"y":1,"curve":"stepped"},{"time":2.3333,"x":1,"y":1}]},"bone15":{"rotate":[{"time":0,"angle":0,"curve":"stepped"},{"time":0.4,"angle":0},{"time":0.6,"angle":24.57},{"time":1.0666,"angle":-0.6},{"time":1.1333,"angle":0},{"time":1.3333,"angle":20.02},{"time":1.7333,"angle":20.42},{"time":1.9333,"angle":0},{"time":2.0666,"angle":21.66},{"time":2.3333,"angle":0}],"translate":[{"time":0,"x":0,"y":0,"curve":"stepped"},{"time":0.4,"x":0,"y":0,"curve":"stepped"},{"time":0.6,"x":0,"y":0,"curve":"stepped"},{"time":1.0666,"x":0,"y":0,"curve":"stepped"},{"time":1.1333,"x":0,"y":0,"curve":"stepped"},{"time":1.3333,"x":0,"y":0,"curve":"stepped"},{"time":1.7333,"x":0,"y":0,"curve":"stepped"},{"time":1.9333,"x":0,"y":0,"curve":"stepped"},{"time":2.3333,"x":0,"y":0}],"scale":[{"time":0,"x":1,"y":1,"curve":"stepped"},{"time":0.4,"x":1,"y":1,"curve":"stepped"},{"time":0.6,"x":1,"y":1,"curve":"stepped"},{"time":1.0666,"x":1,"y":1,"curve":"stepped"},{"time":1.1333,"x":1,"y":1,"curve":"stepped"},{"time":1.3333,"x":1,"y":1,"curve":"stepped"},{"time":1.7333,"x":1,"y":1,"curve":"stepped"},{"time":1.9333,"x":1,"y":1,"curve":"stepped"},{"time":2.3333,"x":1,"y":1}]},"MON30058_DL_22":{"rotate":[{"time":0,"angle":0},{"time":0.4,"angle":-18.49},{"time":0.6,"angle":-13.89},{"time":1.0666,"angle":7.62},{"time":1.1333,"angle":-12.4},{"time":1.3333,"angle":-16.53},{"time":1.7333,"angle":10.47},{"time":1.9333,"angle":0},{"time":2.0666,"angle":12.92},{"time":2.3333,"angle":0}],"translate":[{"time":0,"x":0,"y":0,"curve":"stepped"},{"time":0.4,"x":0,"y":0,"curve":"stepped"},{"time":0.6,"x":0,"y":0,"curve":"stepped"},{"time":1.0666,"x":0,"y":0,"curve":"stepped"},{"time":1.1333,"x":0,"y":0,"curve":"stepped"},{"time":1.3333,"x":0,"y":0,"curve":"stepped"},{"time":1.7333,"x":0,"y":0,"curve":"stepped"},{"time":1.9333,"x":0,"y":0,"curve":"stepped"},{"time":2.3333,"x":0,"y":0}],"scale":[{"time":0,"x":1,"y":1,"curve":"stepped"},{"time":0.4,"x":1,"y":1,"curve":"stepped"},{"time":0.6,"x":1,"y":1,"curve":"stepped"},{"time":1.0666,"x":1,"y":1,"curve":"stepped"},{"time":1.1333,"x":1,"y":1,"curve":"stepped"},{"time":1.3333,"x":1,"y":1,"curve":"stepped"},{"time":1.7333,"x":1,"y":1,"curve":"stepped"},{"time":1.9333,"x":1,"y":1,"curve":"stepped"},{"time":2.3333,"x":1,"y":1}]},"shadow":{"rotate":[{"time":0,"angle":0,"curve":"stepped"},{"time":0.4,"angle":0,"curve":"stepped"},{"time":0.6,"angle":0},{"time":1.0666,"angle":-0.6},{"time":1.1333,"angle":0,"curve":"stepped"},{"time":1.3333,"angle":0,"curve":"stepped"},{"time":1.7333,"angle":0,"curve":"stepped"},{"time":1.9333,"angle":0,"curve":"stepped"},{"time":2.3333,"angle":0}],"translate":[{"time":0,"x":0,"y":0,"curve":"stepped"},{"time":0.4,"x":0,"y":0,"curve":"stepped"},{"time":0.6,"x":0,"y":0},{"time":1.0666,"x":14.46,"y":-0.34},{"time":1.1333,"x":0,"y":0,"curve":"stepped"},{"time":1.3333,"x":0,"y":0,"curve":"stepped"},{"time":1.7333,"x":0,"y":0,"curve":"stepped"},{"time":1.9333,"x":0,"y":0,"curve":"stepped"},{"time":2.3333,"x":0,"y":0}],"scale":[{"time":0,"x":1,"y":1},{"time":0.4,"x":1.149,"y":1.235},{"time":0.6,"x":0.935,"y":0.838},{"time":1.0666,"x":0.925,"y":0.859},{"time":1.1333,"x":1.064,"y":1.11},{"time":1.3333,"x":1.058,"y":1.085},{"time":1.7333,"x":1,"y":1},{"time":1.9333,"x":0.935,"y":0.943},{"time":2.3333,"x":1,"y":1}]},"fx_lei2":{"rotate":[{"time":1.1333,"angle":0.08}]}}}}}