{"skeleton":{"hash":"K5gwqhLtrV/sZnP9v9iQAV2W4OE","spine":"3.1.03","width":324.99,"height":281.49},"bones":[{"name":"root"},{"name":"bone","parent":"root","x":-10.71,"y":66.05},{"name":"MON20077_DL_13","parent":"bone","length":17.5,"x":-6.44,"y":-5.53,"rotation":86.22},{"name":"bone2","parent":"MON20077_DL_13","length":21,"x":17.5,"rotation":-18.9},{"name":"MON20077_DL_16","parent":"bone2","length":24.09,"x":7.17,"y":6.83,"rotation":166.36},{"name":"MON20077_DL_15","parent":"MON20077_DL_16","length":17.53,"x":22.71,"y":-0.3,"rotation":-7},{"name":"MON20077_DL_14","parent":"MON20077_DL_15","length":7.33,"x":16.75,"y":0.01,"rotation":-3.77},{"name":"MON20077_DL_18","parent":"MON20077_DL_14","length":21.62,"x":3.38,"y":-3.15,"rotation":-91.08},{"name":"FX_GUANG","parent":"MON20077_DL_18","length":22.14,"x":88.43,"y":-1.71,"rotation":-0.43},{"name":"FX_HUAN","parent":"MON20077_DL_18","length":19.22,"x":82.83,"y":-2.45,"rotation":84.25},{"name":"FX_HUAN2","parent":"MON20077_DL_18","length":19.22,"x":82.83,"y":-2.45,"rotation":-45.74},{"name":"FX_SHUI","parent":"MON20077_DL_18","length":35.15,"x":89.43,"y":-9.18,"rotation":-132.87,"inheritRotation":false},{"name":"SHUI_ROOT","parent":"root","length":21.74,"x":-108.16,"y":100.02,"rotation":-87.13},{"name":"FX_SHUI2","parent":"SHUI_ROOT","length":35.15,"x":-2.48,"y":1.71,"rotation":-57.44,"inheritRotation":false},{"name":"MON20076_DL_8","parent":"bone2","length":16.77,"x":20.39,"y":-0.01,"rotation":17.47},{"name":"MON20076_DL_113","parent":"bone2","length":15.19,"x":9.66,"y":11.77,"rotation":112.8},{"name":"MON20077_DL_6","parent":"MON20076_DL_8","length":5.91,"x":3.42,"y":9.03,"rotation":95.17},{"name":"MON20077_DL_7","parent":"MON20076_DL_8","length":5.71,"x":23.32,"y":15.54,"rotation":95.17},{"name":"MON20077_DL_12","parent":"bone2","length":21.06,"x":16.26,"y":-19.24,"rotation":-134.41},{"name":"MON20077_DL_11","parent":"MON20077_DL_12","length":15.63,"x":19.82,"y":-0.15,"rotation":-16.9},{"name":"MON20077_DL_10","parent":"MON20077_DL_11","length":6.66,"x":14.5,"y":-0.05,"rotation":-6.06},{"name":"bone3","parent":"bone","length":5.98,"x":-9.84,"y":-7.56,"rotation":-93.65},{"name":"MON20077_DL_17","parent":"bone3","length":19.68,"x":6.4,"y":5.86,"rotation":-10.68},{"name":"MON20077_DL_20","parent":"MON20076_DL_8","length":15.14,"x":70.45,"y":-39.93,"rotation":-56.15},{"name":"MON20077_DL_112","parent":"bone2","length":16.9,"x":23.97,"y":-14.72,"rotation":-66.46},{"name":"MON20077_U_19","parent":"MON20076_DL_8","length":17.42,"x":92.44,"y":22.3,"rotation":82.72},{"name":"bone4","parent":"bone3","length":8.55,"x":2.06,"y":13.62,"rotation":44.25},{"name":"bone5","parent":"bone4","length":10.71,"x":8.55,"y":0.02,"rotation":-4.27},{"name":"bone6","parent":"bone3","length":7.44,"x":4.41,"y":-7.35,"rotation":-21.74},{"name":"bone7","parent":"bone6","length":6.77,"x":7.44,"y":0.01,"rotation":2.16},{"name":"bone8","parent":"MON20077_DL_17","length":16.33,"x":19.68,"rotation":19.66},{"name":"bone9","parent":"bone8","length":15.76,"x":16.33,"y":-0.02,"rotation":50.58},{"name":"bone10","parent":"bone9","length":16.85,"x":15.76,"y":0.05,"rotation":31.16},{"name":"bone11","parent":"bone10","length":13.21,"x":17.41,"y":-0.05,"rotation":28.25},{"name":"bone12","parent":"bone11","length":11.22,"x":13.21,"y":-0.05,"rotation":28},{"name":"bone13","parent":"bone12","length":9.76,"x":11.22,"y":-0.04,"rotation":-33.46},{"name":"bone14","parent":"bone13","length":6.98,"x":9.74,"y":-0.54,"rotation":-35.69},{"name":"bone15","parent":"bone14","length":4.6,"x":7.04,"y":-0.14,"rotation":-10.8},{"name":"bone16","parent":"MON20077_DL_20","length":13.58,"x":15.14,"y":-0.07,"rotation":22.92},{"name":"bone17","parent":"bone16","length":12.6,"x":13.58,"y":-0.03,"rotation":37.81},{"name":"bone18","parent":"bone17","length":10.63,"x":12.6,"y":0.12,"rotation":66.46},{"name":"bone19","parent":"bone18","length":13.98,"x":10.63,"y":0.02,"rotation":55.67},{"name":"bone20","parent":"MON20077_U_19","length":14.14,"x":17.42,"rotation":12.49},{"name":"bone21","parent":"bone20","length":13.74,"x":13.92,"y":0.21,"rotation":25.9},{"name":"shadow","parent":"root","length":8.77,"x":-2.06,"y":-1.36}],"slots":[{"name":"shadow","bone":"shadow","attachment":"shadow"},{"name":"MON20077_DL_18","bone":"MON20077_DL_18","attachment":"MON20077_DL_18"},{"name":"MON20077_DL_16","bone":"MON20077_DL_16","attachment":"MON20077_DL_16"},{"name":"MON20076_DL_113","bone":"MON20076_DL_113","attachment":"MON20076_DL_113"},{"name":"MON20077_DL_17","bone":"MON20077_DL_17","attachment":"MON20077_DL_17"},{"name":"MON20077_DL_13","bone":"MON20077_DL_13","attachment":"MON20077_DL_13"},{"name":"MON20077_DL_12","bone":"MON20077_DL_12","attachment":"MON20077_DL_12"},{"name":"MON20077_DL_15","bone":"MON20077_DL_15","attachment":"MON20077_DL_15"},{"name":"MON20077_DL_112","bone":"MON20077_DL_112","attachment":"MON20077_DL_112"},{"name":"MON20077_DL_20","bone":"MON20077_DL_20","attachment":"MON20077_DL_20"},{"name":"MON20077_U_19","bone":"MON20077_U_19","attachment":"MON20077_U_19"},{"name":"MON20076_DL_8","bone":"MON20076_DL_8","attachment":"MON20076_DL_8"},{"name":"MON20077_DL_7","bone":"MON20077_DL_7"},{"name":"MON20077_DL_14","bone":"MON20077_DL_14","attachment":"MON20077_DL_14"},{"name":"MON20077_DL_11","bone":"MON20077_DL_11","attachment":"MON20077_DL_11"},{"name":"MON20077_DL_10","bone":"MON20077_DL_10","attachment":"MON20077_DL_10"},{"name":"MON20077_DL_6","bone":"MON20077_DL_6"},{"name":"FX_GUANG","bone":"FX_GUANG","attachment":"wuqi_00000","blend":"additive"},{"name":"FX_HUAN","bone":"FX_HUAN","color":"8ee1ffff","attachment":"shui_164","blend":"additive"},{"name":"FX_HUAN2","bone":"FX_HUAN2","color":"8ee1ffff","attachment":"shui_164","blend":"additive"},{"name":"FX_SHUI","bone":"FX_SHUI","color":"9afaffff","attachment":"shui_099","blend":"additive"},{"name":"FX_SHUI2","bone":"FX_SHUI2","color":"9afaffff","attachment":"shui_099","blend":"additive"}],"skins":{"default":{"FX_GUANG":{"wuqi_00000":{"scaleX":2,"scaleY":2,"rotation":-126.74,"width":61,"height":67}},"FX_HUAN":{"shui_164":{"scaleX":0.9,"scaleY":0.9,"rotation":143.58,"width":128,"height":128}},"FX_HUAN2":{"shui_164":{"rotation":143.58,"width":128,"height":128}},"FX_SHUI":{"shui_099":{"x":48.42,"y":19.01,"scaleX":1.5,"scaleY":1.5,"rotation":-77.41,"width":128,"height":128}},"FX_SHUI2":{"shui_099":{"x":48.42,"y":19.01,"scaleX":1.5,"scaleY":1.5,"rotation":-77.41,"width":128,"height":128}},"MON20076_DL_113":{"MON20076_DL_113":{"x":10.71,"y":-2.36,"rotation":179.85,"width":49,"height":40}},"MON20076_DL_8":{"MON20076_DL_8":{"x":56.77,"y":-0.65,"rotation":-84.82,"width":120,"height":129}},"MON20077_DL_10":{"MON20077_DL_10":{"x":6.55,"y":0.05,"rotation":89.97,"width":13,"height":15}},"MON20077_DL_11":{"MON20077_DL_11":{"x":6.56,"y":0.34,"rotation":83.93,"width":20,"height":32}},"MON20077_DL_112":{"MON20077_DL_112":{"x":20.87,"y":2.51,"rotation":-0.89,"width":66,"height":49}},"MON20077_DL_12":{"MON20077_DL_12":{"x":9.05,"y":0.09,"rotation":66.9,"width":20,"height":31}},"MON20077_DL_13":{"MON20077_DL_13":{"type":"weightedmesh","uvs":[0.75447,0.08573,1,0.12124,1,0.27684,0.89866,0.35653,0.75916,0.46625,0.70022,0.52639,0.74094,0.55713,0.75063,0.6186,0.87278,0.73176,0.93288,0.96228,0.90927,0.98827,0.85726,1,0.57032,0.88824,0.3842,0.7639,0.29501,0.8114,0.23103,0.7611,0.1853,0.81947,0.07013,0.96647,0,0.96228,0,0.83375,0.04558,0.76346,0.1112,0.66227,0.12552,0.61756,0.12128,0.57331,0.167,0.53076,0.13649,0.47495,0,0.43944,0,0.3278,0,0.27539,0.27698,0.15837,0.39232,0.10965,0.4017,0,0.58931,0,0.74508,0,0.38961,0.61385,0.31052,0.69245,0.4544,0.68804,0.3206,0.63843,0.46203,0.6441,0.17802,0.67239,0.10594,0.79612,0.57787,0.6591,0.71514,0.77626,0.32887,0.60467,0.18642,0.62408,0.1946,0.58439,0.45216,0.59624,0.51506,0.15404,0.29963,0.34654,0.30953,0.47666,0.51165,0.3933,0.68002,0.34315,0.76982,0.16844,0.14479,0.33686],"triangles":[41,38,6,41,6,7,36,38,41,42,41,7,42,7,8,12,36,41,12,41,42,42,8,9,10,42,9,11,42,10,12,42,11,40,18,19,40,19,20,17,18,40,17,40,16,23,24,45,22,23,45,44,22,45,39,22,44,21,22,39,40,20,21,40,21,39,40,39,15,16,40,15,37,45,43,44,45,37,36,37,38,35,44,37,35,37,36,39,44,35,15,39,35,13,35,36,14,15,35,14,35,13,13,36,12,53,27,28,26,27,53,25,26,53,25,53,48,49,48,50,25,48,49,5,51,4,50,51,5,24,25,49,45,24,49,46,49,50,46,50,5,34,43,49,45,49,43,46,34,49,38,46,5,34,46,38,37,43,34,38,37,34,38,5,6,47,31,32,30,31,47,52,0,1,32,33,0,47,32,0,47,0,52,52,1,2,29,53,28,51,47,52,48,29,30,53,29,48,48,30,47,3,52,2,51,52,3,50,48,47,50,47,51,4,51,3],"vertices":[4,3,22.97,-8.41,0.97764,2,36.52,-15.39,0.01308,28,-49.74,8.28,0,26,-25.64,32.12,0.00927,4,3,25.38,-20.44,0.91999,2,34.9,-27.55,0.04963,28,-52.71,20.18,0,26,-15.97,39.68999,0.03036,4,3,15.61,-24.52,0.84485,2,24.34,-28.25,0.10374,28,-43.14,24.72,0,26,-7.94,32.8,0.05139,4,3,8.7,-22.02,0.71604,2,18.61,-23.65,0.19586,28,-36.12,22.55,0,26,-7.06,25.5,0.08808,4,3,-0.81,-18.59,0.32204,2,10.71,-17.32,0.42799,28,-26.45,19.57,0,26,-5.84,15.46,0.24995,4,3,-5.7,-17.5,0.10109,2,6.44,-14.71,0.43826,28,-21.52,18.70999,0,26,-4.62,10.6,0.46063,5,3,-6.86,-20.14,0.04829,2,4.48999,-16.84,0.31748,28,-20.48,21.41,0,27,-11.06,9.93999,0.00131,26,-1.73,10.76,0.6329,5,3,-10.53,-22.19,0.01248,2,0.35,-17.58,0.1388,28,-16.91,23.63,0,27,-7.41,7.84,0.0354,26,1.74,8.39999,0.81329,3,28,-12.52,32.33,0,27,2.33,8.1,0.61184,26,11.48,7.93,0.38815,3,28,0.38,41.71,0,27,16.7,1.17999,0.99982,26,25.29,-0.02,1.7E-4,3,28,2.47,41.41999,0,27,17.44,-0.79,0.99988,26,25.88,-2.05,1.1E-4,2,28,4.28,39.46,0,27,16.57,-3.31,1,3,21,16.29999,13.2,0.10617,27,2.10999,-10.13,0.5098,26,9.91,-10.22999,0.384,4,2,-10.68,-0.32,0.03785,21,8.43999,3.56,0.77237,27,-10.09,-12.46,0.0071,26,-2.44,-11.65,0.18265,2,21,11.94,-0.58999,0.96653,28,4.48999,9.07,0.03345,3,21,8.72999,-3.93,0.53491,28,2.75,4.77,0.44123,29,-4.5,4.92999,0.02384,3,21,12.83,-5.92,0.05053,28,7.29,4.44999,0.51002,29,0.02,4.42999,0.43942,3,21,23.17,-10.91,8.0E-5,28,18.74,3.63,0.0013,29,11.43,3.18,0.9986,3,21,23.1,-14.36,1.0E-5,28,19.95999,0.4,5.6E-4,29,12.52,-0.08,0.99941,1,29,4.48999,-3.52,1,2,28,6.78,-3.36,0.56866,29,-0.78,-3.35,0.43133,3,2,-4.66,13.47,0.01318,21,2.39,-10.22,0.02033,28,-0.8,-3.41,0.96646,4,3,-22.27,6.09,5.5E-4,2,-1.58,12.97,0.09812,21,-0.67,-9.71,0.21241,28,-3.85,-4.07,0.6889,4,3,-19.57,7.45,0.00618,2,1.4,13.38,0.22838,21,-3.66,-10.10999,0.26742,28,-6.48,-5.55,0.49801,4,3,-16.04,6.49,0.0305,2,4.42999,11.33,0.4718,21,-6.69,-8.06,0.23687,28,-10.06,-4.76,0.2608,4,3,-13.11,9.33,0.13748,2,8.12,13.07,0.65733,21,-10.39,-9.79,0.10221,28,-12.85,-7.74,0.10295,4,3,-13.46,16.44,0.26187,2,10.09,19.91,0.65159,21,-12.37,-16.62,0.0408,28,-12.16,-14.82,0.04573,4,3,-6.45,19.36,0.38014,2,17.66,20.41,0.57503,21,-19.95,-17.1,0.0194,28,-19.02,-18.07,0.0254,4,3,-3.16,20.73,0.42711,2,21.22,20.64,0.53955,21,-23.5,-17.32,0.01361,28,-22.24,-19.6,0.01971,4,3,9.39999,11.27,0.83076,2,30.05,7.62,0.15943,21,-32.31,-4.28,0.004,28,-35.25,-10.74,0.00579,2,3,14.63,7.33,0.99884,2,33.73,2.2,0.00115,2,3,21.69,9.78,1,28,-47.6,-9.83,0,1,3,25.23,1.29999,1,2,3,28.17,-5.74,0.99966,26,-30.36,35.57,3.3E-4,1,2,-0.48,0.08,1,1,21,3.82,-0.34,1,3,2,-5.31,-3.41,0.36225,21,3.08,6.67,0.25057,26,-4.11,-5.69,0.38717,1,21,0.13,-0.08,1,3,2,-2.3,-3.59,0.73634,21,0.07,6.85,0.10465,26,-6.14,-3.46,0.15899,3,2,-5.13,10.16,0.02145,21,2.87,-6.91,0.28024,28,-1.58,-0.15,0.6983,2,28,7.52,0.25,0.5,29,0.09,0.23,0.5,1,26,-1.67,0.18,1,2,27,0.19,0.09,0.5,26,8.75,0.1,0.5,3,2,-0.05,3.09,0.66926,21,-2.18,0.17,0.31806,28,-8.91,4.55,0.01267,3,2,-1.83,9.97,0.02145,21,-0.42,-6.7,0.28024,28,-4.73,-1.19,0.6983,4,3,-18.87999,3.84,0.00268,2,0.88,9.74,0.22868,21,-3.14,-6.48,0.36819,28,-7.34,-1.98,0.40044,2,2,0.91,-2.89,0.90999,26,-8.92,-1.71,0.09,2,3,14.16,0.62,0.78241,2,31.11,-3.99,0.21758,4,3,-1.97,5.32,0.46591,2,17.36,5.67,0.52133,21,-19.61,-2.36999,0.00552,28,-24.16,-4.26,0.00722,4,3,-9.95,1.46,0.21786,2,8.56,4.61,0.70925,21,-10.81,-1.32,0.0363,28,-16.37,-0.03,0.03657,4,3,-0.91,-5.48,0.35618,2,14.87,-4.89,0.54562,28,-25.74,6.48,0,26,-17.5,9.47999,0.09818,4,3,5.41,-11.78,0.50531,2,18.81,-12.9,0.35583,28,-32.34999,12.48,0,26,-14.72,17.95999,0.13884,4,3,18.07,-11.27,0.8674,2,30.96,-16.51,0.09183,28,-44.97,11.37,0,26,-20.87999,29.03,0.04075,4,3,-4.29,12.58,0.42159,2,17.52,13.29,0.54908,21,-19.78,-9.97999,0.01269,28,-21.51,-11.4,0.01662],"hull":34}},"MON20077_DL_14":{"MON20077_DL_14":{"x":3.73,"y":0.11,"rotation":137.06,"width":16,"height":15}},"MON20077_DL_15":{"MON20077_DL_15":{"x":7.76,"y":0.27,"rotation":133.21,"width":24,"height":25}},"MON20077_DL_16":{"MON20077_DL_16":{"x":10.67,"y":0.62,"rotation":126.55,"width":24,"height":29}},"MON20077_DL_17":{"MON20077_DL_17":{"type":"weightedmesh","uvs":[0.46983,0.40761,0.44494,0.5692,0.45316,0.64837,0.53371,0.69137,0.63084,0.64864,0.73216,0.52015,0.86026,0.51045,0.94908,0.53697,1,0.60634,1,0.65582,0.92628,0.66888,0.8643,0.66549,0.80229,0.70497,0.7216,0.89287,0.55833,1,0.36824,1,0.20707,1,0,0.76646,0,0.41349,0.05685,0,0.26139,0,0.52997,0,0.2033,0.4237,0.21965,0.71069,0.36006,0.86263,0.55219,0.87942,0.68448,0.78396,0.75895,0.62245,0.86228,0.57642,0.93458,0.61282],"triangles":[10,29,9,29,8,9,29,7,8,12,27,11,27,28,11,27,5,28,5,6,28,10,11,29,11,28,29,29,28,7,28,6,7,13,26,12,26,27,12,26,4,27,27,4,5,14,25,13,25,26,13,25,3,26,3,4,26,15,25,14,15,24,25,24,3,25,24,2,3,16,24,15,16,23,24,16,17,23,24,23,2,23,1,2,23,18,22,23,17,18,23,22,1,1,22,0,18,19,22,22,20,0,22,19,20,0,20,21],"vertices":[4,22,12.8,23.39,0.71581,30,1.38,24.34,0.13322,31,9.32,27.02,0.07103,32,8.43999,26.41,0.07989,5,22,22.28,23.48,0.29484,30,10.34,21.23,0.19001,31,12.61,18.12999,0.20927,32,6.66,17.09,0.29328,33,-1.35,20.19,0.01258,5,22,26.47,25.32,0.10263,30,14.91,21.56,0.09384,31,15.77,14.81,0.19012,32,7.64,12.62,0.54197,33,-2.59999,15.79,0.07142,6,22,27.03,33.03,0.00871,30,18.02,28.63,0.00779,31,23.21,16.9,0.01271,32,15.08,10.56,0.40904,33,2.97,10.43999,0.5313,34,-4.11,14.08,0.03041,4,32,23.79,13.45,0.00733,33,12,8.87,0.47932,34,3.12,8.45,0.50852,35,-11.44,2.61999,0.0048,2,34,14.5,5.43,0.4707,35,-0.28,6.38,0.52929,2,36,-1.12,3.49,0.44332,35,10.87,2.94,0.55667,2,36,7.06,4.23999,0.5677,37,-0.79,4.31,0.43229,1,37,5.12,2.85,1,2,36,13.37,-1.01,0.00754,37,6.38,0.33,0.99245,3,36,7.12,-3.55,0.5087,35,13.45,-7.58,0.02156,37,0.71,-3.33,0.46972,2,36,1.64,-4.91,0.48841,35,8.21,-5.49,0.51158,4,33,24.74,-0.69,0.0012,34,9.87,-5.97,0.43465,36,-3.17,-8.60999,0.02059,35,2.14,-5.69,0.54355,2,33,13.52,-7.24,0.64551,34,-3.1,-6.48,0.35448,2,32,18.23,-6.89,0.5356,33,-2.51,-6.41,0.46439,2,31,20.62,-6.1,0.35763,32,0.96,-7.78,0.64235,3,30,32.8,-2.58,0.06499,31,8.47999,-14.33,0.92027,32,-13.68,-8.54,0.01473,3,22,43.22,-12.95,0.00591,30,17.79999,-20.11,0.79419,31,-14.58,-13.89,0.19989,3,22,23.73,-17.94,0.39581,30,-2.22,-18.26,0.60285,31,-25.87,2.75,0.00133,2,22,-0.38,-18.77,0.99502,30,-25.21,-10.93,0.00497,1,22,-5,-0.74,1,1,22,-11.06,22.93,1,2,22,19.7,0.12,0.5,30,0.06,0.1,0.5,2,30,16.48,0.07,0.5,31,0.17,-0.04,0.5,2,31,15.61,-0.04,0.5,32,-0.18,0,0.5,2,32,17.32,-0.05,0.5,33,-0.08,0.03,0.5,2,33,13.12,-0.18,0.5,34,-0.14,-0.07,0.5,2,34,11.28,0,0.5,35,0.03,0.07,0.5,2,36,0.08,-0.07,0.5,35,9.76,-0.64999,0.5,2,36,6.97,-0.27,0.5,37,-0.03,-0.13,0.5],"hull":22}},"MON20077_DL_18":{"MON20077_DL_18":{"x":50.55,"y":0.36,"rotation":-131.95,"width":128,"height":147}},"MON20077_DL_20":{"MON20077_DL_20":{"type":"weightedmesh","uvs":[0.87699,0.16654,1,0.34541,0.92174,0.63045,0.91819,0.64341,0.69226,0.82349,0.3497,1,0.20837,1,0.10876,0.89899,0,0.78871,0,0.73259,0.40596,0.58416,0.49635,0.51571,0.53492,0.45102,0.44656,0.49256,0.3583,0.55562,0.25692,0.58465,0,0.47456,0,0.26814,0.12057,0.08658,0.37075,0,0.67743,0,0.53275,0.69675,0.71286,0.49233,0.71168,0.24843,0.4779,0.17571],"triangles":[14,15,24,13,14,24,13,24,12,16,24,15,24,18,19,18,24,17,24,16,17,12,24,23,24,20,23,23,20,0,24,19,20,2,22,1,12,23,22,1,23,0,1,22,23,4,22,3,4,21,22,10,11,21,21,11,22,3,22,2,11,12,22,5,21,4,21,5,7,5,6,7,7,10,21,10,7,9,7,8,9],"vertices":[3,39,17.77,-7.33,0.50752,40,-4.78,-7.72,0.49245,41,-15.09,8.37,1.0E-5,4,38,28.01,-5.05,0.01593,39,8.32,-12.8,0.96209,40,-13.56,-1.24,0.02195,41,-14.69,19.27,0,3,38,14,-11.67,0.67475,39,-6.79,-9.46,0.32523,41,-3.8,30.3,0,4,23,32.12,-5.89,2.0E-4,38,13.37,-11.97,0.69726,39,-7.48,-9.3,0.30252,41,-3.31,30.8,0,3,23,18.81,-9.43999,0.32357,38,-0.27,-10.05,0.67642,41,10.16,33.66999,0,2,23,1.1,-10.34,1,41,27.89,33.66999,0,2,23,-4.34,-7.34,1,41,33.18,30.39,0,2,23,-5.59,-0.52999,1,41,34.08,23.54,0,2,23,-6.95,6.89,1,41,35.07,16.04999,0,2,23,-5.51,9.49,1,41,33.5,13.52,0,3,23,13.92,7.74,0.50339,38,1.91,7.68,0.49486,41,14.18,16.25,0.00173,5,23,19.15,8.99,0.05516,38,7.22,6.79,0.82402,39,-0.83,9.29,0.06973,40,3.03,15.97,0.00533,41,8.88,15.26,0.04573,5,23,22.29,11.17,7.0E-5,38,10.97,7.57,0.34628,39,2.59999,7.61,0.34042,40,2.87,12.15,0.05522,41,5.64,13.25,0.25797,4,38,6.83,9.27,0.09905,39,0.37,11.48,0.14587,40,5.53,15.74,0.0243,41,10.1,13.07,0.73076,4,38,1.81,10.26,0.02679,39,-2.98,15.35,0.05027,40,7.73,20.36,6.8E-4,41,15.16,13.86,0.92223,3,38,-2.15,12.81,0.00932,39,-4.55,19.79999,0.02182,41,19.76,12.82,0.96885,1,41,26.29,1.9,1,2,38,4.05,32.07,0,41,20.53,-7.38,1,2,38,14.89,33.84,0,41,10.95,-12.76,1,3,38,25.3,28.02,1.0E-5,40,19.15,-6.77,0.26789,41,-0.82,-10.86,0.73209,4,38,33.63,17.41,3.8E-4,39,26.54,1.49,0.00484,40,6.81,-12.23,0.94725,41,-12.28,-3.75,0.04751,2,23,15.91,-0.17,0.5,38,0.67,-0.39,0.5,2,38,14.08,0.07,0.5,39,0.46,-0.22,0.5,2,39,13.38,-0.09,0.5,40,0.1,-0.8,0.5,2,40,11.07,-0.16,0.5,41,0.08,-0.46,0.5],"hull":21}},"MON20077_DL_6":{"MON20077_DL_6":{"x":1.54,"y":-1.24,"rotation":-179.99,"width":22,"height":13}},"MON20077_DL_7":{"MON20077_DL_7":{"x":-3.64,"y":-5.85,"rotation":-179.99,"width":57,"height":27}},"MON20077_U_19":{"MON20077_U_19":{"type":"weightedmesh","uvs":[1,0.28319,1,0.66887,1,1,0.70348,1,0.57522,0.88907,0.37589,0.89803,0.27045,1,0,1,0,0.86929,0,0.41658,0.19299,0,0.57332,0,0.58943,0.48464,0.33539,0.49828],"triangles":[3,1,2,3,4,1,4,12,1,12,0,1,12,11,0,4,5,13,4,13,12,13,11,12,13,10,11,5,6,8,6,7,8,5,8,13,8,9,13,9,10,13],"vertices":[1,25,-3.49,-10.28,1,1,25,-5.75,-0.11,1,1,25,-7.69,8.60999,1,2,42,-6.35,13.84,0.05333,25,8.22,12.14,0.94666,3,43,-7.25,15.34,0.01221,42,0.69,10.85,0.41906,25,15.76,10.75,0.56872,3,43,2.71,10.78,0.53567,42,11.66,11.1,0.45357,25,26.41,13.36,0.01074,2,43,9.13,10.72,0.90915,42,17.45,13.85,0.09084,1,43,22.52,4.23,1,1,43,20.98,1.05999,1,2,43,15.64,-9.93,0.99914,42,32.34,-1.89,8.5E-4,2,43,1.17999,-15.42,0.67488,42,21.73,-13.14,0.3251,3,43,-17.62999,-6.29,0.00302,42,0.81,-13.15,0.6986,25,21.06,-12.66,0.29835,2,42,-0.07,-0.06,0.5,25,17.36,-0.07,0.5,2,43,0.01,0.09,0.5,42,13.89,0.3,0.5],"hull":12}},"shadow":{"shadow":{"x":7.5,"y":10.43,"scaleX":1.6,"scaleY":1.6,"width":85,"height":42}}}},"animations":{"wait_DL":{"slots":{"FX_GUANG":{"color":[{"time":0,"color":"ffffffff"},{"time":0.5,"color":"ffffff00"},{"time":1,"color":"ffffffff"},{"time":1.5,"color":"ffffff00"},{"time":2,"color":"ffffffff"}]},"FX_HUAN":{"attachment":[{"time":0,"name":null},{"time":0.3333,"name":"shui_164"},{"time":0.8333,"name":null},{"time":1,"name":null},{"time":1.3333,"name":"shui_164"},{"time":1.8333,"name":null},{"time":2,"name":null}],"color":[{"time":0,"color":"8ee1ff00","curve":"stepped"},{"time":0.3333,"color":"8ee1ff00"},{"time":0.5,"color":"8ee1ffff"},{"time":0.8333,"color":"8ee1ff00","curve":"stepped"},{"time":1,"color":"8ee1ff00","curve":"stepped"},{"time":1.3333,"color":"8ee1ff00"},{"time":1.5,"color":"8ee1ffff"},{"time":1.8333,"color":"8ee1ff00","curve":"stepped"},{"time":2,"color":"8ee1ff00"}]},"FX_HUAN2":{"attachment":[{"time":0,"name":null},{"time":0.1666,"name":"shui_164"},{"time":0.6666,"name":null},{"time":1,"name":null},{"time":1.1666,"name":"shui_164"},{"time":1.6666,"name":null},{"time":2,"name":null}],"color":[{"time":0,"color":"8ee1ff00","curve":"stepped"},{"time":0.1666,"color":"8ee1ff00"},{"time":0.3333,"color":"8ee1ffff"},{"time":0.6666,"color":"8ee1ff00","curve":"stepped"},{"time":1,"color":"8ee1ff00","curve":"stepped"},{"time":1.1666,"color":"8ee1ff00"},{"time":1.3333,"color":"8ee1ffff"},{"time":1.6666,"color":"8ee1ff00","curve":"stepped"},{"time":2,"color":"8ee1ff00"}]},"FX_SHUI":{"attachment":[{"time":0,"name":null},{"time":0.2666,"name":"shui_099"},{"time":0.5666,"name":null},{"time":1,"name":null},{"time":1.2666,"name":"shui_099"},{"time":1.5666,"name":null},{"time":2,"name":null}],"color":[{"time":0,"color":"9afaffff","curve":"stepped"},{"time":0.2666,"color":"9afaffff"},{"time":0.5666,"color":"9afaff00"},{"time":1,"color":"9afaffff","curve":"stepped"},{"time":1.2666,"color":"9afaffff"},{"time":1.5666,"color":"9afaff00","curve":"stepped"},{"time":2,"color":"9afaff00"}]},"FX_SHUI2":{"attachment":[{"time":0,"name":null},{"time":0.3333,"name":"shui_099"},{"time":0.6333,"name":null},{"time":1,"name":null},{"time":1.3333,"name":"shui_099"},{"time":1.6333,"name":null},{"time":2,"name":null}],"color":[{"time":0,"color":"9afaff00"},{"time":0.3333,"color":"9afaffff"},{"time":0.6333,"color":"9afaff00","curve":"stepped"},{"time":1,"color":"9afaff00"},{"time":1.3333,"color":"9afaffff"},{"time":1.6333,"color":"9afaff00","curve":"stepped"},{"time":2,"color":"9afaff00"}]},"MON20077_DL_7":{"attachment":[{"time":0,"name":null},{"time":1.8,"name":"MON20077_DL_7"},{"time":1.9,"name":null},{"time":2,"name":null}]}},"bones":{"bone":{"rotate":[{"time":0,"angle":0,"curve":"stepped"},{"time":0.5,"angle":0,"curve":"stepped"},{"time":1,"angle":0,"curve":"stepped"},{"time":1.5,"angle":0,"curve":"stepped"},{"time":2,"angle":0}],"translate":[{"time":0,"x":0,"y":-1.25},{"time":0.5,"x":0,"y":-8.13},{"time":1,"x":0,"y":-1.25},{"time":1.5,"x":0,"y":-8.13},{"time":2,"x":0,"y":-1.25}],"scale":[{"time":0,"x":1,"y":1},{"time":0.5,"x":1.021,"y":0.978},{"time":1,"x":1,"y":1},{"time":1.5,"x":1.021,"y":0.978},{"time":2,"x":1,"y":1}]},"MON20077_DL_13":{"rotate":[{"time":0,"angle":0},{"time":0.3333,"angle":2.43},{"time":0.6666,"angle":2.07},{"time":1,"angle":0},{"time":1.3333,"angle":2.43},{"time":1.6666,"angle":2.07},{"time":2,"angle":0}],"translate":[{"time":0,"x":0,"y":0},{"time":0.5,"x":0,"y":-0.53},{"time":1,"x":0,"y":0},{"time":1.5,"x":0,"y":-0.53},{"time":2,"x":0,"y":0}],"scale":[{"time":0,"x":1,"y":1,"curve":"stepped"},{"time":0.5,"x":1,"y":1,"curve":"stepped"},{"time":1,"x":1,"y":1,"curve":"stepped"},{"time":1.5,"x":1,"y":1,"curve":"stepped"},{"time":2,"x":1,"y":1}]},"bone2":{"rotate":[{"time":0,"angle":0},{"time":0.3333,"angle":2.1},{"time":0.6666,"angle":1.86},{"time":1,"angle":0},{"time":1.3333,"angle":2.1},{"time":1.6666,"angle":1.86},{"time":2,"angle":0}],"translate":[{"time":0,"x":0,"y":0},{"time":0.5,"x":-1.6,"y":-0.1},{"time":1,"x":0,"y":0},{"time":1.5,"x":-1.6,"y":-0.1},{"time":2,"x":0,"y":0}],"scale":[{"time":0,"x":1,"y":1,"curve":"stepped"},{"time":0.5,"x":1,"y":1,"curve":"stepped"},{"time":1,"x":1,"y":1,"curve":"stepped"},{"time":1.5,"x":1,"y":1,"curve":"stepped"},{"time":2,"x":1,"y":1}]},"MON20076_DL_8":{"rotate":[{"time":0,"angle":0},{"time":0.3333,"angle":-7.04},{"time":0.6666,"angle":-7.3},{"time":1,"angle":0},{"time":1.3333,"angle":-7.04},{"time":1.6666,"angle":-7.3},{"time":2,"angle":0}],"translate":[{"time":0,"x":0,"y":0},{"time":0.5,"x":-2.19,"y":-0.08},{"time":1,"x":0,"y":0},{"time":1.5,"x":-2.19,"y":-0.08},{"time":2,"x":0,"y":0}],"scale":[{"time":0,"x":1,"y":1,"curve":"stepped"},{"time":0.5,"x":1,"y":1,"curve":"stepped"},{"time":1,"x":1,"y":1,"curve":"stepped"},{"time":1.5,"x":1,"y":1,"curve":"stepped"},{"time":2,"x":1,"y":1}]},"bone3":{"rotate":[{"time":0,"angle":0,"curve":"stepped"},{"time":0.5,"angle":0,"curve":"stepped"},{"time":1,"angle":0,"curve":"stepped"},{"time":1.5,"angle":0,"curve":"stepped"},{"time":2,"angle":0}],"translate":[{"time":0,"x":0,"y":0,"curve":"stepped"},{"time":0.5,"x":0,"y":0,"curve":"stepped"},{"time":1,"x":0,"y":0,"curve":"stepped"},{"time":1.5,"x":0,"y":0,"curve":"stepped"},{"time":2,"x":0,"y":0}],"scale":[{"time":0,"x":1,"y":1,"curve":"stepped"},{"time":0.5,"x":1,"y":1,"curve":"stepped"},{"time":1,"x":1,"y":1,"curve":"stepped"},{"time":1.5,"x":1,"y":1,"curve":"stepped"},{"time":2,"x":1,"y":1}]},"bone4":{"rotate":[{"time":0,"angle":0},{"time":0.3333,"angle":15.3},{"time":0.6666,"angle":-2.51},{"time":1,"angle":0},{"time":1.3333,"angle":15.3},{"time":1.6666,"angle":-2.51},{"time":2,"angle":0}],"translate":[{"time":0,"x":0,"y":0,"curve":"stepped"},{"time":0.3333,"x":0,"y":0,"curve":"stepped"},{"time":0.6666,"x":0,"y":0,"curve":"stepped"},{"time":1,"x":0,"y":0,"curve":"stepped"},{"time":1.3333,"x":0,"y":0,"curve":"stepped"},{"time":1.6666,"x":0,"y":0,"curve":"stepped"},{"time":2,"x":0,"y":0}],"scale":[{"time":0,"x":1,"y":1,"curve":"stepped"},{"time":0.3333,"x":1,"y":1,"curve":"stepped"},{"time":0.6666,"x":1,"y":1,"curve":"stepped"},{"time":1,"x":1,"y":1,"curve":"stepped"},{"time":1.3333,"x":1,"y":1,"curve":"stepped"},{"time":1.6666,"x":1,"y":1,"curve":"stepped"},{"time":2,"x":1,"y":1}]},"bone5":{"rotate":[{"time":0,"angle":0},{"time":0.3333,"angle":-4.6},{"time":0.6666,"angle":13.11},{"time":1,"angle":0},{"time":1.3333,"angle":-4.6},{"time":1.6666,"angle":13.11},{"time":2,"angle":0}],"translate":[{"time":0,"x":0,"y":0,"curve":"stepped"},{"time":0.3333,"x":0,"y":0,"curve":"stepped"},{"time":0.6666,"x":0,"y":0,"curve":"stepped"},{"time":1,"x":0,"y":0,"curve":"stepped"},{"time":1.3333,"x":0,"y":0,"curve":"stepped"},{"time":1.6666,"x":0,"y":0,"curve":"stepped"},{"time":2,"x":0,"y":0}],"scale":[{"time":0,"x":1,"y":1,"curve":"stepped"},{"time":0.3333,"x":1,"y":1,"curve":"stepped"},{"time":0.6666,"x":1,"y":1,"curve":"stepped"},{"time":1,"x":1,"y":1,"curve":"stepped"},{"time":1.3333,"x":1,"y":1,"curve":"stepped"},{"time":1.6666,"x":1,"y":1,"curve":"stepped"},{"time":2,"x":1,"y":1}]},"bone6":{"rotate":[{"time":0,"angle":0},{"time":0.3333,"angle":-17.97},{"time":0.6666,"angle":1.98},{"time":1,"angle":0},{"time":1.3333,"angle":-17.97},{"time":1.6666,"angle":1.98},{"time":2,"angle":0}],"translate":[{"time":0,"x":0,"y":0,"curve":"stepped"},{"time":0.3333,"x":0,"y":0,"curve":"stepped"},{"time":0.6666,"x":0,"y":0,"curve":"stepped"},{"time":1,"x":0,"y":0,"curve":"stepped"},{"time":1.3333,"x":0,"y":0,"curve":"stepped"},{"time":1.6666,"x":0,"y":0,"curve":"stepped"},{"time":2,"x":0,"y":0}],"scale":[{"time":0,"x":1,"y":1,"curve":"stepped"},{"time":0.3333,"x":1,"y":1,"curve":"stepped"},{"time":0.6666,"x":1,"y":1,"curve":"stepped"},{"time":1,"x":1,"y":1,"curve":"stepped"},{"time":1.3333,"x":1,"y":1,"curve":"stepped"},{"time":1.6666,"x":1,"y":1,"curve":"stepped"},{"time":2,"x":1,"y":1}]},"bone7":{"rotate":[{"time":0,"angle":0},{"time":0.3333,"angle":8.74},{"time":0.6666,"angle":-21.31},{"time":1,"angle":0},{"time":1.3333,"angle":8.74},{"time":1.6666,"angle":-21.31},{"time":2,"angle":0}],"translate":[{"time":0,"x":0,"y":0,"curve":"stepped"},{"time":0.3333,"x":0,"y":0,"curve":"stepped"},{"time":0.6666,"x":0,"y":0,"curve":"stepped"},{"time":1,"x":0,"y":0,"curve":"stepped"},{"time":1.3333,"x":0,"y":0,"curve":"stepped"},{"time":1.6666,"x":0,"y":0,"curve":"stepped"},{"time":2,"x":0,"y":0}],"scale":[{"time":0,"x":1,"y":1,"curve":"stepped"},{"time":0.3333,"x":1,"y":1,"curve":"stepped"},{"time":0.6666,"x":1,"y":1,"curve":"stepped"},{"time":1,"x":1,"y":1,"curve":"stepped"},{"time":1.3333,"x":1,"y":1,"curve":"stepped"},{"time":1.6666,"x":1,"y":1,"curve":"stepped"},{"time":2,"x":1,"y":1}]},"MON20077_DL_17":{"rotate":[{"time":0,"angle":0},{"time":0.3333,"angle":-4.76},{"time":0.6666,"angle":3.11},{"time":1,"angle":0},{"time":1.3333,"angle":-4.76},{"time":1.6666,"angle":3.11},{"time":2,"angle":0}],"translate":[{"time":0,"x":0,"y":0},{"time":0.5,"x":-1.58,"y":-0.1},{"time":0.6666,"x":-0.96,"y":-1.38},{"time":1,"x":0,"y":0},{"time":1.5,"x":-1.58,"y":-0.1},{"time":1.6666,"x":-0.96,"y":-1.38},{"time":2,"x":0,"y":0}],"scale":[{"time":0,"x":1,"y":1},{"time":0.5,"x":0.956,"y":1},{"time":1,"x":1,"y":1},{"time":1.5,"x":0.956,"y":1},{"time":2,"x":1,"y":1}]},"bone8":{"rotate":[{"time":0,"angle":0},{"time":0.3333,"angle":4.2},{"time":0.6666,"angle":-7.3},{"time":1,"angle":0},{"time":1.3333,"angle":4.2},{"time":1.6666,"angle":-7.3},{"time":2,"angle":0}],"translate":[{"time":0,"x":0,"y":0,"curve":"stepped"},{"time":0.3333,"x":0,"y":0,"curve":"stepped"},{"time":0.5,"x":0,"y":0,"curve":"stepped"},{"time":0.6666,"x":0,"y":0,"curve":"stepped"},{"time":1,"x":0,"y":0,"curve":"stepped"},{"time":1.3333,"x":0,"y":0,"curve":"stepped"},{"time":1.5,"x":0,"y":0,"curve":"stepped"},{"time":1.6666,"x":0,"y":0,"curve":"stepped"},{"time":2,"x":0,"y":0}],"scale":[{"time":0,"x":1,"y":1,"curve":"stepped"},{"time":0.3333,"x":1,"y":1,"curve":"stepped"},{"time":0.5,"x":1,"y":1,"curve":"stepped"},{"time":0.6666,"x":1,"y":1,"curve":"stepped"},{"time":1,"x":1,"y":1,"curve":"stepped"},{"time":1.3333,"x":1,"y":1,"curve":"stepped"},{"time":1.5,"x":1,"y":1,"curve":"stepped"},{"time":1.6666,"x":1,"y":1,"curve":"stepped"},{"time":2,"x":1,"y":1}]},"bone9":{"rotate":[{"time":0,"angle":0},{"time":0.3333,"angle":4.93},{"time":0.6666,"angle":-5.94},{"time":1,"angle":0},{"time":1.3333,"angle":4.93},{"time":1.6666,"angle":-5.94},{"time":2,"angle":0}],"translate":[{"time":0,"x":0,"y":0,"curve":"stepped"},{"time":0.3333,"x":0,"y":0,"curve":"stepped"},{"time":0.5,"x":0,"y":0,"curve":"stepped"},{"time":0.6666,"x":0,"y":0,"curve":"stepped"},{"time":1,"x":0,"y":0,"curve":"stepped"},{"time":1.3333,"x":0,"y":0,"curve":"stepped"},{"time":1.5,"x":0,"y":0,"curve":"stepped"},{"time":1.6666,"x":0,"y":0,"curve":"stepped"},{"time":2,"x":0,"y":0}],"scale":[{"time":0,"x":1,"y":1,"curve":"stepped"},{"time":0.3333,"x":1,"y":1,"curve":"stepped"},{"time":0.5,"x":1,"y":1,"curve":"stepped"},{"time":0.6666,"x":1,"y":1,"curve":"stepped"},{"time":1,"x":1,"y":1,"curve":"stepped"},{"time":1.3333,"x":1,"y":1,"curve":"stepped"},{"time":1.5,"x":1,"y":1,"curve":"stepped"},{"time":1.6666,"x":1,"y":1,"curve":"stepped"},{"time":2,"x":1,"y":1}]},"bone10":{"rotate":[{"time":0,"angle":0},{"time":0.3333,"angle":4.62},{"time":0.6666,"angle":9.54},{"time":1,"angle":0},{"time":1.3333,"angle":4.62},{"time":1.6666,"angle":9.54},{"time":2,"angle":0}],"translate":[{"time":0,"x":0,"y":0,"curve":"stepped"},{"time":0.3333,"x":0,"y":0,"curve":"stepped"},{"time":0.5,"x":0,"y":0,"curve":"stepped"},{"time":0.6666,"x":0,"y":0,"curve":"stepped"},{"time":1,"x":0,"y":0,"curve":"stepped"},{"time":1.3333,"x":0,"y":0,"curve":"stepped"},{"time":1.5,"x":0,"y":0,"curve":"stepped"},{"time":1.6666,"x":0,"y":0,"curve":"stepped"},{"time":2,"x":0,"y":0}],"scale":[{"time":0,"x":1,"y":1,"curve":"stepped"},{"time":0.3333,"x":1,"y":1,"curve":"stepped"},{"time":0.5,"x":1,"y":1,"curve":"stepped"},{"time":0.6666,"x":1,"y":1,"curve":"stepped"},{"time":1,"x":1,"y":1,"curve":"stepped"},{"time":1.3333,"x":1,"y":1,"curve":"stepped"},{"time":1.5,"x":1,"y":1,"curve":"stepped"},{"time":1.6666,"x":1,"y":1,"curve":"stepped"},{"time":2,"x":1,"y":1}]},"bone11":{"rotate":[{"time":0,"angle":0},{"time":0.3333,"angle":10.32},{"time":0.6666,"angle":-12.84},{"time":1,"angle":0},{"time":1.3333,"angle":10.32},{"time":1.6666,"angle":-12.84},{"time":2,"angle":0}],"translate":[{"time":0,"x":0,"y":0,"curve":"stepped"},{"time":0.3333,"x":0,"y":0,"curve":"stepped"},{"time":0.5,"x":0,"y":0,"curve":"stepped"},{"time":0.6666,"x":0,"y":0,"curve":"stepped"},{"time":1,"x":0,"y":0,"curve":"stepped"},{"time":1.3333,"x":0,"y":0,"curve":"stepped"},{"time":1.5,"x":0,"y":0,"curve":"stepped"},{"time":1.6666,"x":0,"y":0,"curve":"stepped"},{"time":2,"x":0,"y":0}],"scale":[{"time":0,"x":1,"y":1,"curve":"stepped"},{"time":0.3333,"x":1,"y":1,"curve":"stepped"},{"time":0.5,"x":1,"y":1,"curve":"stepped"},{"time":0.6666,"x":1,"y":1,"curve":"stepped"},{"time":1,"x":1,"y":1,"curve":"stepped"},{"time":1.3333,"x":1,"y":1,"curve":"stepped"},{"time":1.5,"x":1,"y":1,"curve":"stepped"},{"time":1.6666,"x":1,"y":1,"curve":"stepped"},{"time":2,"x":1,"y":1}]},"bone12":{"rotate":[{"time":0,"angle":0},{"time":0.3333,"angle":8.42},{"time":0.6666,"angle":-20},{"time":1,"angle":0},{"time":1.3333,"angle":8.42},{"time":1.6666,"angle":-20},{"time":2,"angle":0}],"translate":[{"time":0,"x":0,"y":0,"curve":"stepped"},{"time":0.3333,"x":0,"y":0,"curve":"stepped"},{"time":0.5,"x":0,"y":0,"curve":"stepped"},{"time":0.6666,"x":0,"y":0,"curve":"stepped"},{"time":1,"x":0,"y":0,"curve":"stepped"},{"time":1.3333,"x":0,"y":0,"curve":"stepped"},{"time":1.5,"x":0,"y":0,"curve":"stepped"},{"time":1.6666,"x":0,"y":0,"curve":"stepped"},{"time":2,"x":0,"y":0}],"scale":[{"time":0,"x":1,"y":1,"curve":"stepped"},{"time":0.3333,"x":1,"y":1,"curve":"stepped"},{"time":0.5,"x":1,"y":1,"curve":"stepped"},{"time":0.6666,"x":1,"y":1,"curve":"stepped"},{"time":1,"x":1,"y":1,"curve":"stepped"},{"time":1.3333,"x":1,"y":1,"curve":"stepped"},{"time":1.5,"x":1,"y":1,"curve":"stepped"},{"time":1.6666,"x":1,"y":1,"curve":"stepped"},{"time":2,"x":1,"y":1}]},"bone13":{"rotate":[{"time":0,"angle":0},{"time":0.3333,"angle":-5.69},{"time":0.6666,"angle":55.23},{"time":1,"angle":0},{"time":1.3333,"angle":-5.69},{"time":1.6666,"angle":55.23},{"time":2,"angle":0}],"translate":[{"time":0,"x":0,"y":0,"curve":"stepped"},{"time":0.3333,"x":0,"y":0,"curve":"stepped"},{"time":0.5,"x":0,"y":0,"curve":"stepped"},{"time":0.6666,"x":0,"y":0,"curve":"stepped"},{"time":1,"x":0,"y":0,"curve":"stepped"},{"time":1.3333,"x":0,"y":0,"curve":"stepped"},{"time":1.5,"x":0,"y":0,"curve":"stepped"},{"time":1.6666,"x":0,"y":0,"curve":"stepped"},{"time":2,"x":0,"y":0}],"scale":[{"time":0,"x":1,"y":1,"curve":"stepped"},{"time":0.3333,"x":1,"y":1,"curve":"stepped"},{"time":0.5,"x":1,"y":1,"curve":"stepped"},{"time":0.6666,"x":1,"y":1,"curve":"stepped"},{"time":1,"x":1,"y":1,"curve":"stepped"},{"time":1.3333,"x":1,"y":1,"curve":"stepped"},{"time":1.5,"x":1,"y":1,"curve":"stepped"},{"time":1.6666,"x":1,"y":1,"curve":"stepped"},{"time":2,"x":1,"y":1}]},"bone14":{"rotate":[{"time":0,"angle":0},{"time":0.3333,"angle":-30.71},{"time":0.6666,"angle":38.68},{"time":1,"angle":0},{"time":1.3333,"angle":-30.71},{"time":1.6666,"angle":38.68},{"time":2,"angle":0}],"translate":[{"time":0,"x":0,"y":0,"curve":"stepped"},{"time":0.3333,"x":0,"y":0,"curve":"stepped"},{"time":0.5,"x":0,"y":0,"curve":"stepped"},{"time":0.6666,"x":0,"y":0,"curve":"stepped"},{"time":1,"x":0,"y":0,"curve":"stepped"},{"time":1.3333,"x":0,"y":0,"curve":"stepped"},{"time":1.5,"x":0,"y":0,"curve":"stepped"},{"time":1.6666,"x":0,"y":0,"curve":"stepped"},{"time":2,"x":0,"y":0}],"scale":[{"time":0,"x":1,"y":1,"curve":"stepped"},{"time":0.3333,"x":1,"y":1,"curve":"stepped"},{"time":0.5,"x":1,"y":1,"curve":"stepped"},{"time":0.6666,"x":1,"y":1,"curve":"stepped"},{"time":1,"x":1,"y":1,"curve":"stepped"},{"time":1.3333,"x":1,"y":1,"curve":"stepped"},{"time":1.5,"x":1,"y":1,"curve":"stepped"},{"time":1.6666,"x":1,"y":1,"curve":"stepped"},{"time":2,"x":1,"y":1}]},"bone15":{"rotate":[{"time":0,"angle":0},{"time":0.3333,"angle":-26.34},{"time":0.6666,"angle":27.59},{"time":1,"angle":0},{"time":1.3333,"angle":-26.34},{"time":1.6666,"angle":27.59},{"time":2,"angle":0}],"translate":[{"time":0,"x":0,"y":0,"curve":"stepped"},{"time":0.3333,"x":0,"y":0,"curve":"stepped"},{"time":0.5,"x":0,"y":0,"curve":"stepped"},{"time":0.6666,"x":0,"y":0,"curve":"stepped"},{"time":1,"x":0,"y":0,"curve":"stepped"},{"time":1.3333,"x":0,"y":0,"curve":"stepped"},{"time":1.5,"x":0,"y":0,"curve":"stepped"},{"time":1.6666,"x":0,"y":0,"curve":"stepped"},{"time":2,"x":0,"y":0}],"scale":[{"time":0,"x":1,"y":1,"curve":"stepped"},{"time":0.3333,"x":1,"y":1,"curve":"stepped"},{"time":0.5,"x":1,"y":1,"curve":"stepped"},{"time":0.6666,"x":1,"y":1,"curve":"stepped"},{"time":1,"x":1,"y":1,"curve":"stepped"},{"time":1.3333,"x":1,"y":1,"curve":"stepped"},{"time":1.5,"x":1,"y":1,"curve":"stepped"},{"time":1.6666,"x":1,"y":1,"curve":"stepped"},{"time":2,"x":1,"y":1}]},"MON20077_DL_12":{"rotate":[{"time":0,"angle":0},{"time":0.1666,"angle":-4.08},{"time":0.5,"angle":13.38},{"time":0.6666,"angle":13.59},{"time":1,"angle":0},{"time":1.1666,"angle":-4.08},{"time":1.5,"angle":13.38},{"time":1.6666,"angle":13.59},{"time":2,"angle":0}],"translate":[{"time":0,"x":0,"y":0},{"time":0.5,"x":-1.15,"y":-0.48},{"time":1,"x":0,"y":0},{"time":1.5,"x":-1.15,"y":-0.48},{"time":2,"x":0,"y":0}],"scale":[{"time":0,"x":1,"y":1,"curve":"stepped"},{"time":0.5,"x":1,"y":1,"curve":"stepped"},{"time":1,"x":1,"y":1,"curve":"stepped"},{"time":1.5,"x":1,"y":1,"curve":"stepped"},{"time":2,"x":1,"y":1}]},"MON20077_DL_11":{"rotate":[{"time":0,"angle":0},{"time":0.1666,"angle":-7.51},{"time":0.5,"angle":11.34},{"time":0.6666,"angle":16.03},{"time":1,"angle":0},{"time":1.1666,"angle":-7.51},{"time":1.5,"angle":11.34},{"time":1.6666,"angle":16.03},{"time":2,"angle":0}],"translate":[{"time":0,"x":0,"y":0,"curve":"stepped"},{"time":0.5,"x":0,"y":0,"curve":"stepped"},{"time":1,"x":0,"y":0,"curve":"stepped"},{"time":1.5,"x":0,"y":0,"curve":"stepped"},{"time":2,"x":0,"y":0}],"scale":[{"time":0,"x":1,"y":1,"curve":"stepped"},{"time":0.5,"x":1,"y":1,"curve":"stepped"},{"time":1,"x":1,"y":1,"curve":"stepped"},{"time":1.5,"x":1,"y":1,"curve":"stepped"},{"time":2,"x":1,"y":1}]},"MON20077_DL_10":{"rotate":[{"time":0,"angle":0},{"time":0.1666,"angle":-11.75},{"time":0.5,"angle":-15.07},{"time":0.6666,"angle":14.61},{"time":1,"angle":0},{"time":1.1666,"angle":-11.75},{"time":1.5,"angle":-15.07},{"time":1.6666,"angle":14.61},{"time":2,"angle":0}],"translate":[{"time":0,"x":0,"y":0,"curve":"stepped"},{"time":0.5,"x":0,"y":0,"curve":"stepped"},{"time":1,"x":0,"y":0,"curve":"stepped"},{"time":1.5,"x":0,"y":0,"curve":"stepped"},{"time":2,"x":0,"y":0}],"scale":[{"time":0,"x":1,"y":1,"curve":"stepped"},{"time":0.5,"x":1,"y":1,"curve":"stepped"},{"time":1,"x":1,"y":1,"curve":"stepped"},{"time":1.5,"x":1,"y":1,"curve":"stepped"},{"time":2,"x":1,"y":1}]},"MON20077_DL_16":{"rotate":[{"time":0,"angle":0},{"time":0.5,"angle":6.75},{"time":1,"angle":0},{"time":1.5,"angle":6.75},{"time":2,"angle":0}],"translate":[{"time":0,"x":0,"y":0},{"time":0.5,"x":-1.15,"y":-0.48},{"time":1,"x":0,"y":0},{"time":1.5,"x":-1.15,"y":-0.48},{"time":2,"x":0,"y":0}],"scale":[{"time":0,"x":1,"y":1,"curve":"stepped"},{"time":0.5,"x":1,"y":1,"curve":"stepped"},{"time":1,"x":1,"y":1,"curve":"stepped"},{"time":1.5,"x":1,"y":1,"curve":"stepped"},{"time":2,"x":1,"y":1}]},"MON20077_DL_15":{"rotate":[{"time":0,"angle":0},{"time":0.5,"angle":-6.27},{"time":1,"angle":0},{"time":1.5,"angle":-6.27},{"time":2,"angle":0}],"translate":[{"time":0,"x":0,"y":0,"curve":"stepped"},{"time":0.5,"x":0,"y":0,"curve":"stepped"},{"time":1,"x":0,"y":0,"curve":"stepped"},{"time":1.5,"x":0,"y":0,"curve":"stepped"},{"time":2,"x":0,"y":0}],"scale":[{"time":0,"x":1,"y":1,"curve":"stepped"},{"time":0.5,"x":1,"y":1,"curve":"stepped"},{"time":1,"x":1,"y":1,"curve":"stepped"},{"time":1.5,"x":1,"y":1,"curve":"stepped"},{"time":2,"x":1,"y":1}]},"MON20077_DL_14":{"rotate":[{"time":0,"angle":0},{"time":0.5,"angle":3.22},{"time":1,"angle":0},{"time":1.5,"angle":3.22},{"time":2,"angle":0}],"translate":[{"time":0,"x":0,"y":0,"curve":"stepped"},{"time":0.5,"x":0,"y":0,"curve":"stepped"},{"time":1,"x":0,"y":0,"curve":"stepped"},{"time":1.5,"x":0,"y":0,"curve":"stepped"},{"time":2,"x":0,"y":0}],"scale":[{"time":0,"x":1,"y":1,"curve":"stepped"},{"time":0.5,"x":1,"y":1,"curve":"stepped"},{"time":1,"x":1,"y":1,"curve":"stepped"},{"time":1.5,"x":1,"y":1,"curve":"stepped"},{"time":2,"x":1,"y":1}]},"MON20077_DL_18":{"rotate":[{"time":0,"angle":0,"curve":"stepped"},{"time":0.5,"angle":0,"curve":"stepped"},{"time":1,"angle":0,"curve":"stepped"},{"time":1.5,"angle":0,"curve":"stepped"},{"time":2,"angle":0}],"translate":[{"time":0,"x":0,"y":0,"curve":"stepped"},{"time":0.5,"x":0,"y":0,"curve":"stepped"},{"time":1,"x":0,"y":0,"curve":"stepped"},{"time":1.5,"x":0,"y":0,"curve":"stepped"},{"time":2,"x":0,"y":0}],"scale":[{"time":0,"x":1,"y":1,"curve":"stepped"},{"time":0.5,"x":1,"y":1,"curve":"stepped"},{"time":1,"x":1,"y":1,"curve":"stepped"},{"time":1.5,"x":1,"y":1,"curve":"stepped"},{"time":2,"x":1,"y":1}]},"MON20077_DL_6":{"rotate":[{"time":0,"angle":0,"curve":"stepped"},{"time":0.5,"angle":0,"curve":"stepped"},{"time":1,"angle":0,"curve":"stepped"},{"time":1.5,"angle":0,"curve":"stepped"},{"time":2,"angle":0}],"translate":[{"time":0,"x":0,"y":0,"curve":"stepped"},{"time":0.5,"x":0,"y":0,"curve":"stepped"},{"time":1,"x":0,"y":0,"curve":"stepped"},{"time":1.5,"x":0,"y":0,"curve":"stepped"},{"time":2,"x":0,"y":0}],"scale":[{"time":0,"x":1,"y":1,"curve":"stepped"},{"time":0.5,"x":1,"y":1,"curve":"stepped"},{"time":1,"x":1,"y":1,"curve":"stepped"},{"time":1.5,"x":1,"y":1,"curve":"stepped"},{"time":2,"x":1,"y":1}]},"MON20077_DL_7":{"rotate":[{"time":0,"angle":0,"curve":"stepped"},{"time":0.5,"angle":0,"curve":"stepped"},{"time":1,"angle":0,"curve":"stepped"},{"time":1.5,"angle":0,"curve":"stepped"},{"time":2,"angle":0}],"translate":[{"time":0,"x":0,"y":0,"curve":"stepped"},{"time":0.5,"x":0,"y":0,"curve":"stepped"},{"time":1,"x":0,"y":0,"curve":"stepped"},{"time":1.5,"x":0,"y":0,"curve":"stepped"},{"time":2,"x":0,"y":0}],"scale":[{"time":0,"x":1,"y":1,"curve":"stepped"},{"time":0.5,"x":1,"y":1,"curve":"stepped"},{"time":1,"x":1,"y":1,"curve":"stepped"},{"time":1.5,"x":1,"y":1,"curve":"stepped"},{"time":2,"x":1,"y":1}]},"MON20077_DL_20":{"rotate":[{"time":0,"angle":0},{"time":0.3333,"angle":9.48},{"time":0.6666,"angle":-8.7},{"time":1,"angle":0},{"time":1.3333,"angle":9.48},{"time":1.6666,"angle":-8.7},{"time":2,"angle":0}],"translate":[{"time":0,"x":0,"y":0},{"time":0.5,"x":-3.72,"y":-0.33},{"time":1,"x":0,"y":0},{"time":1.5,"x":-3.72,"y":-0.33},{"time":2,"x":0,"y":0}],"scale":[{"time":0,"x":1,"y":1,"curve":"stepped"},{"time":0.3333,"x":1,"y":1,"curve":"stepped"},{"time":0.6666,"x":1,"y":1,"curve":"stepped"},{"time":1,"x":1,"y":1,"curve":"stepped"},{"time":1.3333,"x":1,"y":1,"curve":"stepped"},{"time":1.6666,"x":1,"y":1,"curve":"stepped"},{"time":2,"x":1,"y":1}]},"bone16":{"rotate":[{"time":0,"angle":0},{"time":0.3333,"angle":8.7},{"time":0.6666,"angle":-6.55},{"time":1,"angle":0},{"time":1.3333,"angle":8.7},{"time":1.6666,"angle":-6.55},{"time":2,"angle":0}],"translate":[{"time":0,"x":0,"y":0,"curve":"stepped"},{"time":0.3333,"x":0,"y":0,"curve":"stepped"},{"time":0.6666,"x":0,"y":0,"curve":"stepped"},{"time":1,"x":0,"y":0,"curve":"stepped"},{"time":1.3333,"x":0,"y":0,"curve":"stepped"},{"time":1.6666,"x":0,"y":0,"curve":"stepped"},{"time":2,"x":0,"y":0}],"scale":[{"time":0,"x":1,"y":1,"curve":"stepped"},{"time":0.3333,"x":1,"y":1,"curve":"stepped"},{"time":0.6666,"x":1,"y":1,"curve":"stepped"},{"time":1,"x":1,"y":1,"curve":"stepped"},{"time":1.3333,"x":1,"y":1,"curve":"stepped"},{"time":1.6666,"x":1,"y":1,"curve":"stepped"},{"time":2,"x":1,"y":1}]},"bone17":{"rotate":[{"time":0,"angle":0},{"time":0.3333,"angle":4.95},{"time":0.6666,"angle":-7.93},{"time":1,"angle":0},{"time":1.3333,"angle":4.95},{"time":1.6666,"angle":-7.93},{"time":2,"angle":0}],"translate":[{"time":0,"x":0,"y":0,"curve":"stepped"},{"time":0.3333,"x":0,"y":0,"curve":"stepped"},{"time":0.6666,"x":0,"y":0,"curve":"stepped"},{"time":1,"x":0,"y":0,"curve":"stepped"},{"time":1.3333,"x":0,"y":0,"curve":"stepped"},{"time":1.6666,"x":0,"y":0,"curve":"stepped"},{"time":2,"x":0,"y":0}],"scale":[{"time":0,"x":1,"y":1,"curve":"stepped"},{"time":0.3333,"x":1,"y":1,"curve":"stepped"},{"time":0.6666,"x":1,"y":1,"curve":"stepped"},{"time":1,"x":1,"y":1,"curve":"stepped"},{"time":1.3333,"x":1,"y":1,"curve":"stepped"},{"time":1.6666,"x":1,"y":1,"curve":"stepped"},{"time":2,"x":1,"y":1}]},"bone18":{"rotate":[{"time":0,"angle":0},{"time":0.3333,"angle":-17.51},{"time":0.6666,"angle":8.18},{"time":1,"angle":0},{"time":1.3333,"angle":-17.51},{"time":1.6666,"angle":8.18},{"time":2,"angle":0}],"translate":[{"time":0,"x":0,"y":0,"curve":"stepped"},{"time":0.3333,"x":0,"y":0,"curve":"stepped"},{"time":0.6666,"x":0,"y":0,"curve":"stepped"},{"time":1,"x":0,"y":0,"curve":"stepped"},{"time":1.3333,"x":0,"y":0,"curve":"stepped"},{"time":1.6666,"x":0,"y":0,"curve":"stepped"},{"time":2,"x":0,"y":0}],"scale":[{"time":0,"x":1,"y":1,"curve":"stepped"},{"time":0.3333,"x":1,"y":1,"curve":"stepped"},{"time":0.6666,"x":1,"y":1,"curve":"stepped"},{"time":1,"x":1,"y":1,"curve":"stepped"},{"time":1.3333,"x":1,"y":1,"curve":"stepped"},{"time":1.6666,"x":1,"y":1,"curve":"stepped"},{"time":2,"x":1,"y":1}]},"bone19":{"rotate":[{"time":0,"angle":0},{"time":0.3333,"angle":-16},{"time":0.6666,"angle":12.73},{"time":1,"angle":0},{"time":1.3333,"angle":-16},{"time":1.6666,"angle":12.73},{"time":2,"angle":0}],"translate":[{"time":0,"x":0,"y":0,"curve":"stepped"},{"time":0.3333,"x":0,"y":0,"curve":"stepped"},{"time":0.6666,"x":0,"y":0,"curve":"stepped"},{"time":1,"x":0,"y":0,"curve":"stepped"},{"time":1.3333,"x":0,"y":0,"curve":"stepped"},{"time":1.6666,"x":0,"y":0,"curve":"stepped"},{"time":2,"x":0,"y":0}],"scale":[{"time":0,"x":1,"y":1,"curve":"stepped"},{"time":0.3333,"x":1,"y":1,"curve":"stepped"},{"time":0.6666,"x":1,"y":1,"curve":"stepped"},{"time":1,"x":1,"y":1,"curve":"stepped"},{"time":1.3333,"x":1,"y":1,"curve":"stepped"},{"time":1.6666,"x":1,"y":1,"curve":"stepped"},{"time":2,"x":1,"y":1}]},"MON20077_U_19":{"rotate":[{"time":0,"angle":0},{"time":0.3,"angle":-15.41},{"time":0.7,"angle":22.21},{"time":1,"angle":0},{"time":1.3,"angle":-15.41},{"time":1.7,"angle":22.21},{"time":2,"angle":0}],"translate":[{"time":0,"x":0,"y":0},{"time":0.5,"x":-5.92,"y":-0.53},{"time":1,"x":0,"y":0},{"time":1.5,"x":-5.92,"y":-0.53},{"time":2,"x":0,"y":0}],"scale":[{"time":0,"x":1,"y":1,"curve":"stepped"},{"time":0.3,"x":1,"y":1,"curve":"stepped"},{"time":0.7,"x":1,"y":1,"curve":"stepped"},{"time":1,"x":1,"y":1,"curve":"stepped"},{"time":1.3,"x":1,"y":1,"curve":"stepped"},{"time":1.7,"x":1,"y":1,"curve":"stepped"},{"time":2,"x":1,"y":1}]},"bone20":{"rotate":[{"time":0,"angle":0},{"time":0.3,"angle":-19},{"time":0.7,"angle":9.1},{"time":1,"angle":0},{"time":1.3,"angle":-19},{"time":1.7,"angle":9.1},{"time":2,"angle":0}],"translate":[{"time":0,"x":0,"y":0,"curve":"stepped"},{"time":0.3,"x":0,"y":0,"curve":"stepped"},{"time":0.7,"x":0,"y":0,"curve":"stepped"},{"time":1,"x":0,"y":0,"curve":"stepped"},{"time":1.3,"x":0,"y":0,"curve":"stepped"},{"time":1.7,"x":0,"y":0,"curve":"stepped"},{"time":2,"x":0,"y":0}],"scale":[{"time":0,"x":1,"y":1,"curve":"stepped"},{"time":0.3,"x":1,"y":1,"curve":"stepped"},{"time":0.7,"x":1,"y":1,"curve":"stepped"},{"time":1,"x":1,"y":1,"curve":"stepped"},{"time":1.3,"x":1,"y":1,"curve":"stepped"},{"time":1.7,"x":1,"y":1,"curve":"stepped"},{"time":2,"x":1,"y":1}]},"bone21":{"rotate":[{"time":0,"angle":0},{"time":0.3,"angle":25.2},{"time":0.7,"angle":-20.03},{"time":1,"angle":0},{"time":1.3,"angle":25.2},{"time":1.7,"angle":-20.03},{"time":2,"angle":0}],"translate":[{"time":0,"x":0,"y":0},{"time":0.3,"x":-1.16,"y":1.7},{"time":0.7,"x":-0.86,"y":-1.41},{"time":1,"x":0,"y":0},{"time":1.3,"x":-1.16,"y":1.7},{"time":1.7,"x":-0.86,"y":-1.41},{"time":2,"x":0,"y":0}],"scale":[{"time":0,"x":1,"y":1,"curve":"stepped"},{"time":0.3,"x":1,"y":1,"curve":"stepped"},{"time":0.7,"x":1,"y":1,"curve":"stepped"},{"time":1,"x":1,"y":1,"curve":"stepped"},{"time":1.3,"x":1,"y":1,"curve":"stepped"},{"time":1.7,"x":1,"y":1,"curve":"stepped"},{"time":2,"x":1,"y":1}]},"MON20077_DL_112":{"rotate":[{"time":0,"angle":0},{"time":0.1666,"angle":-2.34},{"time":0.5,"angle":8.5},{"time":0.6666,"angle":9.73},{"time":1,"angle":0},{"time":1.1666,"angle":-2.34},{"time":1.5,"angle":8.5},{"time":1.6666,"angle":9.73},{"time":2,"angle":0}],"translate":[{"time":0,"x":0,"y":0},{"time":0.5,"x":-1.15,"y":-0.48},{"time":1,"x":0,"y":0},{"time":1.5,"x":-1.15,"y":-0.48},{"time":2,"x":0,"y":0}],"scale":[{"time":0,"x":1,"y":1,"curve":"stepped"},{"time":0.5,"x":1,"y":1,"curve":"stepped"},{"time":1,"x":1,"y":1,"curve":"stepped"},{"time":1.5,"x":1,"y":1,"curve":"stepped"},{"time":2,"x":1,"y":1}]},"MON20076_DL_113":{"rotate":[{"time":0,"angle":0},{"time":0.1666,"angle":1.56},{"time":0.5,"angle":-10.38},{"time":0.6666,"angle":-10.65},{"time":1,"angle":0},{"time":1.1666,"angle":1.56},{"time":1.5,"angle":-10.38},{"time":1.6666,"angle":-10.65},{"time":2,"angle":0}],"translate":[{"time":0,"x":0,"y":0},{"time":0.5,"x":-1.15,"y":-0.48},{"time":1,"x":0,"y":0},{"time":1.5,"x":-1.15,"y":-0.48},{"time":2,"x":0,"y":0}],"scale":[{"time":0,"x":1,"y":1,"curve":"stepped"},{"time":0.5,"x":1,"y":1,"curve":"stepped"},{"time":1,"x":1,"y":1,"curve":"stepped"},{"time":1.5,"x":1,"y":1,"curve":"stepped"},{"time":2,"x":1,"y":1}]},"shadow":{"scale":[{"time":0,"x":1,"y":1},{"time":0.5,"x":1.1,"y":1.1},{"time":1,"x":1,"y":1},{"time":1.5,"x":1.1,"y":1.1},{"time":2,"x":1,"y":1}]},"FX_HUAN":{"scale":[{"time":0,"x":0.5,"y":0.5,"curve":"stepped"},{"time":0.3333,"x":0.5,"y":0.5},{"time":0.5,"x":1.2,"y":1.2},{"time":0.8333,"x":1.5,"y":1.5},{"time":1,"x":0.5,"y":0.5,"curve":"stepped"},{"time":1.3333,"x":0.5,"y":0.5},{"time":1.5,"x":1.2,"y":1.2},{"time":1.8333,"x":1.5,"y":1.5,"curve":"stepped"},{"time":2,"x":1.5,"y":1.5}]},"FX_HUAN2":{"scale":[{"time":0,"x":0.5,"y":0.5,"curve":"stepped"},{"time":0.1666,"x":0.5,"y":0.5},{"time":0.3333,"x":1.2,"y":1.2},{"time":0.6666,"x":1.5,"y":1.5},{"time":1,"x":0.5,"y":0.5,"curve":"stepped"},{"time":1.1666,"x":0.5,"y":0.5},{"time":1.3333,"x":1.2,"y":1.2},{"time":1.6666,"x":1.5,"y":1.5,"curve":"stepped"},{"time":2,"x":1.5,"y":1.5}]},"FX_SHUI":{"rotate":[{"time":0,"angle":0,"curve":"stepped"},{"time":0.2666,"angle":0},{"time":0.5666,"angle":10},{"time":1,"angle":0,"curve":"stepped"},{"time":1.2666,"angle":0},{"time":1.5666,"angle":10,"curve":"stepped"},{"time":2,"angle":10}],"translate":[{"time":0,"x":0,"y":0,"curve":"stepped"},{"time":0.2666,"x":0,"y":0},{"time":0.5666,"x":-9.98,"y":11.57},{"time":1,"x":0,"y":0,"curve":"stepped"},{"time":1.2666,"x":0,"y":0},{"time":1.5666,"x":-9.98,"y":11.57,"curve":"stepped"},{"time":2,"x":-9.98,"y":11.57}],"scale":[{"time":0,"x":0.5,"y":0.5,"curve":"stepped"},{"time":0.2666,"x":0.5,"y":0.5},{"time":0.3666,"x":1,"y":1},{"time":0.5666,"x":1.1,"y":1.1},{"time":1,"x":0.5,"y":0.5,"curve":"stepped"},{"time":1.2666,"x":0.5,"y":0.5},{"time":1.3666,"x":1,"y":1},{"time":1.5666,"x":1.1,"y":1.1,"curve":"stepped"},{"time":2,"x":1.1,"y":1.1}]},"FX_SHUI2":{"rotate":[{"time":0,"angle":0,"curve":"stepped"},{"time":0.3333,"angle":0},{"time":0.6333,"angle":-10},{"time":1,"angle":0,"curve":"stepped"},{"time":1.3333,"angle":0},{"time":1.6333,"angle":-10},{"time":2,"angle":0}],"translate":[{"time":0,"x":0,"y":0,"curve":"stepped"},{"time":0.3333,"x":0,"y":0},{"time":0.6333,"x":8.45,"y":10.65},{"time":1,"x":0,"y":0,"curve":"stepped"},{"time":1.3333,"x":0,"y":0},{"time":1.6333,"x":8.45,"y":10.65},{"time":2,"x":0,"y":0}],"scale":[{"time":0,"x":0.5,"y":0.5,"curve":"stepped"},{"time":0.3333,"x":0.5,"y":0.5},{"time":0.4333,"x":1,"y":1},{"time":0.6333,"x":1.1,"y":1.1},{"time":1,"x":0.5,"y":0.5,"curve":"stepped"},{"time":1.3333,"x":0.5,"y":0.5},{"time":1.4333,"x":1,"y":1},{"time":1.6333,"x":1.1,"y":1.1},{"time":2,"x":0.5,"y":0.5}]}},"ffd":{"default":{"MON20077_DL_13":{"MON20077_DL_13":[{"time":0},{"time":0.3333,"offset":168,"vertices":[0.66827,0.21854,0.70288,0.01632,-0.70162,-0.04459,-0.5114,-0.48261,0,0,0,0,0,0,0,0,1.30376,0.42636,1.37128,0.03184,-1.36884,-0.08701,-0.99774,-0.94153,1.30376,0.42636,1.37128,0.03184,-1.36884,-0.08701,-0.99774,-0.94153,1.64044,1.01584,1.86388,0.49898,-1.84212,-0.57357,-1.05106,-1.61835,0,0,0,0,0,0,0,0,0,0,0,0,0,0,0,0,0,0,0,0,0,0,0,0,0,0,0,0,0,0,0,0,0,0,0,0,0,0,0,0,0,0,0,0,0,0,0,0,0,0,0,0,0,0,0,0,0,0,0,0,0,0,0,0,0,0,0,0,0,0,0,0,0,0,0,0,-2.0E-5,1.0E-5,4.0E-5,0,0,0,0,0,0.44549,0.14572,0.46866,0.0109,-0.46775,-0.02974,-0.34093,-0.32174,2.78803,-0.4079,2.55168,-1.19525,-2.69627,-0.81959,-0.37506,2.79253,0.25894,-0.79197,0.01943,-0.83292,-0.57192,0.60607,0.69003,0.46687,0,0,0,0,0,0,0,0,1.14076,0.37307,1.19992,0.02787,-1.19775,-0.07614,-0.87302,-0.82384]},{"time":0.6666,"offset":176,"vertices":[0.29125,-0.85924,0.02695,-0.90674,-0.05748,0.90531,-0.36002,0.83272,-1.0291,-1.77115,-1.50233,-1.39218,1.45455,1.44208,0.88194,1.84885,0.52268,-2.07615,-0.10795,-2.13794,0.03583,2.14035,-0.68949,2.02677,0,0,0,0,0,0,0,0,0,0,0,0,0,0,0,0,0,0,0,0,0,0,0,0,0,0,0,0,0,0,0,0,0,0,0,0,0,0,0,0,0,0,0,0,0,0,0,0,0,0,0,0,0,0,0,0,0,0,0,0,0,0,0,0,0,0,0,0,0,0,0,0,0,0,0,0,0,0,0,0,0,0,0,0,-2.1812,-0.73931,-2.30188,-0.06847,2.29832,0.14608,2.11407,0.91397,-1.69403,-0.57418,-1.78774,-0.05316,1.78497,0.11344,1.64187,0.70985,-1.69053,0.38285,-1.50436,0.86085,1.7162,-0.24435,0.60461,-1.62434,0,0,0,0,0,0,0,0,0,0,0,0,0,0,0,0,-1.87409,-1.11425,-2.11805,-0.51679,2.09954,0.58792,1.77758,1.26265]},{"time":1},{"time":1.3333,"offset":168,"vertices":[0.66827,0.21854,0.70288,0.01632,-0.70162,-0.04459,-0.5114,-0.48261,0,0,0,0,0,0,0,0,1.30376,0.42636,1.37128,0.03184,-1.36884,-0.08701,-0.99774,-0.94153,1.30376,0.42636,1.37128,0.03184,-1.36884,-0.08701,-0.99774,-0.94153,1.64044,1.01584,1.86388,0.49898,-1.84212,-0.57357,-1.05106,-1.61835,0,0,0,0,0,0,0,0,0,0,0,0,0,0,0,0,0,0,0,0,0,0,0,0,0,0,0,0,0,0,0,0,0,0,0,0,0,0,0,0,0,0,0,0,0,0,0,0,0,0,0,0,0,0,0,0,0,0,0,0,0,0,0,0,0,0,0,0,0,0,0,0,0,0,0,0,-2.0E-5,1.0E-5,4.0E-5,0,0,0,0,0,0.44549,0.14572,0.46866,0.0109,-0.46775,-0.02974,-0.34093,-0.32174,2.78803,-0.4079,2.55168,-1.19525,-2.69627,-0.81959,-0.37506,2.79253,0.25894,-0.79197,0.01943,-0.83292,-0.57192,0.60607,0.69003,0.46687,0,0,0,0,0,0,0,0,1.14076,0.37307,1.19992,0.02787,-1.19775,-0.07614,-0.87302,-0.82384]},{"time":1.6666,"offset":176,"vertices":[0.29125,-0.85924,0.02695,-0.90674,-0.05748,0.90531,-0.36002,0.83272,-1.0291,-1.77115,-1.50233,-1.39218,1.45455,1.44208,0.88194,1.84885,0.52268,-2.07615,-0.10795,-2.13794,0.03583,2.14035,-0.68949,2.02677,0,0,0,0,0,0,0,0,0,0,0,0,0,0,0,0,0,0,0,0,0,0,0,0,0,0,0,0,0,0,0,0,0,0,0,0,0,0,0,0,0,0,0,0,0,0,0,0,0,0,0,0,0,0,0,0,0,0,0,0,0,0,0,0,0,0,0,0,0,0,0,0,0,0,0,0,0,0,0,0,0,0,0,0,-2.1812,-0.73931,-2.30188,-0.06847,2.29832,0.14608,2.11407,0.91397,-1.69403,-0.57418,-1.78774,-0.05316,1.78497,0.11344,1.64187,0.70985,-1.69053,0.38285,-1.50436,0.86085,1.7162,-0.24435,0.60461,-1.62434,0,0,0,0,0,0,0,0,0,0,0,0,0,0,0,0,-1.87409,-1.11425,-2.11805,-0.51679,2.09954,0.58792,1.77758,1.26265]},{"time":2}]},"MON20077_DL_17":{"MON20077_DL_17":[{"time":0},{"time":0.3333,"vertices":[0.51575,-1.44831,-0.11452,-1.53312,-1.32855,-0.77365,-1.53014,0.14918,0.42977,-1.20691,-0.09544,-1.27759,-1.10711,-0.6447,-1.27511,0.12432,-0.91903,0.89259,0,0,0,0,0,0,0,0,0,0,0,0,0,0,0,0,0,0,0,0,0,0,0,0,0,0,0,0,0,0,0,0,0,0,0,0,0,0,0,0,0,0,0,0,0,0,0,0,0,0,0,0,0,0,0,0,0,0,0,0,0,0,0,0,0,0,0,0,0,0,0,0,0,0,0,0,0,0,0,0,0,0,0,0,0,0,0,0,0,0,0,0,0,0,0,0,0,0,0,0,0,0,0,0,0.6017,-1.68968,-0.13362,-1.78863,-0.11453,-1.53312,-1.32855,-0.77365]},{"time":0.6666,"vertices":[-0.56129,2.75597,0.04163,2.81222,2.00557,1.97184,2.80631,0.18686,0.10201,-0.50107,-0.0076,-0.5113,-0.36465,-0.35848,-0.51023,-0.03395,-0.5009,0.10288,0,0,0,0,0,0,0,0,0,0,0,0,0,0,0,0,0,0,0,0,0,0,0,0,0,0,0,0,0,0,0,0,0,0,0,0,0,0,0,0,0,0,0,0,0,0,0,0,0,0,0,0,0,0,0,0,0,0,0,0,0,0,0,0,0,0,0,0,0,0,0,0,0,0,0,0,0,0,0,0,0,0,0,0,0.15297,-0.75163,-0.01144,-0.76696,-0.54701,-0.53769,-0.15311,0.75166,0.01133,0.767,0.54698,0.53781,0,0,0,0,0,0,1.02021,-5.01089,-0.30616,1.50326,0.02271,1.53394,-0.02276,-1.53395,-1.09398,-1.07551]},{"time":1},{"time":1.3333,"vertices":[0.51575,-1.44831,-0.11452,-1.53312,-1.32855,-0.77365,-1.53014,0.14918,0.42977,-1.20691,-0.09544,-1.27759,-1.10711,-0.6447,-1.27511,0.12432,-0.91903,0.89259,0,0,0,0,0,0,0,0,0,0,0,0,0,0,0,0,0,0,0,0,0,0,0,0,0,0,0,0,0,0,0,0,0,0,0,0,0,0,0,0,0,0,0,0,0,0,0,0,0,0,0,0,0,0,0,0,0,0,0,0,0,0,0,0,0,0,0,0,0,0,0,0,0,0,0,0,0,0,0,0,0,0,0,0,0,0,0,0,0,0,0,0,0,0,0,0,0,0,0,0,0,0,0,0,0.6017,-1.68968,-0.13362,-1.78863,-0.11453,-1.53312,-1.32855,-0.77365]},{"time":1.6666,"vertices":[-0.56129,2.75597,0.04163,2.81222,2.00557,1.97184,2.80631,0.18686,0.10201,-0.50107,-0.0076,-0.5113,-0.36465,-0.35848,-0.51023,-0.03395,-0.5009,0.10288,0,0,0,0,0,0,0,0,0,0,0,0,0,0,0,0,0,0,0,0,0,0,0,0,0,0,0,0,0,0,0,0,0,0,0,0,0,0,0,0,0,0,0,0,0,0,0,0,0,0,0,0,0,0,0,0,0,0,0,0,0,0,0,0,0,0,0,0,0,0,0,0,0,0,0,0,0,0,0,0,0,0,0,0,0.15297,-0.75163,-0.01144,-0.76696,-0.54701,-0.53769,-0.15311,0.75166,0.01133,0.767,0.54698,0.53781,0,0,0,0,0,0,1.02021,-5.01089,-0.30616,1.50326,0.02271,1.53394,-0.02276,-1.53395,-1.09398,-1.07551]},{"time":2}]}}}}}}