{"skeleton":{"hash":"Ml0sA9laGMF6i4doAD/7bzhvZ0c","spine":"3.1.03","width":217.24,"height":231.23},"bones":[{"name":"root"},{"name":"bone","parent":"root","x":17,"y":76.17},{"name":"MON20062_DL_12","parent":"bone","length":23.86,"x":-24.38,"y":-12.82,"rotation":93.98},{"name":"bone2","parent":"MON20062_DL_12","length":31.56,"x":23.86,"rotation":-18.21},{"name":"MON20062_DL_5","parent":"bone2","length":52.38,"x":30.98,"y":-0.41,"rotation":13.67},{"name":"MON20061_DL_2","parent":"MON20062_DL_5","length":18.16,"x":53.59,"y":14.28,"rotation":-52.41},{"name":"bone17","parent":"MON20061_DL_2","length":14.52,"x":18.17,"y":-0.08,"rotation":-64.38},{"name":"MON20061_DL_3","parent":"bone17","length":16.27,"x":14.36,"y":-0.14,"rotation":-38.03},{"name":"MON20061_DL_4","parent":"MON20062_DL_5","length":12.89,"x":18.07,"y":19.31,"rotation":-88.96},{"name":"MON20061_DL_5","parent":"MON20062_DL_5","length":20.07,"x":45.09,"y":-15.72,"rotation":-173.88},{"name":"MON20061_DL_6","parent":"MON20062_DL_5","length":17.66,"x":42.65,"y":37.79,"rotation":-171.85},{"name":"MON20062_DL_0","parent":"MON20062_DL_5","length":13.54,"x":18.67,"y":19.4,"rotation":-0.05},{"name":"MON20062_DL_1","parent":"bone2","length":54.02,"x":19.87,"y":-29.78,"rotation":-43.85},{"name":"MON20062_DL_9","parent":"bone2","length":35.69,"x":36.76,"y":-37.9,"rotation":-138.89},{"name":"MON20062_DL_7","parent":"MON20062_DL_9","length":28.54,"x":35.52,"y":0.13,"rotation":-21.11},{"name":"MON20062_DL_8","parent":"MON20062_DL_7","length":17.03,"x":28.06,"y":-0.23,"rotation":-15.4},{"name":"MON20062_DL_10","parent":"bone2","length":30.98,"x":12.27,"y":24.04,"scaleX":1.16,"scaleY":1.1,"rotation":52.67},{"name":"MON20062_DL_11","parent":"MON20062_DL_12","length":10.98,"x":-0.74,"y":0.41,"rotation":177.34},{"name":"MON20062_DL_13","parent":"MON20062_DL_12","length":14.48,"x":-10.38,"y":-0.71,"rotation":174},{"name":"MON20062_DL_17","parent":"bone2","length":37.41,"x":27.35,"y":21.02,"rotation":144.01},{"name":"MON20062_DL_14","parent":"MON20062_DL_17","length":31.24,"x":36.22,"y":-0.53,"scaleX":1.008,"scaleY":1.01,"rotation":-62.96},{"name":"MON20062_DL_15","parent":"MON20062_DL_14","length":15.62,"x":31.34,"y":-0.28,"rotation":10.41},{"name":"MON20062_DL_16","parent":"root","length":67.55,"x":-89.01,"y":111.58,"scaleX":1.037,"scaleY":1.041,"rotation":-91.35},{"name":"MON20062_DL_19","parent":"bone","length":36.36,"x":-11.14,"y":-12.69,"rotation":-76.36},{"name":"MON20062_DL_18","parent":"MON20062_DL_19","length":22.15,"x":35.8,"y":-0.36,"rotation":-5.84},{"name":"MON20062_DL_20","parent":"MON20062_DL_18","length":9.24,"x":20.55,"y":0.21,"rotation":-6.37},{"name":"MON20062_DL_201","parent":"bone","length":33.34,"x":-28.12,"y":-18.6,"rotation":-100.39},{"name":"MON20062_DL_21","parent":"MON20062_DL_201","length":21.25,"x":30.84,"y":-0.45,"rotation":9.14},{"name":"MON20062_DL_22","parent":"MON20062_DL_15","length":67.55,"x":78.19,"y":10.3,"scaleX":1.048,"scaleY":1.051,"rotation":101.38},{"name":"MON20062_DL_23","parent":"MON20062_DL_21","length":13.89,"x":21.02,"y":-0.01,"rotation":-67.17},{"name":"MON20062_DL_24","parent":"bone2","length":35,"x":36.49,"y":-8.82,"rotation":-160.51},{"name":"MON20062_DL_25","parent":"bone2","length":19.41,"x":41.43,"y":-51.99,"scaleX":1.02,"rotation":-149.15},{"name":"bone8","parent":"MON20062_DL_25","length":20.64,"x":19.16,"y":-0.02,"rotation":-1.07},{"name":"bone9","parent":"bone8","length":18.91,"x":20.64,"rotation":-3.77},{"name":"MON20062_DL_26","parent":"bone9","length":16.92,"x":18.71,"y":0.28,"rotation":-0.71},{"name":"MON20062_DL_27","parent":"bone2","length":27.58,"x":21.19,"y":23.92,"scaleX":0.939,"rotation":-164.77},{"name":"bone3","parent":"MON20062_DL_13","length":12.95,"x":14.48,"rotation":0.86},{"name":"bone4","parent":"bone3","length":10.92,"x":12.95,"rotation":1.12},{"name":"bone5","parent":"bone4","length":9.4,"x":10.92,"rotation":1.53},{"name":"bone6","parent":"MON20062_DL_24","length":37.01,"x":35,"y":-0.04,"rotation":-4.2},{"name":"bone7","parent":"bone6","length":31.97,"x":37.01,"y":-0.01,"rotation":-2.9},{"name":"bone10","parent":"MON20062_DL_26","length":15.44,"x":16.92,"rotation":-3.24},{"name":"bone11","parent":"bone10","length":11.36,"x":15.44,"rotation":-3.46},{"name":"bone12","parent":"MON20062_DL_27","length":26.72,"x":21.91,"rotation":-1.98},{"name":"bone13","parent":"bone12","length":18.3,"x":20.92,"rotation":-4.95},{"name":"bone14","parent":"bone13","length":17.16,"x":18.3,"rotation":-3.09},{"name":"bone15","parent":"bone14","length":12.96,"x":16.91,"y":-0.06,"rotation":-10.43},{"name":"bone16","parent":"bone15","length":11.96,"x":12.83,"y":-0.33,"rotation":-13.27},{"name":"bone18","parent":"MON20061_DL_3","length":19.89,"x":16.27,"y":0.05,"rotation":-20.22},{"name":"bone19","parent":"MON20061_DL_5","length":17.57,"x":20.07,"y":-0.01,"rotation":-8.67},{"name":"bone20","parent":"bone19","length":16.31,"x":17.57,"rotation":-5.06},{"name":"bone21","parent":"bone20","length":12.14,"x":16.31,"rotation":-3},{"name":"bone22","parent":"bone21","length":13.83,"x":12.14,"rotation":0.15},{"name":"bone23","parent":"MON20061_DL_6","length":12.36,"x":17.66,"rotation":3.06},{"name":"bone24","parent":"bone23","length":13.51,"x":12.36,"rotation":1.98},{"name":"bone25","parent":"bone24","length":12.94,"x":13.51,"rotation":-11.99},{"name":"bone26","parent":"bone25","length":16.23,"x":12.58,"y":-0.03,"rotation":-12.14},{"name":"fx_eye","parent":"MON20062_DL_5","length":7.76,"x":22.62,"y":13.07,"rotation":-81.87},{"name":"fx_jian","parent":"MON20062_DL_16","length":17.86,"x":78.79,"y":1.6,"rotation":-2.13},{"name":"shadow","parent":"root","length":18.56,"x":0.03,"y":-4.47,"rotation":-90}],"slots":[{"name":"BG3","bone":"root"},{"name":"shadow","bone":"shadow","attachment":"shadow"},{"name":"MON20062_DL_24","bone":"MON20062_DL_27","attachment":"MON20062_DL_24"},{"name":"MON20062_DL_23","bone":"MON20062_DL_23","attachment":"MON20062_DL_23"},{"name":"MON20062_DL_22","bone":"MON20062_DL_201","attachment":"MON20062_DL_22"},{"name":"MON20062_DL_21","bone":"MON20062_DL_21","attachment":"MON20062_DL_21"},{"name":"MON20062_DL_20","bone":"MON20062_DL_20","attachment":"MON20062_DL_20"},{"name":"MON20062_DL_19","bone":"MON20062_DL_19","attachment":"MON20062_DL_19"},{"name":"MON20062_DL_18","bone":"MON20062_DL_18","attachment":"MON20062_DL_18"},{"name":"MON20062_DL_17","bone":"MON20062_DL_17","attachment":"MON20062_DL_17"},{"name":"MON20062_DL_16","bone":"MON20062_DL_16","attachment":"MON20062_DL_16"},{"name":"MON20062_DL_25","bone":"MON20062_DL_22"},{"name":"MON20062_DL_15","bone":"MON20062_DL_15","attachment":"MON20062_DL_15"},{"name":"MON20062_DL_14","bone":"MON20062_DL_14","attachment":"MON20062_DL_14"},{"name":"MON20062_DL_13","bone":"MON20062_DL_13","attachment":"MON20062_DL_13"},{"name":"MON20062_DL_12","bone":"MON20062_DL_12","attachment":"MON20062_DL_12"},{"name":"MON20062_DL_11","bone":"MON20062_DL_11","attachment":"MON20062_DL_11"},{"name":"MON20062_DL_10","bone":"MON20062_DL_10","attachment":"MON20062_DL_10"},{"name":"MON20062_DL_9","bone":"MON20062_DL_9","attachment":"MON20062_DL_9"},{"name":"MON20062_DL_8","bone":"MON20062_DL_8","attachment":"MON20062_DL_8"},{"name":"MON20062_DL_7","bone":"MON20062_DL_7","attachment":"MON20062_DL_7"},{"name":"MON20061_DL_6","bone":"MON20061_DL_6","attachment":"MON20061_DL_6"},{"name":"MON20062_DL_5","bone":"MON20062_DL_5","attachment":"MON20062_DL_5"},{"name":"MON20061_DL_4","bone":"MON20061_DL_4","attachment":"MON20061_DL_4"},{"name":"MON20061_DL_3","bone":"MON20061_DL_5","attachment":"MON20061_DL_3"},{"name":"MON20061_DL_2","bone":"MON20061_DL_3","attachment":"MON20061_DL_2"},{"name":"MON20062_DL_0","bone":"MON20062_DL_0","attachment":"MON20062_DL_0"},{"name":"MON20062_DL_1","bone":"MON20062_DL_1","attachment":"MON20062_DL_1"},{"name":"fx_eye","bone":"fx_eye","attachment":"eye_00000","blend":"additive"},{"name":"fx_jian","bone":"fx_jian","attachment":"jian_00000","blend":"additive"}],"skins":{"default":{"MON20061_DL_2":{"MON20061_DL_2":{"type":"weightedmesh","uvs":[0.75237,0.07903,0.84637,0.25025,1,0.32075,1,0.52217,0.87323,0.54567,0.90344,0.77396,0.84301,1,0.74441,1,0.63151,1,0.52073,0.91832,0.4603,0.73367,0.37637,0.55239,0.23202,0.49532,0,0.5356,0,0.40507,0,0.10253,0.08094,0,0.31259,0,0.68859,0,0.32307,0.17822,0.54719,0.26568,0.69968,0.53528],"triangles":[6,7,5,7,21,5,5,21,4,10,21,9,9,7,8,9,21,7,10,11,21,21,11,20,2,3,4,4,21,1,21,20,1,4,1,2,20,0,1,20,11,19,20,18,0,18,20,17,20,19,17,13,14,12,11,12,19,12,14,19,14,15,19,15,16,19,16,17,19],"vertices":[3,5,39.74,-12.13,0.0051,6,20.2,14.24,0.54242,7,-4.25,14.93,0.45246,4,5,37.54,-22.84,5.3E-4,6,28.9,7.62,0.09978,7,6.67,15.08,0.84025,48,-14.19,10.78,0.05941,4,5,41.54,-31.42,2.0E-5,6,38.37,7.52,0.00218,7,14.2,20.82,0.8213,48,-9.10999,18.77,0.17648,2,7,24.16,15.53,0.69669,48,2.05,17.24,0.3033,2,7,21.99,8.64,0.4703,48,2.4,10.03,0.52969,1,48,15.29,9.97999,1,1,48,27.38,4.91,1,1,48,26.63,-0.55,1,1,48,25.78,-6.82,1,1,48,20.4,-12.34,1,3,5,3.54,-29.46,0.01698,7,20.44,-16.70999,0.10036,48,9.7,-14.3,0.88264,4,5,6.54,-18.68,0.25273,6,11.75,-18.53,0.0571,7,9.27,-16.1,0.41122,48,-0.99,-17.58,0.27893,3,5,2.45,-11.01,0.91441,6,3.07,-18.9,0.04941,48,-5.25,-25.16,0.03616,1,5,-8.89,-4.32,1,1,5,-4.16,1.24,1,1,5,6.8,14.14,1,1,5,13.97,15.58,1,2,5,23.85,7.18,0.48245,6,-4.09,8.26,0.51753,3,5,39.89,-6.45,0.00734,6,15.13,16.83,0.69196,7,-9.84,13.85,0.30069,2,5,17.84,-0.79,0.5,6,0.5,-0.6,0.5,2,6,13.95,0.02,0.5,7,-0.41,-0.12,0.5,2,7,16.92,0.33,0.5,48,0.51,0.48,0.5],"hull":19}},"MON20061_DL_3":{"MON20061_DL_3":{"type":"weightedmesh","uvs":[1,0.25464,1,0.46724,1,0.72404,0.83639,0.83982,0.53074,1,0.21121,1,0,1,0,0.79772,0,0.6209,0,0.41672,0.151,0.25042,0,0.05256,0.21584,0,0.48921,0,1,0,0.63982,0.2798,0.62321,0.48191,0.45818,0.66304,0.38533,0.7957],"triangles":[5,18,4,4,18,3,18,5,7,5,6,7,18,17,3,3,17,2,7,8,18,18,8,17,17,16,2,17,8,9,16,1,2,16,17,9,9,10,16,16,15,1,16,10,15,15,0,1,15,10,13,10,12,13,0,15,14,15,13,14,10,11,12],"vertices":[2,9,18.34,7.22,0.73738,49,-2.79,6.89,0.2626,2,49,15.88,7.84,0.64995,50,-2.36999,7.67,0.35004,3,50,20,10.79,0.22245,51,3.12,10.97,0.75386,52,-8.97999,11.01,0.02368,2,51,13.75,9.68999,0.42717,52,1.63,9.68999,0.57282,1,52,16.62999,6.32,1,1,52,17.82,0.04,1,1,52,18.61,-4.1,1,2,51,13.28,-7.43,0.4543,52,1.12,-7.42,0.54569,3,49,30.4,-11.44,0.00405,50,13.78,-10.26,0.69498,51,-1.99,-10.38,0.30096,3,9,30.53,-14.09,0.00449,49,12.45,-12.35,0.76461,50,-4.01,-12.75,0.23089,2,9,16.28,-9.62,0.68876,49,-2.3,-10.07,0.31123,1,9,-1.34,-10.88,1,1,9,-5.51,-6.13,1,1,9,-4.96,-0.69,1,1,9,-3.94,9.47,1,2,9,19.83,-0.15,0.5,49,-0.22,-0.18,0.5,2,49,17.54999,0.38,0.5,50,-0.05,0.38,0.5,2,50,16.18,-0.67,0.5,51,-0.09,-0.67,0.5,2,51,11.65,0.1,0.5,52,-0.49,0.1,0.5],"hull":15}},"MON20061_DL_4":{"MON20061_DL_4":{"x":7.56,"y":3.21,"rotation":-3.43,"width":66,"height":63}},"MON20061_DL_6":{"MON20061_DL_6":{"type":"weightedmesh","uvs":[0.75206,0.06157,0.82813,0.21662,1,0.36769,1,0.5446,1,0.70561,1,0.86265,0.69541,1,0.35,1,0.33913,0.77718,0.24676,0.63803,0.1055,0.47702,0,0.28619,0,0.11922,0,0,0.27183,0,0.5945,0,0.42727,0.25673,0.56551,0.40549,0.66722,0.56086,0.73239,0.72284,0.34085,0.11399],"triangles":[6,19,5,19,6,8,6,7,8,19,4,5,8,18,19,8,9,18,4,19,3,19,18,3,9,17,18,9,10,17,3,18,2,18,17,2,10,16,17,10,11,16,17,1,2,17,16,1,11,20,16,11,12,20,16,0,1,16,20,0,12,14,20,12,13,14,20,15,0,20,14,15],"vertices":[3,10,3.64,12.41,0.98898,53,-13.34,13.15,0.01101,56,-53.41,-5.59,0,4,10,16.54999,11.97,0.52511,53,-0.47,12.02,0.44412,54,-12.41,12.46,0.03072,56,-41.06,-1.8,3.0E-5,4,10,29.74,14.41,0.01027,53,12.83,13.74,0.44955,54,0.94,13.72,0.53995,56,-29.38,4.8,2.1E-4,4,10,43.93,11.36,0,53,26.83,9.93999,0.00522,54,14.8,9.43,0.50809,55,-0.69,9.5,0.48666,4,10,56.83,8.58,0,53,39.57,6.48,0,55,12.45,8.29,0.62898,56,-1.87,8.12,0.37101,3,10,69.42,5.87,0,53,51.99,3.1,0,56,10.91,9.67,0.99999,2,10,78.51,-5.42,0,56,23.19,1.94,1,2,10,76.33,-15.55,0,56,24.43,-8.34,1,4,10,58.4,-12.03,0,54,27.16,-15.14,0.01651,55,16.49,-11.98,0.22322,56,6.33,-10.85,0.76026,5,10,46.66,-12.34,0,53,28.29,-13.87,0.01928,54,15.44,-14.41,0.33757,55,4.87,-13.7,0.55032,56,-4.66,-14.97,0.0928,4,10,32.87,-13.7,0.00665,53,14.44,-14.49,0.41506,54,1.57,-14.56,0.51235,55,-8.64999,-16.70999,0.0659,3,10,16.9,-13.51,0.50412,53,-1.48,-13.44,0.47957,54,-14.3,-12.95,0.0163,2,10,3.52,-10.63,0.98813,53,-14.69,-9.85,0.01186,1,10,-6.03,-8.57,1,2,10,-4.32,-0.6,0.99999,53,-21.99,0.57,0,1,10,-2.28,8.85,1,2,10,17.24,-0.47,0.5,53,-0.45,-0.44,0.5,2,53,12.4,0.35,0.5,54,0.05,0.35,0.5,2,54,13.12,-0.49,0.5,55,-0.27,-0.56,0.5,2,55,13.13,0.17,0.5,56,0.49,0.32,0.5,1,10,5.25,-0.54,1],"hull":16}},"MON20062_DL_0":{"MON20062_DL_0":{"x":7.55,"y":-11.34,"rotation":-90.01,"width":61,"height":18}},"MON20062_DL_1":{"MON20062_DL_1":{"x":29.45,"y":5.24,"rotation":-23.82,"width":68,"height":68}},"MON20062_DL_10":{"MON20062_DL_10":{"x":17.2,"y":-5.45,"scaleX":1.089,"scaleY":1.01,"rotation":-144.33,"width":38,"height":57}},"MON20062_DL_11":{"MON20062_DL_11":{"type":"mesh","uvs":[1,0.54824,1,0.7156,0.6232,0.86015,0.53999,1,0.33395,1,0.15565,1,0.11207,0.80689,0,0.7156,0,0.57867,0,0,0.34584,0,1,0,0.34217,0.56825],"triangles":[10,11,0,12,9,10,12,10,0,8,9,12,6,7,8,2,12,0,12,6,8,1,2,0,4,6,12,4,5,6,12,2,4,3,4,2],"vertices":[5.96,33.45,10.08,33.36,13.17,13.75,16.52,9.35999,16.26,-1.30999,16.04999,-10.54,11.24,-12.69,8.85999,-18.44,5.49,-18.36,-8.75,-18.03,-8.33,-0.11,-7.53,33.77,5.65,-0.63],"hull":12}},"MON20062_DL_12":{"MON20062_DL_12":{"type":"weightedmesh","uvs":[0.94957,0.03178,1,0.10685,1,0.56018,0.8519,0.84417,0.82073,0.94951,0.68392,1,0.55005,1,0.33581,1,0.12772,1,0.06291,0.86971,0,0.76659,0,0.48285,0,0.18951,0.10535,0.05001,0.16682,0,0.39406,0,0.72334,0,0.89029,0,0.28903,0.32722,0.28513,0.54691,0.52684,0.79797,0.18018,0.27054,0.51333,0.30674,0.72102,0.47751,0.69414,0.19277],"triangles":[19,21,18,19,18,22,24,15,16,24,16,17,24,17,0,21,14,15,13,14,21,12,13,21,22,15,24,1,24,0,18,21,15,22,18,15,1,23,24,22,24,23,11,12,21,11,21,19,19,22,23,23,1,2,10,11,19,20,19,23,3,23,2,20,23,3,9,10,19,7,9,19,3,5,20,7,8,9,19,20,7,5,6,20,7,20,6,3,4,5],"vertices":[1,3,39.24,-36.09999,1,1,3,35.73,-40.58,1,2,2,18,-47.82,0.39,3,9.35999,-47.26,0.61,1,2,1.71,-36.43999,1,1,2,-4.42999,-33.86,1,1,2,-6.8,-24.23,1,1,2,-6.16,-15.02,1,1,2,-5.14,-0.27,1,1,2,-4.15,14.04,1,1,2,3.95,17.95999,1,2,2,10.42,21.87,0.94,3,-19.59,16.59,0.06,2,2,27.41,20.69,0.39,3,-3.08,20.77,0.61,1,3,13.97,25.09,1,1,3,23.87,20.1,1,1,3,27.82,16.71999,1,1,3,31.67,1.52,1,1,3,37.25,-20.49,1,1,3,40.08,-31.66,1,2,2,35.34,0.15,0.12,3,10.86,3.73,0.88,2,2,22.21,1.33,0.39,3,-1.98,0.75,0.61,2,2,6.03,-14.26,0.92,3,-12.48,-19.11,0.08,2,2,38.31,7.96,0.04,3,11.24,12.08,0.96,2,2,37.22,-15.24,0.08,3,17.45,-10.31,0.92,2,2,24.28,-28.96,0.39,3,9.43999,-27.38,0.61,1,3,28.09,-21.49,1],"hull":18}},"MON20062_DL_13":{"MON20062_DL_13":{"type":"weightedmesh","uvs":[1,0.29592,1,0.55698,1,0.771,1,0.87214,0.67627,1,0.49808,1,0.30937,1,0,0.84156,0,0.73573,0,0.52876,0.07925,0.2952,0.10044,0,0.49807,0,0.92596,0,0.49807,0.32865,0.46857,0.58281,0.45874,0.79159],"triangles":[6,7,8,4,16,2,16,6,8,4,5,16,6,16,5,2,3,4,8,9,15,15,1,2,16,8,15,16,15,2,14,0,1,15,10,14,15,14,1,9,10,15,14,12,13,14,13,0,10,11,12,14,10,12],"vertices":[3,18,11.77,12.16,0.66247,36,-2.52,12.21,0.33453,37,-15.23,12.51,0.00298,4,18,25.34,12.63,0.0232,36,11.04,12.47,0.59411,37,-1.66,12.51,0.36924,38,-12.24,12.84,0.01343,3,36,22.17,12.69,0.06667,37,9.46,12.51,0.54779,38,-1.12,12.54,0.38553,3,36,27.43,12.79,0.00871,37,14.72,12.5,0.34661,38,4.13,12.4,0.64467,2,37,21.37,4.73,0.0085,38,10.57,4.46,0.99149,1,38,10.45,0.18,1,2,37,21.36,-4.06,0.00531,38,10.33,-4.34,0.99468,3,36,26.31,-11.22,0.00549,37,13.12,-11.49,0.49706,38,1.9,-11.54,0.49744,3,36,20.79999,-11.33,0.07751,37,7.62,-11.48,0.70993,38,-3.6,-11.39,0.21255,4,18,24.7,-11.39,0.01331,36,10.04,-11.54,0.65166,37,-3.13,-11.48,0.33478,38,-14.35,-11.1,2.3E-4,3,18,12.5,-9.91,0.63103,36,-2.13,-9.88,0.36594,37,-15.28,-9.58,0.003,1,18,-2.85,-9.93999,1,1,18,-3.18,-0.4,1,1,18,-3.54,9.85,1,2,18,13.89,0.18,0.5,36,-0.58,0.2,0.5,2,36,12.63,-0.24,0.5,37,-0.32,-0.24,0.5,2,37,10.53,-0.48,0.5,38,-0.4,-0.46,0.5],"hull":14}},"MON20062_DL_14":{"MON20062_DL_14":{"x":15.04,"y":2.77,"rotation":102.68,"width":29,"height":40}},"MON20062_DL_15":{"MON20062_DL_15":{"x":6.89,"y":-1.27,"scaleX":1.113,"scaleY":1.004,"rotation":104.76,"width":19,"height":22}},"MON20062_DL_16":{"MON20062_DL_16":{"type":"mesh","uvs":[1,0.32653,0.84345,0.46718,0.83132,0.74848,0.74443,0.82608,0.65551,0.77273,0.47852,0.8961,0.25943,1,0.12522,1,0,1,0,0.86003,0.08095,0.72675,0.18264,0.55933,0.38891,0.28871,0.57063,0.15678,0.59084,0,0.74241,0,0.79697,0.10343,0.92024,0,1,0,0.11286,0.90321,0.22518,0.80348],"triangles":[17,18,0,16,17,0,1,16,0,13,15,16,1,13,16,15,13,14,2,4,1,1,12,13,4,12,1,5,11,12,5,20,11,10,11,20,3,4,2,12,4,5,19,10,20,9,10,19,8,9,19,6,7,19,8,19,7,6,20,5,6,19,20],"vertices":[-23.81,10.69,0.24,11.32,7.39,26.71,20.74,27.03,31.8,19.83,58.31,18.53,90.36,14.15,107.43,8.57,107.59,1.69,107.92,-9.64999,107.87,-9.87,92,-14.45,58.63,-20.12,31.31,-19.08,25.5,-27.02,4.86,-19.91,-0.52999,-11.48,-19.34,-11.57,-30.2,-7.82,107.46,1.76,90.99,1.39],"hull":19}},"MON20062_DL_17":{"MON20062_DL_17":{"x":19.06,"y":-0.21,"rotation":102.14,"width":26,"height":46}},"MON20062_DL_18":{"MON20062_DL_18":{"x":10.68,"y":1.69,"rotation":82.19,"width":26,"height":31}},"MON20062_DL_19":{"MON20062_DL_19":{"x":21.88,"y":0.94,"rotation":71.9,"width":29,"height":45}},"MON20062_DL_20":{"MON20062_DL_20":{"x":3.55,"y":1.04,"rotation":88.56,"width":22,"height":13}},"MON20062_DL_21":{"MON20062_DL_21":{"x":10.5,"y":-1.41,"scaleX":1.093,"scaleY":1.034,"rotation":91.23,"width":21,"height":34}},"MON20062_DL_22":{"MON20062_DL_22":{"x":17.33,"y":-1.84,"rotation":100.39,"width":26,"height":41}},"MON20062_DL_23":{"MON20062_DL_23":{"x":5.19,"y":-0.53,"rotation":158.27,"width":27,"height":12}},"MON20062_DL_24":{"MON20062_DL_24":{"type":"weightedmesh","uvs":[0.74649,0.02199,0.83255,0.05488,0.81429,0.23887,0.81658,0.41058,0.84738,0.57139,0.88485,0.7042,0.92591,0.85138,0.94188,1,0.88287,1,0.79016,1,0.64334,1,0.42815,1,0.23979,1,0.18557,1,0.03085,1,0,1,0,0.85547,0.03842,0.74372,0.06141,0.61228,0.08422,0.46509,0.09905,0.27021,0.09905,0.0508,0.15701,0.03298,0.29312,0,0.42827,0,0.57579,0,0.67512,0,0.43053,0.34695,0.4236,0.66796,0.73599,0.25098,0.74285,0.4403,0.77039,0.60218,0.81401,0.74486,0.84614,0.87107,0.15495,0.28105,0.14804,0.47037,0.12964,0.63773,0.09977,0.7804,0.06071,0.87916,0.29312,0.32403,0.59357,0.31341,0.27849,0.50946,0.42666,0.52632,0.60731,0.50295,0.61829,0.65439,0.26621,0.66511,0.25355,0.82557,0.42587,0.83365,0.6303,0.82006,0.09317,0.96586,0.70119,0.97813],"triangles":[14,49,13,13,49,46,49,14,38,14,15,38,15,16,38,37,49,38,37,46,49,38,16,37,16,17,37,46,37,45,45,37,36,37,17,36,17,18,36,45,36,41,36,18,35,36,35,41,35,18,19,41,35,39,35,34,39,35,19,34,19,20,34,39,34,23,34,22,23,22,34,21,34,20,21,8,6,7,9,33,8,8,33,6,10,50,9,9,50,33,33,50,32,50,48,32,33,32,6,32,5,6,48,44,32,44,31,32,32,31,5,31,4,5,44,43,31,43,30,31,31,30,4,30,3,4,43,40,30,40,29,30,30,29,3,29,2,3,29,25,26,29,40,25,2,29,1,29,26,0,1,29,0,50,10,48,12,46,11,46,47,11,10,11,48,11,47,48,12,13,46,46,45,47,45,28,47,48,28,44,48,47,28,28,42,44,28,45,42,45,41,42,42,43,44,42,27,43,42,41,27,41,39,27,27,40,43,40,27,24,27,39,24,24,25,40,39,23,24],"vertices":[5,30,-1.64,43.36,0.01361,40,-73.39,44.13,0,31,-7.18,-0.05,0.98638,46,-113.62,44.75,0,47,-130.62,31.05,0,3,40,-69.67,55.75,0,31,-4.07,11.73,1,46,-114.97,56.88,0,5,40,-48.88,53.29,0,31,16.81,10.34,0.64031,32,-1.68,10.49,0.35968,46,-94.98,63.11,0,47,-114.09,51.33,0,4,32,17.71999,10.57,0.59938,33,-1.17999,10.9,0.4006,46,-77.37999,71.31,0,47,-97.49,61.39,0,2,33,17.43,11.85,0.49701,34,1.30999,11.56,0.50298,8,39,39.88,62.84,7.0E-5,40,3.69,62.81,3.4E-4,33,33.09,14.24,0.00587,34,17.1,10.42,0.4711,41,-0.49,10.41,0.5226,45,-17.6,100.38,0,46,-50.85,93.26,0,47,-73.5,86.1,0,2,41,17.03,10.22999,0.49736,42,0.46,10.35,0.50263,7,39,73.19999,70.98,0,40,37.11,70.51,0.00152,34,50.91,4.58,6.0E-5,42,17.31,8.72999,0.9984,45,12.85,116.17,0,46,-23.46,113.92,0,47,-48.53,109.63,0,2,39,73.3,63.01,0,42,15.55,0.96,0.99999,7,40,37.11,50.03,0.1043,34,42.98,-14.29,0.00469,41,26.93,-12.56,0.08751,42,12.77,-11.24,0.80347,45,17.95,96.33,0,46,-15.11,95.22,0,47,-38.18999,91.95,0,7,40,37.11,30.21,0.52653,34,35.31,-32.57,0.07483,41,20.45999,-31.3,0.16977,42,8.38,-30.57,0.22884,45,22.89,77.14,0,46,-7.02,77.12,0,47,-28.18,74.83999,0,2,40,37.11,1.16,0.99998,44,53.82,45.24,1.0E-5,4,40,37.11,-24.26,0.50708,45,36.48,24.37,0.08279,46,15.19,27.37,0.18931,47,-0.67,27.8,0.22079,4,40,37.11,-31.58,0.31307,45,38.3,17.28,0.07013,46,18.18,20.69,0.23522,47,3.02,21.48,0.38155,3,40,37.11,-52.47,0.0059,45,43.51,-2.94,3.4E-4,47,13.57,3.45,0.99375,1,47,15.67,-0.14,1,3,45,28.73,-11.04,0.00997,46,13.49,-8.84,0.4888,47,1.57,-8.38,0.5012,3,44,32.37,-10.84,0.00773,45,15.21,-9.17,0.54557,46,-0.15,-9.26,0.44668,4,44,17.23,-9.81,0.55132,45,0.05,-9.85999,0.43247,46,-14.98,-12.48,0.0162,47,-26.33,-15.1,0,4,43,20.44,-9.05,0.5012,44,0.33,-9.05,0.49471,45,-16.82,-11.03,0.00406,47,-42.25,-20.84,0,4,40,-45.34,-43.26,0,35,20.06,-8.07,0.56954,43,-1.64,-8.1,0.43044,47,-62.27,-30.24,0,3,35,-4.71999,-8.63,1,46,-74.99,-33.72,0,47,-83.68,-42.76,0,3,30,0.08,-36.2,0.01273,35,-6.91,-0.86,0.98726,47,-89.36,-37.02,0,3,30,-3.75,-17.85,0.56278,35,-11.05,17.42,0.4372,47,-101.86,-23.04,0,4,30,-3.86,0.38,0.99493,40,-75.87999,1.16999,0,31,-7.45,-43.08,0.00506,47,-111.08,-7.28,0,5,30,-3.98,20.29999,0.57567,40,-75.87999,21.09,0,31,-8.47,-23.19,0.42432,46,-106.49,22.7,0,47,-121.13,9.89999,0,5,30,-4.07,33.71,0.21144,40,-75.87999,34.5,0,31,-9.17,-9.8,0.78855,46,-111.96,34.93999,0,47,-127.9,21.48,0,2,30,35.33,0.93,0.5,39,0.32,0.97,0.5,2,39,36.61,0.52,0.5,40,-0.4,0.54,0.5,2,31,18.73,-0.13,0.5,32,-0.44,-0.08,0.5,2,32,20.95999,0.58,0.5,33,0.4,0.52,0.5,2,33,19.06,1.01,0.5,34,0.5,0.63,0.5,2,34,17.64,-0.17,0.5,41,0.72,-0.12,0.5,2,41,15.62,-0.67,0.5,42,0.24,-0.64,0.5,2,35,21.11,-0.49,0.5,43,-0.78,-0.51,0.5,2,43,20.62999,-0.41,0.5,44,-0.25,-0.43,0.5,2,44,18.81,-0.29,0.5,45,0.54,-0.23,0.5,2,45,17.16,-0.11,0.5,46,0.24,0,0.5,2,46,12.59,-0.26,0.5,47,-0.25,0.03,0.5,7,30,32.84999,-17.62999,0.34292,39,-2.01,-17.6,0.32383,35,25.54,18.26,0.10101,43,3.17,18.35,0.21635,44,-19.32,16.69,0.01586,46,-57.49,2.79,0,47,-70.25,-4.55,0,5,30,31.41,22.92,0.2794,39,-3.75,22.93,0.30014,31,26.76,-18.96999,0.07179,32,6.38,-19.39,0.27764,33,-17.2,-16.84,0.07101,7,30,53.82,-19.46999,0.03449,39,18.95999,-19.29999,0.51996,40,-18.31,-19.04,0.01203,35,46.54,16.76,0.00134,43,24.19,17.37999,0.23301,44,1.69,17.61,0.19307,45,-18.5,15.61,0.00606,6,39,20.6,0.72,0.98449,32,30.17,-42.21,0.00199,33,2.58,-43.2,0.00465,34,-25.35,-38.83,1.7E-4,43,25.14,37.45,0.00376,44,0.83,37.68999,0.00491,6,30,52.81,24.9,0.02087,39,17.62999,25.07,0.34736,40,-19.04,25.34,0.05126,32,27.82,-17.79,0.14887,33,4.19999,-18.71999,0.37971,34,-18.35,-15.32,0.05191,7,39,34.72,26.78,0.24696,40,-1.93,26.83,0.20943,32,44.95,-16.51,0.01832,33,21.31,-20.21999,0.27728,34,-2,-20.58,0.21908,41,-17.54999,-21.76,0.02675,42,-30.45,-25.21,0.00212,6,39,36.56,-20.71999,0.26281,40,-0.72,-20.69,0.14742,43,41.84,16.57,0.01771,44,19.34,18.39,0.34583,45,-1.04999,18.39,0.22592,46,-20.81,15.19,2.8E-4,6,39,54.72,-22.19,0.04584,40,17.4,-22.4,0.58191,44,37.54,19.19,0.03289,45,16.93,21.26,0.20268,46,-3.55,21.03,0.09855,47,-18.62,19.45,0.03811,6,40,18.32,0.85,0.99208,34,6.62,-52.37,2.0E-5,44,35.25,42.35,5.5E-4,45,12.01,44.02,0.0051,46,-12.21,42.64,0.00177,47,-29.58,40,4.4E-4,9,39,53.42,28.65,0.04096,40,16.78,28.45,0.44809,33,40.03,-21.86,0.02311,34,15.88,-26.33,0.19649,41,0.66,-26.33,0.19699,42,-11.83,-27.78,0.09434,45,3.64,70.36,0,46,-24.87,67.22,0,47,-44.84,63.05,0,4,40,33.25999,-44.05,0.09203,45,37.68,4.23999,0.01641,46,19.74,7.72,0.18157,47,5.99,8.76,0.70996,7,40,34.64,38.02,0.30078,34,36.05,-24.41,0.04717,41,20.67,-23.11,0.19199,42,7.7,-22.4,0.46002,45,18.54999,84.08,0,46,-12.46,83.24,0,47,-34.25,80.33,0],"hull":27}},"MON20062_DL_25":{"MON20062_DL_16":{"x":47.93,"y":-2.75,"rotation":160.98,"width":144,"height":60}},"MON20062_DL_5":{"MON20062_DL_5":{"x":30.12,"y":4.16,"rotation":-91.13,"width":99,"height":106}},"MON20062_DL_7":{"MON20062_DL_7":{"x":13.2,"y":0.77,"rotation":94.7,"width":33,"height":40}},"MON20062_DL_8":{"MON20062_DL_8":{"x":8.3,"y":-1.51,"rotation":110.18,"width":20,"height":24}},"MON20062_DL_9":{"MON20062_DL_9":{"x":19.02,"y":-0.02,"rotation":73.53,"width":26,"height":44}},"fx_eye":{"eye_00000":{"scaleX":1.989,"scaleY":1.989,"rotation":-7.6,"width":32,"height":17}},"fx_jian":{"jian_00000":{"scaleX":2,"scaleY":2,"rotation":163.43,"width":40,"height":29}},"shadow":{"shadow":{"x":-3.92,"y":0.26,"scaleX":1.384,"scaleY":1.383,"rotation":90,"width":85,"height":42}}}},"animations":{"wait_DL":{"slots":{"MON20062_DL_0":{"attachment":[{"time":0,"name":"MON20062_DL_0"},{"time":1,"name":null},{"time":1.2666,"name":"MON20062_DL_0"},{"time":2.6666,"name":"MON20062_DL_0"}]},"MON20062_DL_16":{"attachment":[{"time":0,"name":"MON20062_DL_16"},{"time":1.3333,"name":"MON20062_DL_16"},{"time":2.6666,"name":"MON20062_DL_16"}]},"fx_eye":{"attachment":[{"time":0,"name":"eye_00000"},{"time":1,"name":null},{"time":1.2666,"name":"eye_00000"},{"time":2.6666,"name":"eye_00000"}]},"fx_jian":{"color":[{"time":0,"color":"ffffffff"},{"time":0.6666,"color":"ffffff00"},{"time":1.3333,"color":"ffffffff"},{"time":2,"color":"ffffff00"},{"time":2.6666,"color":"ffffffff"}]}},"bones":{"root":{"rotate":[{"time":0,"angle":0,"curve":"stepped"},{"time":1.3333,"angle":0,"curve":"stepped"},{"time":2.6666,"angle":0}],"translate":[{"time":0,"x":0,"y":0,"curve":"stepped"},{"time":1.3333,"x":0,"y":0,"curve":"stepped"},{"time":2.6666,"x":0,"y":0}],"scale":[{"time":0,"x":1,"y":1,"curve":"stepped"},{"time":1.3333,"x":1,"y":1,"curve":"stepped"},{"time":2.6666,"x":1,"y":1}]},"bone":{"rotate":[{"time":0,"angle":0,"curve":"stepped"},{"time":1.3333,"angle":0,"curve":"stepped"},{"time":2.6666,"angle":0}],"translate":[{"time":0,"x":0,"y":0,"curve":"stepped"},{"time":1.3333,"x":0,"y":0,"curve":"stepped"},{"time":2.6666,"x":0,"y":0}],"scale":[{"time":0,"x":1,"y":1,"curve":"stepped"},{"time":1.3333,"x":1,"y":1,"curve":"stepped"},{"time":2.6666,"x":1,"y":1}]},"MON20062_DL_12":{"rotate":[{"time":0,"angle":0,"curve":"stepped"},{"time":1.3333,"angle":0,"curve":"stepped"},{"time":2.6666,"angle":0}],"translate":[{"time":0,"x":0,"y":0,"curve":[0.25,0,0.75,1]},{"time":0.6666,"x":0,"y":-7.36,"curve":[0.25,0,0.75,1]},{"time":1.3333,"x":0,"y":0,"curve":[0.25,0,0.75,1]},{"time":2,"x":0,"y":-7.36,"curve":[0.25,0,0.75,1]},{"time":2.6666,"x":0,"y":0}],"scale":[{"time":0,"x":1,"y":1,"curve":"stepped"},{"time":1.3333,"x":1,"y":1,"curve":"stepped"},{"time":2.6666,"x":1,"y":1}]},"bone2":{"rotate":[{"time":0,"angle":0},{"time":0.6666,"angle":0.46},{"time":1.3333,"angle":0},{"time":2,"angle":0.46},{"time":2.6666,"angle":0}],"translate":[{"time":0,"x":0,"y":0,"curve":"stepped"},{"time":1.3333,"x":0,"y":0,"curve":"stepped"},{"time":2.6666,"x":0,"y":0}],"scale":[{"time":0,"x":1,"y":1,"curve":"stepped"},{"time":1.3333,"x":1,"y":1,"curve":"stepped"},{"time":2.6666,"x":1,"y":1}]},"MON20062_DL_5":{"rotate":[{"time":0,"angle":0},{"time":0.6666,"angle":4.09},{"time":1.3333,"angle":0},{"time":2,"angle":4.09},{"time":2.6666,"angle":0}],"translate":[{"time":0,"x":0,"y":0},{"time":0.6666,"x":-2.17,"y":-0.15},{"time":1.3333,"x":0,"y":0},{"time":2,"x":-2.17,"y":-0.15},{"time":2.6666,"x":0,"y":0}],"scale":[{"time":0,"x":1,"y":1},{"time":0.6666,"x":1.048,"y":1.029},{"time":1.3333,"x":1,"y":1},{"time":2,"x":1.048,"y":1.029},{"time":2.6666,"x":1,"y":1}]},"MON20062_DL_0":{"rotate":[{"time":0,"angle":0,"curve":"stepped"},{"time":1.3333,"angle":0,"curve":"stepped"},{"time":2.6666,"angle":0}],"translate":[{"time":0,"x":0,"y":0,"curve":"stepped"},{"time":1.3333,"x":0,"y":0,"curve":"stepped"},{"time":2.6666,"x":0,"y":0}],"scale":[{"time":0,"x":1,"y":1,"curve":"stepped"},{"time":1.3333,"x":1,"y":1,"curve":"stepped"},{"time":2.6666,"x":1,"y":1}]},"MON20062_DL_11":{"rotate":[{"time":0,"angle":0,"curve":"stepped"},{"time":1.3333,"angle":0,"curve":"stepped"},{"time":2.6666,"angle":0}],"translate":[{"time":0,"x":0,"y":0},{"time":0.6666,"x":0.11,"y":1.47},{"time":1.3333,"x":0,"y":0},{"time":2,"x":0.11,"y":1.47},{"time":2.6666,"x":0,"y":0}],"scale":[{"time":0,"x":1,"y":1},{"time":0.6666,"x":0.969,"y":1.036},{"time":1.3333,"x":1,"y":1},{"time":2,"x":0.969,"y":1.036},{"time":2.6666,"x":1,"y":1}]},"MON20062_DL_1":{"rotate":[{"time":0,"angle":0},{"time":0.6,"angle":5.05},{"time":1.3333,"angle":0},{"time":1.9333,"angle":5.05},{"time":2.6666,"angle":0}],"translate":[{"time":0,"x":0,"y":0,"curve":"stepped"},{"time":1.3333,"x":0,"y":0,"curve":"stepped"},{"time":2.6666,"x":0,"y":0}],"scale":[{"time":0,"x":1,"y":1,"curve":"stepped"},{"time":1.3333,"x":1,"y":1,"curve":"stepped"},{"time":2.6666,"x":1,"y":1}]},"MON20062_DL_10":{"rotate":[{"time":0,"angle":0},{"time":0.6666,"angle":-12.05},{"time":1.3333,"angle":0},{"time":2,"angle":-12.05},{"time":2.6666,"angle":0}],"translate":[{"time":0,"x":0,"y":0},{"time":0.6666,"x":1.11,"y":0.58},{"time":1.3333,"x":0,"y":0},{"time":2,"x":1.11,"y":0.58},{"time":2.6666,"x":0,"y":0}],"scale":[{"time":0,"x":1,"y":1,"curve":"stepped"},{"time":1.3333,"x":1,"y":1,"curve":"stepped"},{"time":2.6666,"x":1,"y":1}]},"MON20062_DL_13":{"rotate":[{"time":0,"angle":0},{"time":0.4333,"angle":-1.1},{"time":0.8666,"angle":2.1},{"time":1.3333,"angle":0},{"time":1.7666,"angle":-1.1},{"time":2.2,"angle":2.1},{"time":2.6666,"angle":0}],"translate":[{"time":0,"x":0,"y":0,"curve":"stepped"},{"time":0.4333,"x":0,"y":0,"curve":"stepped"},{"time":0.8666,"x":0,"y":0,"curve":"stepped"},{"time":1.3333,"x":0,"y":0,"curve":"stepped"},{"time":1.7666,"x":0,"y":0,"curve":"stepped"},{"time":2.2,"x":0,"y":0,"curve":"stepped"},{"time":2.6666,"x":0,"y":0}],"scale":[{"time":0,"x":1,"y":1},{"time":0.4333,"x":0.894,"y":1.041},{"time":0.8666,"x":1,"y":1,"curve":"stepped"},{"time":1.3333,"x":1,"y":1},{"time":1.7666,"x":0.894,"y":1.041},{"time":2.2,"x":1,"y":1,"curve":"stepped"},{"time":2.6666,"x":1,"y":1}]},"bone3":{"rotate":[{"time":0,"angle":0},{"time":0.4333,"angle":-5.62},{"time":0.8666,"angle":5.92},{"time":1.3333,"angle":0},{"time":1.7666,"angle":-5.62},{"time":2.2,"angle":5.92},{"time":2.6666,"angle":0}],"translate":[{"time":0,"x":0,"y":0,"curve":"stepped"},{"time":0.4333,"x":0,"y":0,"curve":"stepped"},{"time":0.8666,"x":0,"y":0,"curve":"stepped"},{"time":1.3333,"x":0,"y":0,"curve":"stepped"},{"time":1.7666,"x":0,"y":0,"curve":"stepped"},{"time":2.2,"x":0,"y":0,"curve":"stepped"},{"time":2.6666,"x":0,"y":0}],"scale":[{"time":0,"x":1,"y":1,"curve":"stepped"},{"time":0.4333,"x":1,"y":1,"curve":"stepped"},{"time":0.8666,"x":1,"y":1,"curve":"stepped"},{"time":1.3333,"x":1,"y":1,"curve":"stepped"},{"time":1.7666,"x":1,"y":1,"curve":"stepped"},{"time":2.2,"x":1,"y":1,"curve":"stepped"},{"time":2.6666,"x":1,"y":1}]},"bone4":{"rotate":[{"time":0,"angle":0},{"time":0.4333,"angle":-6.81},{"time":0.8666,"angle":2.81},{"time":1.3333,"angle":0},{"time":1.7666,"angle":-6.81},{"time":2.2,"angle":2.81},{"time":2.6666,"angle":0}],"translate":[{"time":0,"x":0,"y":0,"curve":"stepped"},{"time":0.4333,"x":0,"y":0,"curve":"stepped"},{"time":0.8666,"x":0,"y":0,"curve":"stepped"},{"time":1.3333,"x":0,"y":0,"curve":"stepped"},{"time":1.7666,"x":0,"y":0,"curve":"stepped"},{"time":2.2,"x":0,"y":0,"curve":"stepped"},{"time":2.6666,"x":0,"y":0}],"scale":[{"time":0,"x":1,"y":1,"curve":"stepped"},{"time":0.4333,"x":1,"y":1,"curve":"stepped"},{"time":0.8666,"x":1,"y":1,"curve":"stepped"},{"time":1.3333,"x":1,"y":1,"curve":"stepped"},{"time":1.7666,"x":1,"y":1,"curve":"stepped"},{"time":2.2,"x":1,"y":1,"curve":"stepped"},{"time":2.6666,"x":1,"y":1}]},"bone5":{"rotate":[{"time":0,"angle":0},{"time":0.4333,"angle":-2.87},{"time":0.8666,"angle":13.49},{"time":1.3333,"angle":0},{"time":1.7666,"angle":-2.87},{"time":2.2,"angle":13.49},{"time":2.6666,"angle":0}],"translate":[{"time":0,"x":0,"y":0,"curve":"stepped"},{"time":0.4333,"x":0,"y":0,"curve":"stepped"},{"time":0.8666,"x":0,"y":0,"curve":"stepped"},{"time":1.3333,"x":0,"y":0,"curve":"stepped"},{"time":1.7666,"x":0,"y":0,"curve":"stepped"},{"time":2.2,"x":0,"y":0,"curve":"stepped"},{"time":2.6666,"x":0,"y":0}],"scale":[{"time":0,"x":1,"y":1,"curve":"stepped"},{"time":0.4333,"x":1,"y":1,"curve":"stepped"},{"time":0.8666,"x":1,"y":1,"curve":"stepped"},{"time":1.3333,"x":1,"y":1,"curve":"stepped"},{"time":1.7666,"x":1,"y":1,"curve":"stepped"},{"time":2.2,"x":1,"y":1,"curve":"stepped"},{"time":2.6666,"x":1,"y":1}]},"MON20062_DL_9":{"rotate":[{"time":0,"angle":0},{"time":0.4333,"angle":7.65},{"time":0.8333,"angle":-4.48},{"time":1.3333,"angle":0},{"time":1.7666,"angle":7.65},{"time":2.1666,"angle":-4.48},{"time":2.6666,"angle":0}],"translate":[{"time":0,"x":0,"y":0,"curve":"stepped"},{"time":1.3333,"x":0,"y":0,"curve":"stepped"},{"time":2.6666,"x":0,"y":0}],"scale":[{"time":0,"x":1,"y":1,"curve":"stepped"},{"time":1.3333,"x":1,"y":1,"curve":"stepped"},{"time":2.6666,"x":1,"y":1}]},"MON20062_DL_7":{"rotate":[{"time":0,"angle":0},{"time":0.4333,"angle":-10.11},{"time":0.8333,"angle":3.36},{"time":1.3333,"angle":0},{"time":1.7666,"angle":-10.11},{"time":2.1666,"angle":3.36},{"time":2.6666,"angle":0}],"translate":[{"time":0,"x":0,"y":0,"curve":"stepped"},{"time":1.3333,"x":0,"y":0,"curve":"stepped"},{"time":2.6666,"x":0,"y":0}],"scale":[{"time":0,"x":1,"y":1,"curve":"stepped"},{"time":1.3333,"x":1,"y":1,"curve":"stepped"},{"time":2.6666,"x":1,"y":1}]},"MON20062_DL_8":{"rotate":[{"time":0,"angle":0},{"time":0.4333,"angle":-9.03},{"time":0.8333,"angle":6.57},{"time":1.3333,"angle":0},{"time":1.7666,"angle":-9.03},{"time":2.1666,"angle":6.57},{"time":2.6666,"angle":0}],"translate":[{"time":0,"x":0,"y":0,"curve":"stepped"},{"time":1.3333,"x":0,"y":0,"curve":"stepped"},{"time":2.6666,"x":0,"y":0}],"scale":[{"time":0,"x":1,"y":1,"curve":"stepped"},{"time":1.3333,"x":1,"y":1,"curve":"stepped"},{"time":2.6666,"x":1,"y":1}]},"MON20062_DL_17":{"rotate":[{"time":0,"angle":0},{"time":0.6666,"angle":-20.09},{"time":1.3333,"angle":0},{"time":2,"angle":-20.09},{"time":2.6666,"angle":0}],"translate":[{"time":0,"x":0,"y":0,"curve":"stepped"},{"time":0.6666,"x":0,"y":0,"curve":"stepped"},{"time":1.3333,"x":0,"y":0,"curve":"stepped"},{"time":2,"x":0,"y":0,"curve":"stepped"},{"time":2.6666,"x":0,"y":0}],"scale":[{"time":0,"x":1,"y":1,"curve":"stepped"},{"time":0.6666,"x":1,"y":1,"curve":"stepped"},{"time":1.3333,"x":1,"y":1,"curve":"stepped"},{"time":2,"x":1,"y":1,"curve":"stepped"},{"time":2.6666,"x":1,"y":1}]},"MON20062_DL_14":{"rotate":[{"time":0,"angle":0},{"time":0.6666,"angle":24.94},{"time":1.3333,"angle":0},{"time":2,"angle":24.94},{"time":2.6666,"angle":0}],"translate":[{"time":0,"x":0,"y":0,"curve":"stepped"},{"time":0.6666,"x":0,"y":0,"curve":"stepped"},{"time":1.3333,"x":0,"y":0,"curve":"stepped"},{"time":2,"x":0,"y":0,"curve":"stepped"},{"time":2.6666,"x":0,"y":0}],"scale":[{"time":0,"x":1,"y":1},{"time":0.6666,"x":1.027,"y":1},{"time":1.3333,"x":1,"y":1},{"time":2,"x":1.027,"y":1},{"time":2.6666,"x":1,"y":1}]},"MON20062_DL_15":{"rotate":[{"time":0,"angle":0},{"time":0.6666,"angle":-4.04},{"time":1.3333,"angle":0},{"time":2,"angle":-4.04},{"time":2.6666,"angle":0}],"translate":[{"time":0,"x":0,"y":0},{"time":0.6666,"x":-0.62,"y":0.5},{"time":1.3333,"x":0,"y":0},{"time":2,"x":-0.62,"y":0.5},{"time":2.6666,"x":0,"y":0}],"scale":[{"time":0,"x":1,"y":1,"curve":"stepped"},{"time":0.6666,"x":1,"y":1,"curve":"stepped"},{"time":1.3333,"x":1,"y":1,"curve":"stepped"},{"time":2,"x":1,"y":1,"curve":"stepped"},{"time":2.6666,"x":1,"y":1}]},"MON20062_DL_16":{"rotate":[{"time":0,"angle":0},{"time":0.6666,"angle":3.97},{"time":1.3333,"angle":0},{"time":2,"angle":3.97},{"time":2.6666,"angle":0}],"translate":[{"time":0,"x":0,"y":0},{"time":0.6666,"x":-8.65,"y":0.3},{"time":1.3333,"x":0,"y":0},{"time":2,"x":-8.65,"y":0.3},{"time":2.6666,"x":0,"y":0}],"scale":[{"time":0,"x":1,"y":1},{"time":0.6666,"x":1,"y":1.045},{"time":1.3333,"x":1,"y":1},{"time":2,"x":1,"y":1.045},{"time":2.6666,"x":1,"y":1}]},"MON20062_DL_19":{"rotate":[{"time":0,"angle":0},{"time":0.6666,"angle":6.22},{"time":1.3333,"angle":0},{"time":2,"angle":6.22},{"time":2.6666,"angle":0}],"translate":[{"time":0,"x":0,"y":0},{"time":0.6666,"x":0.97,"y":-7.12},{"time":1.3333,"x":0,"y":0},{"time":2,"x":0.97,"y":-7.12},{"time":2.6666,"x":0,"y":0}],"scale":[{"time":0,"x":1,"y":1},{"time":0.6666,"x":0.934,"y":1},{"time":1.3333,"x":1,"y":1},{"time":2,"x":0.934,"y":1},{"time":2.6666,"x":1,"y":1}]},"MON20062_DL_18":{"rotate":[{"time":0,"angle":0},{"time":0.6666,"angle":-7.19},{"time":1.3333,"angle":0},{"time":2,"angle":-7.19},{"time":2.6666,"angle":0}],"translate":[{"time":0,"x":0,"y":0},{"time":0.6666,"x":-3.53,"y":-1.72},{"time":1.3333,"x":0,"y":0},{"time":2,"x":-3.53,"y":-1.72},{"time":2.6666,"x":0,"y":0}],"scale":[{"time":0,"x":1,"y":1,"curve":"stepped"},{"time":1.3333,"x":1,"y":1,"curve":"stepped"},{"time":2.6666,"x":1,"y":1}]},"MON20062_DL_20":{"rotate":[{"time":0,"angle":0,"curve":"stepped"},{"time":1.3333,"angle":0,"curve":"stepped"},{"time":2.6666,"angle":0}],"translate":[{"time":0,"x":0,"y":0,"curve":"stepped"},{"time":1.3333,"x":0,"y":0,"curve":"stepped"},{"time":2.6666,"x":0,"y":0}],"scale":[{"time":0,"x":1,"y":1,"curve":"stepped"},{"time":1.3333,"x":1,"y":1,"curve":"stepped"},{"time":2.6666,"x":1,"y":1}]},"MON20062_DL_201":{"rotate":[{"time":0,"angle":0},{"time":0.6666,"angle":-2.89},{"time":1.3333,"angle":0},{"time":2,"angle":-2.89},{"time":2.6666,"angle":0}],"translate":[{"time":0,"x":0,"y":0},{"time":0.6666,"x":-0.97,"y":-6.15},{"time":1.3333,"x":0,"y":0},{"time":2,"x":-0.97,"y":-6.15},{"time":2.6666,"x":0,"y":0}],"scale":[{"time":0,"x":1,"y":1},{"time":0.6666,"x":0.973,"y":1},{"time":1.3333,"x":1,"y":1},{"time":2,"x":0.973,"y":1},{"time":2.6666,"x":1,"y":1}]},"MON20062_DL_21":{"rotate":[{"time":0,"angle":0},{"time":0.6666,"angle":5.33},{"time":1.3333,"angle":0},{"time":2,"angle":5.33},{"time":2.6666,"angle":0}],"translate":[{"time":0,"x":0,"y":0},{"time":0.6666,"x":-3.43,"y":0.15},{"time":1.3333,"x":0,"y":0},{"time":2,"x":-3.43,"y":0.15},{"time":2.6666,"x":0,"y":0}],"scale":[{"time":0,"x":1,"y":1},{"time":0.6666,"x":0.947,"y":1.006},{"time":1.3333,"x":1,"y":1},{"time":2,"x":0.947,"y":1.006},{"time":2.6666,"x":1,"y":1}]},"MON20062_DL_23":{"rotate":[{"time":0,"angle":0,"curve":"stepped"},{"time":1.3333,"angle":0,"curve":"stepped"},{"time":2.6666,"angle":0}],"translate":[{"time":0,"x":0,"y":0,"curve":"stepped"},{"time":1.3333,"x":0,"y":0,"curve":"stepped"},{"time":2.6666,"x":0,"y":0}],"scale":[{"time":0,"x":1,"y":1,"curve":"stepped"},{"time":1.3333,"x":1,"y":1,"curve":"stepped"},{"time":2.6666,"x":1,"y":1}]},"MON20062_DL_24":{"rotate":[{"time":0,"angle":0},{"time":0.4333,"angle":13.24},{"time":0.8666,"angle":-3.25},{"time":1.3333,"angle":0},{"time":1.7666,"angle":13.24},{"time":2.2,"angle":-3.25},{"time":2.6666,"angle":0}],"translate":[{"time":0,"x":0,"y":0,"curve":"stepped"},{"time":0.4333,"x":0,"y":0,"curve":"stepped"},{"time":1.3333,"x":0,"y":0,"curve":"stepped"},{"time":1.7666,"x":0,"y":0,"curve":"stepped"},{"time":2.6666,"x":0,"y":0}],"scale":[{"time":0,"x":1,"y":1},{"time":0.4333,"x":0.973,"y":1},{"time":1.3333,"x":1,"y":1},{"time":1.7666,"x":0.973,"y":1},{"time":2.6666,"x":1,"y":1}]},"bone6":{"rotate":[{"time":0,"angle":0},{"time":0.4333,"angle":-2.7},{"time":0.8666,"angle":14.2},{"time":1.3333,"angle":0},{"time":1.7666,"angle":-2.7},{"time":2.2,"angle":14.2},{"time":2.6666,"angle":0}],"translate":[{"time":0,"x":0,"y":0,"curve":"stepped"},{"time":0.4333,"x":0,"y":0,"curve":"stepped"},{"time":1.3333,"x":0,"y":0,"curve":"stepped"},{"time":1.7666,"x":0,"y":0,"curve":"stepped"},{"time":2.6666,"x":0,"y":0}],"scale":[{"time":0,"x":1,"y":1,"curve":"stepped"},{"time":0.4333,"x":1,"y":1,"curve":"stepped"},{"time":1.3333,"x":1,"y":1,"curve":"stepped"},{"time":1.7666,"x":1,"y":1,"curve":"stepped"},{"time":2.6666,"x":1,"y":1}]},"bone7":{"rotate":[{"time":0,"angle":0,"curve":"stepped"},{"time":0.4333,"angle":0},{"time":0.8666,"angle":15.97},{"time":1.3333,"angle":0,"curve":"stepped"},{"time":1.7666,"angle":0},{"time":2.2,"angle":15.97},{"time":2.6666,"angle":0}],"translate":[{"time":0,"x":0,"y":0,"curve":"stepped"},{"time":0.4333,"x":0,"y":0,"curve":"stepped"},{"time":1.3333,"x":0,"y":0,"curve":"stepped"},{"time":1.7666,"x":0,"y":0,"curve":"stepped"},{"time":2.6666,"x":0,"y":0}],"scale":[{"time":0,"x":1,"y":1,"curve":"stepped"},{"time":0.4333,"x":1,"y":1,"curve":"stepped"},{"time":1.3333,"x":1,"y":1,"curve":"stepped"},{"time":1.7666,"x":1,"y":1,"curve":"stepped"},{"time":2.6666,"x":1,"y":1}]},"MON20062_DL_25":{"rotate":[{"time":0,"angle":0},{"time":0.4333,"angle":18.36},{"time":0.8666,"angle":-7.11},{"time":1.3333,"angle":0},{"time":1.7666,"angle":18.36},{"time":2.2,"angle":-7.11},{"time":2.6666,"angle":0}],"translate":[{"time":0,"x":0,"y":0,"curve":"stepped"},{"time":0.4333,"x":0,"y":0,"curve":"stepped"},{"time":1.3333,"x":0,"y":0,"curve":"stepped"},{"time":1.7666,"x":0,"y":0,"curve":"stepped"},{"time":2.6666,"x":0,"y":0}],"scale":[{"time":0,"x":1,"y":1,"curve":"stepped"},{"time":0.4333,"x":1,"y":1,"curve":"stepped"},{"time":1.3333,"x":1,"y":1,"curve":"stepped"},{"time":1.7666,"x":1,"y":1,"curve":"stepped"},{"time":2.6666,"x":1,"y":1}]},"bone8":{"rotate":[{"time":0,"angle":0},{"time":0.4333,"angle":-1.85},{"time":0.8666,"angle":9.96},{"time":1.3333,"angle":0},{"time":1.7666,"angle":-1.85},{"time":2.2,"angle":9.96},{"time":2.6666,"angle":0}],"translate":[{"time":0,"x":0,"y":0,"curve":"stepped"},{"time":0.4333,"x":0,"y":0,"curve":"stepped"},{"time":1.3333,"x":0,"y":0,"curve":"stepped"},{"time":1.7666,"x":0,"y":0,"curve":"stepped"},{"time":2.6666,"x":0,"y":0}],"scale":[{"time":0,"x":1,"y":1,"curve":"stepped"},{"time":0.4333,"x":1,"y":1,"curve":"stepped"},{"time":1.3333,"x":1,"y":1,"curve":"stepped"},{"time":1.7666,"x":1,"y":1,"curve":"stepped"},{"time":2.6666,"x":1,"y":1}]},"bone9":{"rotate":[{"time":0,"angle":0},{"time":0.4333,"angle":-4.32},{"time":0.8666,"angle":15.26},{"time":1.3333,"angle":0},{"time":1.7666,"angle":-4.32},{"time":2.2,"angle":15.26},{"time":2.6666,"angle":0}],"translate":[{"time":0,"x":0,"y":0,"curve":"stepped"},{"time":0.4333,"x":0,"y":0,"curve":"stepped"},{"time":1.3333,"x":0,"y":0,"curve":"stepped"},{"time":1.7666,"x":0,"y":0,"curve":"stepped"},{"time":2.6666,"x":0,"y":0}],"scale":[{"time":0,"x":1,"y":1,"curve":"stepped"},{"time":0.4333,"x":1,"y":1,"curve":"stepped"},{"time":1.3333,"x":1,"y":1,"curve":"stepped"},{"time":1.7666,"x":1,"y":1,"curve":"stepped"},{"time":2.6666,"x":1,"y":1}]},"MON20062_DL_26":{"rotate":[{"time":0,"angle":0},{"time":0.4333,"angle":-5},{"time":0.8666,"angle":9.03},{"time":1.3333,"angle":0},{"time":1.7666,"angle":-5},{"time":2.2,"angle":9.03},{"time":2.6666,"angle":0}],"translate":[{"time":0,"x":0,"y":0,"curve":"stepped"},{"time":0.4333,"x":0,"y":0,"curve":"stepped"},{"time":1.3333,"x":0,"y":0,"curve":"stepped"},{"time":1.7666,"x":0,"y":0,"curve":"stepped"},{"time":2.6666,"x":0,"y":0}],"scale":[{"time":0,"x":1,"y":1,"curve":"stepped"},{"time":0.4333,"x":1,"y":1,"curve":"stepped"},{"time":1.3333,"x":1,"y":1,"curve":"stepped"},{"time":1.7666,"x":1,"y":1,"curve":"stepped"},{"time":2.6666,"x":1,"y":1}]},"bone10":{"rotate":[{"time":0,"angle":0,"curve":"stepped"},{"time":0.4333,"angle":0},{"time":0.8666,"angle":12.32},{"time":1.3333,"angle":0,"curve":"stepped"},{"time":1.7666,"angle":0},{"time":2.2,"angle":12.32},{"time":2.6666,"angle":0}],"translate":[{"time":0,"x":0,"y":0,"curve":"stepped"},{"time":0.4333,"x":0,"y":0,"curve":"stepped"},{"time":1.3333,"x":0,"y":0,"curve":"stepped"},{"time":1.7666,"x":0,"y":0,"curve":"stepped"},{"time":2.6666,"x":0,"y":0}],"scale":[{"time":0,"x":1,"y":1,"curve":"stepped"},{"time":0.4333,"x":1,"y":1,"curve":"stepped"},{"time":1.3333,"x":1,"y":1,"curve":"stepped"},{"time":1.7666,"x":1,"y":1,"curve":"stepped"},{"time":2.6666,"x":1,"y":1}]},"bone11":{"rotate":[{"time":0,"angle":0,"curve":"stepped"},{"time":0.4333,"angle":0},{"time":0.8666,"angle":8.07},{"time":1.3333,"angle":0,"curve":"stepped"},{"time":1.7666,"angle":0},{"time":2.2,"angle":8.07},{"time":2.6666,"angle":0}],"translate":[{"time":0,"x":0,"y":0,"curve":"stepped"},{"time":0.4333,"x":0,"y":0,"curve":"stepped"},{"time":1.3333,"x":0,"y":0,"curve":"stepped"},{"time":1.7666,"x":0,"y":0,"curve":"stepped"},{"time":2.6666,"x":0,"y":0}],"scale":[{"time":0,"x":1,"y":1,"curve":"stepped"},{"time":0.4333,"x":1,"y":1,"curve":"stepped"},{"time":1.3333,"x":1,"y":1,"curve":"stepped"},{"time":1.7666,"x":1,"y":1,"curve":"stepped"},{"time":2.6666,"x":1,"y":1}]},"MON20062_DL_27":{"rotate":[{"time":0,"angle":0},{"time":0.4333,"angle":14.69},{"time":0.8666,"angle":-12.7},{"time":1.3333,"angle":0},{"time":1.7666,"angle":14.69},{"time":2.2,"angle":-12.7},{"time":2.6666,"angle":0}],"translate":[{"time":0,"x":0,"y":0,"curve":"stepped"},{"time":0.4333,"x":0,"y":0,"curve":"stepped"},{"time":1.3333,"x":0,"y":0,"curve":"stepped"},{"time":1.7666,"x":0,"y":0,"curve":"stepped"},{"time":2.6666,"x":0,"y":0}],"scale":[{"time":0,"x":1,"y":1},{"time":0.4333,"x":0.973,"y":1},{"time":0.8666,"x":0.973,"y":1},{"time":1.3333,"x":1,"y":1},{"time":1.7666,"x":0.973,"y":1},{"time":2.2,"x":0.973,"y":1},{"time":2.6666,"x":1,"y":1}]},"bone12":{"rotate":[{"time":0,"angle":0},{"time":0.4333,"angle":-2.11},{"time":0.8666,"angle":9.51},{"time":1.3333,"angle":0},{"time":1.7666,"angle":-2.11},{"time":2.2,"angle":9.51},{"time":2.6666,"angle":0}],"translate":[{"time":0,"x":0,"y":0,"curve":"stepped"},{"time":0.4333,"x":0,"y":0,"curve":"stepped"},{"time":1.3333,"x":0,"y":0,"curve":"stepped"},{"time":1.7666,"x":0,"y":0,"curve":"stepped"},{"time":2.6666,"x":0,"y":0}],"scale":[{"time":0,"x":1,"y":1,"curve":"stepped"},{"time":0.4333,"x":1,"y":1,"curve":"stepped"},{"time":1.3333,"x":1,"y":1,"curve":"stepped"},{"time":1.7666,"x":1,"y":1,"curve":"stepped"},{"time":2.6666,"x":1,"y":1}]},"bone13":{"rotate":[{"time":0,"angle":0},{"time":0.4333,"angle":-4.05},{"time":0.8666,"angle":12.96},{"time":1.3333,"angle":0},{"time":1.7666,"angle":-4.05},{"time":2.2,"angle":12.96},{"time":2.6666,"angle":0}],"translate":[{"time":0,"x":0,"y":0,"curve":"stepped"},{"time":0.4333,"x":0,"y":0,"curve":"stepped"},{"time":1.3333,"x":0,"y":0,"curve":"stepped"},{"time":1.7666,"x":0,"y":0,"curve":"stepped"},{"time":2.6666,"x":0,"y":0}],"scale":[{"time":0,"x":1,"y":1,"curve":"stepped"},{"time":0.4333,"x":1,"y":1,"curve":"stepped"},{"time":1.3333,"x":1,"y":1,"curve":"stepped"},{"time":1.7666,"x":1,"y":1,"curve":"stepped"},{"time":2.6666,"x":1,"y":1}]},"bone14":{"rotate":[{"time":0,"angle":0},{"time":0.4333,"angle":-4.72},{"time":0.8666,"angle":10.13},{"time":1.3333,"angle":0},{"time":1.7666,"angle":-4.72},{"time":2.2,"angle":10.13},{"time":2.6666,"angle":0}],"translate":[{"time":0,"x":0,"y":0,"curve":"stepped"},{"time":0.4333,"x":0,"y":0,"curve":"stepped"},{"time":1.3333,"x":0,"y":0,"curve":"stepped"},{"time":1.7666,"x":0,"y":0,"curve":"stepped"},{"time":2.6666,"x":0,"y":0}],"scale":[{"time":0,"x":1,"y":1,"curve":"stepped"},{"time":0.4333,"x":1,"y":1,"curve":"stepped"},{"time":1.3333,"x":1,"y":1,"curve":"stepped"},{"time":1.7666,"x":1,"y":1,"curve":"stepped"},{"time":2.6666,"x":1,"y":1}]},"bone15":{"rotate":[{"time":0,"angle":0,"curve":"stepped"},{"time":0.4333,"angle":0},{"time":0.8666,"angle":18.1},{"time":1.3333,"angle":0,"curve":"stepped"},{"time":1.7666,"angle":0},{"time":2.2,"angle":18.1},{"time":2.6666,"angle":0}],"translate":[{"time":0,"x":0,"y":0,"curve":"stepped"},{"time":0.4333,"x":0,"y":0,"curve":"stepped"},{"time":1.3333,"x":0,"y":0,"curve":"stepped"},{"time":1.7666,"x":0,"y":0,"curve":"stepped"},{"time":2.6666,"x":0,"y":0}],"scale":[{"time":0,"x":1,"y":1,"curve":"stepped"},{"time":0.4333,"x":1,"y":1,"curve":"stepped"},{"time":1.3333,"x":1,"y":1,"curve":"stepped"},{"time":1.7666,"x":1,"y":1,"curve":"stepped"},{"time":2.6666,"x":1,"y":1}]},"bone16":{"rotate":[{"time":0,"angle":0,"curve":"stepped"},{"time":0.4333,"angle":0},{"time":0.8666,"angle":18.6},{"time":1.3333,"angle":0,"curve":"stepped"},{"time":1.7666,"angle":0},{"time":2.2,"angle":18.6},{"time":2.6666,"angle":0}],"translate":[{"time":0,"x":0,"y":0,"curve":"stepped"},{"time":0.4333,"x":0,"y":0,"curve":"stepped"},{"time":1.3333,"x":0,"y":0,"curve":"stepped"},{"time":1.7666,"x":0,"y":0,"curve":"stepped"},{"time":2.6666,"x":0,"y":0}],"scale":[{"time":0,"x":1,"y":1,"curve":"stepped"},{"time":0.4333,"x":1,"y":1,"curve":"stepped"},{"time":1.3333,"x":1,"y":1,"curve":"stepped"},{"time":1.7666,"x":1,"y":1,"curve":"stepped"},{"time":2.6666,"x":1,"y":1}]},"shadow":{"rotate":[{"time":0,"angle":0,"curve":"stepped"},{"time":1.3333,"angle":0,"curve":"stepped"},{"time":2.6666,"angle":0}],"translate":[{"time":0,"x":0,"y":0,"curve":"stepped"},{"time":1.3333,"x":0,"y":0,"curve":"stepped"},{"time":2.6666,"x":0,"y":0}],"scale":[{"time":0,"x":1,"y":1},{"time":0.6666,"x":1.112,"y":1.105},{"time":1.3333,"x":1,"y":1},{"time":2,"x":1.112,"y":1.105},{"time":2.6666,"x":1,"y":1}]},"MON20061_DL_6":{"rotate":[{"time":0,"angle":0},{"time":0.4333,"angle":-5.88},{"time":0.8666,"angle":-4.58},{"time":1.3333,"angle":0},{"time":1.7666,"angle":-5.88},{"time":2.2,"angle":-4.58},{"time":2.6666,"angle":0}],"translate":[{"time":0,"x":0,"y":0,"curve":"stepped"},{"time":0.4333,"x":0,"y":0,"curve":"stepped"},{"time":0.8666,"x":0,"y":0,"curve":"stepped"},{"time":1.3333,"x":0,"y":0,"curve":"stepped"},{"time":1.7666,"x":0,"y":0,"curve":"stepped"},{"time":2.2,"x":0,"y":0,"curve":"stepped"},{"time":2.6666,"x":0,"y":0}],"scale":[{"time":0,"x":1,"y":1,"curve":"stepped"},{"time":0.4333,"x":1,"y":1,"curve":"stepped"},{"time":0.8666,"x":1,"y":1,"curve":"stepped"},{"time":1.3333,"x":1,"y":1,"curve":"stepped"},{"time":1.7666,"x":1,"y":1,"curve":"stepped"},{"time":2.2,"x":1,"y":1,"curve":"stepped"},{"time":2.6666,"x":1,"y":1}]},"bone23":{"rotate":[{"time":0,"angle":0},{"time":0.4333,"angle":-7.66},{"time":0.8666,"angle":0.1},{"time":1.3333,"angle":0},{"time":1.7666,"angle":-7.66},{"time":2.2,"angle":0.1},{"time":2.6666,"angle":0}],"translate":[{"time":0,"x":0,"y":0,"curve":"stepped"},{"time":0.4333,"x":0,"y":0,"curve":"stepped"},{"time":0.8666,"x":0,"y":0,"curve":"stepped"},{"time":1.3333,"x":0,"y":0,"curve":"stepped"},{"time":1.7666,"x":0,"y":0,"curve":"stepped"},{"time":2.2,"x":0,"y":0,"curve":"stepped"},{"time":2.6666,"x":0,"y":0}],"scale":[{"time":0,"x":1,"y":1,"curve":"stepped"},{"time":0.4333,"x":1,"y":1,"curve":"stepped"},{"time":0.8666,"x":1,"y":1,"curve":"stepped"},{"time":1.3333,"x":1,"y":1,"curve":"stepped"},{"time":1.7666,"x":1,"y":1,"curve":"stepped"},{"time":2.2,"x":1,"y":1,"curve":"stepped"},{"time":2.6666,"x":1,"y":1}]},"bone24":{"rotate":[{"time":0,"angle":0},{"time":0.4333,"angle":3.97},{"time":0.8666,"angle":-5},{"time":1.3333,"angle":0},{"time":1.7666,"angle":3.97},{"time":2.2,"angle":-5},{"time":2.6666,"angle":0}],"translate":[{"time":0,"x":0,"y":0,"curve":"stepped"},{"time":0.4333,"x":0,"y":0,"curve":"stepped"},{"time":0.8666,"x":0,"y":0,"curve":"stepped"},{"time":1.3333,"x":0,"y":0,"curve":"stepped"},{"time":1.7666,"x":0,"y":0,"curve":"stepped"},{"time":2.2,"x":0,"y":0,"curve":"stepped"},{"time":2.6666,"x":0,"y":0}],"scale":[{"time":0,"x":1,"y":1,"curve":"stepped"},{"time":0.4333,"x":1,"y":1,"curve":"stepped"},{"time":0.8666,"x":1,"y":1,"curve":"stepped"},{"time":1.3333,"x":1,"y":1,"curve":"stepped"},{"time":1.7666,"x":1,"y":1,"curve":"stepped"},{"time":2.2,"x":1,"y":1,"curve":"stepped"},{"time":2.6666,"x":1,"y":1}]},"bone25":{"rotate":[{"time":0,"angle":0},{"time":0.4333,"angle":16.75},{"time":0.8666,"angle":6.31},{"time":1.3333,"angle":0},{"time":1.7666,"angle":16.75},{"time":2.2,"angle":6.31},{"time":2.6666,"angle":0}],"translate":[{"time":0,"x":0,"y":0,"curve":"stepped"},{"time":0.4333,"x":0,"y":0,"curve":"stepped"},{"time":0.8666,"x":0,"y":0,"curve":"stepped"},{"time":1.3333,"x":0,"y":0,"curve":"stepped"},{"time":1.7666,"x":0,"y":0,"curve":"stepped"},{"time":2.2,"x":0,"y":0,"curve":"stepped"},{"time":2.6666,"x":0,"y":0}],"scale":[{"time":0,"x":1,"y":1,"curve":"stepped"},{"time":0.4333,"x":1,"y":1,"curve":"stepped"},{"time":0.8666,"x":1,"y":1,"curve":"stepped"},{"time":1.3333,"x":1,"y":1,"curve":"stepped"},{"time":1.7666,"x":1,"y":1,"curve":"stepped"},{"time":2.2,"x":1,"y":1,"curve":"stepped"},{"time":2.6666,"x":1,"y":1}]},"bone26":{"rotate":[{"time":0,"angle":0},{"time":0.4333,"angle":15.11},{"time":0.8666,"angle":0,"curve":"stepped"},{"time":1.3333,"angle":0},{"time":1.7666,"angle":15.11},{"time":2.2,"angle":0,"curve":"stepped"},{"time":2.6666,"angle":0}],"translate":[{"time":0,"x":0,"y":0,"curve":"stepped"},{"time":0.4333,"x":0,"y":0,"curve":"stepped"},{"time":0.8666,"x":0,"y":0,"curve":"stepped"},{"time":1.3333,"x":0,"y":0,"curve":"stepped"},{"time":1.7666,"x":0,"y":0,"curve":"stepped"},{"time":2.2,"x":0,"y":0,"curve":"stepped"},{"time":2.6666,"x":0,"y":0}],"scale":[{"time":0,"x":1,"y":1,"curve":"stepped"},{"time":0.4333,"x":1,"y":1,"curve":"stepped"},{"time":0.8666,"x":1,"y":1,"curve":"stepped"},{"time":1.3333,"x":1,"y":1,"curve":"stepped"},{"time":1.7666,"x":1,"y":1,"curve":"stepped"},{"time":2.2,"x":1,"y":1,"curve":"stepped"},{"time":2.6666,"x":1,"y":1}]},"MON20061_DL_2":{"rotate":[{"time":0,"angle":0,"curve":"stepped"},{"time":1.3333,"angle":0,"curve":"stepped"},{"time":2.6666,"angle":0}],"translate":[{"time":0,"x":0,"y":0,"curve":"stepped"},{"time":1.3333,"x":0,"y":0,"curve":"stepped"},{"time":2.6666,"x":0,"y":0}],"scale":[{"time":0,"x":1,"y":1,"curve":"stepped"},{"time":1.3333,"x":1,"y":1,"curve":"stepped"},{"time":2.6666,"x":1,"y":1}]},"bone17":{"rotate":[{"time":0,"angle":0},{"time":0.6666,"angle":7.96},{"time":1.3333,"angle":0},{"time":2,"angle":7.96},{"time":2.6666,"angle":0}],"translate":[{"time":0,"x":0,"y":0,"curve":"stepped"},{"time":1.3333,"x":0,"y":0,"curve":"stepped"},{"time":2.6666,"x":0,"y":0}],"scale":[{"time":0,"x":1,"y":1,"curve":"stepped"},{"time":1.3333,"x":1,"y":1,"curve":"stepped"},{"time":2.6666,"x":1,"y":1}]},"MON20061_DL_3":{"rotate":[{"time":0,"angle":0},{"time":0.6666,"angle":1.13},{"time":1.3333,"angle":0},{"time":2,"angle":1.13},{"time":2.6666,"angle":0}],"translate":[{"time":0,"x":0,"y":0,"curve":"stepped"},{"time":1.3333,"x":0,"y":0,"curve":"stepped"},{"time":2.6666,"x":0,"y":0}],"scale":[{"time":0,"x":1,"y":1,"curve":"stepped"},{"time":1.3333,"x":1,"y":1,"curve":"stepped"},{"time":2.6666,"x":1,"y":1}]},"bone18":{"rotate":[{"time":0,"angle":0},{"time":0.6666,"angle":8.76},{"time":1.3333,"angle":0},{"time":2,"angle":8.76},{"time":2.6666,"angle":0}],"translate":[{"time":0,"x":0,"y":0,"curve":"stepped"},{"time":1.3333,"x":0,"y":0,"curve":"stepped"},{"time":2.6666,"x":0,"y":0}],"scale":[{"time":0,"x":1,"y":1,"curve":"stepped"},{"time":1.3333,"x":1,"y":1,"curve":"stepped"},{"time":2.6666,"x":1,"y":1}]},"MON20061_DL_5":{"rotate":[{"time":0,"angle":0},{"time":0.4333,"angle":7.51},{"time":0.8666,"angle":-2.71},{"time":1.3333,"angle":0},{"time":1.7666,"angle":7.51},{"time":2.2,"angle":-2.71},{"time":2.6666,"angle":0}],"translate":[{"time":0,"x":0,"y":0,"curve":"stepped"},{"time":0.4333,"x":0,"y":0,"curve":"stepped"},{"time":0.8666,"x":0,"y":0,"curve":"stepped"},{"time":1.3333,"x":0,"y":0,"curve":"stepped"},{"time":1.7666,"x":0,"y":0,"curve":"stepped"},{"time":2.2,"x":0,"y":0,"curve":"stepped"},{"time":2.6666,"x":0,"y":0}],"scale":[{"time":0,"x":1,"y":1,"curve":"stepped"},{"time":0.4333,"x":1,"y":1,"curve":"stepped"},{"time":0.8666,"x":1,"y":1,"curve":"stepped"},{"time":1.3333,"x":1,"y":1,"curve":"stepped"},{"time":1.7666,"x":1,"y":1,"curve":"stepped"},{"time":2.2,"x":1,"y":1,"curve":"stepped"},{"time":2.6666,"x":1,"y":1}]},"bone19":{"rotate":[{"time":0,"angle":0},{"time":0.4333,"angle":-0.99},{"time":0.8666,"angle":-1.88},{"time":1.3333,"angle":0},{"time":1.7666,"angle":-0.99},{"time":2.2,"angle":-1.88},{"time":2.6666,"angle":0}],"translate":[{"time":0,"x":0,"y":0,"curve":"stepped"},{"time":0.4333,"x":0,"y":0,"curve":"stepped"},{"time":0.8666,"x":0,"y":0,"curve":"stepped"},{"time":1.3333,"x":0,"y":0,"curve":"stepped"},{"time":1.7666,"x":0,"y":0,"curve":"stepped"},{"time":2.2,"x":0,"y":0,"curve":"stepped"},{"time":2.6666,"x":0,"y":0}],"scale":[{"time":0,"x":1,"y":1,"curve":"stepped"},{"time":0.4333,"x":1,"y":1,"curve":"stepped"},{"time":0.8666,"x":1,"y":1,"curve":"stepped"},{"time":1.3333,"x":1,"y":1,"curve":"stepped"},{"time":1.7666,"x":1,"y":1,"curve":"stepped"},{"time":2.2,"x":1,"y":1,"curve":"stepped"},{"time":2.6666,"x":1,"y":1}]},"bone20":{"rotate":[{"time":0,"angle":0},{"time":0.4333,"angle":0.07},{"time":0.8666,"angle":7.4},{"time":1.3333,"angle":0},{"time":1.7666,"angle":0.07},{"time":2.2,"angle":7.4},{"time":2.6666,"angle":0}],"translate":[{"time":0,"x":0,"y":0,"curve":"stepped"},{"time":0.4333,"x":0,"y":0,"curve":"stepped"},{"time":0.8666,"x":0,"y":0,"curve":"stepped"},{"time":1.3333,"x":0,"y":0,"curve":"stepped"},{"time":1.7666,"x":0,"y":0,"curve":"stepped"},{"time":2.2,"x":0,"y":0,"curve":"stepped"},{"time":2.6666,"x":0,"y":0}],"scale":[{"time":0,"x":1,"y":1,"curve":"stepped"},{"time":0.4333,"x":1,"y":1,"curve":"stepped"},{"time":0.8666,"x":1,"y":1,"curve":"stepped"},{"time":1.3333,"x":1,"y":1,"curve":"stepped"},{"time":1.7666,"x":1,"y":1,"curve":"stepped"},{"time":2.2,"x":1,"y":1,"curve":"stepped"},{"time":2.6666,"x":1,"y":1}]},"bone21":{"rotate":[{"time":0,"angle":0},{"time":0.4333,"angle":-4.91},{"time":0.8666,"angle":11.22},{"time":1.3333,"angle":0},{"time":1.7666,"angle":-4.91},{"time":2.2,"angle":11.22},{"time":2.6666,"angle":0}],"translate":[{"time":0,"x":0,"y":0,"curve":"stepped"},{"time":0.4333,"x":0,"y":0,"curve":"stepped"},{"time":0.8666,"x":0,"y":0,"curve":"stepped"},{"time":1.3333,"x":0,"y":0,"curve":"stepped"},{"time":1.7666,"x":0,"y":0,"curve":"stepped"},{"time":2.2,"x":0,"y":0,"curve":"stepped"},{"time":2.6666,"x":0,"y":0}],"scale":[{"time":0,"x":1,"y":1,"curve":"stepped"},{"time":0.4333,"x":1,"y":1,"curve":"stepped"},{"time":0.8666,"x":1,"y":1,"curve":"stepped"},{"time":1.3333,"x":1,"y":1,"curve":"stepped"},{"time":1.7666,"x":1,"y":1,"curve":"stepped"},{"time":2.2,"x":1,"y":1,"curve":"stepped"},{"time":2.6666,"x":1,"y":1}]},"bone22":{"rotate":[{"time":0,"angle":0},{"time":0.4333,"angle":-6.78},{"time":0.8666,"angle":9.83},{"time":1.3333,"angle":0},{"time":1.7666,"angle":-6.78},{"time":2.2,"angle":9.83},{"time":2.6666,"angle":0}],"translate":[{"time":0,"x":0,"y":0,"curve":"stepped"},{"time":0.4333,"x":0,"y":0,"curve":"stepped"},{"time":0.8666,"x":0,"y":0,"curve":"stepped"},{"time":1.3333,"x":0,"y":0,"curve":"stepped"},{"time":1.7666,"x":0,"y":0,"curve":"stepped"},{"time":2.2,"x":0,"y":0,"curve":"stepped"},{"time":2.6666,"x":0,"y":0}],"scale":[{"time":0,"x":1,"y":1,"curve":"stepped"},{"time":0.4333,"x":1,"y":1,"curve":"stepped"},{"time":0.8666,"x":1,"y":1,"curve":"stepped"},{"time":1.3333,"x":1,"y":1,"curve":"stepped"},{"time":1.7666,"x":1,"y":1,"curve":"stepped"},{"time":2.2,"x":1,"y":1,"curve":"stepped"},{"time":2.6666,"x":1,"y":1}]}},"ffd":{"default":{"MON20062_DL_12":{"MON20062_DL_12":[{"time":0},{"time":0.6666,"offset":2,"vertices":[0.34093,-0.20699,0.39372,-1.22534,0.7481,-1.04744,0,0,0,0,0,0,0,0,0,0,0,0,0.26937,0.45636,2.3178,2.46175,1.45857,3.05087,3.2511,2.16112,2.43923,3.04862,0,0,0,0,0,0,0,0,0,0,0,0,1.46375,0.37711,1.27964,0.8049,0,0,0,0,0,0,0,0,1.24195,0.63215,0.9907,0.98035,2.76461,-1.23728,3.01038,-0.33697,1.88745,-1.65527,2.30201,-1.00222,1.36368,-0.828]},{"time":1.3333},{"time":2,"offset":2,"vertices":[0.34093,-0.20699,0.39372,-1.22534,0.7481,-1.04744,0,0,0,0,0,0,0,0,0,0,0,0,0.26937,0.45636,2.3178,2.46175,1.45857,3.05087,3.2511,2.16112,2.43923,3.04862,0,0,0,0,0,0,0,0,0,0,0,0,1.46375,0.37711,1.27964,0.8049,0,0,0,0,0,0,0,0,1.24195,0.63215,0.9907,0.98035,2.76461,-1.23728,3.01038,-0.33697,1.88745,-1.65527,2.30201,-1.00222,1.36368,-0.828]},{"time":2.6666}]},"MON20062_DL_13":{"MON20062_DL_13":[{"time":0},{"time":0.4333,"vertices":[1.3937,0.06521,1.38368,0.18006,1.35921,0.3156,-1.92174,0.91001,-1.99026,0.7483,-2.05447,0.54843,-2.06648,0.50142,-3.08515,0.20289,-3.0903,-0.10229,-3.08721,-0.17277,-1.84487,-0.24007,-1.81232,-0.42082,-1.80228,-0.46206,-2.52316,1.46507,-2.55598,1.40714,0,0,-0.42186,-2.14893,-0.37276,-2.158,2.59899,-3.28802,2.91053,-3.01589,2.9786,-2.94872,3.89543,-2.51494,4.12446,-2.11874,4.17173,-2.0241,2.83812,-0.66715,2.88369,-0.43058,2.91216,-0.14419,2.9147,-0.07771,1.80754,0.8845,1.72862,1.03076,1.61854,1.19618,0,0,0,0,0,0,0,0,0,0,0,0,0,0,-0.53433,-0.73936,-0.51733,-0.75136]},{"time":0.6,"vertices":[1.13561,0.05313,1.12744,0.14671,1.1075,0.25715,-1.04381,1.04682,-1.06866,0.79721,-1.10857,0.55065,-1.11881,0.28577,-1.89092,0.65435,-1.86295,0.36167,-1.76749,0.1193,-0.02576,0.02935,0.01273,-0.22008,0.00186,-0.64383,-1.22511,1.27945,-1.25802,1.01404,0.19333,-2.40243,-1.74115,-4.19889,-1.91994,-3.95156,1.27932,-1.61124,1.60861,-1.33438,1.98114,-1.1203,1.80175,-1.4005,2.03623,-0.98482,2.31215,-0.58983,1.80256,0.76856,1.82478,0.98882,1.79754,1.22903,1.9199,1.3722,1.63242,0.48046,1.53866,0.58247,1.43095,0.70892,0,0,0,0,0,0,-0.2481,0.79249,-0.2522,0.7912,-0.47962,0.98321,-0.51306,0.96619,-0.52608,0.59356,-0.40858,0.58714]},{"time":0.8666,"vertices":[0.72266,0.03381,0.71746,0.09336,0.70477,0.16364,1.29407,0.2753,1.2194,-0.07752,1.14875,-0.33491,0.90644,-0.91186,0.83394,1.27864,0.90622,0.95022,1.08212,0.22936,2.88482,0.46043,2.93283,0.10109,2.88851,-0.93467,0.85177,0.98246,0.81871,0.38508,0,0,-2.73791,-1.06287,-2.61306,-0.41654,-0.83215,1.07159,-0.47446,1.35604,0.3852,1.80516,-1.54813,0.3826,-1.30492,0.82946,-0.66316,1.705,0.84532,-1.78296,0.70375,-1.57633,0.62733,-1.37019,0.32312,-1.06274,1.14723,-0.16569,1.03118,-0.11028,0.92943,-0.03225,0,0,0,0,0,0,0,0,0,0,0,0,0,0,-0.27706,-0.38337,-0.26824,-0.38959]},{"time":1.3333},{"time":1.7666,"vertices":[1.3937,0.06521,1.38368,0.18006,1.35921,0.3156,-1.92174,0.91001,-1.99026,0.7483,-2.05447,0.54843,-2.06648,0.50142,-3.08515,0.20289,-3.0903,-0.10229,-3.08721,-0.17277,-1.84487,-0.24007,-1.81232,-0.42082,-1.80228,-0.46206,-2.52316,1.46507,-2.55598,1.40714,0,0,-0.42186,-2.14893,-0.37276,-2.158,2.59899,-3.28802,2.91053,-3.01589,2.9786,-2.94872,3.89543,-2.51494,4.12446,-2.11874,4.17173,-2.0241,2.83812,-0.66715,2.88369,-0.43058,2.91216,-0.14419,2.9147,-0.07771,1.80754,0.8845,1.72862,1.03076,1.61854,1.19618,0,0,0,0,0,0,0,0,0,0,0,0,0,0,-0.53433,-0.73936,-0.51733,-0.75136]},{"time":1.9333,"vertices":[1.13561,0.05313,1.12744,0.14671,1.1075,0.25715,-1.04381,1.04682,-1.06866,0.79721,-1.10857,0.55065,-1.11881,0.28577,-1.89092,0.65435,-1.86295,0.36167,-1.76749,0.1193,-0.02576,0.02935,0.01273,-0.22008,0.00186,-0.64383,-1.22511,1.27945,-1.25802,1.01404,0.19333,-2.40243,-1.74115,-4.19889,-1.91994,-3.95156,1.27932,-1.61124,1.60861,-1.33438,1.98114,-1.1203,1.80175,-1.4005,2.03623,-0.98482,2.31215,-0.58983,1.80256,0.76856,1.82478,0.98882,1.79754,1.22903,1.9199,1.3722,1.63242,0.48046,1.53866,0.58247,1.43095,0.70892,0,0,0,0,0,0,-0.2481,0.79249,-0.2522,0.7912,-0.47962,0.98321,-0.51306,0.96619,-0.52608,0.59356,-0.40858,0.58714]},{"time":2.2,"vertices":[0.72266,0.03381,0.71746,0.09336,0.70477,0.16364,1.29407,0.2753,1.2194,-0.07752,1.14875,-0.33491,0.90644,-0.91186,0.83394,1.27864,0.90622,0.95022,1.08212,0.22936,2.88482,0.46043,2.93283,0.10109,2.88851,-0.93467,0.85177,0.98246,0.81871,0.38508,0,0,-2.73791,-1.06287,-2.61306,-0.41654,-0.83215,1.07159,-0.47446,1.35604,0.3852,1.80516,-1.54813,0.3826,-1.30492,0.82946,-0.66316,1.705,0.84532,-1.78296,0.70375,-1.57633,0.62733,-1.37019,0.32312,-1.06274,1.14723,-0.16569,1.03118,-0.11028,0.92943,-0.03225,0,0,0,0,0,0,0,0,0,0,0,0,0,0,-0.27706,-0.38337,-0.26824,-0.38959]},{"time":2.6666}]},"MON20062_DL_16":{"MON20062_DL_16":[{"time":0},{"time":0.6666,"offset":14,"vertices":[0.71652,0.13773,0.36231,0.15319,-0.36228,-0.15321,-0.55563,-0.4828]},{"time":1.3333},{"time":2,"offset":14,"vertices":[0.71652,0.13773,0.36231,0.15319,-0.36228,-0.15321,-0.55563,-0.4828]},{"time":2.6666}]},"MON20062_DL_24":{"MON20062_DL_24":[{"time":0},{"time":0.4333,"offset":16,"vertices":[-1.06305,1.43516,-0.29207,1.75128,-0.38058,1.7342,-1.61074,0.84083,-1.76081,0.44894,0,0,0,0,0,0,0,0,0,0,0,0,0,0,0,0,0,0,0,0,0,0,0,0,0,0,0,0,0,0,0,0,0,0,0,0,0,0,0,0,0,0,0,0,0,0,0,0,0,0,0,0,0,0,0,0,0,0,0,0,0,0,0,0,0,0,0,0,0,0,0,0,0,0,0,0,0,0,-3.02355,1.41388,-3.33743,1.047,-4.61809,3.56663,-5.59647,2.26262,-5.91402,1.2125,-6.03494,-0.17651,-5.98614,-0.68511,-6.01344,-2.23191,-5.51073,-3.28359,-4.61085,-4.46054,-1.90824,0.28927,-2.03561,-0.21753,-1.777,-1.0172,-3.2847,-3.1504,0,0,0,0,0,0,0,0,0,0,0,0,0,0,0,0,0,0,0,0,0,0,0,0,0,0,0,0,0,0,0,0,0,0,0,0,0,0,0,0,0,0,0,0,0,0,0,0,0,0,0,0,0,0,0,0,0,0,0,0,0,0,0,0,0,0,0,0,0,0,0,0,0,0,0,0,0,0,0,0,0,0,0,0,0,0,-0.13139,3.88304,-0.32689,3.87154,-0.11412,2.00746,-0.21587,1.9991,0,0,0,0,0,0,0,0,2.04394,1.26931,1.96954,1.38204,-0.19524,1.67814,-0.29557,1.66342,0,0,0,0,0,0,0,0,0,0,0,0,0,0,0,0,0,0,0,0,0,0,0,0,0,0,0,0,0,0,0,0,0,0,0,0,0,0,0,0,0,0,0,0,-0.08158,2.68191,-0.40273,2.65288,-0.53592,2.62926,-0.23072,2.67476,-0.42014,2.65171,-0.82872,2.5538,-1.16733,2.41805,-0.98939,1.4869,-0.38058,1.73419,-0.62052,1.66369,-0.78276,1.59384,-1.04825,1.48372,-1.26693,1.30205,0,0,0,0,0,0,0,0,0,0,0,0,0,0,0,0,0,0,0,0,0,0,0,0,0,0,-0.01964,2.89625,-0.16558,2.89163,-0.01164,2.89635,-0.46337,2.85921,-0.84673,2.77016,-1.33422,2.57135,-3.51097,2.00037,-3.60736,1.82088,-3.9952,1.38257,-4.146,0.82836,-4.2278,0.06434,-4.13014,-0.90729,-0.58815,2.31868,-0.19952,2.38139,-0.85298,2.23836,-1.1486,2.10221,-1.51023,1.85974,-1.89672,1.46383,2.5698,2.69031,2.43098,2.81649,2.94435,2.07099,2.72414,2.35336,2.58777,2.50262,2.43304,2.65337,1.84875,3.37603,1.20727,3.65512,0.33664,3.83493,-1.11531,1.12459,-1.41313,0.80254,-1.53517,0.53357,-1.61676,0.16719,1.63805,1.9812,1.84835,1.66776,1.75184,1.76892,1.64261,1.87082,1.22624,2.35598,0.77962,2.53917,0.17637,2.65053]},{"time":0.8666,"offset":10,"vertices":[-1.15021,0.54668,-1.21212,0.21589,-1.28701,0.46509,0,0,0,0,0,0,0,0,0,0,0.48202,-0.49773,0.37339,-0.58365,0.54652,-0.53241,0.4947,-0.58088,0.05894,-1.12682,-0.10474,-1.12344,0,0,0,0,0,0,0,0,0,0,0,0,0,0,0,0,0,0,0,0,-2.0418,1.09038,-1.74255,1.52367,-1.28979,1.84178,-0.81733,2.09459,-2.22884,1.12607,-2.05838,1.4138,-1.9182,1.59884,-2.0418,1.09035,-0.81738,2.09459,-1.01504,0.83017,-0.76484,1.01731,-0.59461,1.12529,-0.50239,1.16936,-1.28161,0.59916,-1.19005,0.76504,-1.11387,0.87225,3.56835,-0.6528,3.22387,-1.38263,2.96507,-1.87445,2.80502,-2.10646,3.84616,0.13616,3.82987,-0.37903,3.7781,-0.73305,3.80882,3.37436,2.38685,4.50136,3.29808,-1.21978,3.73423,-0.48424,3.63603,-0.97892,3.52939,-1.31235,6.24271,-5.40094,7.96806,-3.977,7.36513,-5.00612,6.8684,-5.66846,0,0,0,0,0,0,-3.03745,-1.0079,-3.34257,2.65576,-2.95771,3.0786,-2.65906,3.33996,0,0,0,0,0,0,0,0,0,0,0,0,0,0,0,0,0,0,0,0,0,0,0,0,0,0,0,0,0,0,0,0,0,0,0,0,0,0,0,0,0,0,0,0,0,0,0,0,0,0,0,0,0,0,0,0,0,0,0,0,0,0,0,0,0,0,0,0,0,0,0,0,0,0,0,0,0,0,0,0,2.64997,1.66989,2.95867,1.02781,0,0,0,0,0.18196,-1.39019,-0.09835,-1.39857,0.21616,-0.85517,0.09009,-0.87738,0.52491,-0.82423,0.38814,-0.89687,0,0,0,0,0,0,0,0,1.68186,0.39954,1.72113,0.16129,2.36754,-0.52949,2.28475,-0.81574,4.34849,0.99451,4.44238,0.40449,0,0,0,0,0,0,0,0,0,0,0,0,0,0,0,0,0,0,0,0,0,0,0,0,0,0,0,0,0,0,0,0,0,0,0,0,0,0,0,0,0,0,1.69009,0.2727,1.65531,0.09425,1.64099,-0.23706,1.58941,-0.4719,1.65533,0.71367,1.73863,0.47603,0,0,0,0,0,0,0,0,0,0,0,0,0,0,0,0,0,0,0,0,0,0,0,0,0,0,2.7175,1.97657,3.09381,1.31127,2.17956,2.63249,2.52515,2.30304,2.7884,1.97612,3.02747,1.58576,0,0,0,0,0,0,0,0,0,0,0,0,1.84307,0.16715,1.78425,-0.22587,1.75612,0.79075,1.8398,0.56951,1.89941,0.31853,1.92076,0.14077,0,0,0,0,0,0,0,0,0,0,0,0,0,0,0,0,0,0,8.25227,-0.44491,8.58489,1.36883,8.69083,0.2093,8.67261,-0.59868,3.09379,1.31126,3.23849,0.61865,3.29551,0.09943,3.29284,-0.16547,2.7884,1.97609,3.02746,1.58574,3.16161,1.29774]},{"time":1.3333},{"time":1.7666,"offset":16,"vertices":[-1.06305,1.43516,-0.29207,1.75128,-0.38058,1.7342,-1.61074,0.84083,-1.76081,0.44894,0,0,0,0,0,0,0,0,0,0,0,0,0,0,0,0,0,0,0,0,0,0,0,0,0,0,0,0,0,0,0,0,0,0,0,0,0,0,0,0,0,0,0,0,0,0,0,0,0,0,0,0,0,0,0,0,0,0,0,0,0,0,0,0,0,0,0,0,0,0,0,0,0,0,0,0,0,0,-3.02355,1.41388,-3.33743,1.047,-4.61809,3.56663,-5.59647,2.26262,-5.91402,1.2125,-6.03494,-0.17651,-5.98614,-0.68511,-6.01344,-2.23191,-5.51073,-3.28359,-4.61085,-4.46054,-1.90824,0.28927,-2.03561,-0.21753,-1.777,-1.0172,-3.2847,-3.1504,0,0,0,0,0,0,0,0,0,0,0,0,0,0,0,0,0,0,0,0,0,0,0,0,0,0,0,0,0,0,0,0,0,0,0,0,0,0,0,0,0,0,0,0,0,0,0,0,0,0,0,0,0,0,0,0,0,0,0,0,0,0,0,0,0,0,0,0,0,0,0,0,0,0,0,0,0,0,0,0,0,0,0,0,0,0,-0.13139,3.88304,-0.32689,3.87154,-0.11412,2.00746,-0.21587,1.9991,0,0,0,0,0,0,0,0,2.04394,1.26931,1.96954,1.38204,-0.19524,1.67814,-0.29557,1.66342,0,0,0,0,0,0,0,0,0,0,0,0,0,0,0,0,0,0,0,0,0,0,0,0,0,0,0,0,0,0,0,0,0,0,0,0,0,0,0,0,0,0,0,0,-0.08158,2.68191,-0.40273,2.65288,-0.53592,2.62926,-0.23072,2.67476,-0.42014,2.65171,-0.82872,2.5538,-1.16733,2.41805,-0.98939,1.4869,-0.38058,1.73419,-0.62052,1.66369,-0.78276,1.59384,-1.04825,1.48372,-1.26693,1.30205,0,0,0,0,0,0,0,0,0,0,0,0,0,0,0,0,0,0,0,0,0,0,0,0,0,0,-0.01964,2.89625,-0.16558,2.89163,-0.01164,2.89635,-0.46337,2.85921,-0.84673,2.77016,-1.33422,2.57135,-3.51097,2.00037,-3.60736,1.82088,-3.9952,1.38257,-4.146,0.82836,-4.2278,0.06434,-4.13014,-0.90729,-0.58815,2.31868,-0.19952,2.38139,-0.85298,2.23836,-1.1486,2.10221,-1.51023,1.85974,-1.89672,1.46383,2.5698,2.69031,2.43098,2.81649,2.94435,2.07099,2.72414,2.35336,2.58777,2.50262,2.43304,2.65337,1.84875,3.37603,1.20727,3.65512,0.33664,3.83493,-1.11531,1.12459,-1.41313,0.80254,-1.53517,0.53357,-1.61676,0.16719,1.63805,1.9812,1.84835,1.66776,1.75184,1.76892,1.64261,1.87082,1.22624,2.35598,0.77962,2.53917,0.17637,2.65053]},{"time":2.2,"offset":10,"vertices":[-1.15021,0.54668,-1.21212,0.21589,-1.28701,0.46509,0,0,0,0,0,0,0,0,0,0,0.48202,-0.49773,0.37339,-0.58365,0.54652,-0.53241,0.4947,-0.58088,0.05894,-1.12682,-0.10474,-1.12344,0,0,0,0,0,0,0,0,0,0,0,0,0,0,0,0,0,0,0,0,-2.0418,1.09038,-1.74255,1.52367,-1.28979,1.84178,-0.81733,2.09459,-2.22884,1.12607,-2.05838,1.4138,-1.9182,1.59884,-2.0418,1.09035,-0.81738,2.09459,-1.01504,0.83017,-0.76484,1.01731,-0.59461,1.12529,-0.50239,1.16936,-1.28161,0.59916,-1.19005,0.76504,-1.11387,0.87225,3.56835,-0.6528,3.22387,-1.38263,2.96507,-1.87445,2.80502,-2.10646,3.84616,0.13616,3.82987,-0.37903,3.7781,-0.73305,3.80882,3.37436,2.38685,4.50136,3.29808,-1.21978,3.73423,-0.48424,3.63603,-0.97892,3.52939,-1.31235,6.24271,-5.40094,7.96806,-3.977,7.36513,-5.00612,6.8684,-5.66846,0,0,0,0,0,0,-3.03745,-1.0079,-3.34257,2.65576,-2.95771,3.0786,-2.65906,3.33996,0,0,0,0,0,0,0,0,0,0,0,0,0,0,0,0,0,0,0,0,0,0,0,0,0,0,0,0,0,0,0,0,0,0,0,0,0,0,0,0,0,0,0,0,0,0,0,0,0,0,0,0,0,0,0,0,0,0,0,0,0,0,0,0,0,0,0,0,0,0,0,0,0,0,0,0,0,0,0,0,2.64997,1.66989,2.95867,1.02781,0,0,0,0,0.18196,-1.39019,-0.09835,-1.39857,0.21616,-0.85517,0.09009,-0.87738,0.52491,-0.82423,0.38814,-0.89687,0,0,0,0,0,0,0,0,1.68186,0.39954,1.72113,0.16129,2.36754,-0.52949,2.28475,-0.81574,4.34849,0.99451,4.44238,0.40449,0,0,0,0,0,0,0,0,0,0,0,0,0,0,0,0,0,0,0,0,0,0,0,0,0,0,0,0,0,0,0,0,0,0,0,0,0,0,0,0,0,0,1.69009,0.2727,1.65531,0.09425,1.64099,-0.23706,1.58941,-0.4719,1.65533,0.71367,1.73863,0.47603,0,0,0,0,0,0,0,0,0,0,0,0,0,0,0,0,0,0,0,0,0,0,0,0,0,0,2.7175,1.97657,3.09381,1.31127,2.17956,2.63249,2.52515,2.30304,2.7884,1.97612,3.02747,1.58576,0,0,0,0,0,0,0,0,0,0,0,0,1.84307,0.16715,1.78425,-0.22587,1.75612,0.79075,1.8398,0.56951,1.89941,0.31853,1.92076,0.14077,0,0,0,0,0,0,0,0,0,0,0,0,0,0,0,0,0,0,8.25227,-0.44491,8.58489,1.36883,8.69083,0.2093,8.67261,-0.59868,3.09379,1.31126,3.23849,0.61865,3.29551,0.09943,3.29284,-0.16547,2.7884,1.97609,3.02746,1.58574,3.16161,1.29774]},{"time":2.6666}]}}}},"wait_special_DL":{}}}