{"skeleton":{"hash":"uRgxBBFNT3tan1BnWDE4DC9gHPo","spine":"3.1.03","width":228.4,"height":216.99},"bones":[{"name":"root"},{"name":"bone","parent":"root","x":-1.52,"y":67.55},{"name":"MON40078_DL_15","parent":"bone","length":12.28,"x":-0.34,"y":0.81,"rotation":77.35},{"name":"bone2","parent":"MON40078_DL_15","length":15.89,"x":12.28,"rotation":4.88},{"name":"MON40078_DL_10","parent":"bone2","length":16.52,"x":15.34,"rotation":8.11},{"name":"MON40078_DL_2","parent":"MON40078_DL_10","length":10.17,"x":72.93,"y":6.32,"rotation":-4.37},{"name":"MON40078_DL_0","parent":"MON40078_DL_2","length":17.98,"x":-15.58,"y":-34.81,"rotation":-54.08},{"name":"MON40078_DL_1","parent":"MON40078_DL_0","length":10.5,"x":-1.39,"y":-14.02,"rotation":-121.21},{"name":"MON40078_DL_3","parent":"MON40078_DL_2","length":20.28,"x":-6.09,"y":2.49,"rotation":-131.52},{"name":"MON40078_DL_4","parent":"MON40078_DL_2","length":12.29,"x":-8.39,"y":15.47,"rotation":161.8},{"name":"MON40078_DL_5","parent":"MON40078_DL_2","length":12.95,"x":-38.15,"y":-32.94,"rotation":-174.44},{"name":"MON40078_DL_6","parent":"bone2","length":12.22,"x":8.02,"y":-6.18,"rotation":-78.2},{"name":"MON40078_DL_9","parent":"bone2","length":16.65,"x":5.89,"y":-12.73,"rotation":-151.71},{"name":"MON40078_DL_8","parent":"MON40078_DL_9","length":18.55,"x":15.42,"y":-0.3,"rotation":-13.3},{"name":"MON40078_DL_7","parent":"MON40078_DL_8","length":5.56,"x":18.1,"y":-0.15,"rotation":-7.27},{"name":"MON40078_DL_08","parent":"MON40078_DL_10","length":4.18,"x":3.51,"y":9.44,"rotation":96.22},{"name":"MON40078_DL_09","parent":"MON40078_DL_10","length":3.36,"x":4.29,"y":7.52,"rotation":93.72},{"name":"MON40078_DL_011","parent":"MON40078_DL_10","length":5.22,"x":24.11,"y":11.23,"rotation":99.47},{"name":"MON40078_DL_012","parent":"MON40078_DL_10","length":3.38,"x":2.07,"y":9.85,"rotation":96.43},{"name":"MON40078_DL_12","parent":"bone2","length":8.34,"x":6.28,"y":9.31,"rotation":82.49},{"name":"MON40078_DL_013","parent":"MON40078_DL_10","length":2.79,"x":2.57,"y":13.53,"rotation":-0.36},{"name":"MON40078_DL_13","parent":"MON40078_DL_2","length":13.48,"x":-1.48,"y":26.3,"rotation":-43.58},{"name":"MON40078_DL_14","parent":"bone2","length":4.99,"x":-1.67,"y":4.8,"rotation":107.69},{"name":"MON40078_DL_16","parent":"bone","length":8.9,"x":-2.09,"y":-0.91,"rotation":-90.88},{"name":"MON40078_DL_18","parent":"MON40078_DL_16","length":30.39,"x":4.52,"y":11.23,"rotation":7.75},{"name":"MON40078_DL_17","parent":"MON40078_DL_18","length":24.61,"x":29.94,"y":-0.16,"rotation":-6.38},{"name":"MON40078_DL_20","parent":"MON40078_DL_16","length":26.49,"x":8.64,"y":-6.46,"rotation":-5.62},{"name":"MON40078_DL_19","parent":"MON40078_DL_20","length":26.28,"x":26.06,"y":-0.05,"rotation":-3.36},{"name":"MON40078_DL_21","parent":"MON40078_DL_16","length":14.01,"x":4.94,"y":1.14,"rotation":-0.96},{"name":"MON40078_DL_24","parent":"bone2","length":17,"x":3.04,"y":9.76,"rotation":166.31},{"name":"MON40078_DL_23","parent":"MON40078_DL_24","length":20.35,"x":16.21,"y":-0.3,"rotation":-18.53},{"name":"MON40078_DL_22","parent":"MON40078_DL_23","length":6.05,"x":20.03,"y":-0.25,"rotation":-5.05},{"name":"MON40078_DL_25","parent":"MON40078_DL_16","length":11.6,"x":13.05,"y":5.36,"rotation":1.58},{"name":"MON40078_DL_26","parent":"MON40078_DL_2","length":12.43,"x":-41.64,"y":16.98,"rotation":-177.61},{"name":"MON40078_DL_27","parent":"MON40078_DL_22","length":19.33,"x":1.96,"y":0.45,"rotation":-17.4},{"name":"MON40078_DL_28","parent":"MON40078_DL_13","length":16.2,"x":-24.83,"y":-27.95,"rotation":-133.02},{"name":"MON40078_DL_29","parent":"MON40078_DL_10","length":28.84,"x":46.14,"y":-9.08,"rotation":-176.21},{"name":"bone3","parent":"MON40078_DL_21","length":11.1,"x":12.93,"y":-0.04,"rotation":-0.45},{"name":"bone4","parent":"bone3","length":10.07,"x":11.1,"rotation":1.39},{"name":"bone5","parent":"bone4","length":8.61,"x":10.21,"y":0.14,"rotation":-1.1},{"name":"bone6","parent":"bone5","length":7.75,"x":8.46,"y":0.13,"rotation":-1.31},{"name":"bone7","parent":"MON40078_DL_25","length":9.28,"x":11.6,"rotation":-1.62},{"name":"bone8","parent":"bone7","length":8.84,"x":9.28,"rotation":1.8},{"name":"bone9","parent":"bone8","length":9.86,"x":8.84,"y":-0.14,"rotation":-0.1},{"name":"bone10","parent":"MON40078_DL_4","length":9.44,"x":12.29,"y":0.02,"rotation":24.53},{"name":"bone11","parent":"bone10","length":8.06,"x":9.44,"y":-0.02,"rotation":19.81},{"name":"bone12","parent":"MON40078_DL_5","length":11.55,"x":12.95,"rotation":-2.43},{"name":"bone13","parent":"bone12","length":13.82,"x":11.55,"rotation":0.85},{"name":"bone14","parent":"bone13","length":11.02,"x":13.82,"rotation":-0.01},{"name":"bone15","parent":"MON40078_DL_26","length":11.55,"x":12.43,"rotation":2.46},{"name":"bone16","parent":"bone15","length":14.01,"x":11.55,"rotation":1.26},{"name":"bone17","parent":"bone16","length":11.37,"x":14,"y":-0.17,"rotation":-2.14},{"name":"bone18","parent":"MON40078_DL_29","length":24.86,"x":28.82,"y":-0.24,"rotation":-0.96},{"name":"bone19","parent":"bone18","length":24.86,"x":23.92,"y":-0.19,"rotation":-0.03},{"name":"bone20","parent":"bone19","length":22.75,"x":24.86,"rotation":-0.89},{"name":"bone21","parent":"bone20","length":16.99,"x":22.75,"rotation":2.33},{"name":"bone22","parent":"bone21","length":13.11,"x":16.99,"rotation":8.6},{"name":"bone23","parent":"bone22","length":13.29,"x":13.11,"rotation":34.09},{"name":"fx_baoshi","parent":"MON40078_DL_0","length":8.77,"x":18.92,"y":-4.45,"scaleX":2,"scaleY":2,"rotation":20.62},{"name":"fx_dao","parent":"MON40078_DL_27","length":21.48,"x":80.9,"y":-5.14,"scaleX":2,"scaleY":2,"rotation":-0.64},{"name":"fx_long","parent":"MON40078_DL_27","length":15.53,"x":82.38,"y":-16.3,"scaleX":2,"scaleY":2,"rotation":-2.49},{"name":"shadow","parent":"root","length":17.87,"x":7.01,"y":-3.35,"rotation":-91.06}],"slots":[{"name":"shadow","bone":"shadow"},{"name":"MON40078_DL_28","bone":"MON40078_DL_28","attachment":"MON40078_DL_28"},{"name":"MON40078_DL_27","bone":"MON40078_DL_27","attachment":"MON40078_DL_27"},{"name":"MON40078_DL_26","bone":"MON40078_DL_29","attachment":"MON40078_DL_26"},{"name":"MON40078_DL_25","bone":"MON40078_DL_26","attachment":"MON40078_DL_25"},{"name":"MON40078_DL_24","bone":"MON40078_DL_24","attachment":"MON40078_DL_24"},{"name":"MON40078_DL_23","bone":"MON40078_DL_23","attachment":"MON40078_DL_23"},{"name":"MON40078_DL_22","bone":"MON40078_DL_22","attachment":"MON40078_DL_22"},{"name":"MON40078_DL_21","bone":"MON40078_DL_25","attachment":"MON40078_DL_21"},{"name":"MON40078_DL_20","bone":"MON40078_DL_20","attachment":"MON40078_DL_20"},{"name":"MON40078_DL_19","bone":"MON40078_DL_19","attachment":"MON40078_DL_19"},{"name":"MON40078_DL_18","bone":"MON40078_DL_18","attachment":"MON40078_DL_18"},{"name":"MON40078_DL_17","bone":"MON40078_DL_17","attachment":"MON40078_DL_17"},{"name":"MON40078_DL_16","bone":"MON40078_DL_21","attachment":"MON40078_DL_16"},{"name":"MON40078_DL_15","bone":"MON40078_DL_16","attachment":"MON40078_DL_15"},{"name":"MON40078_DL_14","bone":"MON40078_DL_14","attachment":"MON40078_DL_14"},{"name":"MON40078_DL_13","bone":"MON40078_DL_13","attachment":"MON40078_DL_13"},{"name":"MON40078_DL_12","bone":"MON40078_DL_12","attachment":"MON40078_DL_12"},{"name":"MON40078_DL_10","bone":"MON40078_DL_10","attachment":"MON40078_DL_10"},{"name":"MON40078_DL_013","bone":"MON40078_DL_013","attachment":"MON40078_DL_013"},{"name":"MON40078_DL_012","bone":"MON40078_DL_012"},{"name":"MON40078_DL_011","bone":"MON40078_DL_011"},{"name":"MON40078_DL_09","bone":"MON40078_DL_09"},{"name":"MON40078_DL_08","bone":"MON40078_DL_08"},{"name":"MON40078_DL_9","bone":"MON40078_DL_9","attachment":"MON40078_DL_9"},{"name":"MON40078_DL_8","bone":"MON40078_DL_8","attachment":"MON40078_DL_8"},{"name":"MON40078_DL_7","bone":"MON40078_DL_7","attachment":"MON40078_DL_7"},{"name":"MON40078_DL_6","bone":"MON40078_DL_6","attachment":"MON40078_DL_6"},{"name":"MON40078_DL_5","bone":"MON40078_DL_5","attachment":"MON40078_DL_5"},{"name":"MON40078_DL_4","bone":"MON40078_DL_4","attachment":"MON40078_DL_4"},{"name":"MON40078_DL_3","bone":"MON40078_DL_3","attachment":"MON40078_DL_3"},{"name":"MON40078_DL_2","bone":"MON40078_DL_2","attachment":"MON40078_DL_2"},{"name":"MON40078_DL_1","bone":"MON40078_DL_1","attachment":"MON40078_DL_1"},{"name":"MON40078_DL_0","bone":"MON40078_DL_0","attachment":"MON40078_DL_0"},{"name":"fx_baoshi","bone":"fx_baoshi","blend":"additive"},{"name":"fx_dao","bone":"fx_dao","blend":"additive"},{"name":"fx_long","bone":"fx_long","blend":"additive"}],"skins":{"default":{"MON40078_DL_0":{"MON40078_DL_0":{"x":12.35,"y":9.47,"rotation":-32.19,"width":53,"height":92}},"MON40078_DL_011":{"MON40078_DL_011":{"x":-3.25,"y":0.07,"rotation":170.16,"width":48,"height":21}},"MON40078_DL_012":{"MON40078_DL_012":{"x":1.28,"y":-0.16,"rotation":173.2,"width":16,"height":10}},"MON40078_DL_013":{"MON40078_DL_013":{"x":0.02,"y":-1.88,"rotation":-90.02,"width":15,"height":9}},"MON40078_DL_08":{"MON40078_DL_08":{"x":0.74,"y":0.34,"rotation":173.4,"width":18,"height":12}},"MON40078_DL_09":{"MON40078_DL_09":{"x":3.15,"y":0.5,"rotation":175.91,"width":21,"height":11}},"MON40078_DL_1":{"MON40078_DL_1":{"x":13.25,"y":0.07,"rotation":89.26,"width":35,"height":44}},"MON40078_DL_10":{"MON40078_DL_10":{"type":"mesh","uvs":[1,0.61049,0.85057,0.80088,0.74463,0.8109,0.47014,1,0.38106,1,0.21974,0.89857,0.19566,0.74326,0.10704,0.68767,0,0.62051,0,0.46947,0,0.37816,0,0,0.42242,0,1,0,0.21397,0.70232,0.17228,0.61786,0.15473,0.52883,0.16789,0.38729,0.2403,0.24347,0.33685,0.15673,0.14815,0.65895,0.09549,0.54937,0.08232,0.45121,0.0889,0.37131,0.13279,0.27772,0.18545,0.20238,0.26883,0.13846,0.22494,0.08368,0.11962,0.16129,0.04721,0.25717,0.16226,0.44785,0.20526,0.31308],"triangles":[27,11,12,26,27,12,19,26,12,28,11,27,25,28,27,25,27,26,18,25,26,18,26,19,29,11,28,24,28,25,24,25,18,29,28,24,31,24,18,23,29,24,17,23,24,10,11,29,10,29,23,31,17,24,30,23,17,22,10,23,22,23,30,9,10,22,16,22,30,21,22,16,9,22,21,19,12,13,0,19,13,31,30,17,14,15,30,16,30,15,21,16,15,8,9,21,20,21,15,7,8,21,20,7,21,19,14,31,14,30,31,20,15,14,6,20,14,7,20,6,0,2,19,19,31,18,19,2,14,0,1,2,4,5,14,6,14,5,14,3,4,2,3,14],"vertices":[29.26,-53.02,10.5,-37.52,9.58,-26.6,-8.97,1.77,-8.91,10.95,1.22,27.51,16.61,29.89,22.17,38.99,28.88,49.97,43.83,49.89,52.87,49.83,90.31,49.61,90.05,6.1,89.7,-53.38,20.65,27.98,29.04,32.23,37.86,33.98,51.87,32.54,66.06,25,74.58999,15.01,24.99,34.74,35.87,40.09999,45.59,41.4,53.5,40.66999,62.74,36.09999,70.16,30.63,76.44,22,81.89,26.49,74.26999,37.38,64.82,44.9,45.88,33.16,59.19,28.65],"hull":14}},"MON40078_DL_12":{"MON40078_DL_12":{"x":5.7,"y":0.79,"rotation":-164.68,"width":22,"height":14}},"MON40078_DL_13":{"MON40078_DL_13":{"x":16.68,"y":2.73,"rotation":-42.44,"width":41,"height":59}},"MON40078_DL_14":{"MON40078_DL_14":{"x":-1.41,"y":0.01,"rotation":170.04,"width":25,"height":16}},"MON40078_DL_15":{"MON40078_DL_15":{"type":"weightedmesh","uvs":[1,0.40482,0.7024,0.61619,0.70722,0.64085,0.71105,0.66039,1,0.75839,0.35076,1,0,0.80204,0.11152,0.65847,0.11577,0.63201,0.12017,0.60466,0,0.50474,0,0,0.58134,0,1,0,0.50064,0.43172,0.42858,0.66615,0.38246,0.70843,0.40607,0.68679],"triangles":[10,11,14,14,12,0,14,11,12,12,13,0,5,3,4,3,17,2,3,16,17,2,15,1,2,17,15,15,17,9,15,14,1,15,9,14,1,14,0,5,16,3,6,7,5,5,7,16,17,16,8,16,7,8,17,8,9,9,10,14],"vertices":[2,2,17.52,-16.15,0.23113,3,3.84,-16.54,0.76886,2,2,4.79,-8.63,0.91903,3,-8.2,-7.97,0.08096,2,2,3.6,-9.07,0.96189,3,-9.42,-8.3,0.0381,3,23,-2.43,11.48,0.00173,2,2.66,-9.41,0.98124,3,-10.39,-8.57,0.01701,1,2,-0.06,-20.09,1,1,23,15.06,-0.5,1,1,23,5.4,-12.57,1,3,23,-2.22,-8.89,0.9059,2,-1.7,10.49,0.08167,3,-13.05,11.64,0.01241,3,23,-3.57,-8.77,0.81834,2,-0.35,10.64,0.15013,3,-11.69,11.67,0.03151,3,23,-4.96999,-8.64,0.70201,2,1.03,10.8,0.23276,3,-10.29,11.71,0.06522,3,23,-10,-12.8,0.36455,2,5.11,15.9,0.33029,3,-5.79,16.45,0.30515,1,3,19.70999,19.92,1,1,3,22.37,0.34,1,1,3,24.3,-13.75,1,2,2,12.47,0.11,0.5,3,0.19,0.09,0.5,1,2,0.27,-0.11,1,1,23,0.18,0.35,1,1,2,-0.92,0.4,1],"hull":14}},"MON40078_DL_16":{"MON40078_DL_16":{"type":"weightedmesh","uvs":[1,0.27785,1,0.47803,1,0.66294,1,0.84107,1,1,0.41883,1,0,1,0,0.83758,0,0.66285,0,0.47115,0,0.28115,0,0,0.47552,0,1,0,0.46132,0.30325,0.44365,0.49664,0.43654,0.68494,0.42593,0.83423],"triangles":[14,12,0,14,10,12,10,11,12,12,13,0,14,0,1,9,10,14,15,14,1,15,9,14,16,15,2,16,8,15,15,1,2,8,9,15,5,17,4,17,3,4,17,5,7,5,6,7,17,16,3,7,8,17,16,2,3,17,8,16],"vertices":[3,39,-23.08,14.39,0.00403,37,-1.84,14.66,0.49599,28,11.2,14.63,0.49996,2,38,-1.37,15.14,0.50399,37,9.35,15.1,0.496,2,39,-1.52,15.12,0.48799,38,8.97,15.29,0.512,2,39,8.43,15.45,0.51199,40,-0.37,15.31,0.488,1,40,8.51,15.81,1,1,40,9.39,0.15,1,1,40,10.03,-11.14,1,2,39,9.14999,-11.53,0.51199,40,0.94,-11.65,0.488,2,39,-0.62,-11.86,0.48799,38,9.37,-11.69,0.512,2,38,-1.36,-11.85,0.50399,37,10.03,-11.89,0.496,3,39,-21.98,-12.58,0.00403,37,-0.6,-12.3,0.49599,28,12.24,-12.34,0.49996,1,28,-3.49,-12.84,1,1,28,-3.9,-0.01,1,1,28,-4.35,14.13,1,3,39,-21.17,-0.09,0.00403,37,0.14,0.18,0.49599,28,13.08,0.13,0.49996,2,38,-0.11,0.14,0.50399,37,10.98,0.13,0.496,2,39,0.21,-0.03,0.48799,38,10.43,0.1,0.512,2,39,8.58,-0.04,0.51199,40,0.11,-0.17,0.488],"hull":14}},"MON40078_DL_17":{"MON40078_DL_17":{"x":14.62,"y":0.62,"rotation":89.48,"width":14,"height":44}},"MON40078_DL_18":{"MON40078_DL_18":{"x":14.9,"y":-0.61,"rotation":83.11,"width":20,"height":39}},"MON40078_DL_19":{"MON40078_DL_19":{"x":15.08,"y":1.53,"rotation":99.84,"width":16,"height":45}},"MON40078_DL_2":{"MON40078_DL_2":{"x":6.93,"y":-4.14,"rotation":-85.99,"width":80,"height":63}},"MON40078_DL_20":{"MON40078_DL_20":{"x":11.06,"y":0.19,"rotation":96.48,"width":16,"height":35}},"MON40078_DL_21":{"MON40078_DL_21":{"type":"weightedmesh","uvs":[1,0.29472,1,0.52995,1,0.73904,1,1,0.49616,1,0,1,0,0.73896,0,0.54033,0,0.29464,0,0,0.50941,0,1,0,0.49009,0.31559,0.49639,0.51684,0.4899,0.72071],"triangles":[12,10,0,10,12,9,10,11,0,12,8,9,7,12,13,7,8,12,13,0,1,13,12,0,2,14,1,14,13,1,6,7,14,14,7,13,4,2,3,4,6,14,4,14,2,4,5,6],"vertices":[3,42,-9.83,9.34,0.01358,41,-0.84,9.01,0.46038,32,11,9.03,0.52603,4,43,-8.34,9.3,0.0259,42,0.51,9.17,0.48596,41,9.5,9.17,0.48341,32,21.35,8.89999,0.00471,3,43,0.85,9.16,0.57838,42,9.71,9.02,0.40475,41,18.7,9.31,0.01685,1,43,12.33,8.99,1,1,43,12.2,-0.07,1,2,43,12.06,-9,0.99995,42,20.9,-9.16,4.0E-5,3,43,0.58,-8.82,0.54947,42,9.41,-8.97,0.43434,41,18.96999,-8.67,0.01617,4,43,-8.14999,-8.68999,0.02674,42,0.67,-8.83,0.52591,41,10.22999,-8.81,0.44105,32,21.59,-9.09,0.00628,4,43,-18.95999,-8.53,0,42,-10.13,-8.64999,0.00692,41,-0.57,-8.97,0.44677,32,10.78,-8.96,0.54628,2,43,-31.92,-8.34,0,32,-2.18,-8.79,0.99999,1,32,-2.06,0.36,1,1,32,-1.95,9.18999,1,2,41,0.21,-0.14,0.5,32,11.81,-0.15,0.5,2,42,-0.2,0.11,0.5,41,9.06,0.1,0.5,2,43,-0.08,0,0.5,42,8.75,-0.14,0.5],"hull":12}},"MON40078_DL_22":{"MON40078_DL_22":{"x":3,"y":1.6,"rotation":106.59,"width":16,"height":15}},"MON40078_DL_23":{"MON40078_DL_23":{"x":8.18,"y":-1.77,"rotation":130.11,"width":22,"height":28}},"MON40078_DL_24":{"MON40078_DL_24":{"x":8.12,"y":0.15,"rotation":111.56,"width":16,"height":23}},"MON40078_DL_25":{"MON40078_DL_25":{"type":"weightedmesh","uvs":[1,0.26752,1,0.48535,1,0.72336,1,1,0.50649,1,0,1,0,0.73546,0,0.4793,0,0.26348,0,0,0.46862,0,1,0,0.46321,0.28365,0.46862,0.48334,0.49026,0.71731],"triangles":[12,10,0,12,8,10,10,11,0,8,9,10,13,0,1,7,12,13,13,12,0,7,8,12,6,13,14,6,7,13,14,1,2,14,13,1,4,2,3,5,14,4,4,14,2,5,6,14],"vertices":[3,50,-12.23,12.1,0.01359,49,-0.94,11.82,0.39583,33,10.97,11.77,0.59056,4,51,-13.82,11.29,0.00484,50,0.6,11.62,0.52091,49,11.9,11.63,0.4604,33,23.82,12.12,0.01382,4,51,0.21,11.28,0.53115,50,14.63,11.09,0.46219,49,25.94,11.41,0.00663,33,37.84999,12.51,1.0E-5,3,51,16.54,11.28,0.99999,49,42.26,11.16,0,33,54.17,12.97,0,3,51,16.53,0.42,0.99999,49,42.09,0.3,0,33,54.47,2.11999,0,2,51,16.53,-10.71,0.99999,49,41.91999,-10.83,0,3,51,0.92,-10.71,0.5456,50,14.53,-10.91,0.45439,33,39.18,-9.45,0,3,50,-0.57,-10.34,0.48559,49,11.2,-10.35999,0.50563,33,24.07,-9.87,0.00877,3,50,-13.29,-9.87,0.0043,49,-1.52,-10.16,0.38151,33,11.34,-10.22,0.61418,2,50,-28.83,-9.29,3.0E-5,33,-4.19,-10.65,0.99996,3,50,-28.44,1.01,0,49,-16.9,0.38,0,33,-4.46999,-0.35,0.99999,2,50,-28,12.69,0,33,-4.8,11.33,0.99999,2,49,-0.17,0,0.5,33,12.25,0,0.5,2,50,0.05,-0.05,0.5,49,11.6,-0.05,0.5,2,51,-0.14,0.07,0.5,50,13.86,-0.09,0.5],"hull":12}},"MON40078_DL_26":{"MON40078_DL_26":{"type":"weightedmesh","uvs":[1,0.42567,0.90086,0.59019,0.79391,0.73063,0.76103,0.83095,0.74734,0.8898,0.86259,0.94329,0.82695,1,0.5663,1,0.37148,0.92461,0.28365,0.84704,0.20953,0.71999,0.10522,0.58491,0,0.42709,0,0.2666,0,0,0.45342,0,1,0,0.47,0.28661,0.48926,0.43775,0.50578,0.58889,0.51681,0.72798,0.53606,0.83766,0.57176,0.91657],"triangles":[13,14,15,17,15,16,13,15,17,17,16,0,12,13,17,18,17,0,12,17,18,11,12,18,1,19,18,11,18,19,0,1,18,10,11,19,2,20,19,10,19,20,1,2,19,3,20,2,21,20,3,9,10,20,9,20,21,3,22,21,8,9,21,8,21,22,4,22,3,7,8,22,6,4,5,22,4,6,7,22,6],"vertices":[4,54,-24.57,39.68,0.05284,53,0.89,40.04,0.46051,52,24.82,39.84999,0.419,36,54.29,39.18999,0.06762,4,55,-20.07,31.72,0.02189,54,1.4,30.87,0.42318,53,26.73,30.83,0.50172,52,50.66,30.63,0.05319,5,57,-7.51,33.61,7.9E-4,56,-11.95,23.62,0.02998,55,1.63,21.56,0.39749,54,23.51,21.6,0.52117,53,48.69,21.23,0.05053,4,57,1.45,20.06,0.15615,56,3.07,17.42,0.30344,55,17.42,17.69,0.47228,54,39.43999,18.37,0.0681,4,57,7.04,12.4,0.63555,56,11.98,14.22,0.24949,55,26.72,15.85,0.10993,54,48.8,16.92,0.00501,1,57,19.45,12.19,1,1,57,23.54,3.63,1,2,57,8.57,-10.12,0.98552,56,25.89,-3.58,0.01447,3,57,-10.77,-11.53,0.13609,56,10.65,-15.59,0.7147,55,29.86,-13.82,0.14918,3,56,-2.99,-19.39,0.397,55,16.93,-19.62,0.5345,54,40.47,-18.93,0.06848,5,56,-24.11,-20.34,0.01961,55,-3.8,-23.72,0.34282,54,19.92,-23.86,0.55299,53,44.42,-24.17,0.07912,52,68.33,-24.37,0.00543,5,55,-26.01,-30.05,0.01913,54,-2,-31.1,0.36301,53,22.38,-31.07,0.47888,52,46.3,-31.27,0.13361,36,74.61,-32.25999,0.00533,4,54,-27.57,-38.25,0.05212,53,-3.29,-37.84,0.33894,52,20.62,-38.03,0.4753,36,48.82,-38.59999,0.13361,4,54,-53.23,-37.18999,0.00104,53,-28.93,-36.39,0.06576,52,-5.01,-36.57,0.36679,36,23.21,-36.73,0.5664,2,52,-47.6,-34.15,0.00293,36,-19.32,-33.62,0.99706,1,36,-16.74,1.65,1,2,52,-43.17,43.71,0.02057,36,-13.63,44.17,0.97942,2,52,0.26,-0.15,0.5,36,29.08,-0.4,0.5,2,53,0.56,0.16,0.5,52,24.49,-0.03,0.5,2,54,-0.07,0.08,0.5,53,24.78,0.08,0.5,2,55,-0.56,0.06,0.5,54,22.19,0.02,0.5,2,56,0.07,0.1,0.5,55,17.04999,0.11,0.5,2,57,-0.14,-0.01,0.5,56,13,-0.09,0.5],"hull":17}},"MON40078_DL_27":{"MON40078_DL_27":{"x":9.08,"y":-5.27,"rotation":152.13,"width":228,"height":113}},"MON40078_DL_28":{"MON40078_DL_28":{"x":9.83,"y":1.02,"rotation":90.55,"width":13,"height":36}},"MON40078_DL_3":{"MON40078_DL_3":{"x":20.46,"y":5.17,"rotation":45.67,"width":67,"height":56}},"MON40078_DL_4":{"MON40078_DL_4":{"type":"weightedmesh","uvs":[1,0.45805,1,0.70218,1,1,0.59595,1,0,1,0,0.74058,0,0.47487,0,0,0.81849,0,1,0,0.38063,0.48246,0.38721,0.72299],"triangles":[3,1,2,4,11,3,3,11,1,4,5,11,5,10,11,5,6,10,11,10,1,10,0,1,0,10,8,8,10,7,10,6,7,8,9,0],"vertices":[3,9,7.13,10.07,0.69996,44,-0.51,11.29,0.24935,45,-5.53,14.02,0.05068,3,9,15.94,13.69,0.06313,44,8.99,10.92,0.33287,45,3.29,10.45,0.60399,1,45,14.06,6.1,1,1,45,11.33,-0.63,1,2,44,19.91,-7.5,0.00449,45,7.31,-10.58,0.99549,2,44,9.8,-7.11,0.57548,45,-2.06,-6.79,0.42451,2,9,14.58,-6.32,0.43344,44,-0.55,-6.71,0.56655,1,9,-2.54,-13.36,1,1,9,-8.14,0.26,1,1,9,-9.38,3.28,1,2,9,12.25,0.12,0.5,44,0,0.11,0.5,2,44,9.38,-0.12,0.5,45,-0.08,-0.07,0.5],"hull":10}},"MON40078_DL_5":{"MON40078_DL_5":{"type":"weightedmesh","uvs":[1,0.26313,1,0.48426,1,0.73099,1,1,0.51187,1,0,1,0,0.73797,0,0.47495,0,0.2771,0,0,0.51829,0,1,0,0.52472,0.28175,0.5183,0.48193,0.51187,0.72633],"triangles":[10,11,0,8,9,10,12,10,0,8,10,12,13,7,8,12,13,8,12,0,1,13,12,1,14,7,13,13,1,2,14,13,2,6,7,14,4,5,6,4,14,2,4,6,14,4,2,3],"vertices":[3,47,-12.72,10.22999,0.00296,46,-1.32,10.04,0.38276,10,12.05,10.08,0.61426,4,48,-13.72,10.22999,0.00106,47,0.1,10.22999,0.51703,46,11.49,10.22999,0.47804,10,24.87,9.72999,0.00385,3,48,0.58,10.22999,0.53482,47,14.41,10.22999,0.4651,46,25.8,10.43999,6.0E-5,1,48,16.18,10.22999,1,1,48,16.18,-0.01,1,1,48,16.18,-10.76,1,3,48,0.98,-10.76,0.55712,47,14.81,-10.76,0.4416,46,26.52,-10.54,0.00126,3,47,-0.44,-10.76,0.48065,46,11.27,-10.77,0.49939,10,23.75,-11.24,0.01994,3,47,-11.91,-10.76,0.01001,46,-0.2,-10.94,0.45946,10,12.28,-10.92,0.53051,1,10,-3.77,-10.47999,1,1,10,-3.47,0.39,1,1,10,-3.2,10.5,1,2,46,-0.09,0.08,0.5,10,12.86,0.07,0.5,2,47,-0.03,0.12,0.5,46,11.51,0.11,0.5,2,48,0.31,-0.01,0.5,47,14.13,-0.01,0.5],"hull":12}},"MON40078_DL_6":{"MON40078_DL_6":{"x":9.75,"y":0.41,"rotation":-4.03,"width":30,"height":16}},"MON40078_DL_7":{"MON40078_DL_7":{"x":4.87,"y":0.21,"rotation":89.99,"width":12,"height":15}},"MON40078_DL_8":{"MON40078_DL_8":{"x":7.83,"y":-0.63,"rotation":82.72,"width":14,"height":31}},"MON40078_DL_9":{"MON40078_DL_9":{"x":7.16,"y":-0.55,"rotation":69.32,"width":15,"height":24}},"fx_baoshi":{"fx/baoshi_00000":{"rotation":-52.3,"width":40,"height":40},"fx/baoshi_00001":{"rotation":-52.3,"width":40,"height":40},"fx/baoshi_00002":{"rotation":-52.3,"width":40,"height":40},"fx/baoshi_00003":{"rotation":-52.3,"width":40,"height":40},"fx/baoshi_00004":{"rotation":-52.3,"width":40,"height":40}},"fx_dao":{"fx/dao_00000":{"rotation":152.77,"width":69,"height":46},"fx/dao_00001":{"rotation":152.77,"width":69,"height":46},"fx/dao_00002":{"rotation":152.77,"width":69,"height":46},"fx/dao_00003":{"rotation":152.77,"width":69,"height":46},"fx/dao_00004":{"rotation":152.77,"width":69,"height":46}},"fx_long":{"fx/long_00001":{"rotation":154.64,"width":104,"height":71},"fx/long_00002":{"rotation":154.64,"width":104,"height":71},"fx/long_00003":{"rotation":154.64,"width":104,"height":71},"fx/long_00004":{"rotation":154.64,"width":104,"height":71},"fx/long_00005":{"rotation":154.64,"width":104,"height":71},"fx/long_00006":{"rotation":154.64,"width":104,"height":71},"fx/long_00007":{"rotation":154.64,"width":104,"height":71},"fx/long_00008":{"rotation":154.64,"width":104,"height":71},"fx/long_00009":{"rotation":154.64,"width":104,"height":71},"fx/long_00010":{"rotation":154.64,"width":104,"height":71},"fx/long_00011":{"rotation":154.64,"width":104,"height":71}},"shadow":{"shadow":{"x":-3.5,"y":-5.99,"scaleX":1.5,"scaleY":1.5,"rotation":91.04,"width":85,"height":42}}}},"animations":{"wait_D":{"slots":{"MON40078_DL_011":{"attachment":[{"time":0,"name":null},{"time":2.1666,"name":"MON40078_DL_011"},{"time":2.2666,"name":null},{"time":2.4,"name":null}]},"fx_baoshi":{"attachment":[{"time":0,"name":"fx/baoshi_00000"},{"time":0.0333,"name":"fx/baoshi_00001"},{"time":0.0666,"name":"fx/baoshi_00002"},{"time":0.1,"name":"fx/baoshi_00003"},{"time":0.1333,"name":"fx/baoshi_00004"},{"time":0.1666,"name":null},{"time":1.2,"name":"fx/baoshi_00000"},{"time":1.2333,"name":"fx/baoshi_00001"},{"time":1.2666,"name":"fx/baoshi_00002"},{"time":1.3,"name":"fx/baoshi_00003"},{"time":1.3333,"name":"fx/baoshi_00004"},{"time":1.3666,"name":null},{"time":2.4,"name":null}]},"fx_dao":{"attachment":[{"time":0,"name":"fx/dao_00000"},{"time":0.0333,"name":"fx/dao_00001"},{"time":0.0666,"name":"fx/dao_00002"},{"time":0.1,"name":"fx/dao_00003"},{"time":0.1333,"name":"fx/dao_00004"},{"time":0.1666,"name":null},{"time":1.2,"name":"fx/dao_00000"},{"time":1.2333,"name":"fx/dao_00001"},{"time":1.2666,"name":"fx/dao_00002"},{"time":1.3,"name":"fx/dao_00003"},{"time":1.3333,"name":"fx/dao_00004"},{"time":1.3666,"name":null},{"time":2.4,"name":null}]},"fx_long":{"attachment":[{"time":0,"name":null},{"time":0.0333,"name":"fx/long_00001"},{"time":0.0666,"name":"fx/long_00002"},{"time":0.1,"name":"fx/long_00003"},{"time":0.1333,"name":"fx/long_00004"},{"time":0.1666,"name":"fx/long_00005"},{"time":0.2,"name":"fx/long_00006"},{"time":0.2333,"name":"fx/long_00007"},{"time":0.2666,"name":"fx/long_00008"},{"time":0.3,"name":"fx/long_00009"},{"time":0.3333,"name":"fx/long_00010"},{"time":0.3666,"name":"fx/long_00011"},{"time":0.4,"name":null},{"time":1.2,"name":null},{"time":1.2333,"name":"fx/long_00001"},{"time":1.2666,"name":"fx/long_00002"},{"time":1.3,"name":"fx/long_00003"},{"time":1.3333,"name":"fx/long_00004"},{"time":1.3666,"name":"fx/long_00005"},{"time":1.4,"name":"fx/long_00006"},{"time":1.4333,"name":"fx/long_00007"},{"time":1.4666,"name":"fx/long_00008"},{"time":1.5,"name":"fx/long_00009"},{"time":1.5333,"name":"fx/long_00010"},{"time":1.5666,"name":"fx/long_00011"},{"time":1.6,"name":null},{"time":2.4,"name":null}]}},"bones":{"bone":{"rotate":[{"time":0,"angle":0,"curve":"stepped"},{"time":0.5,"angle":0,"curve":"stepped"},{"time":1.2,"angle":0,"curve":"stepped"},{"time":1.7,"angle":0,"curve":"stepped"},{"time":2.4,"angle":0}],"translate":[{"time":0,"x":0,"y":0},{"time":0.5,"x":0,"y":-5.48,"curve":[0.25,0,0.75,1]},{"time":1.2,"x":0,"y":0},{"time":1.7,"x":0,"y":-5.48,"curve":[0.25,0,0.75,1]},{"time":2.4,"x":0,"y":0}],"scale":[{"time":0,"x":1,"y":1},{"time":0.5,"x":1.019,"y":0.975,"curve":[0.25,0,0.75,1]},{"time":1.2,"x":1,"y":1},{"time":1.7,"x":1.019,"y":0.975,"curve":[0.25,0,0.75,1]},{"time":2.4,"x":1,"y":1}]},"MON40078_DL_15":{"rotate":[{"time":0,"angle":0,"curve":"stepped"},{"time":0.5,"angle":0,"curve":"stepped"},{"time":1.2,"angle":0,"curve":"stepped"},{"time":1.7,"angle":0,"curve":"stepped"},{"time":2.4,"angle":0}],"translate":[{"time":0,"x":0,"y":0},{"time":0.5,"x":0,"y":-0.9,"curve":[0.25,0,0.75,1]},{"time":1.2,"x":0,"y":0},{"time":1.7,"x":0,"y":-0.9,"curve":[0.25,0,0.75,1]},{"time":2.4,"x":0,"y":0}],"scale":[{"time":0,"x":1,"y":1,"curve":"stepped"},{"time":0.5,"x":1,"y":1,"curve":"stepped"},{"time":1.2,"x":1,"y":1,"curve":"stepped"},{"time":1.7,"x":1,"y":1,"curve":"stepped"},{"time":2.4,"x":1,"y":1}]},"bone2":{"rotate":[{"time":0,"angle":0,"curve":"stepped"},{"time":0.5,"angle":0,"curve":"stepped"},{"time":1.2,"angle":0,"curve":"stepped"},{"time":1.7,"angle":0,"curve":"stepped"},{"time":2.4,"angle":0}],"translate":[{"time":0,"x":0,"y":0},{"time":0.5,"x":-1.18,"y":-0.26,"curve":[0.25,0,0.75,1]},{"time":1.2,"x":0,"y":0},{"time":1.7,"x":-1.18,"y":-0.26,"curve":[0.25,0,0.75,1]},{"time":2.4,"x":0,"y":0}],"scale":[{"time":0,"x":1,"y":1,"curve":"stepped"},{"time":0.5,"x":1,"y":1,"curve":"stepped"},{"time":1.2,"x":1,"y":1,"curve":"stepped"},{"time":1.7,"x":1,"y":1,"curve":"stepped"},{"time":2.4,"x":1,"y":1}]},"MON40078_DL_16":{"rotate":[{"time":0,"angle":0,"curve":"stepped"},{"time":0.5,"angle":0,"curve":"stepped"},{"time":1.2,"angle":0,"curve":"stepped"},{"time":1.7,"angle":0,"curve":"stepped"},{"time":2.4,"angle":0}],"translate":[{"time":0,"x":0,"y":0,"curve":"stepped"},{"time":0.5,"x":0,"y":0,"curve":"stepped"},{"time":1.2,"x":0,"y":0,"curve":"stepped"},{"time":1.7,"x":0,"y":0,"curve":"stepped"},{"time":2.4,"x":0,"y":0}],"scale":[{"time":0,"x":1,"y":1,"curve":"stepped"},{"time":0.5,"x":1,"y":1,"curve":"stepped"},{"time":1.2,"x":1,"y":1,"curve":"stepped"},{"time":1.7,"x":1,"y":1,"curve":"stepped"},{"time":2.4,"x":1,"y":1}]},"MON40078_DL_6":{"rotate":[{"time":0,"angle":0},{"time":0.4,"angle":6.99},{"time":0.8,"angle":-2.62},{"time":1.2,"angle":0},{"time":1.6,"angle":6.99},{"time":2,"angle":-2.62},{"time":2.4,"angle":0}],"translate":[{"time":0,"x":0,"y":0,"curve":"stepped"},{"time":1.2,"x":0,"y":0,"curve":"stepped"},{"time":2.4,"x":0,"y":0}],"scale":[{"time":0,"x":1,"y":1,"curve":"stepped"},{"time":1.2,"x":1,"y":1,"curve":"stepped"},{"time":2.4,"x":1,"y":1}]},"MON40078_DL_9":{"rotate":[{"time":0,"angle":0},{"time":0.4,"angle":11.2},{"time":0.8,"angle":-2.63},{"time":1.2,"angle":0},{"time":1.6,"angle":11.2},{"time":2,"angle":-2.63},{"time":2.4,"angle":0}],"translate":[{"time":0,"x":0,"y":0,"curve":"stepped"},{"time":0.4,"x":0,"y":0,"curve":"stepped"},{"time":0.8,"x":0,"y":0,"curve":"stepped"},{"time":1.2,"x":0,"y":0,"curve":"stepped"},{"time":1.6,"x":0,"y":0,"curve":"stepped"},{"time":2,"x":0,"y":0,"curve":"stepped"},{"time":2.4,"x":0,"y":0}],"scale":[{"time":0,"x":1,"y":1,"curve":"stepped"},{"time":0.4,"x":1,"y":1,"curve":"stepped"},{"time":0.8,"x":1,"y":1,"curve":"stepped"},{"time":1.2,"x":1,"y":1,"curve":"stepped"},{"time":1.6,"x":1,"y":1,"curve":"stepped"},{"time":2,"x":1,"y":1,"curve":"stepped"},{"time":2.4,"x":1,"y":1}]},"MON40078_DL_8":{"rotate":[{"time":0,"angle":0},{"time":0.4,"angle":-4.11},{"time":0.8,"angle":6.2},{"time":1.2,"angle":0},{"time":1.6,"angle":-4.11},{"time":2,"angle":6.2},{"time":2.4,"angle":0}],"translate":[{"time":0,"x":0,"y":0,"curve":"stepped"},{"time":0.4,"x":0,"y":0,"curve":"stepped"},{"time":0.8,"x":0,"y":0,"curve":"stepped"},{"time":1.2,"x":0,"y":0,"curve":"stepped"},{"time":1.6,"x":0,"y":0,"curve":"stepped"},{"time":2,"x":0,"y":0,"curve":"stepped"},{"time":2.4,"x":0,"y":0}],"scale":[{"time":0,"x":1,"y":1,"curve":"stepped"},{"time":0.4,"x":1,"y":1,"curve":"stepped"},{"time":0.8,"x":1,"y":1,"curve":"stepped"},{"time":1.2,"x":1,"y":1,"curve":"stepped"},{"time":1.6,"x":1,"y":1,"curve":"stepped"},{"time":2,"x":1,"y":1,"curve":"stepped"},{"time":2.4,"x":1,"y":1}]},"MON40078_DL_7":{"rotate":[{"time":0,"angle":0},{"time":0.4,"angle":-6.14},{"time":0.8,"angle":14.13},{"time":1.2,"angle":0},{"time":1.6,"angle":-6.14},{"time":2,"angle":14.13},{"time":2.4,"angle":0}],"translate":[{"time":0,"x":0,"y":0,"curve":"stepped"},{"time":0.4,"x":0,"y":0,"curve":"stepped"},{"time":0.8,"x":0,"y":0,"curve":"stepped"},{"time":1.2,"x":0,"y":0,"curve":"stepped"},{"time":1.6,"x":0,"y":0,"curve":"stepped"},{"time":2,"x":0,"y":0,"curve":"stepped"},{"time":2.4,"x":0,"y":0}],"scale":[{"time":0,"x":1,"y":1,"curve":"stepped"},{"time":0.4,"x":1,"y":1,"curve":"stepped"},{"time":0.8,"x":1,"y":1,"curve":"stepped"},{"time":1.2,"x":1,"y":1,"curve":"stepped"},{"time":1.6,"x":1,"y":1,"curve":"stepped"},{"time":2,"x":1,"y":1,"curve":"stepped"},{"time":2.4,"x":1,"y":1}]},"MON40078_DL_24":{"rotate":[{"time":0,"angle":0},{"time":0.4,"angle":-6.63},{"time":0.8,"angle":3.1},{"time":1.2,"angle":0},{"time":1.6,"angle":-6.63},{"time":2,"angle":3.1},{"time":2.4,"angle":0}],"translate":[{"time":0,"x":0,"y":0,"curve":"stepped"},{"time":0.4,"x":0,"y":0,"curve":"stepped"},{"time":0.8,"x":0,"y":0,"curve":"stepped"},{"time":1.2,"x":0,"y":0,"curve":"stepped"},{"time":1.6,"x":0,"y":0,"curve":"stepped"},{"time":2,"x":0,"y":0,"curve":"stepped"},{"time":2.4,"x":0,"y":0}],"scale":[{"time":0,"x":1,"y":1,"curve":"stepped"},{"time":0.4,"x":1,"y":1,"curve":"stepped"},{"time":0.8,"x":1,"y":1,"curve":"stepped"},{"time":1.2,"x":1,"y":1,"curve":"stepped"},{"time":1.6,"x":1,"y":1,"curve":"stepped"},{"time":2,"x":1,"y":1,"curve":"stepped"},{"time":2.4,"x":1,"y":1}]},"MON40078_DL_23":{"rotate":[{"time":0,"angle":0},{"time":0.4,"angle":12.31},{"time":0.8,"angle":-2.64},{"time":1.2,"angle":0},{"time":1.6,"angle":12.31},{"time":2,"angle":-2.64},{"time":2.4,"angle":0}],"translate":[{"time":0,"x":0,"y":0,"curve":"stepped"},{"time":0.4,"x":0,"y":0,"curve":"stepped"},{"time":0.8,"x":0,"y":0,"curve":"stepped"},{"time":1.2,"x":0,"y":0,"curve":"stepped"},{"time":1.6,"x":0,"y":0,"curve":"stepped"},{"time":2,"x":0,"y":0,"curve":"stepped"},{"time":2.4,"x":0,"y":0}],"scale":[{"time":0,"x":1,"y":1,"curve":"stepped"},{"time":0.4,"x":1,"y":1,"curve":"stepped"},{"time":0.8,"x":1,"y":1,"curve":"stepped"},{"time":1.2,"x":1,"y":1,"curve":"stepped"},{"time":1.6,"x":1,"y":1,"curve":"stepped"},{"time":2,"x":1,"y":1,"curve":"stepped"},{"time":2.4,"x":1,"y":1}]},"MON40078_DL_22":{"rotate":[{"time":0,"angle":0},{"time":0.4,"angle":-11.59},{"time":0.8,"angle":7.1},{"time":1.2,"angle":0},{"time":1.6,"angle":-11.59},{"time":2,"angle":7.1},{"time":2.4,"angle":0}],"translate":[{"time":0,"x":0,"y":0,"curve":"stepped"},{"time":0.4,"x":0,"y":0,"curve":"stepped"},{"time":0.8,"x":0,"y":0,"curve":"stepped"},{"time":1.2,"x":0,"y":0,"curve":"stepped"},{"time":1.6,"x":0,"y":0,"curve":"stepped"},{"time":2,"x":0,"y":0,"curve":"stepped"},{"time":2.4,"x":0,"y":0}],"scale":[{"time":0,"x":1,"y":1,"curve":"stepped"},{"time":0.4,"x":1,"y":1,"curve":"stepped"},{"time":0.8,"x":1,"y":1,"curve":"stepped"},{"time":1.2,"x":1,"y":1,"curve":"stepped"},{"time":1.6,"x":1,"y":1,"curve":"stepped"},{"time":2,"x":1,"y":1,"curve":"stepped"},{"time":2.4,"x":1,"y":1}]},"MON40078_DL_27":{"rotate":[{"time":0,"angle":0,"curve":"stepped"},{"time":0.5,"angle":0,"curve":"stepped"},{"time":1.2,"angle":0,"curve":"stepped"},{"time":1.7,"angle":0,"curve":"stepped"},{"time":2.4,"angle":0}],"translate":[{"time":0,"x":0,"y":0,"curve":"stepped"},{"time":0.5,"x":0,"y":0,"curve":"stepped"},{"time":1.2,"x":0,"y":0,"curve":"stepped"},{"time":1.7,"x":0,"y":0,"curve":"stepped"},{"time":2.4,"x":0,"y":0}],"scale":[{"time":0,"x":1,"y":1,"curve":"stepped"},{"time":0.5,"x":1,"y":1,"curve":"stepped"},{"time":1.2,"x":1,"y":1,"curve":"stepped"},{"time":1.7,"x":1,"y":1,"curve":"stepped"},{"time":2.4,"x":1,"y":1}]},"MON40078_DL_14":{"rotate":[{"time":0,"angle":0,"curve":"stepped"},{"time":1.2,"angle":0,"curve":"stepped"},{"time":2.4,"angle":0}],"translate":[{"time":0,"x":0,"y":0,"curve":"stepped"},{"time":1.2,"x":0,"y":0,"curve":"stepped"},{"time":2.4,"x":0,"y":0}],"scale":[{"time":0,"x":1,"y":1},{"time":0.4,"x":1.098,"y":0.964},{"time":0.8,"x":0.974,"y":1.094},{"time":1.2,"x":1,"y":1},{"time":1.6,"x":1.098,"y":0.964},{"time":2,"x":0.974,"y":1.094},{"time":2.4,"x":1,"y":1}]},"MON40078_DL_20":{"rotate":[{"time":0,"angle":0},{"time":0.5,"angle":-3.69,"curve":[0.25,0,0.75,1]},{"time":1.2,"angle":0},{"time":1.7,"angle":-3.69,"curve":[0.25,0,0.75,1]},{"time":2.4,"angle":0}],"translate":[{"time":0,"x":0,"y":0,"curve":"stepped"},{"time":0.5,"x":0,"y":0,"curve":"stepped"},{"time":1.2,"x":0,"y":0,"curve":"stepped"},{"time":1.7,"x":0,"y":0,"curve":"stepped"},{"time":2.4,"x":0,"y":0}],"scale":[{"time":0,"x":1,"y":1},{"time":0.5,"x":0.933,"y":1,"curve":[0.25,0,0.75,1]},{"time":1.2,"x":1,"y":1},{"time":1.7,"x":0.933,"y":1,"curve":[0.25,0,0.75,1]},{"time":2.4,"x":1,"y":1}]},"MON40078_DL_19":{"rotate":[{"time":0,"angle":0},{"time":0.5,"angle":6.25,"curve":[0.25,0,0.75,1]},{"time":1.2,"angle":0},{"time":1.7,"angle":6.25,"curve":[0.25,0,0.75,1]},{"time":2.4,"angle":0}],"translate":[{"time":0,"x":0,"y":0,"curve":"stepped"},{"time":0.5,"x":0,"y":0,"curve":"stepped"},{"time":1.2,"x":0,"y":0,"curve":"stepped"},{"time":1.7,"x":0,"y":0,"curve":"stepped"},{"time":2.4,"x":0,"y":0}],"scale":[{"time":0,"x":1,"y":1,"curve":"stepped"},{"time":0.5,"x":1,"y":1,"curve":"stepped"},{"time":1.2,"x":1,"y":1,"curve":"stepped"},{"time":1.7,"x":1,"y":1,"curve":"stepped"},{"time":2.4,"x":1,"y":1}]},"MON40078_DL_18":{"rotate":[{"time":0,"angle":0},{"time":0.5,"angle":-3.87,"curve":[0.25,0,0.75,1]},{"time":1.2,"angle":0},{"time":1.7,"angle":-3.87,"curve":[0.25,0,0.75,1]},{"time":2.4,"angle":0}],"translate":[{"time":0,"x":0,"y":0,"curve":"stepped"},{"time":0.5,"x":0,"y":0,"curve":"stepped"},{"time":1.2,"x":0,"y":0,"curve":"stepped"},{"time":1.7,"x":0,"y":0,"curve":"stepped"},{"time":2.4,"x":0,"y":0}],"scale":[{"time":0,"x":1,"y":1},{"time":0.5,"x":0.936,"y":1,"curve":[0.25,0,0.75,1]},{"time":1.2,"x":1,"y":1},{"time":1.7,"x":0.936,"y":1,"curve":[0.25,0,0.75,1]},{"time":2.4,"x":1,"y":1}]},"MON40078_DL_17":{"rotate":[{"time":0,"angle":0},{"time":0.5,"angle":7.48,"curve":[0.25,0,0.75,1]},{"time":1.2,"angle":0},{"time":1.7,"angle":7.48,"curve":[0.25,0,0.75,1]},{"time":2.4,"angle":0}],"translate":[{"time":0,"x":0,"y":0,"curve":"stepped"},{"time":0.5,"x":0,"y":0,"curve":"stepped"},{"time":1.2,"x":0,"y":0,"curve":"stepped"},{"time":1.7,"x":0,"y":0,"curve":"stepped"},{"time":2.4,"x":0,"y":0}],"scale":[{"time":0,"x":1,"y":1,"curve":"stepped"},{"time":0.5,"x":1,"y":1,"curve":"stepped"},{"time":1.2,"x":1,"y":1,"curve":"stepped"},{"time":1.7,"x":1,"y":1,"curve":"stepped"},{"time":2.4,"x":1,"y":1}]},"MON40078_DL_21":{"rotate":[{"time":0,"angle":0},{"time":0.4,"angle":4.12,"curve":[0.25,0,0.75,1]},{"time":0.8,"angle":-4.54,"curve":[0.25,0,0.75,1]},{"time":1.2,"angle":0},{"time":1.6,"angle":4.12,"curve":[0.25,0,0.75,1]},{"time":2,"angle":-4.54,"curve":[0.25,0,0.75,1]},{"time":2.4,"angle":0}],"translate":[{"time":0,"x":0,"y":0,"curve":"stepped"},{"time":0.4,"x":0,"y":0,"curve":"stepped"},{"time":0.8,"x":0,"y":0,"curve":"stepped"},{"time":1.2,"x":0,"y":0,"curve":"stepped"},{"time":1.6,"x":0,"y":0,"curve":"stepped"},{"time":2,"x":0,"y":0,"curve":"stepped"},{"time":2.4,"x":0,"y":0}],"scale":[{"time":0,"x":1,"y":1},{"time":0.6,"x":0.933,"y":1,"curve":[0.375,0.5,0.75,1]},{"time":1.2,"x":1,"y":1},{"time":1.8,"x":0.933,"y":1,"curve":[0.375,0.5,0.75,1]},{"time":2.4,"x":1,"y":1}]},"bone3":{"rotate":[{"time":0,"angle":0},{"time":0.4,"angle":2.3,"curve":[0.25,0,0.75,1]},{"time":0.8,"angle":-4.15,"curve":[0.25,0,0.75,1]},{"time":1.2,"angle":0},{"time":1.6,"angle":2.3,"curve":[0.25,0,0.75,1]},{"time":2,"angle":-4.15,"curve":[0.25,0,0.75,1]},{"time":2.4,"angle":0}],"translate":[{"time":0,"x":0,"y":0,"curve":"stepped"},{"time":0.4,"x":0,"y":0,"curve":[0.25,0,0.75,1]},{"time":0.8,"x":-0.11,"y":1,"curve":[0.25,0,0.75,1]},{"time":1.2,"x":0,"y":0,"curve":"stepped"},{"time":1.6,"x":0,"y":0,"curve":[0.25,0,0.75,1]},{"time":2,"x":-0.11,"y":1,"curve":[0.25,0,0.75,1]},{"time":2.4,"x":0,"y":0}],"scale":[{"time":0,"x":1,"y":1,"curve":"stepped"},{"time":0.4,"x":1,"y":1,"curve":"stepped"},{"time":0.8,"x":1,"y":1,"curve":"stepped"},{"time":1.2,"x":1,"y":1,"curve":"stepped"},{"time":1.6,"x":1,"y":1,"curve":"stepped"},{"time":2,"x":1,"y":1,"curve":"stepped"},{"time":2.4,"x":1,"y":1}]},"bone4":{"rotate":[{"time":0,"angle":0},{"time":0.4,"angle":-6.67,"curve":[0.25,0,0.75,1]},{"time":0.8,"angle":5.56,"curve":[0.25,0,0.75,1]},{"time":1.2,"angle":0},{"time":1.6,"angle":-6.67,"curve":[0.25,0,0.75,1]},{"time":2,"angle":5.56,"curve":[0.25,0,0.75,1]},{"time":2.4,"angle":0}],"translate":[{"time":0,"x":0,"y":0,"curve":"stepped"},{"time":0.4,"x":0,"y":0,"curve":[0.25,0,0.75,1]},{"time":0.8,"x":0.24,"y":-1.24,"curve":[0.25,0,0.75,1]},{"time":1.2,"x":0,"y":0,"curve":"stepped"},{"time":1.6,"x":0,"y":0,"curve":[0.25,0,0.75,1]},{"time":2,"x":0.24,"y":-1.24,"curve":[0.25,0,0.75,1]},{"time":2.4,"x":0,"y":0}],"scale":[{"time":0,"x":1,"y":1,"curve":"stepped"},{"time":0.4,"x":1,"y":1,"curve":"stepped"},{"time":0.8,"x":1,"y":1,"curve":"stepped"},{"time":1.2,"x":1,"y":1,"curve":"stepped"},{"time":1.6,"x":1,"y":1,"curve":"stepped"},{"time":2,"x":1,"y":1,"curve":"stepped"},{"time":2.4,"x":1,"y":1}]},"bone5":{"rotate":[{"time":0,"angle":0},{"time":0.4,"angle":-9.08,"curve":[0.25,0,0.75,1]},{"time":0.8,"angle":7.61,"curve":[0.25,0,0.75,1]},{"time":1.2,"angle":0},{"time":1.6,"angle":-9.08,"curve":[0.25,0,0.75,1]},{"time":2,"angle":7.61,"curve":[0.25,0,0.75,1]},{"time":2.4,"angle":0}],"translate":[{"time":0,"x":0,"y":0},{"time":0.4,"x":-2.45,"y":-0.05,"curve":[0.25,0,0.75,1]},{"time":0.8,"x":0,"y":0,"curve":"stepped"},{"time":1.2,"x":0,"y":0},{"time":1.6,"x":-2.45,"y":-0.05,"curve":[0.25,0,0.75,1]},{"time":2,"x":0,"y":0,"curve":"stepped"},{"time":2.4,"x":0,"y":0}],"scale":[{"time":0,"x":1,"y":1,"curve":"stepped"},{"time":0.4,"x":1,"y":1,"curve":"stepped"},{"time":0.8,"x":1,"y":1,"curve":"stepped"},{"time":1.2,"x":1,"y":1,"curve":"stepped"},{"time":1.6,"x":1,"y":1,"curve":"stepped"},{"time":2,"x":1,"y":1,"curve":"stepped"},{"time":2.4,"x":1,"y":1}]},"bone6":{"rotate":[{"time":0,"angle":0},{"time":0.4,"angle":-3.92},{"time":0.8,"angle":4.41},{"time":1.2,"angle":0},{"time":1.6,"angle":-3.92},{"time":2,"angle":4.41},{"time":2.4,"angle":0}],"translate":[{"time":0,"x":0,"y":0},{"time":0.4,"x":-2.14,"y":-0.43,"curve":[0.25,0,0.75,1]},{"time":0.8,"x":0.06,"y":1.51,"curve":[0.25,0,0.75,1]},{"time":1.2,"x":0,"y":0},{"time":1.6,"x":-2.14,"y":-0.43,"curve":[0.25,0,0.75,1]},{"time":2,"x":0.06,"y":1.51,"curve":[0.25,0,0.75,1]},{"time":2.4,"x":0,"y":0}],"scale":[{"time":0,"x":1,"y":1,"curve":"stepped"},{"time":0.4,"x":1,"y":1,"curve":"stepped"},{"time":0.8,"x":1,"y":1,"curve":"stepped"},{"time":1.2,"x":1,"y":1,"curve":"stepped"},{"time":1.6,"x":1,"y":1,"curve":"stepped"},{"time":2,"x":1,"y":1,"curve":"stepped"},{"time":2.4,"x":1,"y":1}]},"MON40078_DL_25":{"rotate":[{"time":0,"angle":0},{"time":0.4,"angle":4.51,"curve":[0.25,0,0.75,1]},{"time":0.8,"angle":-4.39,"curve":[0.25,0,0.75,1]},{"time":1.2,"angle":0},{"time":1.6,"angle":4.51,"curve":[0.25,0,0.75,1]},{"time":2,"angle":-4.39,"curve":[0.25,0,0.75,1]},{"time":2.4,"angle":0}],"translate":[{"time":0,"x":0,"y":0,"curve":"stepped"},{"time":0.4,"x":0,"y":0,"curve":"stepped"},{"time":0.8,"x":0,"y":0,"curve":"stepped"},{"time":1.2,"x":0,"y":0,"curve":"stepped"},{"time":1.6,"x":0,"y":0,"curve":"stepped"},{"time":2,"x":0,"y":0,"curve":"stepped"},{"time":2.4,"x":0,"y":0}],"scale":[{"time":0,"x":1,"y":1},{"time":0.6,"x":0.856,"y":1,"curve":[0.375,0.5,0.75,1]},{"time":1.2,"x":1,"y":1},{"time":1.8,"x":0.856,"y":1,"curve":[0.375,0.5,0.75,1]},{"time":2.4,"x":1,"y":1}]},"bone7":{"rotate":[{"time":0,"angle":0},{"time":0.4,"angle":1.39,"curve":[0.25,0,0.75,1]},{"time":0.8,"angle":-3.37,"curve":[0.25,0,0.75,1]},{"time":1.2,"angle":0},{"time":1.6,"angle":1.39,"curve":[0.25,0,0.75,1]},{"time":2,"angle":-3.37,"curve":[0.25,0,0.75,1]},{"time":2.4,"angle":0}],"translate":[{"time":0,"x":0,"y":0,"curve":"stepped"},{"time":0.4,"x":0,"y":0,"curve":"stepped"},{"time":0.8,"x":0,"y":0,"curve":"stepped"},{"time":1.2,"x":0,"y":0,"curve":"stepped"},{"time":1.6,"x":0,"y":0,"curve":"stepped"},{"time":2,"x":0,"y":0,"curve":"stepped"},{"time":2.4,"x":0,"y":0}],"scale":[{"time":0,"x":1,"y":1,"curve":"stepped"},{"time":0.4,"x":1,"y":1,"curve":"stepped"},{"time":0.8,"x":1,"y":1,"curve":"stepped"},{"time":1.2,"x":1,"y":1,"curve":"stepped"},{"time":1.6,"x":1,"y":1,"curve":"stepped"},{"time":2,"x":1,"y":1,"curve":"stepped"},{"time":2.4,"x":1,"y":1}]},"bone8":{"rotate":[{"time":0,"angle":0},{"time":0.4,"angle":-9.62,"curve":[0.25,0,0.75,1]},{"time":0.8,"angle":10.45,"curve":[0.25,0,0.75,1]},{"time":1.2,"angle":0},{"time":1.6,"angle":-9.62,"curve":[0.25,0,0.75,1]},{"time":2,"angle":10.45,"curve":[0.25,0,0.75,1]},{"time":2.4,"angle":0}],"translate":[{"time":0,"x":0,"y":0,"curve":"stepped"},{"time":0.4,"x":0,"y":0,"curve":"stepped"},{"time":0.8,"x":0,"y":0,"curve":"stepped"},{"time":1.2,"x":0,"y":0,"curve":"stepped"},{"time":1.6,"x":0,"y":0,"curve":"stepped"},{"time":2,"x":0,"y":0,"curve":"stepped"},{"time":2.4,"x":0,"y":0}],"scale":[{"time":0,"x":1,"y":1,"curve":"stepped"},{"time":0.4,"x":1,"y":1,"curve":"stepped"},{"time":0.8,"x":1,"y":1,"curve":"stepped"},{"time":1.2,"x":1,"y":1,"curve":"stepped"},{"time":1.6,"x":1,"y":1,"curve":"stepped"},{"time":2,"x":1,"y":1,"curve":"stepped"},{"time":2.4,"x":1,"y":1}]},"bone9":{"rotate":[{"time":0,"angle":0},{"time":0.4,"angle":-9.24,"curve":[0.25,0,0.75,1]},{"time":0.8,"angle":11.28,"curve":[0.25,0,0.75,1]},{"time":1.2,"angle":0},{"time":1.6,"angle":-9.24,"curve":[0.25,0,0.75,1]},{"time":2,"angle":11.28,"curve":[0.25,0,0.75,1]},{"time":2.4,"angle":0}],"translate":[{"time":0,"x":0,"y":0,"curve":"stepped"},{"time":0.4,"x":0,"y":0,"curve":"stepped"},{"time":0.8,"x":0,"y":0,"curve":"stepped"},{"time":1.2,"x":0,"y":0,"curve":"stepped"},{"time":1.6,"x":0,"y":0,"curve":"stepped"},{"time":2,"x":0,"y":0,"curve":"stepped"},{"time":2.4,"x":0,"y":0}],"scale":[{"time":0,"x":1,"y":1,"curve":"stepped"},{"time":0.4,"x":1,"y":1,"curve":"stepped"},{"time":0.8,"x":1,"y":1,"curve":"stepped"},{"time":1.2,"x":1,"y":1,"curve":"stepped"},{"time":1.6,"x":1,"y":1,"curve":"stepped"},{"time":2,"x":1,"y":1,"curve":"stepped"},{"time":2.4,"x":1,"y":1}]},"MON40078_DL_10":{"rotate":[{"time":0,"angle":0,"curve":"stepped"},{"time":0.5,"angle":0,"curve":"stepped"},{"time":1.2,"angle":0,"curve":"stepped"},{"time":1.7,"angle":0,"curve":"stepped"},{"time":2.4,"angle":0}],"translate":[{"time":0,"x":0,"y":0},{"time":0.5,"x":-0.72,"y":-0.09,"curve":[0.25,0,0.75,1]},{"time":1.2,"x":0,"y":0},{"time":1.7,"x":-0.72,"y":-0.09,"curve":[0.25,0,0.75,1]},{"time":2.4,"x":0,"y":0}],"scale":[{"time":0,"x":1,"y":1,"curve":"stepped"},{"time":0.5,"x":1,"y":1,"curve":"stepped"},{"time":1.2,"x":1,"y":1,"curve":"stepped"},{"time":1.7,"x":1,"y":1,"curve":"stepped"},{"time":2.4,"x":1,"y":1}]},"MON40078_DL_08":{"rotate":[{"time":0,"angle":0,"curve":"stepped"},{"time":0.5,"angle":0,"curve":"stepped"},{"time":1.2,"angle":0,"curve":"stepped"},{"time":1.7,"angle":0,"curve":"stepped"},{"time":2.4,"angle":0}],"translate":[{"time":0,"x":0,"y":0,"curve":"stepped"},{"time":0.5,"x":0,"y":0,"curve":"stepped"},{"time":1.2,"x":0,"y":0,"curve":"stepped"},{"time":1.7,"x":0,"y":0,"curve":"stepped"},{"time":2.4,"x":0,"y":0}],"scale":[{"time":0,"x":1,"y":1,"curve":"stepped"},{"time":0.5,"x":1,"y":1,"curve":"stepped"},{"time":1.2,"x":1,"y":1,"curve":"stepped"},{"time":1.7,"x":1,"y":1,"curve":"stepped"},{"time":2.4,"x":1,"y":1}]},"MON40078_DL_09":{"rotate":[{"time":0,"angle":0,"curve":"stepped"},{"time":0.5,"angle":0,"curve":"stepped"},{"time":1.2,"angle":0,"curve":"stepped"},{"time":1.7,"angle":0,"curve":"stepped"},{"time":2.4,"angle":0}],"translate":[{"time":0,"x":0,"y":0,"curve":"stepped"},{"time":0.5,"x":0,"y":0,"curve":"stepped"},{"time":1.2,"x":0,"y":0,"curve":"stepped"},{"time":1.7,"x":0,"y":0,"curve":"stepped"},{"time":2.4,"x":0,"y":0}],"scale":[{"time":0,"x":1,"y":1,"curve":"stepped"},{"time":0.5,"x":1,"y":1,"curve":"stepped"},{"time":1.2,"x":1,"y":1,"curve":"stepped"},{"time":1.7,"x":1,"y":1,"curve":"stepped"},{"time":2.4,"x":1,"y":1}]},"MON40078_DL_012":{"rotate":[{"time":0,"angle":0,"curve":"stepped"},{"time":0.5,"angle":0,"curve":"stepped"},{"time":1.2,"angle":0,"curve":"stepped"},{"time":1.7,"angle":0,"curve":"stepped"},{"time":2.4,"angle":0}],"translate":[{"time":0,"x":0,"y":0,"curve":"stepped"},{"time":0.5,"x":0,"y":0,"curve":"stepped"},{"time":1.2,"x":0,"y":0,"curve":"stepped"},{"time":1.7,"x":0,"y":0,"curve":"stepped"},{"time":2.4,"x":0,"y":0}],"scale":[{"time":0,"x":1,"y":1,"curve":"stepped"},{"time":0.5,"x":1,"y":1,"curve":"stepped"},{"time":1.2,"x":1,"y":1,"curve":"stepped"},{"time":1.7,"x":1,"y":1,"curve":"stepped"},{"time":2.4,"x":1,"y":1}]},"MON40078_DL_013":{"rotate":[{"time":0,"angle":0,"curve":"stepped"},{"time":0.5,"angle":0,"curve":"stepped"},{"time":1.2,"angle":0,"curve":"stepped"},{"time":1.7,"angle":0,"curve":"stepped"},{"time":2.4,"angle":0}],"translate":[{"time":0,"x":0,"y":0,"curve":"stepped"},{"time":0.5,"x":0,"y":0,"curve":"stepped"},{"time":1.2,"x":0,"y":0,"curve":"stepped"},{"time":1.7,"x":0,"y":0,"curve":"stepped"},{"time":2.4,"x":0,"y":0}],"scale":[{"time":0,"x":1,"y":1,"curve":"stepped"},{"time":0.5,"x":1,"y":1,"curve":"stepped"},{"time":1.2,"x":1,"y":1,"curve":"stepped"},{"time":1.7,"x":1,"y":1,"curve":"stepped"},{"time":2.4,"x":1,"y":1}]},"MON40078_DL_011":{"rotate":[{"time":0,"angle":0,"curve":"stepped"},{"time":0.5,"angle":0,"curve":"stepped"},{"time":1.2,"angle":0,"curve":"stepped"},{"time":1.7,"angle":0,"curve":"stepped"},{"time":2.4,"angle":0}],"translate":[{"time":0,"x":0,"y":0,"curve":"stepped"},{"time":0.5,"x":0,"y":0,"curve":"stepped"},{"time":1.2,"x":0,"y":0,"curve":"stepped"},{"time":1.7,"x":0,"y":0,"curve":"stepped"},{"time":2.4,"x":0,"y":0}],"scale":[{"time":0,"x":1,"y":1,"curve":"stepped"},{"time":0.5,"x":1,"y":1,"curve":"stepped"},{"time":1.2,"x":1,"y":1,"curve":"stepped"},{"time":1.7,"x":1,"y":1,"curve":"stepped"},{"time":2.4,"x":1,"y":1}]},"MON40078_DL_2":{"rotate":[{"time":0,"angle":0,"curve":"stepped"},{"time":0.5,"angle":0,"curve":"stepped"},{"time":1.2,"angle":0,"curve":"stepped"},{"time":1.7,"angle":0,"curve":"stepped"},{"time":2.4,"angle":0}],"translate":[{"time":0,"x":0,"y":0,"curve":"stepped"},{"time":0.5,"x":0,"y":0,"curve":"stepped"},{"time":1.2,"x":0,"y":0,"curve":"stepped"},{"time":1.7,"x":0,"y":0,"curve":"stepped"},{"time":2.4,"x":0,"y":0}],"scale":[{"time":0,"x":1,"y":1,"curve":"stepped"},{"time":0.5,"x":1,"y":1,"curve":"stepped"},{"time":1.2,"x":1,"y":1,"curve":"stepped"},{"time":1.7,"x":1,"y":1,"curve":"stepped"},{"time":2.4,"x":1,"y":1}]},"MON40078_DL_0":{"rotate":[{"time":0,"angle":0,"curve":"stepped"},{"time":0.5,"angle":0,"curve":"stepped"},{"time":1.2,"angle":0,"curve":"stepped"},{"time":1.7,"angle":0,"curve":"stepped"},{"time":2.4,"angle":0}],"translate":[{"time":0,"x":0,"y":0,"curve":"stepped"},{"time":0.5,"x":0,"y":0,"curve":"stepped"},{"time":1.2,"x":0,"y":0,"curve":"stepped"},{"time":1.7,"x":0,"y":0,"curve":"stepped"},{"time":2.4,"x":0,"y":0}],"scale":[{"time":0,"x":1,"y":1,"curve":"stepped"},{"time":0.5,"x":1,"y":1,"curve":"stepped"},{"time":1.2,"x":1,"y":1,"curve":"stepped"},{"time":1.7,"x":1,"y":1,"curve":"stepped"},{"time":2.4,"x":1,"y":1}]},"MON40078_DL_1":{"rotate":[{"time":0,"angle":0,"curve":"stepped"},{"time":0.5,"angle":0,"curve":"stepped"},{"time":1.2,"angle":0,"curve":"stepped"},{"time":1.7,"angle":0,"curve":"stepped"},{"time":2.4,"angle":0}],"translate":[{"time":0,"x":0,"y":0,"curve":"stepped"},{"time":0.5,"x":0,"y":0,"curve":"stepped"},{"time":1.2,"x":0,"y":0,"curve":"stepped"},{"time":1.7,"x":0,"y":0,"curve":"stepped"},{"time":2.4,"x":0,"y":0}],"scale":[{"time":0,"x":1,"y":1,"curve":"stepped"},{"time":0.5,"x":1,"y":1,"curve":"stepped"},{"time":1.2,"x":1,"y":1,"curve":"stepped"},{"time":1.7,"x":1,"y":1,"curve":"stepped"},{"time":2.4,"x":1,"y":1}]},"MON40078_DL_13":{"rotate":[{"time":0,"angle":0,"curve":"stepped"},{"time":0.5,"angle":0,"curve":"stepped"},{"time":1.2,"angle":0,"curve":"stepped"},{"time":1.7,"angle":0,"curve":"stepped"},{"time":2.4,"angle":0}],"translate":[{"time":0,"x":0,"y":0,"curve":"stepped"},{"time":0.5,"x":0,"y":0,"curve":"stepped"},{"time":1.2,"x":0,"y":0,"curve":"stepped"},{"time":1.7,"x":0,"y":0,"curve":"stepped"},{"time":2.4,"x":0,"y":0}],"scale":[{"time":0,"x":1,"y":1,"curve":"stepped"},{"time":0.5,"x":1,"y":1,"curve":"stepped"},{"time":1.2,"x":1,"y":1,"curve":"stepped"},{"time":1.7,"x":1,"y":1,"curve":"stepped"},{"time":2.4,"x":1,"y":1}]},"MON40078_DL_28":{"rotate":[{"time":0,"angle":0,"curve":"stepped"},{"time":0.5,"angle":0,"curve":"stepped"},{"time":1.2,"angle":0,"curve":"stepped"},{"time":1.7,"angle":0,"curve":"stepped"},{"time":2.4,"angle":0}],"translate":[{"time":0,"x":0,"y":0,"curve":"stepped"},{"time":0.5,"x":0,"y":0,"curve":"stepped"},{"time":1.2,"x":0,"y":0,"curve":"stepped"},{"time":1.7,"x":0,"y":0,"curve":"stepped"},{"time":2.4,"x":0,"y":0}],"scale":[{"time":0,"x":1,"y":1,"curve":"stepped"},{"time":0.5,"x":1,"y":1,"curve":"stepped"},{"time":1.2,"x":1,"y":1,"curve":"stepped"},{"time":1.7,"x":1,"y":1,"curve":"stepped"},{"time":2.4,"x":1,"y":1}]},"MON40078_DL_4":{"rotate":[{"time":0,"angle":0},{"time":0.4,"angle":-2.06},{"time":0.8,"angle":11.02},{"time":1.2,"angle":0},{"time":1.6,"angle":-2.06},{"time":2,"angle":11.02},{"time":2.4,"angle":0}],"translate":[{"time":0,"x":0,"y":0,"curve":"stepped"},{"time":1.2,"x":0,"y":0,"curve":"stepped"},{"time":2.4,"x":0,"y":0}],"scale":[{"time":0,"x":1,"y":1,"curve":"stepped"},{"time":1.2,"x":1,"y":1,"curve":"stepped"},{"time":2.4,"x":1,"y":1}]},"bone10":{"rotate":[{"time":0,"angle":0},{"time":0.4,"angle":-7.34},{"time":0.8,"angle":4.14},{"time":1.2,"angle":0},{"time":1.6,"angle":-7.34},{"time":2,"angle":4.14},{"time":2.4,"angle":0}],"translate":[{"time":0,"x":0,"y":0,"curve":"stepped"},{"time":1.2,"x":0,"y":0,"curve":"stepped"},{"time":2.4,"x":0,"y":0}],"scale":[{"time":0,"x":1,"y":1,"curve":"stepped"},{"time":1.2,"x":1,"y":1,"curve":"stepped"},{"time":2.4,"x":1,"y":1}]},"bone11":{"rotate":[{"time":0,"angle":0},{"time":0.4,"angle":-7.94},{"time":0.8,"angle":3.84},{"time":1.2,"angle":0},{"time":1.6,"angle":-7.94},{"time":2,"angle":3.84},{"time":2.4,"angle":0}],"translate":[{"time":0,"x":0,"y":0,"curve":"stepped"},{"time":1.2,"x":0,"y":0,"curve":"stepped"},{"time":2.4,"x":0,"y":0}],"scale":[{"time":0,"x":1,"y":1,"curve":"stepped"},{"time":1.2,"x":1,"y":1,"curve":"stepped"},{"time":2.4,"x":1,"y":1}]},"MON40078_DL_3":{"rotate":[{"time":0,"angle":0},{"time":0.4,"angle":5.52},{"time":0.8,"angle":-2.92},{"time":1.2,"angle":0},{"time":1.6,"angle":5.52},{"time":2,"angle":-2.92},{"time":2.4,"angle":0}],"translate":[{"time":0,"x":0,"y":0,"curve":"stepped"},{"time":1.2,"x":0,"y":0,"curve":"stepped"},{"time":2.4,"x":0,"y":0}],"scale":[{"time":0,"x":1,"y":1,"curve":"stepped"},{"time":1.2,"x":1,"y":1,"curve":"stepped"},{"time":2.4,"x":1,"y":1}]},"MON40078_DL_5":{"rotate":[{"time":0,"angle":0},{"time":0.4,"angle":6.92},{"time":0.8,"angle":353.58},{"time":1.2,"angle":0},{"time":1.6,"angle":6.92},{"time":2,"angle":353.58},{"time":2.4,"angle":0}],"translate":[{"time":0,"x":0,"y":0,"curve":"stepped"},{"time":0.4,"x":0,"y":0,"curve":"stepped"},{"time":0.8,"x":0,"y":0,"curve":"stepped"},{"time":1.2,"x":0,"y":0,"curve":"stepped"},{"time":1.6,"x":0,"y":0,"curve":"stepped"},{"time":2,"x":0,"y":0,"curve":"stepped"},{"time":2.4,"x":0,"y":0}],"scale":[{"time":0,"x":1,"y":1},{"time":0.6,"x":0.911,"y":1},{"time":1.2,"x":1,"y":1},{"time":1.8,"x":0.911,"y":1},{"time":2.4,"x":1,"y":1}]},"bone12":{"rotate":[{"time":0,"angle":0},{"time":0.4,"angle":9.42},{"time":0.8,"angle":-6.05},{"time":1.2,"angle":0},{"time":1.6,"angle":9.42},{"time":2,"angle":-6.05},{"time":2.4,"angle":0}],"translate":[{"time":0,"x":0,"y":0,"curve":"stepped"},{"time":0.4,"x":0,"y":0,"curve":"stepped"},{"time":0.8,"x":0,"y":0,"curve":"stepped"},{"time":1.2,"x":0,"y":0,"curve":"stepped"},{"time":1.6,"x":0,"y":0,"curve":"stepped"},{"time":2,"x":0,"y":0,"curve":"stepped"},{"time":2.4,"x":0,"y":0}],"scale":[{"time":0,"x":1,"y":1,"curve":"stepped"},{"time":0.4,"x":1,"y":1,"curve":"stepped"},{"time":0.8,"x":1,"y":1,"curve":"stepped"},{"time":1.2,"x":1,"y":1,"curve":"stepped"},{"time":1.6,"x":1,"y":1,"curve":"stepped"},{"time":2,"x":1,"y":1,"curve":"stepped"},{"time":2.4,"x":1,"y":1}]},"bone13":{"rotate":[{"time":0,"angle":0},{"time":0.4,"angle":-10.49},{"time":0.5,"angle":-0.44},{"time":0.8,"angle":-0.5},{"time":0.9,"angle":1.82},{"time":1.2,"angle":0},{"time":1.6,"angle":-10.49},{"time":1.7,"angle":-0.44},{"time":2,"angle":-0.5},{"time":2.1,"angle":1.82},{"time":2.4,"angle":0}],"translate":[{"time":0,"x":0,"y":0,"curve":"stepped"},{"time":0.4,"x":0,"y":0,"curve":"stepped"},{"time":0.8,"x":0,"y":0,"curve":"stepped"},{"time":1.2,"x":0,"y":0,"curve":"stepped"},{"time":1.6,"x":0,"y":0,"curve":"stepped"},{"time":2,"x":0,"y":0,"curve":"stepped"},{"time":2.4,"x":0,"y":0}],"scale":[{"time":0,"x":1,"y":1,"curve":"stepped"},{"time":0.4,"x":1,"y":1,"curve":"stepped"},{"time":0.8,"x":1,"y":1,"curve":"stepped"},{"time":1.2,"x":1,"y":1,"curve":"stepped"},{"time":1.6,"x":1,"y":1,"curve":"stepped"},{"time":2,"x":1,"y":1,"curve":"stepped"},{"time":2.4,"x":1,"y":1}]},"bone14":{"rotate":[{"time":0,"angle":0},{"time":0.4,"angle":-7.2},{"time":0.5,"angle":3.39},{"time":0.8,"angle":15.08},{"time":0.9,"angle":-5.02},{"time":1.2,"angle":0},{"time":1.6,"angle":-7.2},{"time":1.7,"angle":3.39},{"time":2,"angle":15.08},{"time":2.1,"angle":-5.02},{"time":2.4,"angle":0}],"translate":[{"time":0,"x":0,"y":0,"curve":"stepped"},{"time":0.4,"x":0,"y":0,"curve":"stepped"},{"time":0.8,"x":0,"y":0,"curve":"stepped"},{"time":1.2,"x":0,"y":0,"curve":"stepped"},{"time":1.6,"x":0,"y":0,"curve":"stepped"},{"time":2,"x":0,"y":0,"curve":"stepped"},{"time":2.4,"x":0,"y":0}],"scale":[{"time":0,"x":1,"y":1,"curve":"stepped"},{"time":0.4,"x":1,"y":1,"curve":"stepped"},{"time":0.8,"x":1,"y":1,"curve":"stepped"},{"time":1.2,"x":1,"y":1,"curve":"stepped"},{"time":1.6,"x":1,"y":1,"curve":"stepped"},{"time":2,"x":1,"y":1,"curve":"stepped"},{"time":2.4,"x":1,"y":1}]},"MON40078_DL_26":{"rotate":[{"time":0,"angle":0},{"time":0.4,"angle":349.22},{"time":0.8,"angle":3.73},{"time":1.2,"angle":0},{"time":1.6,"angle":349.22},{"time":2,"angle":3.73},{"time":2.4,"angle":0}],"translate":[{"time":0,"x":0,"y":0,"curve":"stepped"},{"time":0.4,"x":0,"y":0,"curve":"stepped"},{"time":0.8,"x":0,"y":0,"curve":"stepped"},{"time":1.2,"x":0,"y":0,"curve":"stepped"},{"time":1.6,"x":0,"y":0,"curve":"stepped"},{"time":2,"x":0,"y":0,"curve":"stepped"},{"time":2.4,"x":0,"y":0}],"scale":[{"time":0,"x":1,"y":1},{"time":0.6,"x":0.942,"y":1},{"time":1.2,"x":1,"y":1},{"time":1.8,"x":0.942,"y":1},{"time":2.4,"x":1,"y":1}]},"bone15":{"rotate":[{"time":0,"angle":0},{"time":0.4,"angle":-6.72},{"time":0.8,"angle":7.27},{"time":1.2,"angle":0},{"time":1.6,"angle":-6.72},{"time":2,"angle":7.27},{"time":2.4,"angle":0}],"translate":[{"time":0,"x":0,"y":0,"curve":"stepped"},{"time":0.4,"x":0,"y":0,"curve":"stepped"},{"time":0.8,"x":0,"y":0,"curve":"stepped"},{"time":1.2,"x":0,"y":0,"curve":"stepped"},{"time":1.6,"x":0,"y":0,"curve":"stepped"},{"time":2,"x":0,"y":0,"curve":"stepped"},{"time":2.4,"x":0,"y":0}],"scale":[{"time":0,"x":1,"y":1,"curve":"stepped"},{"time":0.4,"x":1,"y":1,"curve":"stepped"},{"time":0.8,"x":1,"y":1,"curve":"stepped"},{"time":1.2,"x":1,"y":1,"curve":"stepped"},{"time":1.6,"x":1,"y":1,"curve":"stepped"},{"time":2,"x":1,"y":1,"curve":"stepped"},{"time":2.4,"x":1,"y":1}]},"bone16":{"rotate":[{"time":0,"angle":0},{"time":0.4,"angle":11.81},{"time":0.5333,"angle":2.08},{"time":0.8,"angle":-7.39},{"time":0.9333,"angle":-3.03},{"time":1.2,"angle":0},{"time":1.6,"angle":11.81},{"time":1.7333,"angle":2.08},{"time":2,"angle":-7.39},{"time":2.1333,"angle":-3.03},{"time":2.4,"angle":0}],"translate":[{"time":0,"x":0,"y":0,"curve":"stepped"},{"time":0.4,"x":0,"y":0,"curve":"stepped"},{"time":0.8,"x":0,"y":0,"curve":"stepped"},{"time":1.2,"x":0,"y":0,"curve":"stepped"},{"time":1.6,"x":0,"y":0,"curve":"stepped"},{"time":2,"x":0,"y":0,"curve":"stepped"},{"time":2.4,"x":0,"y":0}],"scale":[{"time":0,"x":1,"y":1,"curve":"stepped"},{"time":0.4,"x":1,"y":1,"curve":"stepped"},{"time":0.8,"x":1,"y":1,"curve":"stepped"},{"time":1.2,"x":1,"y":1,"curve":"stepped"},{"time":1.6,"x":1,"y":1,"curve":"stepped"},{"time":2,"x":1,"y":1,"curve":"stepped"},{"time":2.4,"x":1,"y":1}]},"bone17":{"rotate":[{"time":0,"angle":0},{"time":0.4,"angle":13.62},{"time":0.5333,"angle":-5.03},{"time":0.8,"angle":-11.03},{"time":0.9333,"angle":12.09},{"time":1.2,"angle":0},{"time":1.6,"angle":13.62},{"time":1.7333,"angle":-5.03},{"time":2,"angle":-11.03},{"time":2.1333,"angle":12.09},{"time":2.4,"angle":0}],"translate":[{"time":0,"x":0,"y":0,"curve":"stepped"},{"time":0.4,"x":0,"y":0,"curve":"stepped"},{"time":0.8,"x":0,"y":0,"curve":"stepped"},{"time":1.2,"x":0,"y":0,"curve":"stepped"},{"time":1.6,"x":0,"y":0,"curve":"stepped"},{"time":2,"x":0,"y":0,"curve":"stepped"},{"time":2.4,"x":0,"y":0}],"scale":[{"time":0,"x":1,"y":1,"curve":"stepped"},{"time":0.4,"x":1,"y":1,"curve":"stepped"},{"time":0.8,"x":1,"y":1,"curve":"stepped"},{"time":1.2,"x":1,"y":1,"curve":"stepped"},{"time":1.6,"x":1,"y":1,"curve":"stepped"},{"time":2,"x":1,"y":1,"curve":"stepped"},{"time":2.4,"x":1,"y":1}]},"MON40078_DL_29":{"rotate":[{"time":0,"angle":0},{"time":0.4,"angle":4.68},{"time":0.8,"angle":-2.13},{"time":1.2,"angle":0},{"time":1.6,"angle":4.68},{"time":2,"angle":-2.13},{"time":2.4,"angle":0}],"translate":[{"time":0,"x":0,"y":0,"curve":"stepped"},{"time":0.4,"x":0,"y":0,"curve":"stepped"},{"time":0.8,"x":0,"y":0,"curve":"stepped"},{"time":1.2,"x":0,"y":0,"curve":"stepped"},{"time":1.6,"x":0,"y":0,"curve":"stepped"},{"time":2,"x":0,"y":0,"curve":"stepped"},{"time":2.4,"x":0,"y":0}],"scale":[{"time":0,"x":1,"y":1},{"time":0.6,"x":0.94,"y":1},{"time":1.2,"x":1,"y":1},{"time":1.8,"x":0.94,"y":1},{"time":2.4,"x":1,"y":1}]},"bone18":{"rotate":[{"time":0,"angle":0},{"time":0.4,"angle":3.26},{"time":0.8,"angle":-2.52},{"time":1.2,"angle":0},{"time":1.6,"angle":3.26},{"time":2,"angle":-2.52},{"time":2.4,"angle":0}],"translate":[{"time":0,"x":0,"y":0,"curve":"stepped"},{"time":0.4,"x":0,"y":0,"curve":"stepped"},{"time":0.8,"x":0,"y":0,"curve":"stepped"},{"time":1.2,"x":0,"y":0,"curve":"stepped"},{"time":1.6,"x":0,"y":0,"curve":"stepped"},{"time":2,"x":0,"y":0,"curve":"stepped"},{"time":2.4,"x":0,"y":0}],"scale":[{"time":0,"x":1,"y":1,"curve":"stepped"},{"time":0.4,"x":1,"y":1,"curve":"stepped"},{"time":0.8,"x":1,"y":1,"curve":"stepped"},{"time":1.2,"x":1,"y":1,"curve":"stepped"},{"time":1.6,"x":1,"y":1,"curve":"stepped"},{"time":2,"x":1,"y":1,"curve":"stepped"},{"time":2.4,"x":1,"y":1}]},"bone19":{"rotate":[{"time":0,"angle":0},{"time":0.4,"angle":-6.1},{"time":0.8,"angle":9.59},{"time":1.2,"angle":0},{"time":1.6,"angle":-6.1},{"time":2,"angle":9.59},{"time":2.4,"angle":0}],"translate":[{"time":0,"x":0,"y":0,"curve":"stepped"},{"time":0.4,"x":0,"y":0,"curve":"stepped"},{"time":0.8,"x":0,"y":0,"curve":"stepped"},{"time":1.2,"x":0,"y":0,"curve":"stepped"},{"time":1.6,"x":0,"y":0,"curve":"stepped"},{"time":2,"x":0,"y":0,"curve":"stepped"},{"time":2.4,"x":0,"y":0}],"scale":[{"time":0,"x":1,"y":1,"curve":"stepped"},{"time":0.4,"x":1,"y":1,"curve":"stepped"},{"time":0.8,"x":1,"y":1,"curve":"stepped"},{"time":1.2,"x":1,"y":1,"curve":"stepped"},{"time":1.6,"x":1,"y":1,"curve":"stepped"},{"time":2,"x":1,"y":1,"curve":"stepped"},{"time":2.4,"x":1,"y":1}]},"bone20":{"rotate":[{"time":0,"angle":0},{"time":0.4,"angle":-4.13},{"time":0.8,"angle":6.9},{"time":1.2,"angle":0},{"time":1.6,"angle":-4.13},{"time":2,"angle":6.9},{"time":2.4,"angle":0}],"translate":[{"time":0,"x":0,"y":0,"curve":"stepped"},{"time":0.4,"x":0,"y":0,"curve":"stepped"},{"time":0.8,"x":0,"y":0,"curve":"stepped"},{"time":1.2,"x":0,"y":0,"curve":"stepped"},{"time":1.6,"x":0,"y":0,"curve":"stepped"},{"time":2,"x":0,"y":0,"curve":"stepped"},{"time":2.4,"x":0,"y":0}],"scale":[{"time":0,"x":1,"y":1,"curve":"stepped"},{"time":0.4,"x":1,"y":1,"curve":"stepped"},{"time":0.8,"x":1,"y":1,"curve":"stepped"},{"time":1.2,"x":1,"y":1,"curve":"stepped"},{"time":1.6,"x":1,"y":1,"curve":"stepped"},{"time":2,"x":1,"y":1,"curve":"stepped"},{"time":2.4,"x":1,"y":1}]},"bone21":{"rotate":[{"time":0,"angle":0},{"time":0.4,"angle":-8.25},{"time":0.8,"angle":4.73},{"time":1.2,"angle":0},{"time":1.6,"angle":-8.25},{"time":2,"angle":4.73},{"time":2.4,"angle":0}],"translate":[{"time":0,"x":0,"y":0,"curve":"stepped"},{"time":0.4,"x":0,"y":0,"curve":"stepped"},{"time":0.8,"x":0,"y":0,"curve":"stepped"},{"time":1.2,"x":0,"y":0,"curve":"stepped"},{"time":1.6,"x":0,"y":0,"curve":"stepped"},{"time":2,"x":0,"y":0,"curve":"stepped"},{"time":2.4,"x":0,"y":0}],"scale":[{"time":0,"x":1,"y":1,"curve":"stepped"},{"time":0.4,"x":1,"y":1,"curve":"stepped"},{"time":0.8,"x":1,"y":1,"curve":"stepped"},{"time":1.2,"x":1,"y":1,"curve":"stepped"},{"time":1.6,"x":1,"y":1,"curve":"stepped"},{"time":2,"x":1,"y":1,"curve":"stepped"},{"time":2.4,"x":1,"y":1}]},"bone22":{"rotate":[{"time":0,"angle":-9.62},{"time":0.4,"angle":-14.27},{"time":0.8,"angle":-3.98},{"time":1.2,"angle":-9.62},{"time":1.6,"angle":-14.27},{"time":2,"angle":-3.98},{"time":2.4,"angle":-9.62}],"translate":[{"time":0,"x":0,"y":0,"curve":"stepped"},{"time":0.4,"x":0,"y":0,"curve":"stepped"},{"time":0.8,"x":0,"y":0,"curve":"stepped"},{"time":1.2,"x":0,"y":0,"curve":"stepped"},{"time":1.6,"x":0,"y":0,"curve":"stepped"},{"time":2,"x":0,"y":0,"curve":"stepped"},{"time":2.4,"x":0,"y":0}],"scale":[{"time":0,"x":1,"y":1,"curve":"stepped"},{"time":0.4,"x":1,"y":1,"curve":"stepped"},{"time":0.8,"x":1,"y":1,"curve":"stepped"},{"time":1.2,"x":1,"y":1,"curve":"stepped"},{"time":1.6,"x":1,"y":1,"curve":"stepped"},{"time":2,"x":1,"y":1,"curve":"stepped"},{"time":2.4,"x":1,"y":1}]},"bone23":{"rotate":[{"time":0,"angle":-28.4},{"time":0.4,"angle":-34.71},{"time":0.8,"angle":-14.8},{"time":1.2,"angle":-28.4},{"time":1.6,"angle":-34.71},{"time":2,"angle":-14.8},{"time":2.4,"angle":-28.4}],"translate":[{"time":0,"x":0,"y":0,"curve":"stepped"},{"time":0.4,"x":0,"y":0,"curve":"stepped"},{"time":0.8,"x":0,"y":0,"curve":"stepped"},{"time":1.2,"x":0,"y":0,"curve":"stepped"},{"time":1.6,"x":0,"y":0,"curve":"stepped"},{"time":2,"x":0,"y":0,"curve":"stepped"},{"time":2.4,"x":0,"y":0}],"scale":[{"time":0,"x":1,"y":1,"curve":"stepped"},{"time":0.4,"x":1,"y":1,"curve":"stepped"},{"time":0.8,"x":1,"y":1,"curve":"stepped"},{"time":1.2,"x":1,"y":1,"curve":"stepped"},{"time":1.6,"x":1,"y":1,"curve":"stepped"},{"time":2,"x":1,"y":1,"curve":"stepped"},{"time":2.4,"x":1,"y":1}]},"shadow":{"rotate":[{"time":0,"angle":0,"curve":"stepped"},{"time":0.5,"angle":0,"curve":"stepped"},{"time":1.2,"angle":0,"curve":"stepped"},{"time":1.7,"angle":0,"curve":"stepped"},{"time":2.4,"angle":0}],"translate":[{"time":0,"x":0,"y":0,"curve":"stepped"},{"time":0.5,"x":0,"y":0,"curve":"stepped"},{"time":1.2,"x":0,"y":0,"curve":"stepped"},{"time":1.7,"x":0,"y":0,"curve":"stepped"},{"time":2.4,"x":0,"y":0}],"scale":[{"time":0,"x":1,"y":1},{"time":0.5,"x":1.1,"y":1.1,"curve":[0.25,0,0.75,1]},{"time":1.2,"x":1,"y":1},{"time":1.7,"x":1.1,"y":1.1,"curve":[0.25,0,0.75,1]},{"time":2.4,"x":1,"y":1}]},"MON40078_DL_12":{"rotate":[{"time":0,"angle":0},{"time":0.4,"angle":-1.76},{"time":0.8,"angle":8.03},{"time":1.2,"angle":0},{"time":1.6,"angle":-1.76},{"time":2,"angle":8.03},{"time":2.4,"angle":0}],"translate":[{"time":0,"x":0,"y":0,"curve":"stepped"},{"time":1.2,"x":0,"y":0,"curve":"stepped"},{"time":2.4,"x":0,"y":0}],"scale":[{"time":0,"x":1,"y":1,"curve":"stepped"},{"time":1.2,"x":1,"y":1,"curve":"stepped"},{"time":2.4,"x":1,"y":1}]}},"ffd":{"default":{"MON40078_DL_10":{"MON40078_DL_10":[{"time":0},{"time":0.4,"offset":12,"vertices":[1.2423,-0.00786,0,0,0,0,-0.20085,1.00049,0.20953,0.39836,0,0,0,0,0,0,0,0,0,0,0,0,0,0,0,0,0,0,0.20692,-0.00131,0.4242,1.59606,0.0074,1.199,0.0037,0.59951]},{"time":0.8,"offset":15,"vertices":[-0.88162,0.44435,-1.32531,-0.00131,-0.22039,-0.00271,-0.44082,0,0,0,0,0,0,0,0,0,0,0,0,0,0,0,0,0,0,0,0,-0.01107,-1.76324,-0.00404,-0.6612,-0.0041,-0.6612]},{"time":1.2},{"time":1.6,"offset":12,"vertices":[1.2423,-0.00786,0,0,0,0,-0.20085,1.00049,0.20953,0.39836,0,0,0,0,0,0,0,0,0,0,0,0,0,0,0,0,0,0,0.20692,-0.00131,0.4242,1.59606,0.0074,1.199,0.0037,0.59951]},{"time":2,"offset":15,"vertices":[-0.88162,0.44435,-1.32531,-0.00131,-0.22039,-0.00271,-0.44082,0,0,0,0,0,0,0,0,0,0,0,0,0,0,0,0,0,0,0,0,-0.01107,-1.76324,-0.00404,-0.6612,-0.0041,-0.6612]},{"time":2.4}]},"MON40078_DL_15":{"MON40078_DL_15":[{"time":0},{"time":0.4,"offset":4,"vertices":[0.20907,-0.93173,0.12899,-0.94617,0.10454,-0.46587,0.06448,-0.47309,-0.01163,0.76383,0.16725,-0.74538,0.10316,-0.75694,0,0,0,0,0.01151,-0.76383,0.01149,-0.76383,-0.16721,0.74539,-0.10301,0.75691,0.00718,-0.47739,-0.1045,0.46587,-0.06439,0.47307,0.01147,-0.76382,-0.1672,0.74538,-0.10298,0.75691,0,0,0,0,0,0,0,0,0,0,0,0,0,0,0,0,0,0,1.48407,0.02248,-0.28964,-0.06498]},{"time":0.8,"offset":4,"vertices":[-0.21636,0.9644,-0.13343,0.97933,-0.22632,0.638,-0.17121,0.65496,0.00653,-0.43483,-0.09518,0.42433,-0.05873,0.43089,0,0,0,0,0,0,-0.01203,0.79062,0.17313,-0.77152,0.10671,-0.78348,-0.01351,0.88945,0.19476,-0.86797,0.12004,-0.88142,-0.01206,0.79062,0.17314,-0.77152,0.10672,-0.78348]},{"time":1.2},{"time":1.6,"offset":4,"vertices":[0.20907,-0.93173,0.12899,-0.94617,0.10454,-0.46587,0.06448,-0.47309,-0.01163,0.76383,0.16725,-0.74538,0.10316,-0.75694,0,0,0,0,0.01151,-0.76383,0.01149,-0.76383,-0.16721,0.74539,-0.10301,0.75691,0.00718,-0.47739,-0.1045,0.46587,-0.06439,0.47307,0.01147,-0.76382,-0.1672,0.74538,-0.10298,0.75691,0,0,0,0,0,0,0,0,0,0,0,0,0,0,0,0,0,0,1.48407,0.02248,-0.28964,-0.06498]},{"time":2,"offset":4,"vertices":[-0.21636,0.9644,-0.13343,0.97933,-0.22632,0.638,-0.17121,0.65496,0.00653,-0.43483,-0.09518,0.42433,-0.05873,0.43089,0,0,0,0,0,0,-0.01203,0.79062,0.17313,-0.77152,0.10671,-0.78348,-0.01351,0.88945,0.19476,-0.86797,0.12004,-0.88142,-0.01206,0.79062,0.17314,-0.77152,0.10672,-0.78348]},{"time":2.4}]},"MON40078_DL_16":{"MON40078_DL_16":[{"time":0},{"time":0.4,"vertices":[-0.13936,0.70005,0.05154,0.71184,0.02851,0.71314,-0.24059,0.55519,-0.1889,0.57482,-0.08586,0.42353,-0.0098,0.43201,0.68043,0.44507,0.63721,0.50513,0.46578,-1.34287,2.47603,-2.8854,3.64526,-10.01876,-1.00334,-1.51376,-0.86144,-1.5988,0.11363,-0.57569,0.01024,-0.58668,0,0,0,0,0,0,0,0,0,0,0,0,0,0,0,0,-0.33451,1.68011,0.12371,1.70844,0.06837,1.71155,-0.03461,1.80619,0.13045,1.80173,-0.78879,-0.3579,-0.83952,-0.2131,0.43599,-0.70471,0.49844,-0.66216]},{"time":0.8,"vertices":[-0.24016,-0.78881,-0.04981,-0.82305,-0.11536,-0.81642,-0.50428,-1.87145,-0.27397,-1.91874,-0.07069,-1.59579,0.11083,-1.59349,-0.56715,-2.20649,-0.68513,-2.17274,-0.65275,-1.10994,-0.45403,1.00905,-1.97281,2.89499,0.00184,-0.05995,-0.00136,-0.05996,-0.02651,-0.59842,0.04155,-0.59756,0.01387,-0.19918,0.03787,-0.19604,-0.01765,-0.39895,0.07576,-0.39208,0.04425,-0.39688,0,0,0,0,0,0,-0.53217,-2.80746,0.13636,-2.85419,-0.092,-2.85588,-0.04955,-2.21917,0.21948,-2.20882,-0.29358,-1.97366,-0.06777,-1.99423,-0.06921,-1.64376,-0.1576,-1.63764]},{"time":1.2},{"time":1.6,"vertices":[-0.13936,0.70005,0.05154,0.71184,0.02851,0.71314,-0.24059,0.55519,-0.1889,0.57482,-0.08586,0.42353,-0.0098,0.43201,0.68043,0.44507,0.63721,0.50513,0.46578,-1.34287,2.47603,-2.8854,3.64526,-10.01876,-1.00334,-1.51376,-0.86144,-1.5988,0.11363,-0.57569,0.01024,-0.58668,0,0,0,0,0,0,0,0,0,0,0,0,0,0,0,0,-0.33451,1.68011,0.12371,1.70844,0.06837,1.71155,-0.03461,1.80619,0.13045,1.80173,-0.78879,-0.3579,-0.83952,-0.2131,0.43599,-0.70471,0.49844,-0.66216]},{"time":2,"vertices":[-0.24016,-0.78881,-0.04981,-0.82305,-0.11536,-0.81642,-0.50428,-1.87145,-0.27397,-1.91874,-0.07069,-1.59579,0.11083,-1.59349,-0.56715,-2.20649,-0.68513,-2.17274,-0.65275,-1.10994,-0.45403,1.00905,-1.97281,2.89499,0.00184,-0.05995,-0.00136,-0.05996,-0.02651,-0.59842,0.04155,-0.59756,0.01387,-0.19918,0.03787,-0.19604,-0.01765,-0.39895,0.07576,-0.39208,0.04425,-0.39688,0,0,0,0,0,0,-0.53217,-2.80746,0.13636,-2.85419,-0.092,-2.85588,-0.04955,-2.21917,0.21948,-2.20882,-0.29358,-1.97366,-0.06777,-1.99423,-0.06921,-1.64376,-0.1576,-1.63764]},{"time":2.4}]}}}}}}