{"skeleton":{"hash":"JpJ43xmMsb7ptJILIAvlxpjH6EA","spine":"3.1.03","width":87.13,"height":113.06},"bones":[{"name":"root"},{"name":"bone","parent":"root","x":-1.18,"y":24.12},{"name":"12","parent":"bone","length":9.7,"x":-4.62,"y":-3.92,"rotation":91.36},{"name":"bone2","parent":"12","length":16.88,"x":9.7,"rotation":-18.15},{"name":"5","parent":"bone2","length":16.82,"x":21.9,"y":-15.12,"rotation":-152.53},{"name":"3","parent":"5","length":10.01,"x":15.97,"y":-0.05,"rotation":-9.92},{"name":"4","parent":"3","length":7.79,"x":8.9,"y":0.15,"rotation":1.23},{"name":"1","parent":"4","length":16.98,"x":4.02,"y":-0.14,"rotation":-4.86},{"name":"10","parent":"bone2","length":33.75,"x":19.34,"y":-0.92,"rotation":14.45},{"name":"2","parent":"10","length":26.33,"x":-4.47,"y":-19.53,"rotation":-83.76},{"name":"6","parent":"10","length":18.17,"x":37.61,"y":7.67,"rotation":174.67},{"name":"7","parent":"10","length":10.46,"x":21.07,"y":-7.13,"rotation":-175.88},{"name":"8","parent":"7","length":10.12,"x":10.46,"y":0.16,"rotation":-0.9},{"name":"9","parent":"10","length":10.39,"x":8.12,"y":10.73,"rotation":2.29},{"name":"bone3","parent":"8","length":8.81,"x":10.12,"rotation":2.28},{"name":"11","parent":"bone3","length":6.13,"x":8.57,"y":-0.08,"rotation":-3.25},{"name":"13","parent":"11","length":4.87,"x":6.04,"y":-0.08,"rotation":-0.03},{"name":"14","parent":"10","length":8.4,"x":24.03,"y":19.05,"rotation":-179.33},{"name":"15","parent":"bone2","length":7.96,"x":5.33,"y":3.25,"rotation":33.26},{"name":"16","parent":"12","length":8.39,"x":0.06,"y":-0.25,"rotation":-88.61},{"name":"17","parent":"bone","length":10.95,"x":3.81,"y":-1.93,"rotation":-80.43},{"name":"22","parent":"bone2","length":11.09,"x":14.9,"y":8.22,"rotation":175.29},{"name":"18","parent":"22","length":15.02,"x":10.7,"y":-0.27,"rotation":6.24},{"name":"19","parent":"18","length":6.98,"x":14.72,"y":-0.2,"rotation":1.83},{"name":"20","parent":"10","length":15.65,"x":-3.11,"y":15.85,"rotation":98.42},{"name":"21","parent":"bone2","length":19.87,"x":8.02,"y":1.18,"rotation":54.87},{"name":"23","parent":"17","length":11.32,"x":10.94,"y":-0.1,"rotation":-1.36},{"name":"24","parent":"bone","length":11.33,"x":-6.08,"y":-1.42,"rotation":-93.57},{"name":"25","parent":"24","length":10.66,"x":11.06,"y":-0.12,"rotation":0.29},{"name":"bone4","parent":"14","length":10.91,"x":8.4,"rotation":0.97},{"name":"bone5","parent":"bone4","length":8.76,"x":10.91,"rotation":3.76},{"name":"bone6","parent":"bone5","length":8.27,"x":8.76,"rotation":-2.3},{"name":"bone7","parent":"bone6","length":5.75,"x":8.27,"rotation":0.34},{"name":"shadow","parent":"root","length":20.69,"x":2.57,"y":-0.07,"rotation":0.67}],"slots":[{"name":"stage_sample","bone":"root","color":"ffffff79"},{"name":"shadow","bone":"shadow","attachment":"shadow"},{"name":"21","bone":"21","attachment":"21"},{"name":"22","bone":"22","attachment":"5"},{"name":"20","bone":"20","attachment":"20"},{"name":"19","bone":"19","attachment":"19"},{"name":"18","bone":"18","attachment":"18"},{"name":"17","bone":"24","attachment":"17"},{"name":"16","bone":"25","attachment":"16"},{"name":"15","bone":"17","attachment":"15"},{"name":"14","bone":"23","attachment":"14"},{"name":"13","bone":"14","attachment":"13"},{"name":"12","bone":"12","attachment":"12"},{"name":"11","bone":"16","attachment":"11"},{"name":"10","bone":"10","attachment":"10"},{"name":"9","bone":"9"},{"name":"8","bone":"15","attachment":"8"},{"name":"7","bone":"13","attachment":"7"},{"name":"6","bone":"6","attachment":"6"},{"name":"5","bone":"5","attachment":"5"},{"name":"4","bone":"4","attachment":"4"},{"name":"3","bone":"3","attachment":"3"},{"name":"2","bone":"2","attachment":"2"},{"name":"1","bone":"1","attachment":"1"}],"skins":{"default":{"1":{"1":{"x":-2.85,"y":1.33,"rotation":92.79,"width":32,"height":42}},"10":{"10":{"x":18.15,"y":-3.27,"rotation":-87.7,"width":46,"height":53}},"11":{"11":{"x":4.44,"y":-0.83,"rotation":-2.76,"width":21,"height":12}},"12":{"12":{"type":"weightedmesh","uvs":[1,0.29463,1,0.57139,0.87683,0.73692,0.79507,0.94643,0.68059,1,0.352,1,0.21569,1,0.0942,0.76279,0,0.69813,0,0.44206,0,0.2041,0.08019,0.12134,0.18532,0,0.48348,0,0.85113,0,1,0,0.33144,0.53027,0.5007,0.71623,0.34177,0.24205,0.33467,0.44008,0.59882,0.46534,0.65957,0.20669],"triangles":[21,13,14,18,12,13,18,13,21,11,12,18,14,15,0,21,14,0,18,10,11,18,9,10,19,9,18,20,18,21,20,21,0,19,18,20,16,9,19,16,19,20,20,0,1,8,9,16,17,16,20,2,20,1,17,20,2,7,8,16,5,7,16,3,17,2,5,6,7,16,17,5,4,5,17,3,4,17],"vertices":[2,2,16.71999,-20.64,0.10213,3,13.09,-17.43,0.89786,2,2,8.97,-20.45,0.31057,3,5.67,-19.66,0.68941,2,2,4.42999,-16.53,0.55106,3,0.13,-17.35,0.44892,2,2,-1.37,-13.86,0.80991,3,-6.21,-16.62,0.19008,2,2,-2.78,-10.27,0.88231,3,-8.67,-13.65,0.11768,1,2,-2.54,-0.09,1,1,2,-2.44,4.13,1,2,2,4.28,7.73,0.87716,3,-7.56,5.66,0.12283,2,2,6.15,10.61,0.74577,3,-6.67,8.97999,0.25422,2,2,13.32,10.43999,0.32736,3,0.18,11.05,0.67262,2,2,19.98,10.28,0.07776,3,6.56,12.98,0.92223,2,2,22.18,7.24,0.028,3,9.6,10.76,0.97199,2,2,25.56,4.41,1.6E-4,3,13.7,9.13,0.99983,1,3,16.37,0.28,1,2,2,25.07,-16.21999,0.005,3,19.66,-10.62,0.99499,2,2,24.97,-20.83,0.00751,3,20.99,-15.04,0.99248,2,2,10.61,0.23,0.24464,3,0.79,0.5,0.75535,2,2,5.28,-4.88,0.76188,3,-2.67,-6.02,0.23811,1,3,9.03,0.38,1,1,3,3.37,0.46,1,2,2,12.16,-8.7,0.25437,3,5.04,-7.5,0.74561,2,2,19.39,-10.42,0.02089,3,12.45,-6.88,0.9791],"hull":16}},"13":{"13":{"type":"weightedmesh","uvs":[1,0.20388,1,0.31079,1,0.42572,1,0.59143,1,0.69433,1,0.76516,1,1,0.58087,1,0.16345,1,0.16345,0.84936,0,0.77853,0.18056,0.67963,0,0.55802,0.1549,0.42171,0,0.28807,0.18109,0.17641,0.09075,0,0.60903,0,1,0,0.57572,0.20681,0.57008,0.43163,0.58659,0.6184,0.61417,0.78788,0.6001,0.70142,0.57278,0.32427],"triangles":[7,22,6,22,5,6,8,9,7,7,9,22,9,10,22,10,11,22,11,23,22,5,22,4,22,23,4,11,21,23,4,23,3,23,21,3,11,12,21,12,13,21,13,20,21,3,21,2,21,20,2,20,24,2,20,13,24,24,1,2,13,14,24,14,15,24,24,19,1,24,15,19,19,0,1,19,17,0,19,15,17,17,18,0,15,16,17],"vertices":[2,17,7.88,6.29,0.53917,29,-0.4,6.3,0.46082,3,17,13.01,6.43,0.0496,29,4.71999,6.36,0.90486,30,-5.76,6.75,0.04553,2,29,10.24,6.42,0.52652,30,-0.25,6.45,0.47347,4,17,26.48,6.81,0,29,18.19,6.51,0.00238,30,7.68,6.02,0.65067,31,-1.30999,5.97,0.34693,4,17,31.41,6.95,0,30,12.62,5.75,0.12131,31,3.61,5.9,0.81058,32,-4.62,5.93,0.0681,4,17,34.81,7.05,0,30,16.01,5.56,0.006,31,7.01,5.85,0.64033,32,-1.22,5.86,0.35365,2,17,46.08,7.36,0,32,10.04,5.62,1,1,32,9.91,-0.64999,1,1,32,9.78,-6.91,1,3,17,39.2,-5.37,0,31,10.87,-6.75,0.2784,32,2.55,-6.76,0.72159,4,17,35.87,-7.92,0,30,15.83,-9.43999,0.00406,31,7.44,-9.14999,0.60019,32,-0.89,-9.14,0.39572,4,17,31.05,-5.35,2.0E-5,30,11.24,-6.48,0.26249,31,2.73,-6.37,0.67091,32,-5.58,-6.34,0.06656,4,17,25.29,-8.22,9.0E-5,29,16.75,-8.5,0.04065,30,5.26,-8.87,0.81235,31,-3.14,-9,0.14689,3,29,10.18,-6.25,0.58516,30,-1.13,-6.19,0.4144,31,-9.64999,-6.58,4.1E-4,3,17,12.34,-8.58,0.08966,29,3.8,-8.64,0.90131,30,-7.66,-8.16,0.00901,3,17,6.91,-6.02,0.61318,29,-1.58,-5.99,0.38666,30,-12.87,-5.15,1.4E-4,2,17,-1.51,-7.61,0.99989,30,-21.4,-6.04,1.0E-4,1,17,-1.73,0.15,1,1,17,-1.89,6.01,1,2,17,8.2,-0.06,0.5,29,-0.19,-0.05,0.5,2,29,10.59,-0.02,0.5,30,-0.32,0,0.5,2,30,8.64,-0.24,0.5,31,-0.11,-0.24,0.5,2,31,8.02,0.04,0.5,32,-0.25,0.05,0.5,1,31,3.87,-0.1,1,1,29,5.44,-0.03,1],"hull":19}},"14":{"14":{"x":5.25,"y":-0.17,"rotation":81.77,"width":13,"height":17}},"15":{"15":{"x":6.08,"y":-0.21,"rotation":80.41,"width":12,"height":17}},"16":{"16":{"x":4.49,"y":0.26,"rotation":93.25,"width":13,"height":17}},"17":{"17":{"x":5.45,"y":1.53,"rotation":93.54,"width":11,"height":19}},"18":{"18":{"x":6.82,"y":-0.19,"scaleX":0.974,"scaleY":0.952,"rotation":105.25,"width":15,"height":22}},"19":{"19":{"x":1.92,"y":-0.56,"rotation":94.73,"width":12,"height":12}},"2":{"2":{"x":9.14,"y":6.65,"rotation":-3.93,"width":40,"height":51}},"20":{"20":{"x":6.45,"y":-5.7,"rotation":173.86,"width":20,"height":50}},"21":{"21":{"x":-1.2,"y":-5.13,"rotation":-128.33,"width":77,"height":77}},"22":{"5":{"x":5.18,"y":-0.24,"scaleX":1.003,"scaleY":0.86,"rotation":81.25,"width":13,"height":21}},"3":{"3":{"x":3.64,"y":-0.3,"rotation":89.18,"width":14,"height":17}},"4":{"4":{"x":3.72,"y":-0.66,"rotation":87.94,"width":12,"height":13}},"5":{"5":{"x":8.42,"y":-0.4,"rotation":79.27,"width":13,"height":21}},"6":{"6":{"type":"mesh","uvs":[0.86742,0.17881,0.93039,0.3958,0.93754,0.53508,1,0.68702,1,1,0.90261,1,0.69704,1,0.55074,1,0.24331,1,0.10441,1,0,0.88402,0,0.60137,0,0.35012,0,0.18167,0.12479,0,0.33221,0,0.46369,0,0.54148,0,0.58778,0,0.69704,0,0.47481,0.23306,0.47851,0.5671,0.56,0.80979,0.5637,0.22735,0.60074,0.5357,0.68963,0.76125,0.30443,0.34441,0.33221,0.76696,0.16368,0.33299,0.14886,0.7584,0.31871,0.56173,0.15586,0.55734,0.47617,0.3556,0.57951,0.35893,0.2447,0.17289,0.37165,0.19904,0.67852,0.24162,0.71926,0.37867,0.76186,0.52713,0.88398,0.69151],"triangles":[34,14,15,13,14,34,35,15,16,34,15,35,23,17,18,20,16,17,20,17,23,35,16,20,36,18,19,36,19,0,23,18,36,28,13,34,26,34,35,28,34,26,12,13,28,32,20,23,35,20,32,26,35,32,33,23,36,32,23,33,37,36,0,33,36,37,37,0,1,38,37,1,38,1,2,24,33,37,24,37,38,31,12,28,31,28,26,30,26,32,31,26,30,24,21,32,24,32,33,30,32,21,11,12,31,39,38,2,39,2,3,29,11,31,25,24,38,25,38,39,27,30,21,29,31,30,27,29,30,22,21,24,22,24,25,27,21,22,10,11,29,9,10,29,8,29,27,9,29,8,7,27,22,8,27,7,5,6,25,22,25,6,7,22,6,5,39,3,5,25,39,5,3,4],"vertices":[0.48,16.45999,5.33,19.45999,8.60999,20.17,11.92,22.94,19.36,23.94,19.84,20.37,20.85,12.83,21.57,7.46,23.08,-3.8,23.77,-8.89,21.52,-13.09,14.8,-13.99,8.82,-14.79,4.81,-15.33,-0.11,-11.33,-1.13,-3.73,-1.78,1.08,-2.16,3.94,-2.39,5.63,-2.92,9.64,3.7,2.23,11.63,3.44,17,7.2,3.13,5.48,10.28,7.82,15.21,11.8,7.19,-3.65,17.1,-1.28,7.61,-8.85,17.79999,-8.03,12.29,-2.43,12.98,-8.42,6.61,2.68,6.18,6.48,3.4,-6.39,3.4,-1.65,2.91,9.72999,5.96,11.66,9.29,13.7,12.6,18.7],"hull":20}},"7":{"7":{"type":"weightedmesh","uvs":[1,0.0863,1,0.27094,1,0.39544,1,0.52005,1,0.63718,1,0.71168,1,0.88175,1,1,0.59758,1,0.2106,1,0,0.84582,0.12619,0.72317,0,0.62204,0.11557,0.50006,0,0.35246,0.08275,0.26739,0.09572,0.099,0.19578,0,0.51805,0,0.74795,0,0.54699,0.31467,0.57596,0.54444,0.61221,0.73974,0.59762,0.88334,0.56067,0.42317,0.5933,0.63786],"triangles":[8,23,7,23,6,7,8,9,23,9,10,23,10,11,23,23,22,6,23,11,22,22,5,6,11,25,22,5,22,4,11,12,25,22,25,4,12,13,25,13,21,25,4,25,3,25,21,3,13,24,21,3,21,2,21,24,2,13,14,24,14,15,24,15,20,24,24,20,2,20,1,2,17,20,16,20,15,16,17,18,20,1,20,0,20,18,19,20,19,0],"vertices":[2,11,1.23,7.98,0.99787,12,-9.35,7.68,0.00212,2,11,9.17,7.73,0.64607,12,-1.41,7.54,0.35392,3,11,14.52,7.56,0.13513,12,3.93,7.46,0.81416,14,-5.88,7.7,0.0507,4,11,19.87,7.38,8.7E-4,12,9.29,7.37,0.56418,14,-0.52999,7.4,0.43407,15,-9.52,6.96,8.5E-4,3,12,14.33,7.29,0.1107,14,4.48999,7.11,0.79678,15,-4.48,6.96,0.09251,4,12,17.53,7.23,0.01332,14,7.68,6.93,0.6467,15,-1.28,6.96,0.32886,16,-7.33,7.04,0.0111,3,14,14.99,6.52,0.03623,15,6.03,6.95,0.4943,16,-0.01,7.04,0.46946,2,15,11.11,6.95,0.17041,16,5.06,7.04,0.82958,1,16,5.06,0.2,1,3,14,19.29999,-7.16,0.00202,15,11.11,-6.46,0.17767,16,5.06,-6.37,0.8203,3,14,12.48,-10.35999,0.15541,15,4.46999,-10.04,0.52081,16,-1.56,-9.95,0.32376,4,12,17.78,-7.62,0.04971,14,7.34,-7.92,0.55667,15,-0.79,-7.89,0.34302,16,-6.84,-7.8,0.05058,4,12,13.39,-9.68999,0.24011,14,2.88,-9.81,0.67341,15,-5.14,-10.03,0.08592,16,-11.18,-9.95,5.3E-4,4,11,18.53,-7.61,0.02636,12,8.18,-7.64,0.65076,14,-2.24,-7.55,0.31713,15,-10.38,-8.07,0.00573,3,11,12.13,-9.37,0.31918,12,1.8,-9.5,0.66704,14,-8.68999,-9.16,0.01377,2,11,8.52,-7.84,0.63276,12,-1.82,-8.03,0.36723,2,11,1.29,-7.39,0.9948,12,-9.06,-7.69,0.00519,1,11,-2.91,-5.55,1,1,11,-2.73,-0.08,1,1,11,-2.59999,3.82,1,2,11,10.8,-0.02,0.5,12,0.33,-0.18,0.5,2,12,10.22,0.14,0.5,14,0.1,0.14,0.5,2,14,8.52,0.28,0.5,15,-0.07,0.36,0.5,2,15,6.09,0.11,0.5,16,0.04,0.2,0.5,1,12,5,-0.02,1,1,14,4.12,0.21,1],"hull":20}},"8":{"8":{"x":5.34,"y":-7.36,"rotation":-106.55,"width":31,"height":17}},"9":{"9":{"x":2.45,"y":-3.39,"rotation":-89.99,"width":24,"height":9}},"shadow":{"shadow":{"x":-3.08,"y":-0.23,"scaleX":0.845,"scaleY":0.954,"rotation":-0.67,"width":85,"height":42}}}},"animations":{"wait_DL":{"slots":{"9":{"attachment":[{"time":0,"name":null},{"time":1.2333,"name":"9"},{"time":1.4333,"name":null},{"time":2.4,"name":null}]}},"bones":{"root":{"rotate":[{"time":0,"angle":0,"curve":"stepped"},{"time":1.2,"angle":0,"curve":"stepped"},{"time":2.4,"angle":0}],"translate":[{"time":0,"x":0,"y":0,"curve":"stepped"},{"time":1.2,"x":0,"y":0,"curve":"stepped"},{"time":2.4,"x":0,"y":0}],"scale":[{"time":0,"x":1,"y":1,"curve":"stepped"},{"time":1.2,"x":1,"y":1,"curve":"stepped"},{"time":2.4,"x":1,"y":1}]},"bone":{"rotate":[{"time":0,"angle":0,"curve":"stepped"},{"time":1.2,"angle":0,"curve":"stepped"},{"time":2.4,"angle":0}],"translate":[{"time":0,"x":0,"y":0,"curve":"stepped"},{"time":1.2,"x":0,"y":0,"curve":"stepped"},{"time":2.4,"x":0,"y":0}],"scale":[{"time":0,"x":1,"y":1,"curve":"stepped"},{"time":1.2,"x":1,"y":1,"curve":"stepped"},{"time":2.4,"x":1,"y":1}]},"12":{"rotate":[{"time":0,"angle":0,"curve":[0.25,0,0.75,1]},{"time":0.6,"angle":4.08,"curve":[0.402,0.02,0.75,1]},{"time":1.2,"angle":0},{"time":1.8,"angle":4.08,"curve":[0.402,0.02,0.75,1]},{"time":2.4,"angle":0}],"translate":[{"time":0,"x":0,"y":0,"curve":[0.25,0,0.75,1]},{"time":0.6,"x":0.45,"y":-5.05,"curve":[0.402,0.02,0.75,1]},{"time":1.2,"x":0,"y":0},{"time":1.8,"x":0.45,"y":-5.05,"curve":[0.402,0.02,0.75,1]},{"time":2.4,"x":0,"y":0}],"scale":[{"time":0,"x":1,"y":1,"curve":"stepped"},{"time":1.2,"x":1,"y":1,"curve":"stepped"},{"time":2.4,"x":1,"y":1}]},"bone2":{"rotate":[{"time":0,"angle":0},{"time":0.6,"angle":-1.01},{"time":1.2,"angle":0},{"time":1.8,"angle":-1.01},{"time":2.4,"angle":0}],"translate":[{"time":0,"x":0,"y":0},{"time":0.6,"x":-0.71,"y":0.06},{"time":1.2,"x":0,"y":0},{"time":1.8,"x":-0.71,"y":0.06},{"time":2.4,"x":0,"y":0}],"scale":[{"time":0,"x":1,"y":1,"curve":"stepped"},{"time":1.2,"x":1,"y":1,"curve":"stepped"},{"time":2.4,"x":1,"y":1}]},"10":{"rotate":[{"time":0,"angle":0},{"time":0.6,"angle":2.67},{"time":1.2,"angle":0},{"time":1.8,"angle":2.67},{"time":2.4,"angle":0}],"translate":[{"time":0,"x":0,"y":0},{"time":0.6,"x":-1.88,"y":0.01},{"time":1.2,"x":0,"y":0},{"time":1.8,"x":-1.88,"y":0.01},{"time":2.4,"x":0,"y":0}],"scale":[{"time":0,"x":1,"y":1,"curve":"stepped"},{"time":1.2,"x":1,"y":1,"curve":"stepped"},{"time":2.4,"x":1,"y":1}]},"9":{"rotate":[{"time":0,"angle":0,"curve":"stepped"},{"time":1.2,"angle":0,"curve":"stepped"},{"time":2.4,"angle":0}],"translate":[{"time":0,"x":0,"y":0,"curve":"stepped"},{"time":1.2,"x":0,"y":0,"curve":"stepped"},{"time":2.4,"x":0,"y":0}],"scale":[{"time":0,"x":1,"y":1,"curve":"stepped"},{"time":1.2,"x":1,"y":1,"curve":"stepped"},{"time":2.4,"x":1,"y":1}]},"7":{"rotate":[{"time":0,"angle":0},{"time":0.4,"angle":14.2},{"time":0.8,"angle":-3.97},{"time":1.2,"angle":0},{"time":1.6,"angle":14.2},{"time":2,"angle":-3.97},{"time":2.4,"angle":0}],"translate":[{"time":0,"x":0,"y":0,"curve":"stepped"},{"time":0.4,"x":0,"y":0,"curve":"stepped"},{"time":0.8,"x":0,"y":0,"curve":"stepped"},{"time":1.2,"x":0,"y":0,"curve":"stepped"},{"time":1.6,"x":0,"y":0,"curve":"stepped"},{"time":2,"x":0,"y":0,"curve":"stepped"},{"time":2.4,"x":0,"y":0}],"scale":[{"time":0,"x":1,"y":1,"curve":"stepped"},{"time":0.4,"x":1,"y":1,"curve":"stepped"},{"time":0.8,"x":1,"y":1,"curve":"stepped"},{"time":1.2,"x":1,"y":1,"curve":"stepped"},{"time":1.6,"x":1,"y":1,"curve":"stepped"},{"time":2,"x":1,"y":1,"curve":"stepped"},{"time":2.4,"x":1,"y":1}]},"8":{"rotate":[{"time":0,"angle":0},{"time":0.4,"angle":9.31},{"time":0.8,"angle":10.69},{"time":1.2,"angle":0},{"time":1.6,"angle":9.31},{"time":2,"angle":10.69},{"time":2.4,"angle":0}],"translate":[{"time":0,"x":0,"y":0,"curve":"stepped"},{"time":0.4,"x":0,"y":0,"curve":"stepped"},{"time":0.8,"x":0,"y":0,"curve":"stepped"},{"time":1.2,"x":0,"y":0,"curve":"stepped"},{"time":1.6,"x":0,"y":0,"curve":"stepped"},{"time":2,"x":0,"y":0,"curve":"stepped"},{"time":2.4,"x":0,"y":0}],"scale":[{"time":0,"x":1,"y":1,"curve":"stepped"},{"time":0.4,"x":1,"y":1,"curve":"stepped"},{"time":0.8,"x":1,"y":1,"curve":"stepped"},{"time":1.2,"x":1,"y":1,"curve":"stepped"},{"time":1.6,"x":1,"y":1,"curve":"stepped"},{"time":2,"x":1,"y":1,"curve":"stepped"},{"time":2.4,"x":1,"y":1}]},"bone3":{"rotate":[{"time":0,"angle":0},{"time":0.1666,"angle":-6.45},{"time":0.4,"angle":4.48},{"time":0.8,"angle":12.88},{"time":1.2,"angle":0},{"time":1.3666,"angle":-6.45},{"time":1.6,"angle":4.48},{"time":2,"angle":12.88},{"time":2.4,"angle":0}],"translate":[{"time":0,"x":0,"y":0,"curve":"stepped"},{"time":0.4,"x":0,"y":0,"curve":"stepped"},{"time":0.8,"x":0,"y":0,"curve":"stepped"},{"time":1.2,"x":0,"y":0,"curve":"stepped"},{"time":1.6,"x":0,"y":0,"curve":"stepped"},{"time":2,"x":0,"y":0,"curve":"stepped"},{"time":2.4,"x":0,"y":0}],"scale":[{"time":0,"x":1,"y":1,"curve":"stepped"},{"time":0.4,"x":1,"y":1,"curve":"stepped"},{"time":0.8,"x":1,"y":1,"curve":"stepped"},{"time":1.2,"x":1,"y":1,"curve":"stepped"},{"time":1.6,"x":1,"y":1,"curve":"stepped"},{"time":2,"x":1,"y":1,"curve":"stepped"},{"time":2.4,"x":1,"y":1}]},"11":{"rotate":[{"time":0,"angle":0},{"time":0.1666,"angle":-9.79},{"time":0.4,"angle":-10.76},{"time":0.8,"angle":17.24},{"time":1.2,"angle":0},{"time":1.3666,"angle":-9.79},{"time":1.6,"angle":-10.76},{"time":2,"angle":17.24},{"time":2.4,"angle":0}],"translate":[{"time":0,"x":0,"y":0,"curve":"stepped"},{"time":0.4,"x":0,"y":0,"curve":"stepped"},{"time":0.8,"x":0,"y":0,"curve":"stepped"},{"time":1.2,"x":0,"y":0,"curve":"stepped"},{"time":1.6,"x":0,"y":0,"curve":"stepped"},{"time":2,"x":0,"y":0,"curve":"stepped"},{"time":2.4,"x":0,"y":0}],"scale":[{"time":0,"x":1,"y":1,"curve":"stepped"},{"time":0.4,"x":1,"y":1,"curve":"stepped"},{"time":0.8,"x":1,"y":1,"curve":"stepped"},{"time":1.2,"x":1,"y":1,"curve":"stepped"},{"time":1.6,"x":1,"y":1,"curve":"stepped"},{"time":2,"x":1,"y":1,"curve":"stepped"},{"time":2.4,"x":1,"y":1}]},"13":{"rotate":[{"time":0,"angle":0},{"time":0.4,"angle":-12.18},{"time":0.8,"angle":18.32},{"time":1.2,"angle":0},{"time":1.6,"angle":-12.18},{"time":2,"angle":18.32},{"time":2.4,"angle":0}],"translate":[{"time":0,"x":0,"y":0,"curve":"stepped"},{"time":0.4,"x":0,"y":0,"curve":"stepped"},{"time":0.8,"x":0,"y":0,"curve":"stepped"},{"time":1.2,"x":0,"y":0,"curve":"stepped"},{"time":1.6,"x":0,"y":0,"curve":"stepped"},{"time":2,"x":0,"y":0,"curve":"stepped"},{"time":2.4,"x":0,"y":0}],"scale":[{"time":0,"x":1,"y":1,"curve":"stepped"},{"time":0.4,"x":1,"y":1,"curve":"stepped"},{"time":0.8,"x":1,"y":1,"curve":"stepped"},{"time":1.2,"x":1,"y":1,"curve":"stepped"},{"time":1.6,"x":1,"y":1,"curve":"stepped"},{"time":2,"x":1,"y":1,"curve":"stepped"},{"time":2.4,"x":1,"y":1}]},"14":{"rotate":[{"time":0,"angle":0},{"time":0.4,"angle":357.5},{"time":0.8,"angle":3.99},{"time":1.2,"angle":0},{"time":1.6,"angle":357.5},{"time":2,"angle":3.99},{"time":2.4,"angle":0}],"translate":[{"time":0,"x":0,"y":0,"curve":"stepped"},{"time":0.4,"x":0,"y":0,"curve":"stepped"},{"time":0.8,"x":0,"y":0,"curve":"stepped"},{"time":1.2,"x":0,"y":0,"curve":"stepped"},{"time":1.6,"x":0,"y":0,"curve":"stepped"},{"time":2,"x":0,"y":0,"curve":"stepped"},{"time":2.4,"x":0,"y":0}],"scale":[{"time":0,"x":1,"y":1,"curve":"stepped"},{"time":0.4,"x":1,"y":1,"curve":"stepped"},{"time":0.8,"x":1,"y":1,"curve":"stepped"},{"time":1.2,"x":1,"y":1,"curve":"stepped"},{"time":1.6,"x":1,"y":1,"curve":"stepped"},{"time":2,"x":1,"y":1,"curve":"stepped"},{"time":2.4,"x":1,"y":1}]},"bone4":{"rotate":[{"time":0,"angle":0},{"time":0.4,"angle":-5.83},{"time":0.8,"angle":-5.35},{"time":1.2,"angle":0},{"time":1.6,"angle":-5.83},{"time":2,"angle":-5.35},{"time":2.4,"angle":0}],"translate":[{"time":0,"x":0,"y":0,"curve":"stepped"},{"time":0.4,"x":0,"y":0,"curve":"stepped"},{"time":0.8,"x":0,"y":0,"curve":"stepped"},{"time":1.2,"x":0,"y":0,"curve":"stepped"},{"time":1.6,"x":0,"y":0,"curve":"stepped"},{"time":2,"x":0,"y":0,"curve":"stepped"},{"time":2.4,"x":0,"y":0}],"scale":[{"time":0,"x":1,"y":1,"curve":"stepped"},{"time":0.4,"x":1,"y":1,"curve":"stepped"},{"time":0.8,"x":1,"y":1,"curve":"stepped"},{"time":1.2,"x":1,"y":1,"curve":"stepped"},{"time":1.6,"x":1,"y":1,"curve":"stepped"},{"time":2,"x":1,"y":1,"curve":"stepped"},{"time":2.4,"x":1,"y":1}]},"bone5":{"rotate":[{"time":0,"angle":0},{"time":0.1666,"angle":-2.06},{"time":0.4,"angle":-11.31},{"time":0.8,"angle":-10.54},{"time":1.2,"angle":0},{"time":1.3666,"angle":-2.06},{"time":1.6,"angle":-11.31},{"time":2,"angle":-10.54},{"time":2.4,"angle":0}],"translate":[{"time":0,"x":0,"y":0,"curve":"stepped"},{"time":0.4,"x":0,"y":0,"curve":"stepped"},{"time":0.8,"x":0,"y":0,"curve":"stepped"},{"time":1.2,"x":0,"y":0,"curve":"stepped"},{"time":1.6,"x":0,"y":0,"curve":"stepped"},{"time":2,"x":0,"y":0,"curve":"stepped"},{"time":2.4,"x":0,"y":0}],"scale":[{"time":0,"x":1,"y":1,"curve":"stepped"},{"time":0.4,"x":1,"y":1,"curve":"stepped"},{"time":0.8,"x":1,"y":1,"curve":"stepped"},{"time":1.2,"x":1,"y":1,"curve":"stepped"},{"time":1.6,"x":1,"y":1,"curve":"stepped"},{"time":2,"x":1,"y":1,"curve":"stepped"},{"time":2.4,"x":1,"y":1}]},"bone6":{"rotate":[{"time":0,"angle":0},{"time":0.1666,"angle":10.84},{"time":0.4,"angle":15.8},{"time":0.8,"angle":-13.28},{"time":1.2,"angle":0},{"time":1.3666,"angle":10.84},{"time":1.6,"angle":15.8},{"time":2,"angle":-13.28},{"time":2.4,"angle":0}],"translate":[{"time":0,"x":0,"y":0,"curve":"stepped"},{"time":0.4,"x":0,"y":0,"curve":"stepped"},{"time":0.8,"x":0,"y":0,"curve":"stepped"},{"time":1.2,"x":0,"y":0,"curve":"stepped"},{"time":1.6,"x":0,"y":0,"curve":"stepped"},{"time":2,"x":0,"y":0,"curve":"stepped"},{"time":2.4,"x":0,"y":0}],"scale":[{"time":0,"x":1,"y":1,"curve":"stepped"},{"time":0.4,"x":1,"y":1,"curve":"stepped"},{"time":0.8,"x":1,"y":1,"curve":"stepped"},{"time":1.2,"x":1,"y":1,"curve":"stepped"},{"time":1.6,"x":1,"y":1,"curve":"stepped"},{"time":2,"x":1,"y":1,"curve":"stepped"},{"time":2.4,"x":1,"y":1}]},"bone7":{"rotate":[{"time":0,"angle":0},{"time":0.4,"angle":11.17},{"time":0.8,"angle":-21.16},{"time":1.2,"angle":0},{"time":1.6,"angle":11.17},{"time":2,"angle":-21.16},{"time":2.4,"angle":0}],"translate":[{"time":0,"x":0,"y":0,"curve":"stepped"},{"time":0.4,"x":0,"y":0,"curve":"stepped"},{"time":0.8,"x":0,"y":0,"curve":"stepped"},{"time":1.2,"x":0,"y":0,"curve":"stepped"},{"time":1.6,"x":0,"y":0,"curve":"stepped"},{"time":2,"x":0,"y":0,"curve":"stepped"},{"time":2.4,"x":0,"y":0}],"scale":[{"time":0,"x":1,"y":1,"curve":"stepped"},{"time":0.4,"x":1,"y":1,"curve":"stepped"},{"time":0.8,"x":1,"y":1,"curve":"stepped"},{"time":1.2,"x":1,"y":1,"curve":"stepped"},{"time":1.6,"x":1,"y":1,"curve":"stepped"},{"time":2,"x":1,"y":1,"curve":"stepped"},{"time":2.4,"x":1,"y":1}]},"2":{"rotate":[{"time":0,"angle":0},{"time":0.6,"angle":4.38},{"time":1.2,"angle":0},{"time":1.8,"angle":4.38},{"time":2.4,"angle":0}],"translate":[{"time":0,"x":0,"y":0,"curve":"stepped"},{"time":1.2,"x":0,"y":0,"curve":"stepped"},{"time":2.4,"x":0,"y":0}],"scale":[{"time":0,"x":1,"y":1,"curve":"stepped"},{"time":1.2,"x":1,"y":1,"curve":"stepped"},{"time":2.4,"x":1,"y":1}]},"20":{"rotate":[{"time":0,"angle":0},{"time":0.6,"angle":-11.97},{"time":1.2,"angle":0},{"time":1.8,"angle":-11.97},{"time":2.4,"angle":0}],"translate":[{"time":0,"x":0,"y":0,"curve":"stepped"},{"time":1.2,"x":0,"y":0,"curve":"stepped"},{"time":2.4,"x":0,"y":0}],"scale":[{"time":0,"x":1,"y":1,"curve":"stepped"},{"time":1.2,"x":1,"y":1,"curve":"stepped"},{"time":2.4,"x":1,"y":1}]},"5":{"rotate":[{"time":0,"angle":0},{"time":0.6,"angle":20.58},{"time":1.2,"angle":0},{"time":1.8,"angle":20.58},{"time":2.4,"angle":0}],"translate":[{"time":0,"x":0,"y":0,"curve":"stepped"},{"time":1.2,"x":0,"y":0,"curve":"stepped"},{"time":2.4,"x":0,"y":0}],"scale":[{"time":0,"x":1,"y":1,"curve":"stepped"},{"time":1.2,"x":1,"y":1,"curve":"stepped"},{"time":2.4,"x":1,"y":1}]},"3":{"rotate":[{"time":0,"angle":0},{"time":0.6,"angle":-18.14},{"time":1.2,"angle":0},{"time":1.8,"angle":-18.14},{"time":2.4,"angle":0}],"translate":[{"time":0,"x":0,"y":0,"curve":"stepped"},{"time":1.2,"x":0,"y":0,"curve":"stepped"},{"time":2.4,"x":0,"y":0}],"scale":[{"time":0,"x":1,"y":1,"curve":"stepped"},{"time":1.2,"x":1,"y":1,"curve":"stepped"},{"time":2.4,"x":1,"y":1}]},"4":{"rotate":[{"time":0,"angle":0},{"time":0.6,"angle":-6.75},{"time":1.2,"angle":0},{"time":1.8,"angle":-6.75},{"time":2.4,"angle":0}],"translate":[{"time":0,"x":0,"y":0,"curve":"stepped"},{"time":1.2,"x":0,"y":0,"curve":"stepped"},{"time":2.4,"x":0,"y":0}],"scale":[{"time":0,"x":1,"y":1,"curve":"stepped"},{"time":1.2,"x":1,"y":1,"curve":"stepped"},{"time":2.4,"x":1,"y":1}]},"1":{"rotate":[{"time":0,"angle":0},{"time":0.6,"angle":1.78},{"time":1.2,"angle":0},{"time":1.8,"angle":1.78},{"time":2.4,"angle":0}],"translate":[{"time":0,"x":0,"y":0},{"time":0.6,"x":-5.32,"y":-0.52},{"time":1.2,"x":0,"y":0},{"time":1.8,"x":-5.32,"y":-0.52},{"time":2.4,"x":0,"y":0}],"scale":[{"time":0,"x":1,"y":1,"curve":"stepped"},{"time":1.2,"x":1,"y":1,"curve":"stepped"},{"time":2.4,"x":1,"y":1}]},"15":{"rotate":[{"time":0,"angle":0},{"time":0.6,"angle":2.66},{"time":1.2,"angle":0},{"time":1.8,"angle":2.66},{"time":2.4,"angle":0}],"translate":[{"time":0,"x":0,"y":0},{"time":0.6,"x":-1.16,"y":-0.61},{"time":1.2,"x":0,"y":0},{"time":1.8,"x":-1.16,"y":-0.61},{"time":2.4,"x":0,"y":0}],"scale":[{"time":0,"x":1,"y":1},{"time":0.6,"x":1.023,"y":1.253},{"time":1.2,"x":1,"y":1},{"time":1.8,"x":1.023,"y":1.253},{"time":2.4,"x":1,"y":1}]},"22":{"rotate":[{"time":0,"angle":0},{"time":0.6,"angle":-354.44},{"time":1.2,"angle":0},{"time":1.8,"angle":-354.44},{"time":2.4,"angle":0}],"translate":[{"time":0,"x":0,"y":0,"curve":"stepped"},{"time":1.2,"x":0,"y":0,"curve":"stepped"},{"time":2.4,"x":0,"y":0}],"scale":[{"time":0,"x":1,"y":1,"curve":"stepped"},{"time":1.2,"x":1,"y":1,"curve":"stepped"},{"time":2.4,"x":1,"y":1}]},"18":{"rotate":[{"time":0,"angle":0},{"time":0.6,"angle":-35.62},{"time":1.2,"angle":0},{"time":1.8,"angle":-35.62},{"time":2.4,"angle":0}],"translate":[{"time":0,"x":0,"y":0,"curve":"stepped"},{"time":1.2,"x":0,"y":0,"curve":"stepped"},{"time":2.4,"x":0,"y":0}],"scale":[{"time":0,"x":1,"y":1,"curve":"stepped"},{"time":1.2,"x":1,"y":1,"curve":"stepped"},{"time":2.4,"x":1,"y":1}]},"19":{"rotate":[{"time":0,"angle":0},{"time":0.6,"angle":-10.08},{"time":1.2,"angle":0},{"time":1.8,"angle":-10.08},{"time":2.4,"angle":0}],"translate":[{"time":0,"x":0,"y":0,"curve":"stepped"},{"time":1.2,"x":0,"y":0,"curve":"stepped"},{"time":2.4,"x":0,"y":0}],"scale":[{"time":0,"x":1,"y":1,"curve":"stepped"},{"time":1.2,"x":1,"y":1,"curve":"stepped"},{"time":2.4,"x":1,"y":1}]},"21":{"rotate":[{"time":0,"angle":0},{"time":0.6,"angle":9.71},{"time":1.2,"angle":0},{"time":1.8,"angle":9.71},{"time":2.4,"angle":0}],"translate":[{"time":0,"x":0,"y":0,"curve":"stepped"},{"time":1.2,"x":0,"y":0,"curve":"stepped"},{"time":2.4,"x":0,"y":0}],"scale":[{"time":0,"x":1,"y":1,"curve":"stepped"},{"time":1.2,"x":1,"y":1,"curve":"stepped"},{"time":2.4,"x":1,"y":1}]},"6":{"rotate":[{"time":0,"angle":0,"curve":"stepped"},{"time":1.2,"angle":0,"curve":"stepped"},{"time":2.4,"angle":0}],"translate":[{"time":0,"x":0,"y":0,"curve":"stepped"},{"time":1.2,"x":0,"y":0,"curve":"stepped"},{"time":2.4,"x":0,"y":0}],"scale":[{"time":0,"x":1,"y":1,"curve":"stepped"},{"time":1.2,"x":1,"y":1,"curve":"stepped"},{"time":2.4,"x":1,"y":1}]},"16":{"rotate":[{"time":0,"angle":0,"curve":"stepped"},{"time":1.2,"angle":0,"curve":"stepped"},{"time":2.4,"angle":0}],"translate":[{"time":0,"x":0,"y":0,"curve":"stepped"},{"time":1.2,"x":0,"y":0,"curve":"stepped"},{"time":2.4,"x":0,"y":0}],"scale":[{"time":0,"x":1,"y":1},{"time":0.6,"x":1.085,"y":0.958},{"time":1.2,"x":1,"y":1},{"time":1.8,"x":1.085,"y":0.958},{"time":2.4,"x":1,"y":1}]},"17":{"rotate":[{"time":0,"angle":0},{"time":0.6,"angle":-16.08},{"time":1.2,"angle":0},{"time":1.8,"angle":-16.08},{"time":2.4,"angle":0}],"translate":[{"time":0,"x":0,"y":0},{"time":0.6,"x":3.75,"y":-2.64},{"time":1.2,"x":0,"y":0},{"time":1.8,"x":3.75,"y":-2.64},{"time":2.4,"x":0,"y":0}],"scale":[{"time":0,"x":1,"y":1},{"time":0.6,"x":0.953,"y":1.047},{"time":1.2,"x":1,"y":1},{"time":1.8,"x":0.953,"y":1.047},{"time":2.4,"x":1,"y":1}]},"23":{"rotate":[{"time":0,"angle":0},{"time":0.6,"angle":14.18},{"time":1.2,"angle":0},{"time":1.8,"angle":14.18},{"time":2.4,"angle":0}],"translate":[{"time":0,"x":0,"y":0},{"time":0.6,"x":-1.4,"y":-0.1},{"time":1.2,"x":0,"y":0},{"time":1.8,"x":-1.4,"y":-0.1},{"time":2.4,"x":0,"y":0}],"scale":[{"time":0,"x":1,"y":1,"curve":"stepped"},{"time":1.2,"x":1,"y":1,"curve":"stepped"},{"time":2.4,"x":1,"y":1}]},"24":{"rotate":[{"time":0,"angle":0},{"time":0.6,"angle":-12.96},{"time":1.2,"angle":0},{"time":1.8,"angle":-12.96},{"time":2.4,"angle":0}],"translate":[{"time":0,"x":0,"y":0},{"time":0.6,"x":0.02,"y":-4},{"time":1.2,"x":0,"y":0},{"time":1.8,"x":0.02,"y":-4},{"time":2.4,"x":0,"y":0}],"scale":[{"time":0,"x":1,"y":1},{"time":0.6,"x":0.974,"y":1.029},{"time":1.2,"x":1,"y":1},{"time":1.8,"x":0.974,"y":1.029},{"time":2.4,"x":1,"y":1}]},"25":{"rotate":[{"time":0,"angle":0},{"time":0.6,"angle":15.87},{"time":1.2,"angle":0},{"time":1.8,"angle":15.87},{"time":2.4,"angle":0}],"translate":[{"time":0,"x":0,"y":0},{"time":0.6,"x":-3.19,"y":0.46},{"time":1.2,"x":0,"y":0},{"time":1.8,"x":-3.19,"y":0.46},{"time":2.4,"x":0,"y":0}],"scale":[{"time":0,"x":1,"y":1,"curve":"stepped"},{"time":1.2,"x":1,"y":1,"curve":"stepped"},{"time":2.4,"x":1,"y":1}]},"shadow":{"rotate":[{"time":0,"angle":0,"curve":"stepped"},{"time":1.2,"angle":0,"curve":"stepped"},{"time":2.4,"angle":0}],"translate":[{"time":0,"x":0,"y":0,"curve":"stepped"},{"time":1.2,"x":0,"y":0,"curve":"stepped"},{"time":2.4,"x":0,"y":0}],"scale":[{"time":0,"x":1,"y":1},{"time":0.6,"x":1.122,"y":1.049},{"time":1.2,"x":1,"y":1},{"time":1.8,"x":1.122,"y":1.049},{"time":2.4,"x":1,"y":1}]}},"ffd":{"default":{"6":{"6":[{"time":0},{"time":0.4,"offset":2,"vertices":[-0.72248,-0.61603,0,0,-1.48072,0.85857,-5.38557,2.35955,-3.33946,3.09938,-1.64205,2.87189,-1.13687,1.92225,-1.13748,2.97301,-1.08637,3.16561,-0.60619,2.08515,0.63368,0.5153,1.53235,0.33422,1.39483,0.2456,0.86714,0.05431,0,0,0,0,0,0,0,0,0,0,0,0,-0.68697,0.33749,-1.17291,2.01943,-0.47379,-0.02968,-1.79464,1.31458,-1.33184,2.60656,0.67523,-0.14796,-0.10694,3.22778,0.93577,0.24887,0.02957,1.04827,0,0,0,0,0.51537,-0.63365,-0.78772,0.42631,0,0,0,0,-0.97727,0.41444,-0.98909,0.60397,-1.72948,1.79429,-0.96685,1.66475]},{"time":0.8,"offset":4,"vertices":[1.04804,-0.03469,1.85896,-2.55573,0.24751,-2.64859,1.7295,-3.60931,2.00103,-5.02023,2.2397,-5.86239,1.71314,-3.32489,0.20142,-2.68151,-0.93217,-2.25617,-1.09789,-1.04628,-0.22198,0.27168,-0.52868,0.92051,0.28074,1.72807,0,0,0,0,0,0,0,0,0,0,-0.54498,1.20493,0.59052,-0.34638,1.16271,-2.02523,-0.72364,1.00444,0.84757,0.14396,1.30316,-1.16121,-0.26611,1.31613,1.65986,-1.58332,-0.56243,0.9649,1.14625,-1.73912,0.69078,-0.4357,0.36624,-1.40543,-0.10572,0.18411,-0.45565,1.30519,-0.34102,0.9794,-0.72908,1.09923,-0.75637,1.57316,-0.45565,1.30519,0.06742,0.47941,1.43613,-1.81929]},{"time":1.2},{"time":1.6,"offset":2,"vertices":[-0.72248,-0.61603,0,0,-1.48072,0.85857,-5.38557,2.35955,-3.33946,3.09938,-1.64205,2.87189,-1.13687,1.92225,-1.13748,2.97301,-1.08637,3.16561,-0.60619,2.08515,0.63368,0.5153,1.53235,0.33422,1.39483,0.2456,0.86714,0.05431,0,0,0,0,0,0,0,0,0,0,0,0,-0.68697,0.33749,-1.17291,2.01943,-0.47379,-0.02968,-1.79464,1.31458,-1.33184,2.60656,0.67523,-0.14796,-0.10694,3.22778,0.93577,0.24887,0.02957,1.04827,0,0,0,0,0.51537,-0.63365,-0.78772,0.42631,0,0,0,0,-0.97727,0.41444,-0.98909,0.60397,-1.72948,1.79429,-0.96685,1.66475]},{"time":2,"offset":4,"vertices":[1.04804,-0.03469,1.85896,-2.55573,0.24751,-2.64859,1.7295,-3.60931,2.00103,-5.02023,2.2397,-5.86239,1.71314,-3.32489,0.20142,-2.68151,-0.93217,-2.25617,-1.09789,-1.04628,-0.22198,0.27168,-0.52868,0.92051,0.28074,1.72807,0,0,0,0,0,0,0,0,0,0,-0.54498,1.20493,0.59052,-0.34638,1.16271,-2.02523,-0.72364,1.00444,0.84757,0.14396,1.30316,-1.16121,-0.26611,1.31613,1.65986,-1.58332,-0.56243,0.9649,1.14625,-1.73912,0.69078,-0.4357,0.36624,-1.40543,-0.10572,0.18411,-0.45565,1.30519,-0.34102,0.9794,-0.72908,1.09923,-0.75637,1.57316,-0.45565,1.30519,0.06742,0.47941,1.43613,-1.81929]},{"time":2.4}]},"12":{"12":[{"time":0},{"time":0.3333,"vertices":[1.04323,-0.18474,1.04755,0.15931,1.15242,-0.30905,1.19085,0.07654,0.88114,-0.87774,1.11609,-0.54915,0,0,0,0,0,0,0,0,0,0,0,0,0.56523,1.48759,0.05875,1.59046,0.77608,1.12223,0.37559,1.3119,1.32208,0.50068,1.09206,0.89804,0,0,0,0,0.36536,0.21084,0.27857,0.31684,0,0,0,0,0,0,0,0,0,0,0,0,0,0,0,0,0,0,0.71907,-1.5707,1.18463,-1.25758,0.33909,0.09078,1.40891,0.61945,0.96767,-1.35231,1.35017,-0.97102,0.33515,-0.25617,0.39962,-0.13528]},{"time":0.8,"offset":4,"vertices":[-0.30314,0.61117,-0.48399,0.48092,-0.21456,0.25196,-0.28436,0.16939,0,0,0,0,0,0,0,0,0,0,0,0,-0.39659,-0.55508,-0.19658,-0.65336,0.13532,0.22391,0.05593,0.25559,-0.73714,-0.41042,-0.56561,-0.62616,-1.52545,0.00486,-1.44582,-0.48706,-0.79769,0.29866,-0.85148,0.02566,0,0,0,0,0,0,0,0,0,0,0,0,0,0,-1.51614,0.12149,-1.47459,-0.37364,-0.80703,0.18205,-0.82275,-0.08775,-0.6821,0.31001,-0.73805,0.0544,-0.90497,0.42464,-0.99366,0.11035,-0.70909,-0.06055,-0.65182,-0.28588]},{"time":1.2},{"time":1.5333,"vertices":[1.04323,-0.18474,1.04755,0.15931,1.15242,-0.30905,1.19085,0.07654,0.88114,-0.87774,1.11609,-0.54915,0,0,0,0,0,0,0,0,0,0,0,0,0.56523,1.48759,0.05875,1.59046,0.77608,1.12223,0.37559,1.3119,1.32208,0.50068,1.09206,0.89804,0,0,0,0,0.36536,0.21084,0.27857,0.31684,0,0,0,0,0,0,0,0,0,0,0,0,0,0,0,0,0,0,0.71907,-1.5707,1.18463,-1.25758,0.33909,0.09078,1.40891,0.61945,0.96767,-1.35231,1.35017,-0.97102,0.33515,-0.25617,0.39962,-0.13528]},{"time":2,"offset":4,"vertices":[-0.30314,0.61117,-0.48399,0.48092,-0.21456,0.25196,-0.28436,0.16939,0,0,0,0,0,0,0,0,0,0,0,0,-0.39659,-0.55508,-0.19658,-0.65336,0.13532,0.22391,0.05593,0.25559,-0.73714,-0.41042,-0.56561,-0.62616,-1.52545,0.00486,-1.44582,-0.48706,-0.79769,0.29866,-0.85148,0.02566,0,0,0,0,0,0,0,0,0,0,0,0,0,0,-1.51614,0.12149,-1.47459,-0.37364,-0.80703,0.18205,-0.82275,-0.08775,-0.6821,0.31001,-0.73805,0.0544,-0.90497,0.42464,-0.99366,0.11035,-0.70909,-0.06055,-0.65182,-0.28588]},{"time":2.4}]}}}},"wait_special_DL":{"slots":{"9":{"attachment":[{"time":0,"name":null},{"time":2.7666,"name":"9"},{"time":2.9333,"name":null},{"time":3.2666,"name":null}]}},"bones":{"22":{"rotate":[{"time":0,"angle":0},{"time":0.2,"angle":-71.91},{"time":0.5333,"angle":-64.2},{"time":0.7666,"angle":-137.61},{"time":1.1,"angle":-100.38},{"time":1.4,"angle":-114.09,"curve":"stepped"},{"time":1.4333,"angle":-111.73},{"time":1.5333,"angle":-98.65},{"time":1.6333,"angle":-105.93},{"time":1.7,"angle":-98.65},{"time":1.8,"angle":-105.93},{"time":1.8666,"angle":-98.65},{"time":1.9666,"angle":-105.93},{"time":2.0333,"angle":-98.65},{"time":2.1333,"angle":-105.93},{"time":2.2,"angle":-98.65},{"time":2.2666,"angle":-103.06,"curve":"stepped"},{"time":2.3,"angle":-87.98},{"time":2.4333,"angle":-102.48},{"time":2.6,"angle":-117.95,"curve":"stepped"},{"time":2.7333,"angle":-117.95,"curve":"stepped"},{"time":2.7666,"angle":-97.62},{"time":2.9333,"angle":-73.04},{"time":3,"angle":-102.99},{"time":3.0666,"angle":-51.29},{"time":3.2666,"angle":0}],"translate":[{"time":0,"x":0,"y":0,"curve":"stepped"},{"time":0.2,"x":0,"y":0,"curve":"stepped"},{"time":0.5333,"x":0,"y":0},{"time":0.7666,"x":4.31,"y":4.22},{"time":1.1,"x":0,"y":0,"curve":"stepped"},{"time":1.4,"x":0,"y":0,"curve":"stepped"},{"time":1.4333,"x":0,"y":0,"curve":"stepped"},{"time":1.5333,"x":0,"y":0,"curve":"stepped"},{"time":1.6333,"x":0,"y":0,"curve":"stepped"},{"time":1.7,"x":0,"y":0,"curve":"stepped"},{"time":1.8,"x":0,"y":0,"curve":"stepped"},{"time":1.8666,"x":0,"y":0,"curve":"stepped"},{"time":1.9666,"x":0,"y":0,"curve":"stepped"},{"time":2.0333,"x":0,"y":0,"curve":"stepped"},{"time":2.1333,"x":0,"y":0,"curve":"stepped"},{"time":2.2,"x":0,"y":0,"curve":"stepped"},{"time":2.2666,"x":0,"y":0,"curve":"stepped"},{"time":2.3,"x":0,"y":0,"curve":"stepped"},{"time":2.4333,"x":0,"y":0,"curve":"stepped"},{"time":2.6,"x":0,"y":0,"curve":"stepped"},{"time":2.7333,"x":0,"y":0,"curve":"stepped"},{"time":2.7666,"x":0,"y":0,"curve":"stepped"},{"time":2.9333,"x":0,"y":0,"curve":"stepped"},{"time":3.2666,"x":0,"y":0}],"scale":[{"time":0,"x":1,"y":1},{"time":0.2,"x":1.656,"y":1,"curve":"stepped"},{"time":0.5333,"x":1.656,"y":1,"curve":"stepped"},{"time":0.7666,"x":1.656,"y":1},{"time":1.1,"x":1,"y":1,"curve":"stepped"},{"time":1.4,"x":1,"y":1,"curve":"stepped"},{"time":1.4333,"x":1.344,"y":1},{"time":1.5333,"x":1.656,"y":1,"curve":"stepped"},{"time":1.6333,"x":1.656,"y":1,"curve":"stepped"},{"time":1.7,"x":1.656,"y":1,"curve":"stepped"},{"time":1.8,"x":1.656,"y":1,"curve":"stepped"},{"time":1.8666,"x":1.656,"y":1,"curve":"stepped"},{"time":1.9666,"x":1.656,"y":1,"curve":"stepped"},{"time":2.0333,"x":1.656,"y":1,"curve":"stepped"},{"time":2.1333,"x":1.656,"y":1,"curve":"stepped"},{"time":2.2,"x":1.656,"y":1},{"time":2.2666,"x":1.469,"y":1,"curve":"stepped"},{"time":2.3,"x":1.375,"y":1},{"time":2.4333,"x":1,"y":1,"curve":"stepped"},{"time":2.6,"x":1,"y":1,"curve":"stepped"},{"time":2.7333,"x":1,"y":1,"curve":"stepped"},{"time":2.7666,"x":1,"y":1,"curve":"stepped"},{"time":2.9333,"x":1,"y":1,"curve":"stepped"},{"time":3.2666,"x":1,"y":1}]},"6":{"rotate":[{"time":0,"angle":0,"curve":"stepped"},{"time":0.2,"angle":0,"curve":"stepped"},{"time":0.5333,"angle":0,"curve":"stepped"},{"time":0.7666,"angle":0,"curve":"stepped"},{"time":1.1,"angle":0,"curve":"stepped"},{"time":1.4,"angle":0,"curve":"stepped"},{"time":1.5333,"angle":0,"curve":"stepped"},{"time":2.2,"angle":0,"curve":"stepped"},{"time":2.4333,"angle":0,"curve":"stepped"},{"time":2.7333,"angle":0,"curve":"stepped"},{"time":2.9333,"angle":0,"curve":"stepped"},{"time":3.2666,"angle":0}],"translate":[{"time":0,"x":0,"y":0,"curve":"stepped"},{"time":0.2,"x":0,"y":0,"curve":"stepped"},{"time":0.5333,"x":0,"y":0,"curve":"stepped"},{"time":0.7666,"x":0,"y":0,"curve":"stepped"},{"time":1.1,"x":0,"y":0,"curve":"stepped"},{"time":1.4,"x":0,"y":0,"curve":"stepped"},{"time":1.5333,"x":0,"y":0,"curve":"stepped"},{"time":2.2,"x":0,"y":0,"curve":"stepped"},{"time":2.4333,"x":0,"y":0,"curve":"stepped"},{"time":2.7333,"x":0,"y":0,"curve":"stepped"},{"time":2.9333,"x":0,"y":0,"curve":"stepped"},{"time":3.2666,"x":0,"y":0}],"scale":[{"time":0,"x":1,"y":1,"curve":"stepped"},{"time":0.2,"x":1,"y":1,"curve":"stepped"},{"time":0.5333,"x":1,"y":1,"curve":"stepped"},{"time":0.7666,"x":1,"y":1,"curve":"stepped"},{"time":1.1,"x":1,"y":1,"curve":"stepped"},{"time":1.4,"x":1,"y":1,"curve":"stepped"},{"time":1.5333,"x":1,"y":1,"curve":"stepped"},{"time":2.2,"x":1,"y":1,"curve":"stepped"},{"time":2.4333,"x":1,"y":1,"curve":"stepped"},{"time":2.7333,"x":1,"y":1,"curve":"stepped"},{"time":2.9333,"x":1,"y":1,"curve":"stepped"},{"time":3.2666,"x":1,"y":1}]},"5":{"rotate":[{"time":0,"angle":0},{"time":0.2,"angle":20.58},{"time":0.5333,"angle":23.64},{"time":0.7666,"angle":47.92},{"time":1.1,"angle":51.71},{"time":1.4,"angle":39.74},{"time":1.5333,"angle":-19.19,"curve":"stepped"},{"time":1.6333,"angle":-19.19,"curve":"stepped"},{"time":1.7,"angle":-19.19,"curve":"stepped"},{"time":1.8,"angle":-19.19,"curve":"stepped"},{"time":1.8666,"angle":-19.19,"curve":"stepped"},{"time":1.9666,"angle":-19.19,"curve":"stepped"},{"time":2.0333,"angle":-19.19,"curve":"stepped"},{"time":2.1333,"angle":-19.19,"curve":"stepped"},{"time":2.2,"angle":-19.19},{"time":2.4333,"angle":20.58},{"time":2.7333,"angle":16.66},{"time":2.9333,"angle":12.19},{"time":3.2666,"angle":0}],"translate":[{"time":0,"x":0,"y":0,"curve":"stepped"},{"time":0.2,"x":0,"y":0,"curve":"stepped"},{"time":0.5333,"x":0,"y":0,"curve":"stepped"},{"time":0.7666,"x":0,"y":0,"curve":"stepped"},{"time":1.1,"x":0,"y":0,"curve":"stepped"},{"time":1.4,"x":0,"y":0,"curve":"stepped"},{"time":1.5333,"x":0,"y":0,"curve":"stepped"},{"time":1.6333,"x":0,"y":0,"curve":"stepped"},{"time":1.7,"x":0,"y":0,"curve":"stepped"},{"time":1.8,"x":0,"y":0,"curve":"stepped"},{"time":1.8666,"x":0,"y":0,"curve":"stepped"},{"time":1.9666,"x":0,"y":0,"curve":"stepped"},{"time":2.0333,"x":0,"y":0,"curve":"stepped"},{"time":2.1333,"x":0,"y":0,"curve":"stepped"},{"time":2.2,"x":0,"y":0,"curve":"stepped"},{"time":2.4333,"x":0,"y":0,"curve":"stepped"},{"time":2.7333,"x":0,"y":0,"curve":"stepped"},{"time":2.9333,"x":0,"y":0,"curve":"stepped"},{"time":3.2666,"x":0,"y":0}],"scale":[{"time":0,"x":1,"y":1,"curve":"stepped"},{"time":0.2,"x":1,"y":1,"curve":"stepped"},{"time":0.5333,"x":1,"y":1,"curve":"stepped"},{"time":0.7666,"x":1,"y":1,"curve":"stepped"},{"time":1.1,"x":1,"y":1,"curve":"stepped"},{"time":1.4,"x":1,"y":1},{"time":1.5333,"x":1.075,"y":1.097,"curve":"stepped"},{"time":1.6333,"x":1.075,"y":1.097,"curve":"stepped"},{"time":1.7,"x":1.075,"y":1.097,"curve":"stepped"},{"time":1.8,"x":1.075,"y":1.097,"curve":"stepped"},{"time":1.8666,"x":1.075,"y":1.097,"curve":"stepped"},{"time":1.9666,"x":1.075,"y":1.097,"curve":"stepped"},{"time":2.0333,"x":1.075,"y":1.097,"curve":"stepped"},{"time":2.1333,"x":1.075,"y":1.097,"curve":"stepped"},{"time":2.2,"x":1.075,"y":1.097},{"time":2.4333,"x":1,"y":1,"curve":"stepped"},{"time":2.7333,"x":1,"y":1,"curve":"stepped"},{"time":2.9333,"x":1,"y":1,"curve":"stepped"},{"time":3.2666,"x":1,"y":1}]},"15":{"rotate":[{"time":0,"angle":0},{"time":0.2,"angle":2.66},{"time":0.5333,"angle":3.41},{"time":0.7666,"angle":2.66},{"time":1.1,"angle":0},{"time":1.4,"angle":2.66},{"time":1.5333,"angle":-0.7},{"time":2.2,"angle":2.66,"curve":"stepped"},{"time":2.4333,"angle":2.66},{"time":2.7333,"angle":1.42},{"time":2.9333,"angle":0,"curve":"stepped"},{"time":3.2666,"angle":0}],"translate":[{"time":0,"x":0,"y":0},{"time":0.2,"x":-1.16,"y":-0.61,"curve":"stepped"},{"time":0.5333,"x":-1.16,"y":-0.61,"curve":"stepped"},{"time":0.7666,"x":-1.16,"y":-0.61},{"time":1.1,"x":0,"y":0},{"time":1.4,"x":-1.16,"y":-0.61,"curve":"stepped"},{"time":1.5333,"x":-1.16,"y":-0.61,"curve":"stepped"},{"time":2.2,"x":-1.16,"y":-0.61,"curve":"stepped"},{"time":2.4333,"x":-1.16,"y":-0.61},{"time":2.7333,"x":-0.61,"y":-0.32},{"time":2.9333,"x":0,"y":0,"curve":"stepped"},{"time":3.2666,"x":0,"y":0}],"scale":[{"time":0,"x":1,"y":1},{"time":0.2,"x":1.023,"y":1.253,"curve":"stepped"},{"time":0.5333,"x":1.023,"y":1.253,"curve":"stepped"},{"time":0.7666,"x":1.023,"y":1.253},{"time":1.1,"x":1,"y":1},{"time":1.4,"x":1.023,"y":1.253,"curve":"stepped"},{"time":1.5333,"x":1.023,"y":1.253,"curve":"stepped"},{"time":2.2,"x":1.023,"y":1.253,"curve":"stepped"},{"time":2.4333,"x":1.023,"y":1.253},{"time":2.7333,"x":1.012,"y":1.134},{"time":2.9333,"x":1,"y":1,"curve":"stepped"},{"time":3.2666,"x":1,"y":1}]},"14":{"rotate":[{"time":0,"angle":0},{"time":0.2,"angle":2.22},{"time":0.5333,"angle":357.11},{"time":0.7666,"angle":357.24},{"time":1.1,"angle":354.34},{"time":1.4,"angle":347.86},{"time":1.5333,"angle":356.93},{"time":2.2,"angle":0},{"time":2.4333,"angle":349.07},{"time":2.7333,"angle":0.4},{"time":2.9333,"angle":5.92},{"time":3.1,"angle":358.08},{"time":3.2666,"angle":0}],"translate":[{"time":0,"x":0,"y":0,"curve":"stepped"},{"time":0.2,"x":0,"y":0,"curve":"stepped"},{"time":0.5333,"x":0,"y":0,"curve":"stepped"},{"time":0.7666,"x":0,"y":0,"curve":"stepped"},{"time":1.1,"x":0,"y":0,"curve":"stepped"},{"time":1.4,"x":0,"y":0,"curve":"stepped"},{"time":1.5333,"x":0,"y":0,"curve":"stepped"},{"time":2.2,"x":0,"y":0,"curve":"stepped"},{"time":2.4333,"x":0,"y":0,"curve":"stepped"},{"time":2.7333,"x":0,"y":0,"curve":"stepped"},{"time":2.9333,"x":0,"y":0,"curve":"stepped"},{"time":3.2666,"x":0,"y":0}],"scale":[{"time":0,"x":1,"y":1,"curve":"stepped"},{"time":0.2,"x":1,"y":1,"curve":"stepped"},{"time":0.5333,"x":1,"y":1,"curve":"stepped"},{"time":0.7666,"x":1,"y":1,"curve":"stepped"},{"time":1.1,"x":1,"y":1,"curve":"stepped"},{"time":1.4,"x":1,"y":1,"curve":"stepped"},{"time":1.5333,"x":1,"y":1,"curve":"stepped"},{"time":2.2,"x":1,"y":1,"curve":"stepped"},{"time":2.4333,"x":1,"y":1,"curve":"stepped"},{"time":2.7333,"x":1,"y":1,"curve":"stepped"},{"time":2.9333,"x":1,"y":1,"curve":"stepped"},{"time":3.2666,"x":1,"y":1}]},"1":{"rotate":[{"time":0,"angle":0},{"time":0.2,"angle":1.78,"curve":"stepped"},{"time":0.5333,"angle":1.78,"curve":"stepped"},{"time":0.7666,"angle":1.78},{"time":1.1,"angle":2.71},{"time":1.4,"angle":2.07},{"time":1.5333,"angle":5.27,"curve":"stepped"},{"time":1.6333,"angle":5.27,"curve":"stepped"},{"time":1.7,"angle":5.27,"curve":"stepped"},{"time":1.8,"angle":5.27,"curve":"stepped"},{"time":1.8666,"angle":5.27,"curve":"stepped"},{"time":1.9666,"angle":5.27,"curve":"stepped"},{"time":2.0333,"angle":5.27,"curve":"stepped"},{"time":2.1333,"angle":5.27,"curve":"stepped"},{"time":2.2,"angle":5.27},{"time":2.4333,"angle":1.78},{"time":2.7333,"angle":0.95},{"time":2.9333,"angle":0,"curve":"stepped"},{"time":3.2666,"angle":0}],"translate":[{"time":0,"x":0,"y":0},{"time":0.2,"x":-5.32,"y":-0.52,"curve":"stepped"},{"time":0.5333,"x":-5.32,"y":-0.52,"curve":"stepped"},{"time":0.7666,"x":-5.32,"y":-0.52},{"time":1.1,"x":0,"y":0,"curve":"stepped"},{"time":1.4,"x":0,"y":0},{"time":1.5333,"x":-3.04,"y":-0.28,"curve":"stepped"},{"time":1.6333,"x":-3.04,"y":-0.28,"curve":"stepped"},{"time":1.7,"x":-3.04,"y":-0.28,"curve":"stepped"},{"time":1.8,"x":-3.04,"y":-0.28,"curve":"stepped"},{"time":1.8666,"x":-3.04,"y":-0.28,"curve":"stepped"},{"time":1.9666,"x":-3.04,"y":-0.28,"curve":"stepped"},{"time":2.0333,"x":-3.04,"y":-0.28,"curve":"stepped"},{"time":2.1333,"x":-3.04,"y":-0.28,"curve":"stepped"},{"time":2.2,"x":-3.04,"y":-0.28},{"time":2.4333,"x":-5.32,"y":-0.52},{"time":2.7333,"x":-2.84,"y":-0.27},{"time":2.9333,"x":0,"y":0,"curve":"stepped"},{"time":3.2666,"x":0,"y":0}],"scale":[{"time":0,"x":1,"y":1,"curve":"stepped"},{"time":0.2,"x":1,"y":1,"curve":"stepped"},{"time":0.5333,"x":1,"y":1,"curve":"stepped"},{"time":0.7666,"x":1,"y":1,"curve":"stepped"},{"time":1.1,"x":1,"y":1,"curve":"stepped"},{"time":1.4,"x":1,"y":1},{"time":1.5333,"x":1.1,"y":1.104},{"time":1.6333,"x":1.103,"y":1.095},{"time":1.7,"x":1.1,"y":1.104},{"time":1.8,"x":1.103,"y":1.095},{"time":1.8666,"x":1.1,"y":1.104},{"time":1.9666,"x":1.103,"y":1.095},{"time":2.0333,"x":1.1,"y":1.104},{"time":2.1333,"x":1.103,"y":1.095},{"time":2.2,"x":1.1,"y":1.104},{"time":2.4333,"x":1,"y":1,"curve":"stepped"},{"time":2.7333,"x":1,"y":1,"curve":"stepped"},{"time":2.9333,"x":1,"y":1,"curve":"stepped"},{"time":3.2666,"x":1,"y":1}]},"root":{"rotate":[{"time":0,"angle":0,"curve":"stepped"},{"time":0.2,"angle":0,"curve":"stepped"},{"time":0.5333,"angle":0,"curve":"stepped"},{"time":0.7666,"angle":0,"curve":"stepped"},{"time":1.1,"angle":0,"curve":"stepped"},{"time":1.4,"angle":0,"curve":"stepped"},{"time":1.5333,"angle":0,"curve":"stepped"},{"time":2.2,"angle":0,"curve":"stepped"},{"time":2.4333,"angle":0,"curve":"stepped"},{"time":2.7333,"angle":0,"curve":"stepped"},{"time":2.9333,"angle":0,"curve":"stepped"},{"time":3.2666,"angle":0}],"translate":[{"time":0,"x":0,"y":0,"curve":"stepped"},{"time":0.2,"x":0,"y":0,"curve":"stepped"},{"time":0.5333,"x":0,"y":0,"curve":"stepped"},{"time":0.7666,"x":0,"y":0,"curve":"stepped"},{"time":1.1,"x":0,"y":0,"curve":"stepped"},{"time":1.4,"x":0,"y":0,"curve":"stepped"},{"time":1.5333,"x":0,"y":0,"curve":"stepped"},{"time":2.2,"x":0,"y":0,"curve":"stepped"},{"time":2.4333,"x":0,"y":0,"curve":"stepped"},{"time":2.7333,"x":0,"y":0,"curve":"stepped"},{"time":2.9333,"x":0,"y":0,"curve":"stepped"},{"time":3.2666,"x":0,"y":0}],"scale":[{"time":0,"x":1,"y":1,"curve":"stepped"},{"time":0.2,"x":1,"y":1,"curve":"stepped"},{"time":0.5333,"x":1,"y":1,"curve":"stepped"},{"time":0.7666,"x":1,"y":1,"curve":"stepped"},{"time":1.1,"x":1,"y":1,"curve":"stepped"},{"time":1.4,"x":1,"y":1,"curve":"stepped"},{"time":1.5333,"x":1,"y":1,"curve":"stepped"},{"time":2.2,"x":1,"y":1,"curve":"stepped"},{"time":2.4333,"x":1,"y":1,"curve":"stepped"},{"time":2.7333,"x":1,"y":1,"curve":"stepped"},{"time":2.9333,"x":1,"y":1,"curve":"stepped"},{"time":3.2666,"x":1,"y":1}]},"19":{"rotate":[{"time":0,"angle":0},{"time":0.2,"angle":-10.08,"curve":"stepped"},{"time":0.5333,"angle":-10.08,"curve":"stepped"},{"time":0.7666,"angle":-10.08},{"time":1.1,"angle":-5.66},{"time":1.4,"angle":32.87,"curve":"stepped"},{"time":1.4333,"angle":66.07},{"time":1.5333,"angle":2.6},{"time":1.6333,"angle":22.13},{"time":1.7,"angle":2.6},{"time":1.8,"angle":22.13},{"time":1.8666,"angle":2.6},{"time":1.9666,"angle":22.13},{"time":2.0333,"angle":2.6},{"time":2.1333,"angle":22.13},{"time":2.2,"angle":2.6},{"time":2.2666,"angle":54.34,"curve":"stepped"},{"time":2.3,"angle":-3.57},{"time":2.4333,"angle":32.87},{"time":2.6,"angle":47.47,"curve":"stepped"},{"time":2.7333,"angle":47.47,"curve":"stepped"},{"time":2.7666,"angle":3.07},{"time":2.9333,"angle":-58.77},{"time":3,"angle":-6.44},{"time":3.0666,"angle":-18.48},{"time":3.2666,"angle":0}],"translate":[{"time":0,"x":0,"y":0,"curve":"stepped"},{"time":0.2,"x":0,"y":0,"curve":"stepped"},{"time":0.5333,"x":0,"y":0,"curve":"stepped"},{"time":0.7666,"x":0,"y":0,"curve":"stepped"},{"time":1.1,"x":0,"y":0,"curve":"stepped"},{"time":1.4,"x":0,"y":0,"curve":"stepped"},{"time":1.4333,"x":0,"y":0,"curve":"stepped"},{"time":1.5333,"x":0,"y":0,"curve":"stepped"},{"time":1.6333,"x":0,"y":0,"curve":"stepped"},{"time":1.7,"x":0,"y":0,"curve":"stepped"},{"time":1.8,"x":0,"y":0,"curve":"stepped"},{"time":1.8666,"x":0,"y":0,"curve":"stepped"},{"time":1.9666,"x":0,"y":0,"curve":"stepped"},{"time":2.0333,"x":0,"y":0,"curve":"stepped"},{"time":2.1333,"x":0,"y":0,"curve":"stepped"},{"time":2.2,"x":0,"y":0,"curve":"stepped"},{"time":2.2666,"x":0,"y":0,"curve":"stepped"},{"time":2.3,"x":0,"y":0,"curve":"stepped"},{"time":2.4333,"x":0,"y":0,"curve":"stepped"},{"time":2.6,"x":0,"y":0,"curve":"stepped"},{"time":2.7333,"x":0,"y":0,"curve":"stepped"},{"time":2.7666,"x":0,"y":0,"curve":"stepped"},{"time":2.9333,"x":0,"y":0,"curve":"stepped"},{"time":3.2666,"x":0,"y":0}],"scale":[{"time":0,"x":1,"y":1},{"time":0.2,"x":1.115,"y":1,"curve":"stepped"},{"time":0.5333,"x":1.115,"y":1,"curve":"stepped"},{"time":0.7666,"x":1.115,"y":1},{"time":1.1,"x":1,"y":1,"curve":"stepped"},{"time":1.4,"x":1,"y":1,"curve":"stepped"},{"time":1.4333,"x":1.076,"y":1},{"time":1.5333,"x":1.306,"y":1,"curve":"stepped"},{"time":1.6333,"x":1.306,"y":1,"curve":"stepped"},{"time":1.7,"x":1.306,"y":1,"curve":"stepped"},{"time":1.8,"x":1.306,"y":1,"curve":"stepped"},{"time":1.8666,"x":1.306,"y":1,"curve":"stepped"},{"time":1.9666,"x":1.306,"y":1,"curve":"stepped"},{"time":2.0333,"x":1.306,"y":1,"curve":"stepped"},{"time":2.1333,"x":1.306,"y":1,"curve":"stepped"},{"time":2.2,"x":1.306,"y":1},{"time":2.2666,"x":1.218,"y":1,"curve":"stepped"},{"time":2.3,"x":1.175,"y":1},{"time":2.4333,"x":1,"y":1,"curve":"stepped"},{"time":2.6,"x":1,"y":1,"curve":"stepped"},{"time":2.7333,"x":1,"y":1,"curve":"stepped"},{"time":2.7666,"x":1,"y":1,"curve":"stepped"},{"time":2.9333,"x":1,"y":1,"curve":"stepped"},{"time":3.2666,"x":1,"y":1}]},"20":{"rotate":[{"time":0,"angle":0},{"time":0.2,"angle":-16.26},{"time":0.5333,"angle":-16.47},{"time":0.7666,"angle":-11.97},{"time":1.1,"angle":6.33},{"time":1.4,"angle":-11.97},{"time":1.5333,"angle":-16.78},{"time":1.8333,"angle":-7.51},{"time":2.2,"angle":-17.31},{"time":2.4333,"angle":-18.79},{"time":2.7333,"angle":-13.13},{"time":2.9333,"angle":-2.03},{"time":3.2666,"angle":0}],"translate":[{"time":0,"x":0,"y":0,"curve":"stepped"},{"time":0.2,"x":0,"y":0,"curve":"stepped"},{"time":0.5333,"x":0,"y":0,"curve":"stepped"},{"time":0.7666,"x":0,"y":0,"curve":"stepped"},{"time":1.1,"x":0,"y":0,"curve":"stepped"},{"time":1.4,"x":0,"y":0,"curve":"stepped"},{"time":1.5333,"x":0,"y":0,"curve":"stepped"},{"time":2.2,"x":0,"y":0,"curve":"stepped"},{"time":2.4333,"x":0,"y":0,"curve":"stepped"},{"time":2.7333,"x":0,"y":0,"curve":"stepped"},{"time":2.9333,"x":0,"y":0,"curve":"stepped"},{"time":3.2666,"x":0,"y":0}],"scale":[{"time":0,"x":1,"y":1,"curve":"stepped"},{"time":0.2,"x":1,"y":1,"curve":"stepped"},{"time":0.5333,"x":1,"y":1,"curve":"stepped"},{"time":0.7666,"x":1,"y":1,"curve":"stepped"},{"time":1.1,"x":1,"y":1,"curve":"stepped"},{"time":1.4,"x":1,"y":1,"curve":"stepped"},{"time":1.5333,"x":1,"y":1,"curve":"stepped"},{"time":2.2,"x":1,"y":1,"curve":"stepped"},{"time":2.4333,"x":1,"y":1,"curve":"stepped"},{"time":2.7333,"x":1,"y":1,"curve":"stepped"},{"time":2.9333,"x":1,"y":1,"curve":"stepped"},{"time":3.2666,"x":1,"y":1}]},"25":{"rotate":[{"time":0,"angle":0},{"time":0.2,"angle":47.59},{"time":0.5333,"angle":66.12},{"time":0.7666,"angle":47.59},{"time":1.1,"angle":0},{"time":1.4,"angle":15.87},{"time":1.5333,"angle":66.12},{"time":2.2,"angle":47.59},{"time":2.4333,"angle":15.87},{"time":2.7333,"angle":8.46},{"time":2.9333,"angle":0,"curve":"stepped"},{"time":3.2666,"angle":0}],"translate":[{"time":0,"x":0,"y":0},{"time":0.2,"x":-1.21,"y":-0.18},{"time":0.5333,"x":-0.33,"y":-0.53},{"time":0.7666,"x":-1.21,"y":-0.18},{"time":1.1,"x":0,"y":0},{"time":1.4,"x":-3.19,"y":0.46},{"time":1.5333,"x":-0.33,"y":-0.53},{"time":2.2,"x":-1.21,"y":-0.18},{"time":2.4333,"x":-3.19,"y":0.46},{"time":2.7333,"x":-1.7,"y":0.24},{"time":2.9333,"x":0,"y":0,"curve":"stepped"},{"time":3.2666,"x":0,"y":0}],"scale":[{"time":0,"x":1,"y":1,"curve":"stepped"},{"time":0.2,"x":1,"y":1,"curve":"stepped"},{"time":0.5333,"x":1,"y":1,"curve":"stepped"},{"time":0.7666,"x":1,"y":1,"curve":"stepped"},{"time":1.1,"x":1,"y":1,"curve":"stepped"},{"time":1.4,"x":1,"y":1,"curve":"stepped"},{"time":1.5333,"x":1,"y":1,"curve":"stepped"},{"time":2.2,"x":1,"y":1,"curve":"stepped"},{"time":2.4333,"x":1,"y":1,"curve":"stepped"},{"time":2.7333,"x":1,"y":1,"curve":"stepped"},{"time":2.9333,"x":1,"y":1,"curve":"stepped"},{"time":3.2666,"x":1,"y":1}]},"7":{"rotate":[{"time":0,"angle":0,"curve":"stepped"},{"time":0.2,"angle":0},{"time":0.5333,"angle":-2.9},{"time":0.7666,"angle":354.83},{"time":1.1,"angle":2.68},{"time":1.4,"angle":-0.73},{"time":1.5333,"angle":-3.36},{"time":1.8333,"angle":348.83},{"time":2.2,"angle":0},{"time":2.4333,"angle":-3.09},{"time":2.7333,"angle":2.72},{"time":2.9333,"angle":3.52},{"time":3.1,"angle":355},{"time":3.2666,"angle":0}],"translate":[{"time":0,"x":0,"y":0,"curve":"stepped"},{"time":0.2,"x":0,"y":0,"curve":"stepped"},{"time":0.5333,"x":0,"y":0,"curve":"stepped"},{"time":0.7666,"x":0,"y":0,"curve":"stepped"},{"time":1.1,"x":0,"y":0,"curve":"stepped"},{"time":1.4,"x":0,"y":0,"curve":"stepped"},{"time":1.5333,"x":0,"y":0,"curve":"stepped"},{"time":2.2,"x":0,"y":0,"curve":"stepped"},{"time":2.4333,"x":0,"y":0,"curve":"stepped"},{"time":2.7333,"x":0,"y":0,"curve":"stepped"},{"time":2.9333,"x":0,"y":0,"curve":"stepped"},{"time":3.2666,"x":0,"y":0}],"scale":[{"time":0,"x":1,"y":1,"curve":"stepped"},{"time":0.2,"x":1,"y":1,"curve":"stepped"},{"time":0.5333,"x":1,"y":1,"curve":"stepped"},{"time":0.7666,"x":1,"y":1,"curve":"stepped"},{"time":1.1,"x":1,"y":1,"curve":"stepped"},{"time":1.4,"x":1,"y":1,"curve":"stepped"},{"time":1.5333,"x":1,"y":1,"curve":"stepped"},{"time":2.2,"x":1,"y":1,"curve":"stepped"},{"time":2.4333,"x":1,"y":1,"curve":"stepped"},{"time":2.7333,"x":1,"y":1,"curve":"stepped"},{"time":2.9333,"x":1,"y":1,"curve":"stepped"},{"time":3.2666,"x":1,"y":1}]},"8":{"rotate":[{"time":0,"angle":0},{"time":0.2,"angle":-10.07},{"time":0.5333,"angle":-12.98},{"time":0.7666,"angle":6.04},{"time":1.1,"angle":6.37},{"time":1.4,"angle":1.79},{"time":1.5333,"angle":-14.38},{"time":1.8333,"angle":-6.44},{"time":2.2,"angle":0},{"time":2.4333,"angle":8.3},{"time":2.7333,"angle":-4.9},{"time":2.9333,"angle":-10.14},{"time":3.1,"angle":3.92},{"time":3.2666,"angle":0}],"translate":[{"time":0,"x":0,"y":0,"curve":"stepped"},{"time":0.2,"x":0,"y":0,"curve":"stepped"},{"time":0.5333,"x":0,"y":0,"curve":"stepped"},{"time":0.7666,"x":0,"y":0,"curve":"stepped"},{"time":1.1,"x":0,"y":0,"curve":"stepped"},{"time":1.4,"x":0,"y":0,"curve":"stepped"},{"time":1.5333,"x":0,"y":0,"curve":"stepped"},{"time":2.2,"x":0,"y":0,"curve":"stepped"},{"time":2.4333,"x":0,"y":0,"curve":"stepped"},{"time":2.7333,"x":0,"y":0,"curve":"stepped"},{"time":2.9333,"x":0,"y":0,"curve":"stepped"},{"time":3.2666,"x":0,"y":0}],"scale":[{"time":0,"x":1,"y":1,"curve":"stepped"},{"time":0.2,"x":1,"y":1,"curve":"stepped"},{"time":0.5333,"x":1,"y":1,"curve":"stepped"},{"time":0.7666,"x":1,"y":1,"curve":"stepped"},{"time":1.1,"x":1,"y":1,"curve":"stepped"},{"time":1.4,"x":1,"y":1,"curve":"stepped"},{"time":1.5333,"x":1,"y":1,"curve":"stepped"},{"time":2.2,"x":1,"y":1,"curve":"stepped"},{"time":2.4333,"x":1,"y":1,"curve":"stepped"},{"time":2.7333,"x":1,"y":1,"curve":"stepped"},{"time":2.9333,"x":1,"y":1,"curve":"stepped"},{"time":3.2666,"x":1,"y":1}]},"10":{"rotate":[{"time":0,"angle":0},{"time":0.2,"angle":-5.39},{"time":0.5333,"angle":-1.69},{"time":0.7666,"angle":-5.39},{"time":1.1,"angle":0},{"time":1.4,"angle":6.3},{"time":1.5333,"angle":-7.37},{"time":2.2,"angle":-9.44},{"time":2.4333,"angle":2.67},{"time":2.7333,"angle":-0.69},{"time":2.9333,"angle":-6.81},{"time":3.2666,"angle":0}],"translate":[{"time":0,"x":0,"y":0},{"time":0.2,"x":-1.88,"y":0.01},{"time":0.5333,"x":-3.05,"y":0.8},{"time":0.7666,"x":-1.88,"y":0.01},{"time":1.1,"x":0,"y":0},{"time":1.4,"x":-1.88,"y":0.01},{"time":1.5333,"x":-3.05,"y":0.8},{"time":2.2,"x":-1.88,"y":0.01,"curve":"stepped"},{"time":2.4333,"x":-1.88,"y":0.01},{"time":2.7333,"x":-0.68,"y":0.18},{"time":2.9333,"x":0.69,"y":0.38},{"time":3.2666,"x":0,"y":0}],"scale":[{"time":0,"x":1,"y":1,"curve":"stepped"},{"time":0.2,"x":1,"y":1,"curve":"stepped"},{"time":0.5333,"x":1,"y":1,"curve":"stepped"},{"time":0.7666,"x":1,"y":1,"curve":"stepped"},{"time":1.1,"x":1,"y":1,"curve":"stepped"},{"time":1.4,"x":1,"y":1,"curve":"stepped"},{"time":1.5333,"x":1,"y":1,"curve":"stepped"},{"time":2.2,"x":1,"y":1,"curve":"stepped"},{"time":2.4333,"x":1,"y":1,"curve":"stepped"},{"time":2.7333,"x":1,"y":1,"curve":"stepped"},{"time":2.9333,"x":1,"y":1,"curve":"stepped"},{"time":3.2666,"x":1,"y":1}]},"bone":{"rotate":[{"time":0,"angle":0,"curve":"stepped"},{"time":0.2,"angle":0,"curve":"stepped"},{"time":0.5333,"angle":0,"curve":"stepped"},{"time":0.7666,"angle":0,"curve":"stepped"},{"time":1.1,"angle":0,"curve":"stepped"},{"time":1.4,"angle":0,"curve":"stepped"},{"time":1.5333,"angle":0,"curve":"stepped"},{"time":2.2,"angle":0,"curve":"stepped"},{"time":2.4333,"angle":0,"curve":"stepped"},{"time":2.7333,"angle":0,"curve":"stepped"},{"time":2.9333,"angle":0,"curve":"stepped"},{"time":3.2666,"angle":0}],"translate":[{"time":0,"x":0,"y":0},{"time":0.2,"x":6.13,"y":1.53,"curve":"stepped"},{"time":0.5333,"x":6.13,"y":1.53,"curve":"stepped"},{"time":0.7666,"x":6.13,"y":1.53},{"time":1.1,"x":0,"y":0,"curve":"stepped"},{"time":1.4,"x":0,"y":0},{"time":1.5333,"x":6.13,"y":1.53,"curve":"stepped"},{"time":2.2,"x":6.13,"y":1.53},{"time":2.4333,"x":0,"y":0,"curve":"stepped"},{"time":2.7333,"x":0,"y":0,"curve":"stepped"},{"time":2.9333,"x":0,"y":0,"curve":"stepped"},{"time":3.2666,"x":0,"y":0}],"scale":[{"time":0,"x":1,"y":1,"curve":"stepped"},{"time":0.2,"x":1,"y":1,"curve":"stepped"},{"time":0.5333,"x":1,"y":1,"curve":"stepped"},{"time":0.7666,"x":1,"y":1,"curve":"stepped"},{"time":1.1,"x":1,"y":1,"curve":"stepped"},{"time":1.4,"x":1,"y":1,"curve":"stepped"},{"time":1.5333,"x":1,"y":1,"curve":"stepped"},{"time":2.2,"x":1,"y":1,"curve":"stepped"},{"time":2.4333,"x":1,"y":1,"curve":"stepped"},{"time":2.7333,"x":1,"y":1,"curve":"stepped"},{"time":2.9333,"x":1,"y":1,"curve":"stepped"},{"time":3.2666,"x":1,"y":1}]},"bone3":{"rotate":[{"time":0,"angle":0},{"time":0.2,"angle":5.81},{"time":0.5333,"angle":-10.08},{"time":0.7666,"angle":-17.14},{"time":1.1,"angle":14.06},{"time":1.4,"angle":20.53},{"time":1.5333,"angle":-3.66},{"time":1.8333,"angle":-19.22},{"time":2.2,"angle":0},{"time":2.4333,"angle":8.2},{"time":2.7333,"angle":-5.73},{"time":2.9333,"angle":-15.6},{"time":3.1,"angle":2.48},{"time":3.2666,"angle":0}],"translate":[{"time":0,"x":0,"y":0,"curve":"stepped"},{"time":0.2,"x":0,"y":0,"curve":"stepped"},{"time":0.5333,"x":0,"y":0,"curve":"stepped"},{"time":0.7666,"x":0,"y":0,"curve":"stepped"},{"time":1.1,"x":0,"y":0,"curve":"stepped"},{"time":1.4,"x":0,"y":0,"curve":"stepped"},{"time":1.5333,"x":0,"y":0,"curve":"stepped"},{"time":2.2,"x":0,"y":0,"curve":"stepped"},{"time":2.4333,"x":0,"y":0,"curve":"stepped"},{"time":2.7333,"x":0,"y":0,"curve":"stepped"},{"time":2.9333,"x":0,"y":0,"curve":"stepped"},{"time":3.2666,"x":0,"y":0}],"scale":[{"time":0,"x":1,"y":1,"curve":"stepped"},{"time":0.2,"x":1,"y":1,"curve":"stepped"},{"time":0.5333,"x":1,"y":1,"curve":"stepped"},{"time":0.7666,"x":1,"y":1,"curve":"stepped"},{"time":1.1,"x":1,"y":1,"curve":"stepped"},{"time":1.4,"x":1,"y":1,"curve":"stepped"},{"time":1.5333,"x":1,"y":1,"curve":"stepped"},{"time":2.2,"x":1,"y":1,"curve":"stepped"},{"time":2.4333,"x":1,"y":1,"curve":"stepped"},{"time":2.7333,"x":1,"y":1,"curve":"stepped"},{"time":2.9333,"x":1,"y":1,"curve":"stepped"},{"time":3.2666,"x":1,"y":1}]},"12":{"rotate":[{"time":0,"angle":0},{"time":0.2,"angle":10.82,"curve":"stepped"},{"time":0.5333,"angle":10.82,"curve":"stepped"},{"time":0.7666,"angle":10.82},{"time":1.1,"angle":0},{"time":1.4,"angle":4.08,"curve":[0.402,0.02,0.75,1]},{"time":1.5333,"angle":10.82,"curve":"stepped"},{"time":2.2,"angle":10.82},{"time":2.4333,"angle":4.08,"curve":[0.358,0.02,0.695,0.49]},{"time":2.7333,"angle":1.85,"curve":[0.382,0.48,0.72,1]},{"time":2.9333,"angle":-1.78,"curve":[0.25,0,0.75,1]},{"time":3.2666,"angle":0}],"translate":[{"time":0,"x":0,"y":0},{"time":0.2,"x":1.01,"y":-7.63},{"time":0.5333,"x":1.02,"y":-9.87},{"time":0.7666,"x":1.01,"y":-7.63},{"time":1.1,"x":0,"y":0},{"time":1.4,"x":0.45,"y":-5.05,"curve":[0.402,0.02,0.75,1]},{"time":1.5333,"x":1.02,"y":-9.87},{"time":2.2,"x":1.01,"y":-7.63},{"time":2.4333,"x":0.45,"y":-5.05,"curve":[0.358,0.02,0.695,0.49]},{"time":2.7333,"x":0.89,"y":-1.66,"curve":[0.382,0.48,0.72,1]},{"time":2.9333,"x":1.62,"y":3.88,"curve":[0.25,0,0.75,1]},{"time":3.2666,"x":0,"y":0}],"scale":[{"time":0,"x":1,"y":1,"curve":"stepped"},{"time":0.2,"x":1,"y":1,"curve":"stepped"},{"time":0.5333,"x":1,"y":1,"curve":"stepped"},{"time":0.7666,"x":1,"y":1,"curve":"stepped"},{"time":1.1,"x":1,"y":1,"curve":"stepped"},{"time":1.4,"x":1,"y":1,"curve":"stepped"},{"time":1.5333,"x":1,"y":1,"curve":"stepped"},{"time":2.2,"x":1,"y":1,"curve":"stepped"},{"time":2.4333,"x":1,"y":1,"curve":"stepped"},{"time":2.7333,"x":1,"y":1,"curve":"stepped"},{"time":2.9333,"x":1,"y":1,"curve":"stepped"},{"time":3.2666,"x":1,"y":1}]},"bone7":{"rotate":[{"time":0,"angle":0},{"time":0.2,"angle":6.66},{"time":0.5333,"angle":-8.39},{"time":0.7666,"angle":-12.15},{"time":1.1,"angle":8.28},{"time":1.4,"angle":12.72},{"time":1.5333,"angle":14},{"time":1.8333,"angle":-9.93},{"time":2.2,"angle":0},{"time":2.4333,"angle":-4.99},{"time":2.7333,"angle":6.9},{"time":2.9333,"angle":-11.57},{"time":3.1,"angle":-9},{"time":3.2666,"angle":0}],"translate":[{"time":0,"x":0,"y":0,"curve":"stepped"},{"time":0.2,"x":0,"y":0,"curve":"stepped"},{"time":0.5333,"x":0,"y":0,"curve":"stepped"},{"time":0.7666,"x":0,"y":0,"curve":"stepped"},{"time":1.1,"x":0,"y":0,"curve":"stepped"},{"time":1.4,"x":0,"y":0,"curve":"stepped"},{"time":1.5333,"x":0,"y":0,"curve":"stepped"},{"time":2.2,"x":0,"y":0,"curve":"stepped"},{"time":2.4333,"x":0,"y":0,"curve":"stepped"},{"time":2.7333,"x":0,"y":0,"curve":"stepped"},{"time":2.9333,"x":0,"y":0,"curve":"stepped"},{"time":3.2666,"x":0,"y":0}],"scale":[{"time":0,"x":1,"y":1,"curve":"stepped"},{"time":0.2,"x":1,"y":1,"curve":"stepped"},{"time":0.5333,"x":1,"y":1,"curve":"stepped"},{"time":0.7666,"x":1,"y":1,"curve":"stepped"},{"time":1.1,"x":1,"y":1,"curve":"stepped"},{"time":1.4,"x":1,"y":1,"curve":"stepped"},{"time":1.5333,"x":1,"y":1,"curve":"stepped"},{"time":2.2,"x":1,"y":1,"curve":"stepped"},{"time":2.4333,"x":1,"y":1,"curve":"stepped"},{"time":2.7333,"x":1,"y":1,"curve":"stepped"},{"time":2.9333,"x":1,"y":1,"curve":"stepped"},{"time":3.2666,"x":1,"y":1}]},"4":{"rotate":[{"time":0,"angle":0},{"time":0.2,"angle":-6.75},{"time":0.5333,"angle":27.08},{"time":0.7666,"angle":62.85},{"time":1.1,"angle":102.45},{"time":1.4,"angle":120.43},{"time":1.5333,"angle":-14.37,"curve":"stepped"},{"time":1.6333,"angle":-14.37,"curve":"stepped"},{"time":1.7,"angle":-14.37,"curve":"stepped"},{"time":1.8,"angle":-14.37,"curve":"stepped"},{"time":1.8666,"angle":-14.37,"curve":"stepped"},{"time":1.9666,"angle":-14.37,"curve":"stepped"},{"time":2.0333,"angle":-14.37,"curve":"stepped"},{"time":2.1333,"angle":-14.37,"curve":"stepped"},{"time":2.2,"angle":-14.37},{"time":2.4333,"angle":-6.75},{"time":2.7333,"angle":-3.6},{"time":2.9333,"angle":0,"curve":"stepped"},{"time":3.2666,"angle":0}],"translate":[{"time":0,"x":0,"y":0,"curve":"stepped"},{"time":0.2,"x":0,"y":0,"curve":"stepped"},{"time":0.5333,"x":0,"y":0,"curve":"stepped"},{"time":0.7666,"x":0,"y":0,"curve":"stepped"},{"time":1.1,"x":0,"y":0,"curve":"stepped"},{"time":1.4,"x":0,"y":0,"curve":"stepped"},{"time":1.5333,"x":0,"y":0,"curve":"stepped"},{"time":1.6333,"x":0,"y":0,"curve":"stepped"},{"time":1.7,"x":0,"y":0,"curve":"stepped"},{"time":1.8,"x":0,"y":0,"curve":"stepped"},{"time":1.8666,"x":0,"y":0,"curve":"stepped"},{"time":1.9666,"x":0,"y":0,"curve":"stepped"},{"time":2.0333,"x":0,"y":0,"curve":"stepped"},{"time":2.1333,"x":0,"y":0,"curve":"stepped"},{"time":2.2,"x":0,"y":0,"curve":"stepped"},{"time":2.4333,"x":0,"y":0,"curve":"stepped"},{"time":2.7333,"x":0,"y":0,"curve":"stepped"},{"time":2.9333,"x":0,"y":0,"curve":"stepped"},{"time":3.2666,"x":0,"y":0}],"scale":[{"time":0,"x":1,"y":1,"curve":"stepped"},{"time":0.2,"x":1,"y":1,"curve":"stepped"},{"time":0.5333,"x":1,"y":1,"curve":"stepped"},{"time":0.7666,"x":1,"y":1,"curve":"stepped"},{"time":1.1,"x":1,"y":1,"curve":"stepped"},{"time":1.4,"x":1,"y":1,"curve":"stepped"},{"time":1.5333,"x":1,"y":1,"curve":"stepped"},{"time":1.6333,"x":1,"y":1,"curve":"stepped"},{"time":1.7,"x":1,"y":1,"curve":"stepped"},{"time":1.8,"x":1,"y":1,"curve":"stepped"},{"time":1.8666,"x":1,"y":1,"curve":"stepped"},{"time":1.9666,"x":1,"y":1,"curve":"stepped"},{"time":2.0333,"x":1,"y":1,"curve":"stepped"},{"time":2.1333,"x":1,"y":1,"curve":"stepped"},{"time":2.2,"x":1,"y":1,"curve":"stepped"},{"time":2.4333,"x":1,"y":1,"curve":"stepped"},{"time":2.7333,"x":1,"y":1,"curve":"stepped"},{"time":2.9333,"x":1,"y":1,"curve":"stepped"},{"time":3.2666,"x":1,"y":1}]},"21":{"rotate":[{"time":0,"angle":0},{"time":0.2,"angle":-2.88},{"time":0.5333,"angle":10.85},{"time":0.7666,"angle":-5.86,"curve":"stepped"},{"time":0.8,"angle":13.01,"curve":"stepped"},{"time":0.8666,"angle":45.1,"curve":"stepped"},{"time":0.9333,"angle":72.17,"curve":"stepped"},{"time":1,"angle":85.21,"curve":"stepped"},{"time":1.0666,"angle":100.73,"curve":"stepped"},{"time":1.1,"angle":118.75},{"time":1.4,"angle":-223.91,"curve":"stepped"},{"time":1.4333,"angle":68.08},{"time":1.5333,"angle":10.85},{"time":1.6333,"angle":35.92},{"time":1.7,"angle":10.85},{"time":1.8,"angle":35.92},{"time":1.8666,"angle":10.85},{"time":1.9666,"angle":35.92},{"time":2.0333,"angle":10.85},{"time":2.1333,"angle":35.92},{"time":2.2,"angle":10.85},{"time":2.2666,"angle":46.63,"curve":"stepped"},{"time":2.3,"angle":93.59},{"time":2.4333,"angle":-210.91},{"time":2.6,"angle":-219.38,"curve":"stepped"},{"time":2.7333,"angle":-219.38,"curve":"stepped"},{"time":2.7666,"angle":71.35},{"time":2.9333,"angle":10.29},{"time":3.2666,"angle":0}],"translate":[{"time":0,"x":0,"y":0,"curve":"stepped"},{"time":0.2,"x":0,"y":0,"curve":"stepped"},{"time":0.5333,"x":0,"y":0},{"time":0.7666,"x":19.95,"y":0.59,"curve":"stepped"},{"time":0.8,"x":30.23,"y":3.26,"curve":"stepped"},{"time":0.8666,"x":40.81,"y":4.88,"curve":"stepped"},{"time":0.9333,"x":47.28,"y":13.22,"curve":"stepped"},{"time":1,"x":43.93,"y":17.95,"curve":"stepped"},{"time":1.0666,"x":41.23,"y":25.16,"curve":"stepped"},{"time":1.1,"x":38.53,"y":31.46},{"time":1.4,"x":42.07,"y":35.77,"curve":"stepped"},{"time":1.4333,"x":18.99,"y":1.21},{"time":1.5333,"x":-8.7,"y":6.54},{"time":1.6333,"x":5.82,"y":6.6},{"time":1.7,"x":-8.7,"y":6.54},{"time":1.8,"x":5.82,"y":6.6},{"time":1.8666,"x":-8.7,"y":6.54},{"time":1.9666,"x":5.82,"y":6.6},{"time":2.0333,"x":-8.7,"y":6.54},{"time":2.1333,"x":5.82,"y":6.6},{"time":2.2,"x":-8.7,"y":6.54},{"time":2.2666,"x":9.89,"y":6.39,"curve":"stepped"},{"time":2.3,"x":37.88,"y":23.73},{"time":2.4333,"x":35.97,"y":44.42},{"time":2.6,"x":45.48,"y":36.35,"curve":"stepped"},{"time":2.7333,"x":45.48,"y":36.35,"curve":"stepped"},{"time":2.7666,"x":40.17,"y":6.53},{"time":2.8333,"x":29.67,"y":-2.52},{"time":2.9333,"x":10.93,"y":-5.05},{"time":3.2666,"x":0,"y":0}],"scale":[{"time":0,"x":1,"y":1,"curve":"stepped"},{"time":0.2,"x":1,"y":1,"curve":"stepped"},{"time":0.5333,"x":1,"y":1,"curve":"stepped"},{"time":0.7666,"x":1,"y":1,"curve":"stepped"},{"time":0.8,"x":1,"y":-1,"curve":"stepped"},{"time":1.1,"x":1,"y":-1,"curve":"stepped"},{"time":1.4,"x":1,"y":-1,"curve":"stepped"},{"time":1.4333,"x":1,"y":1,"curve":"stepped"},{"time":1.5333,"x":1,"y":1},{"time":1.6333,"x":0.882,"y":1.087},{"time":1.7,"x":1,"y":1},{"time":1.8,"x":0.882,"y":1.087},{"time":1.8666,"x":1,"y":1},{"time":1.9666,"x":0.882,"y":1.087},{"time":2.0333,"x":1,"y":1},{"time":2.1333,"x":0.882,"y":1.087},{"time":2.2,"x":1,"y":1,"curve":"stepped"},{"time":2.2666,"x":1,"y":1,"curve":"stepped"},{"time":2.3,"x":1,"y":-1,"curve":"stepped"},{"time":2.4333,"x":1,"y":-1,"curve":"stepped"},{"time":2.6,"x":1,"y":-1,"curve":"stepped"},{"time":2.7333,"x":1,"y":-1,"curve":"stepped"},{"time":2.7666,"x":1,"y":1,"curve":"stepped"},{"time":2.9333,"x":1,"y":1,"curve":"stepped"},{"time":3.2666,"x":1,"y":1}]},"3":{"rotate":[{"time":0,"angle":0},{"time":0.2,"angle":-18.14},{"time":0.5333,"angle":-63.58},{"time":0.7666,"angle":-113.67},{"time":1.1,"angle":-162.73},{"time":1.4,"angle":-165.58},{"time":1.5333,"angle":-3.83,"curve":"stepped"},{"time":1.6333,"angle":-3.83,"curve":"stepped"},{"time":1.7,"angle":-3.83,"curve":"stepped"},{"time":1.8,"angle":-3.83,"curve":"stepped"},{"time":1.8666,"angle":-3.83,"curve":"stepped"},{"time":1.9666,"angle":-3.83,"curve":"stepped"},{"time":2.0333,"angle":-3.83,"curve":"stepped"},{"time":2.1333,"angle":-3.83,"curve":"stepped"},{"time":2.2,"angle":-3.83},{"time":2.4333,"angle":-18.14},{"time":2.7333,"angle":-12.61},{"time":2.9333,"angle":-6.28},{"time":3.2666,"angle":0}],"translate":[{"time":0,"x":0,"y":0,"curve":"stepped"},{"time":0.2,"x":0,"y":0,"curve":"stepped"},{"time":0.5333,"x":0,"y":0,"curve":"stepped"},{"time":0.7666,"x":0,"y":0,"curve":"stepped"},{"time":1.1,"x":0,"y":0,"curve":"stepped"},{"time":1.4,"x":0,"y":0,"curve":"stepped"},{"time":1.5333,"x":0,"y":0,"curve":"stepped"},{"time":1.6333,"x":0,"y":0,"curve":"stepped"},{"time":1.7,"x":0,"y":0,"curve":"stepped"},{"time":1.8,"x":0,"y":0,"curve":"stepped"},{"time":1.8666,"x":0,"y":0,"curve":"stepped"},{"time":1.9666,"x":0,"y":0,"curve":"stepped"},{"time":2.0333,"x":0,"y":0,"curve":"stepped"},{"time":2.1333,"x":0,"y":0,"curve":"stepped"},{"time":2.2,"x":0,"y":0,"curve":"stepped"},{"time":2.4333,"x":0,"y":0,"curve":"stepped"},{"time":2.7333,"x":0,"y":0,"curve":"stepped"},{"time":2.9333,"x":0,"y":0,"curve":"stepped"},{"time":3.2666,"x":0,"y":0}],"scale":[{"time":0,"x":1,"y":1,"curve":"stepped"},{"time":0.2,"x":1,"y":1,"curve":"stepped"},{"time":0.5333,"x":1,"y":1,"curve":"stepped"},{"time":0.7666,"x":1,"y":1,"curve":"stepped"},{"time":1.1,"x":1,"y":1,"curve":"stepped"},{"time":1.4,"x":1,"y":1,"curve":"stepped"},{"time":1.5333,"x":1,"y":1,"curve":"stepped"},{"time":1.6333,"x":1,"y":1,"curve":"stepped"},{"time":1.7,"x":1,"y":1,"curve":"stepped"},{"time":1.8,"x":1,"y":1,"curve":"stepped"},{"time":1.8666,"x":1,"y":1,"curve":"stepped"},{"time":1.9666,"x":1,"y":1,"curve":"stepped"},{"time":2.0333,"x":1,"y":1,"curve":"stepped"},{"time":2.1333,"x":1,"y":1,"curve":"stepped"},{"time":2.2,"x":1,"y":1,"curve":"stepped"},{"time":2.4333,"x":1,"y":1,"curve":"stepped"},{"time":2.7333,"x":1,"y":1,"curve":"stepped"},{"time":2.9333,"x":1,"y":1,"curve":"stepped"},{"time":3.2666,"x":1,"y":1}]},"18":{"rotate":[{"time":0,"angle":0},{"time":0.2,"angle":-58.41},{"time":0.5333,"angle":-107.17},{"time":0.7666,"angle":-48.73},{"time":1.1,"angle":-2.92,"curve":"stepped"},{"time":1.4,"angle":-2.92,"curve":"stepped"},{"time":1.4333,"angle":68.51},{"time":1.5333,"angle":64.14},{"time":1.6333,"angle":58.68},{"time":1.7,"angle":64.14},{"time":1.8,"angle":58.68},{"time":1.8666,"angle":64.14},{"time":1.9666,"angle":58.68},{"time":2.0333,"angle":64.14},{"time":2.1333,"angle":58.68},{"time":2.2,"angle":64.14},{"time":2.2666,"angle":46.16,"curve":"stepped"},{"time":2.3,"angle":-38.08},{"time":2.4333,"angle":-2.92},{"time":2.6,"angle":-9.35,"curve":"stepped"},{"time":2.7333,"angle":-9.35,"curve":"stepped"},{"time":2.7666,"angle":-52.5},{"time":2.9333,"angle":-89.51},{"time":3,"angle":-18.85},{"time":3.0666,"angle":-55.74},{"time":3.2666,"angle":0}],"translate":[{"time":0,"x":0,"y":0,"curve":"stepped"},{"time":0.2,"x":0,"y":0,"curve":"stepped"},{"time":0.5333,"x":0,"y":0,"curve":"stepped"},{"time":0.7666,"x":0,"y":0,"curve":"stepped"},{"time":1.1,"x":0,"y":0,"curve":"stepped"},{"time":1.4,"x":0,"y":0,"curve":"stepped"},{"time":1.4333,"x":0,"y":0,"curve":"stepped"},{"time":1.5333,"x":0,"y":0,"curve":"stepped"},{"time":1.6333,"x":0,"y":0,"curve":"stepped"},{"time":1.7,"x":0,"y":0,"curve":"stepped"},{"time":1.8,"x":0,"y":0,"curve":"stepped"},{"time":1.8666,"x":0,"y":0,"curve":"stepped"},{"time":1.9666,"x":0,"y":0,"curve":"stepped"},{"time":2.0333,"x":0,"y":0,"curve":"stepped"},{"time":2.1333,"x":0,"y":0,"curve":"stepped"},{"time":2.2,"x":0,"y":0,"curve":"stepped"},{"time":2.2666,"x":0,"y":0,"curve":"stepped"},{"time":2.3,"x":0,"y":0,"curve":"stepped"},{"time":2.4333,"x":0,"y":0,"curve":"stepped"},{"time":2.6,"x":0,"y":0,"curve":"stepped"},{"time":2.7333,"x":0,"y":0,"curve":"stepped"},{"time":2.7666,"x":0,"y":0,"curve":"stepped"},{"time":2.9333,"x":0,"y":0,"curve":"stepped"},{"time":3.2666,"x":0,"y":0}],"scale":[{"time":0,"x":1,"y":1},{"time":0.2,"x":0.625,"y":0.691},{"time":0.5333,"x":0.624,"y":0.763,"curve":"stepped"},{"time":0.7666,"x":0.624,"y":0.763},{"time":1.1,"x":1,"y":1,"curve":"stepped"},{"time":1.4,"x":1,"y":1,"curve":"stepped"},{"time":1.4333,"x":0.782,"y":0.922},{"time":1.5333,"x":0.596,"y":0.691,"curve":"stepped"},{"time":1.6333,"x":0.596,"y":0.691,"curve":"stepped"},{"time":1.7,"x":0.596,"y":0.691,"curve":"stepped"},{"time":1.8,"x":0.596,"y":0.691,"curve":"stepped"},{"time":1.8666,"x":0.596,"y":0.691,"curve":"stepped"},{"time":1.9666,"x":0.596,"y":0.691,"curve":"stepped"},{"time":2.0333,"x":0.596,"y":0.691,"curve":"stepped"},{"time":2.1333,"x":0.596,"y":0.691,"curve":"stepped"},{"time":2.2,"x":0.596,"y":0.691},{"time":2.2666,"x":0.711,"y":0.779,"curve":"stepped"},{"time":2.3,"x":0.769,"y":0.823},{"time":2.4333,"x":1,"y":1,"curve":"stepped"},{"time":2.6,"x":1,"y":1,"curve":"stepped"},{"time":2.7333,"x":1,"y":1,"curve":"stepped"},{"time":2.7666,"x":1,"y":1,"curve":"stepped"},{"time":2.9333,"x":1,"y":1,"curve":"stepped"},{"time":3.2666,"x":1,"y":1}]},"17":{"rotate":[{"time":0,"angle":0},{"time":0.2,"angle":12.43},{"time":0.5333,"angle":24.29},{"time":0.7666,"angle":12.43},{"time":1.1,"angle":0},{"time":1.4,"angle":-16.08},{"time":1.5333,"angle":24.29},{"time":2.2,"angle":12.43},{"time":2.4333,"angle":-16.08},{"time":2.7333,"angle":-8.57},{"time":2.9333,"angle":5.38},{"time":3.2666,"angle":0}],"translate":[{"time":0,"x":0,"y":0},{"time":0.2,"x":3.45,"y":-5.85},{"time":0.5333,"x":2.12,"y":-8.6},{"time":0.7666,"x":3.45,"y":-5.85},{"time":1.1,"x":0,"y":0},{"time":1.4,"x":3.75,"y":-2.64},{"time":1.5333,"x":2.12,"y":-8.6},{"time":2.2,"x":3.45,"y":-5.85},{"time":2.4333,"x":3.75,"y":-2.64},{"time":2.7333,"x":2.63,"y":-0.62},{"time":2.9333,"x":2.39,"y":1.44},{"time":3.2666,"x":0,"y":0}],"scale":[{"time":0,"x":1,"y":1},{"time":0.2,"x":0.953,"y":1.047,"curve":"stepped"},{"time":0.5333,"x":0.953,"y":1.047,"curve":"stepped"},{"time":0.7666,"x":0.953,"y":1.047},{"time":1.1,"x":1,"y":1},{"time":1.4,"x":0.953,"y":1.047,"curve":"stepped"},{"time":1.5333,"x":0.953,"y":1.047,"curve":"stepped"},{"time":2.2,"x":0.953,"y":1.047,"curve":"stepped"},{"time":2.4333,"x":0.953,"y":1.047},{"time":2.7333,"x":1.001,"y":1.025},{"time":2.9333,"x":1.058,"y":1},{"time":3.2666,"x":1,"y":1}]},"2":{"rotate":[{"time":0,"angle":0},{"time":0.2,"angle":8.09},{"time":0.5333,"angle":9.65},{"time":0.7666,"angle":4.38},{"time":1.1,"angle":-7.23},{"time":1.4,"angle":4.38},{"time":1.5333,"angle":9.07},{"time":1.8333,"angle":1.14},{"time":2.2,"angle":7.64},{"time":2.4333,"angle":10.08},{"time":2.7333,"angle":9.87},{"time":2.9333,"angle":-3.06},{"time":3.2666,"angle":0}],"translate":[{"time":0,"x":0,"y":0,"curve":"stepped"},{"time":0.2,"x":0,"y":0,"curve":"stepped"},{"time":0.5333,"x":0,"y":0,"curve":"stepped"},{"time":0.7666,"x":0,"y":0,"curve":"stepped"},{"time":1.1,"x":0,"y":0,"curve":"stepped"},{"time":1.4,"x":0,"y":0,"curve":"stepped"},{"time":1.5333,"x":0,"y":0,"curve":"stepped"},{"time":2.2,"x":0,"y":0,"curve":"stepped"},{"time":2.4333,"x":0,"y":0,"curve":"stepped"},{"time":2.7333,"x":0,"y":0,"curve":"stepped"},{"time":2.9333,"x":0,"y":0,"curve":"stepped"},{"time":3.2666,"x":0,"y":0}],"scale":[{"time":0,"x":1,"y":1,"curve":"stepped"},{"time":0.2,"x":1,"y":1,"curve":"stepped"},{"time":0.5333,"x":1,"y":1,"curve":"stepped"},{"time":0.7666,"x":1,"y":1,"curve":"stepped"},{"time":1.1,"x":1,"y":1,"curve":"stepped"},{"time":1.4,"x":1,"y":1,"curve":"stepped"},{"time":1.5333,"x":1,"y":1,"curve":"stepped"},{"time":2.2,"x":1,"y":1,"curve":"stepped"},{"time":2.4333,"x":1,"y":1,"curve":"stepped"},{"time":2.7333,"x":1,"y":1,"curve":"stepped"},{"time":2.9333,"x":1,"y":1,"curve":"stepped"},{"time":3.2666,"x":1,"y":1}]},"13":{"rotate":[{"time":0,"angle":0},{"time":0.2,"angle":8.55},{"time":0.5333,"angle":-9.86},{"time":0.7666,"angle":-10.41},{"time":1.1,"angle":10.62},{"time":1.4,"angle":22.21},{"time":1.5333,"angle":20.23},{"time":1.8333,"angle":-5.41},{"time":2.2,"angle":0},{"time":2.4333,"angle":3.07},{"time":2.7333,"angle":5.94},{"time":2.9333,"angle":0},{"time":3.1,"angle":3.86},{"time":3.2666,"angle":0}],"translate":[{"time":0,"x":0,"y":0,"curve":"stepped"},{"time":0.2,"x":0,"y":0,"curve":"stepped"},{"time":0.5333,"x":0,"y":0,"curve":"stepped"},{"time":0.7666,"x":0,"y":0,"curve":"stepped"},{"time":1.1,"x":0,"y":0,"curve":"stepped"},{"time":1.4,"x":0,"y":0,"curve":"stepped"},{"time":1.5333,"x":0,"y":0,"curve":"stepped"},{"time":2.2,"x":0,"y":0,"curve":"stepped"},{"time":2.4333,"x":0,"y":0,"curve":"stepped"},{"time":2.7333,"x":0,"y":0,"curve":"stepped"},{"time":2.9333,"x":0,"y":0,"curve":"stepped"},{"time":3.2666,"x":0,"y":0}],"scale":[{"time":0,"x":1,"y":1,"curve":"stepped"},{"time":0.2,"x":1,"y":1,"curve":"stepped"},{"time":0.5333,"x":1,"y":1,"curve":"stepped"},{"time":0.7666,"x":1,"y":1,"curve":"stepped"},{"time":1.1,"x":1,"y":1,"curve":"stepped"},{"time":1.4,"x":1,"y":1,"curve":"stepped"},{"time":1.5333,"x":1,"y":1,"curve":"stepped"},{"time":2.2,"x":1,"y":1,"curve":"stepped"},{"time":2.4333,"x":1,"y":1,"curve":"stepped"},{"time":2.7333,"x":1,"y":1,"curve":"stepped"},{"time":2.9333,"x":1,"y":1,"curve":"stepped"},{"time":3.2666,"x":1,"y":1}]},"bone5":{"rotate":[{"time":0,"angle":0,"curve":"stepped"},{"time":0.2,"angle":0},{"time":0.5333,"angle":-15.17},{"time":0.7666,"angle":-7.19},{"time":1.1,"angle":7.19},{"time":1.4,"angle":9.83},{"time":1.5333,"angle":0},{"time":1.8333,"angle":-17.02},{"time":2.2,"angle":0},{"time":2.4333,"angle":8.92},{"time":2.7333,"angle":-10.79},{"time":2.9333,"angle":-13.89},{"time":3.1,"angle":0.78},{"time":3.2666,"angle":0}],"translate":[{"time":0,"x":0,"y":0,"curve":"stepped"},{"time":0.2,"x":0,"y":0,"curve":"stepped"},{"time":0.5333,"x":0,"y":0,"curve":"stepped"},{"time":0.7666,"x":0,"y":0,"curve":"stepped"},{"time":1.1,"x":0,"y":0,"curve":"stepped"},{"time":1.4,"x":0,"y":0,"curve":"stepped"},{"time":1.5333,"x":0,"y":0,"curve":"stepped"},{"time":2.2,"x":0,"y":0,"curve":"stepped"},{"time":2.4333,"x":0,"y":0,"curve":"stepped"},{"time":2.7333,"x":0,"y":0,"curve":"stepped"},{"time":2.9333,"x":0,"y":0,"curve":"stepped"},{"time":3.2666,"x":0,"y":0}],"scale":[{"time":0,"x":1,"y":1,"curve":"stepped"},{"time":0.2,"x":1,"y":1,"curve":"stepped"},{"time":0.5333,"x":1,"y":1,"curve":"stepped"},{"time":0.7666,"x":1,"y":1,"curve":"stepped"},{"time":1.1,"x":1,"y":1,"curve":"stepped"},{"time":1.4,"x":1,"y":1,"curve":"stepped"},{"time":1.5333,"x":1,"y":1,"curve":"stepped"},{"time":2.2,"x":1,"y":1,"curve":"stepped"},{"time":2.4333,"x":1,"y":1,"curve":"stepped"},{"time":2.7333,"x":1,"y":1,"curve":"stepped"},{"time":2.9333,"x":1,"y":1,"curve":"stepped"},{"time":3.2666,"x":1,"y":1}]},"16":{"rotate":[{"time":0,"angle":0,"curve":"stepped"},{"time":0.2,"angle":0,"curve":"stepped"},{"time":0.5333,"angle":0,"curve":"stepped"},{"time":0.7666,"angle":0,"curve":"stepped"},{"time":1.1,"angle":0,"curve":"stepped"},{"time":1.4,"angle":0,"curve":"stepped"},{"time":1.5333,"angle":0,"curve":"stepped"},{"time":2.2,"angle":0,"curve":"stepped"},{"time":2.4333,"angle":0,"curve":"stepped"},{"time":2.7333,"angle":0,"curve":"stepped"},{"time":2.9333,"angle":0,"curve":"stepped"},{"time":3.2666,"angle":0}],"translate":[{"time":0,"x":0,"y":0,"curve":"stepped"},{"time":0.2,"x":0,"y":0,"curve":"stepped"},{"time":0.5333,"x":0,"y":0,"curve":"stepped"},{"time":0.7666,"x":0,"y":0,"curve":"stepped"},{"time":1.1,"x":0,"y":0,"curve":"stepped"},{"time":1.4,"x":0,"y":0,"curve":"stepped"},{"time":1.5333,"x":0,"y":0,"curve":"stepped"},{"time":2.2,"x":0,"y":0,"curve":"stepped"},{"time":2.4333,"x":0,"y":0,"curve":"stepped"},{"time":2.7333,"x":0,"y":0,"curve":"stepped"},{"time":2.9333,"x":0,"y":0,"curve":"stepped"},{"time":3.2666,"x":0,"y":0}],"scale":[{"time":0,"x":1,"y":1},{"time":0.2,"x":1.085,"y":0.958,"curve":"stepped"},{"time":0.5333,"x":1.085,"y":0.958,"curve":"stepped"},{"time":0.7666,"x":1.085,"y":0.958},{"time":1.1,"x":1,"y":1},{"time":1.4,"x":1.085,"y":0.958,"curve":"stepped"},{"time":1.5333,"x":1.085,"y":0.958,"curve":"stepped"},{"time":2.2,"x":1.085,"y":0.958,"curve":"stepped"},{"time":2.4333,"x":1.085,"y":0.958},{"time":2.7333,"x":1.045,"y":0.978},{"time":2.9333,"x":1,"y":1,"curve":"stepped"},{"time":3.2666,"x":1,"y":1}]},"9":{"rotate":[{"time":0,"angle":0,"curve":"stepped"},{"time":0.2,"angle":0,"curve":"stepped"},{"time":0.5333,"angle":0,"curve":"stepped"},{"time":0.7666,"angle":0,"curve":"stepped"},{"time":1.1,"angle":0,"curve":"stepped"},{"time":1.4,"angle":0,"curve":"stepped"},{"time":1.5333,"angle":0,"curve":"stepped"},{"time":2.2,"angle":0,"curve":"stepped"},{"time":2.4333,"angle":0,"curve":"stepped"},{"time":2.7333,"angle":0,"curve":"stepped"},{"time":2.9333,"angle":0,"curve":"stepped"},{"time":3.2666,"angle":0}],"translate":[{"time":0,"x":0,"y":0,"curve":"stepped"},{"time":0.2,"x":0,"y":0,"curve":"stepped"},{"time":0.5333,"x":0,"y":0,"curve":"stepped"},{"time":0.7666,"x":0,"y":0,"curve":"stepped"},{"time":1.1,"x":0,"y":0,"curve":"stepped"},{"time":1.4,"x":0,"y":0,"curve":"stepped"},{"time":1.5333,"x":0,"y":0,"curve":"stepped"},{"time":2.2,"x":0,"y":0,"curve":"stepped"},{"time":2.4333,"x":0,"y":0,"curve":"stepped"},{"time":2.7333,"x":0,"y":0,"curve":"stepped"},{"time":2.9333,"x":0,"y":0,"curve":"stepped"},{"time":3.2666,"x":0,"y":0}],"scale":[{"time":0,"x":1,"y":1,"curve":"stepped"},{"time":0.2,"x":1,"y":1,"curve":"stepped"},{"time":0.5333,"x":1,"y":1,"curve":"stepped"},{"time":0.7666,"x":1,"y":1,"curve":"stepped"},{"time":1.1,"x":1,"y":1,"curve":"stepped"},{"time":1.4,"x":1,"y":1,"curve":"stepped"},{"time":1.5333,"x":1,"y":1,"curve":"stepped"},{"time":2.2,"x":1,"y":1,"curve":"stepped"},{"time":2.4333,"x":1,"y":1,"curve":"stepped"},{"time":2.7333,"x":1,"y":1,"curve":"stepped"},{"time":2.9333,"x":1,"y":1,"curve":"stepped"},{"time":3.2666,"x":1,"y":1}]},"24":{"rotate":[{"time":0,"angle":0},{"time":0.2,"angle":-49.27},{"time":0.5333,"angle":-63.81},{"time":0.7666,"angle":-49.27},{"time":1.1,"angle":0},{"time":1.4,"angle":-12.96},{"time":1.5333,"angle":-63.81},{"time":2.2,"angle":-49.27},{"time":2.4333,"angle":-12.96},{"time":2.7333,"angle":-6.91},{"time":2.9333,"angle":0,"curve":"stepped"},{"time":3.2666,"angle":0}],"translate":[{"time":0,"x":0,"y":0},{"time":0.2,"x":0.98,"y":-6.49},{"time":0.5333,"x":2.07,"y":-8.78},{"time":0.7666,"x":0.98,"y":-6.49},{"time":1.1,"x":0,"y":0},{"time":1.4,"x":0.02,"y":-4},{"time":1.5333,"x":2.07,"y":-8.78},{"time":2.2,"x":0.98,"y":-6.49},{"time":2.4333,"x":0.02,"y":-4},{"time":2.7333,"x":0.37,"y":-1.41},{"time":2.9333,"x":0.76,"y":1.55},{"time":3.2666,"x":0,"y":0}],"scale":[{"time":0,"x":1,"y":1},{"time":0.2,"x":0.974,"y":1.029,"curve":"stepped"},{"time":0.5333,"x":0.974,"y":1.029,"curve":"stepped"},{"time":0.7666,"x":0.974,"y":1.029},{"time":1.1,"x":1,"y":1},{"time":1.4,"x":0.974,"y":1.029,"curve":"stepped"},{"time":1.5333,"x":0.974,"y":1.029,"curve":"stepped"},{"time":2.2,"x":0.974,"y":1.029,"curve":"stepped"},{"time":2.4333,"x":0.974,"y":1.029},{"time":2.7333,"x":1.012,"y":1.015},{"time":2.9333,"x":1.055,"y":1},{"time":3.2666,"x":1,"y":1}]},"23":{"rotate":[{"time":0,"angle":0},{"time":0.2,"angle":36.46},{"time":0.5333,"angle":35.71},{"time":0.7666,"angle":36.46},{"time":1.1,"angle":0},{"time":1.4,"angle":14.18},{"time":1.5333,"angle":35.71},{"time":2.2,"angle":36.46},{"time":2.4333,"angle":14.18},{"time":2.7333,"angle":7.56},{"time":2.9333,"angle":0,"curve":"stepped"},{"time":3.2666,"angle":0}],"translate":[{"time":0,"x":0,"y":0},{"time":0.2,"x":-1.4,"y":-0.1,"curve":"stepped"},{"time":0.5333,"x":-1.4,"y":-0.1,"curve":"stepped"},{"time":0.7666,"x":-1.4,"y":-0.1},{"time":1.1,"x":0,"y":0},{"time":1.4,"x":-1.4,"y":-0.1,"curve":"stepped"},{"time":1.5333,"x":-1.4,"y":-0.1,"curve":"stepped"},{"time":2.2,"x":-1.4,"y":-0.1,"curve":"stepped"},{"time":2.4333,"x":-1.4,"y":-0.1},{"time":2.7333,"x":-0.74,"y":-0.05},{"time":2.9333,"x":0,"y":0,"curve":"stepped"},{"time":3.2666,"x":0,"y":0}],"scale":[{"time":0,"x":1,"y":1,"curve":"stepped"},{"time":0.2,"x":1,"y":1,"curve":"stepped"},{"time":0.5333,"x":1,"y":1,"curve":"stepped"},{"time":0.7666,"x":1,"y":1,"curve":"stepped"},{"time":1.1,"x":1,"y":1,"curve":"stepped"},{"time":1.4,"x":1,"y":1,"curve":"stepped"},{"time":1.5333,"x":1,"y":1,"curve":"stepped"},{"time":2.2,"x":1,"y":1,"curve":"stepped"},{"time":2.4333,"x":1,"y":1,"curve":"stepped"},{"time":2.7333,"x":1,"y":1,"curve":"stepped"},{"time":2.9333,"x":1,"y":1,"curve":"stepped"},{"time":3.2666,"x":1,"y":1}]},"11":{"rotate":[{"time":0,"angle":0},{"time":0.2,"angle":14.1},{"time":0.5333,"angle":-10.46},{"time":0.7666,"angle":-15.49},{"time":1.1,"angle":9.11},{"time":1.4,"angle":23.4},{"time":1.5333,"angle":20.13},{"time":1.8333,"angle":-6.83},{"time":2.2,"angle":0},{"time":2.4333,"angle":14.34},{"time":2.7333,"angle":10.42},{"time":2.9333,"angle":-5.12},{"time":3.1,"angle":5.46},{"time":3.2666,"angle":0}],"translate":[{"time":0,"x":0,"y":0,"curve":"stepped"},{"time":0.2,"x":0,"y":0,"curve":"stepped"},{"time":0.5333,"x":0,"y":0,"curve":"stepped"},{"time":0.7666,"x":0,"y":0,"curve":"stepped"},{"time":1.1,"x":0,"y":0,"curve":"stepped"},{"time":1.4,"x":0,"y":0,"curve":"stepped"},{"time":1.5333,"x":0,"y":0,"curve":"stepped"},{"time":2.2,"x":0,"y":0,"curve":"stepped"},{"time":2.4333,"x":0,"y":0,"curve":"stepped"},{"time":2.7333,"x":0,"y":0,"curve":"stepped"},{"time":2.9333,"x":0,"y":0,"curve":"stepped"},{"time":3.2666,"x":0,"y":0}],"scale":[{"time":0,"x":1,"y":1,"curve":"stepped"},{"time":0.2,"x":1,"y":1,"curve":"stepped"},{"time":0.5333,"x":1,"y":1,"curve":"stepped"},{"time":0.7666,"x":1,"y":1,"curve":"stepped"},{"time":1.1,"x":1,"y":1,"curve":"stepped"},{"time":1.4,"x":1,"y":1,"curve":"stepped"},{"time":1.5333,"x":1,"y":1,"curve":"stepped"},{"time":2.2,"x":1,"y":1,"curve":"stepped"},{"time":2.4333,"x":1,"y":1,"curve":"stepped"},{"time":2.7333,"x":1,"y":1,"curve":"stepped"},{"time":2.9333,"x":1,"y":1,"curve":"stepped"},{"time":3.2666,"x":1,"y":1}]},"bone4":{"rotate":[{"time":0,"angle":0},{"time":0.2,"angle":-10.39},{"time":0.5333,"angle":-10.15},{"time":0.7666,"angle":3.43},{"time":1.1,"angle":2.07},{"time":1.4,"angle":4.51},{"time":1.5333,"angle":-16.63},{"time":1.8333,"angle":-8.55},{"time":2.2,"angle":0},{"time":2.4333,"angle":11.73},{"time":2.7333,"angle":-2.98},{"time":2.9333,"angle":-2.63},{"time":3.1,"angle":-0.1},{"time":3.2666,"angle":0}],"translate":[{"time":0,"x":0,"y":0,"curve":"stepped"},{"time":0.2,"x":0,"y":0,"curve":"stepped"},{"time":0.5333,"x":0,"y":0,"curve":"stepped"},{"time":0.7666,"x":0,"y":0,"curve":"stepped"},{"time":1.1,"x":0,"y":0,"curve":"stepped"},{"time":1.4,"x":0,"y":0,"curve":"stepped"},{"time":1.5333,"x":0,"y":0,"curve":"stepped"},{"time":2.2,"x":0,"y":0,"curve":"stepped"},{"time":2.4333,"x":0,"y":0,"curve":"stepped"},{"time":2.7333,"x":0,"y":0,"curve":"stepped"},{"time":2.9333,"x":0,"y":0,"curve":"stepped"},{"time":3.2666,"x":0,"y":0}],"scale":[{"time":0,"x":1,"y":1,"curve":"stepped"},{"time":0.2,"x":1,"y":1,"curve":"stepped"},{"time":0.5333,"x":1,"y":1,"curve":"stepped"},{"time":0.7666,"x":1,"y":1,"curve":"stepped"},{"time":1.1,"x":1,"y":1,"curve":"stepped"},{"time":1.4,"x":1,"y":1,"curve":"stepped"},{"time":1.5333,"x":1,"y":1,"curve":"stepped"},{"time":2.2,"x":1,"y":1,"curve":"stepped"},{"time":2.4333,"x":1,"y":1,"curve":"stepped"},{"time":2.7333,"x":1,"y":1,"curve":"stepped"},{"time":2.9333,"x":1,"y":1,"curve":"stepped"},{"time":3.2666,"x":1,"y":1}]},"shadow":{"rotate":[{"time":0,"angle":0,"curve":"stepped"},{"time":0.2,"angle":0,"curve":"stepped"},{"time":0.5333,"angle":0,"curve":"stepped"},{"time":0.7666,"angle":0,"curve":"stepped"},{"time":1.1,"angle":0,"curve":"stepped"},{"time":1.4,"angle":0,"curve":"stepped"},{"time":1.5333,"angle":0,"curve":"stepped"},{"time":2.2,"angle":0,"curve":"stepped"},{"time":2.4333,"angle":0,"curve":"stepped"},{"time":2.7333,"angle":0,"curve":"stepped"},{"time":2.9333,"angle":0,"curve":"stepped"},{"time":3.2666,"angle":0}],"translate":[{"time":0,"x":0,"y":0},{"time":0.2,"x":9.38,"y":0.44},{"time":0.5333,"x":6.25,"y":0.07},{"time":0.7666,"x":4.47,"y":0},{"time":1.1,"x":0,"y":0,"curve":"stepped"},{"time":1.4,"x":0,"y":0},{"time":1.5333,"x":3.57,"y":0,"curve":"stepped"},{"time":2.2,"x":3.57,"y":0},{"time":2.4333,"x":0,"y":0,"curve":"stepped"},{"time":2.7333,"x":0,"y":0},{"time":2.9333,"x":2.23,"y":0},{"time":3.2666,"x":0,"y":0}],"scale":[{"time":0,"x":1,"y":1},{"time":0.2,"x":1.191,"y":1.106},{"time":0.5333,"x":1.122,"y":1.049,"curve":"stepped"},{"time":0.7666,"x":1.122,"y":1.049},{"time":1.1,"x":1,"y":1},{"time":1.4,"x":1.122,"y":1.049,"curve":"stepped"},{"time":1.5333,"x":1.122,"y":1.049},{"time":2.2,"x":1.236,"y":1.106},{"time":2.4333,"x":1.122,"y":1.049},{"time":2.7333,"x":1.065,"y":1.026},{"time":2.9333,"x":1,"y":1,"curve":"stepped"},{"time":3.2666,"x":1,"y":1}]},"bone6":{"rotate":[{"time":0,"angle":0},{"time":0.2,"angle":10.67},{"time":0.5333,"angle":-8.86},{"time":0.7666,"angle":-10.63},{"time":1.1,"angle":12.18},{"time":1.4,"angle":19.68},{"time":1.5333,"angle":20.13},{"time":1.8333,"angle":-10.07},{"time":2.2,"angle":0},{"time":2.4333,"angle":15.02},{"time":2.7333,"angle":7.47},{"time":2.9333,"angle":-6.65},{"time":3.1,"angle":7.34},{"time":3.2666,"angle":0}],"translate":[{"time":0,"x":0,"y":0,"curve":"stepped"},{"time":0.2,"x":0,"y":0,"curve":"stepped"},{"time":0.5333,"x":0,"y":0,"curve":"stepped"},{"time":0.7666,"x":0,"y":0,"curve":"stepped"},{"time":1.1,"x":0,"y":0,"curve":"stepped"},{"time":1.4,"x":0,"y":0,"curve":"stepped"},{"time":1.5333,"x":0,"y":0,"curve":"stepped"},{"time":2.2,"x":0,"y":0,"curve":"stepped"},{"time":2.4333,"x":0,"y":0,"curve":"stepped"},{"time":2.7333,"x":0,"y":0,"curve":"stepped"},{"time":2.9333,"x":0,"y":0,"curve":"stepped"},{"time":3.2666,"x":0,"y":0}],"scale":[{"time":0,"x":1,"y":1,"curve":"stepped"},{"time":0.2,"x":1,"y":1,"curve":"stepped"},{"time":0.5333,"x":1,"y":1,"curve":"stepped"},{"time":0.7666,"x":1,"y":1,"curve":"stepped"},{"time":1.1,"x":1,"y":1,"curve":"stepped"},{"time":1.4,"x":1,"y":1,"curve":"stepped"},{"time":1.5333,"x":1,"y":1,"curve":"stepped"},{"time":2.2,"x":1,"y":1,"curve":"stepped"},{"time":2.4333,"x":1,"y":1,"curve":"stepped"},{"time":2.7333,"x":1,"y":1,"curve":"stepped"},{"time":2.9333,"x":1,"y":1,"curve":"stepped"},{"time":3.2666,"x":1,"y":1}]},"bone2":{"rotate":[{"time":0,"angle":0},{"time":0.2,"angle":-1.01},{"time":0.5333,"angle":6.52},{"time":0.7666,"angle":-1.01},{"time":1.1,"angle":0},{"time":1.4,"angle":-1.01},{"time":1.5333,"angle":6.52},{"time":2.2,"angle":-1.01,"curve":"stepped"},{"time":2.4333,"angle":-1.01},{"time":2.7333,"angle":-0.74},{"time":2.9333,"angle":-0.44},{"time":3.2666,"angle":0}],"translate":[{"time":0,"x":0,"y":0},{"time":0.2,"x":-0.71,"y":0.06,"curve":"stepped"},{"time":0.5333,"x":-0.71,"y":0.06,"curve":"stepped"},{"time":0.7666,"x":-0.71,"y":0.06},{"time":1.1,"x":0,"y":0},{"time":1.4,"x":-0.71,"y":0.06,"curve":"stepped"},{"time":1.5333,"x":-0.71,"y":0.06,"curve":"stepped"},{"time":2.2,"x":-0.71,"y":0.06,"curve":"stepped"},{"time":2.4333,"x":-0.71,"y":0.06},{"time":2.7333,"x":-0.01,"y":0.02},{"time":2.9333,"x":0.77,"y":-0.01},{"time":3.2666,"x":0,"y":0}],"scale":[{"time":0,"x":1,"y":1,"curve":"stepped"},{"time":0.2,"x":1,"y":1,"curve":"stepped"},{"time":0.5333,"x":1,"y":1,"curve":"stepped"},{"time":0.7666,"x":1,"y":1,"curve":"stepped"},{"time":1.1,"x":1,"y":1,"curve":"stepped"},{"time":1.4,"x":1,"y":1,"curve":"stepped"},{"time":1.5333,"x":1,"y":1,"curve":"stepped"},{"time":2.2,"x":1,"y":1,"curve":"stepped"},{"time":2.4333,"x":1,"y":1,"curve":"stepped"},{"time":2.7333,"x":1,"y":1,"curve":"stepped"},{"time":2.9333,"x":1,"y":1,"curve":"stepped"},{"time":3.2666,"x":1,"y":1}]}},"ffd":{"default":{"6":{"6":[{"time":0},{"time":0.2,"offset":2,"vertices":[-1.13092,0.1605,-1.14989,0.49602,-1.20666,1.50252,-4.81055,1.74778,-2.50627,2.66326,-1.65401,1.47726,-1.34381,1.94354,-0.90906,2.19246,-0.95331,2.97532,-0.46173,2.21776,0,0,0,0,0,0,0,0,0,0,0,0,0,0,0,0,0,0,0,0,0,0,-1.03802,0.50234,0,0,-0.62856,1.19861,-1.29323,1.04888,0,0,-1.90921,2.02382,0.33551,0.01896,-0.57358,2.21145,0,0,0,0,0.3734,-0.65204,0,0,0,0,0,0,0,0,-0.14339,0.55287,-1.56105,1.8191,-1.67292,1.81277]},{"time":0.5333,"offset":10,"vertices":[0.33274,-0.04688,1.07635,0.41392,1.9652,-0.50311,1.29971,-0.40935,0,0,0,0,0.5561,-0.87013,0,0,0,0,0,0,0,0,0,0,0,0,0,0,0,0,0,0,0.39678,-0.39525,0.90444,-0.8061,0,0,0.50769,-0.41086,1.07789,-0.37808,0,0,1.031,-0.71081,0.20621,-0.14216,0.28433,0.41238,0.87321,-1.02794,0.55609,-0.87015,0,0,0,0,0,0,0,0,0,0,0,0,0.99821,-0.14063,1.04666,-0.59991]},{"time":0.7666,"offset":6,"vertices":[2.87801,-1.29594,1.66864,-3.72025,1.79311,-3.9376,1.15177,-2.51534,1.79316,-3.93761,1.58662,-2.26632,0.68107,-4.1126,-0.32728,-2.15009,0,0,0,0,0,0,-0.18756,1.3357,0,0,0,0,0,0,0,0,0,0,0,0,-0.156,0.77652,0.39868,-1.09939,0,0,-0.13076,0.32918,1.06967,-1.06149,0.43473,0.24893,0.95784,-1.0678,0.52131,0.7026,-0.30383,-0.57811,0.44736,0.02526,0.12449,-0.21734,0,0,0,0,-0.01261,0.22367,0,0,-0.3544,0.31656,-0.49781,0.86942,0.07395,0.67732,1.0381,-0.50232]},{"time":1.1,"offset":6,"vertices":[2.05785,-0.17653,2.3859,-4.31401,3.09159,-8.74,2.64652,-7.10441,1.58795,-6.79418,0.9635,-2.1312,-0.06544,-2.04298,-1.50177,-1.44427,0,0,0,0,0,0,0,0,0,0,0,0,0,0,0,0,0,0,0,0,0.62159,0.42226,0.94068,-1.11718,0,0,-0.36372,1.87248,0.88125,-0.6731,0.31033,1.05863,0.6583,0.99221,0.69586,-0.13285,0,0,-0.17046,0.42921,1.25893,-0.96156,1.0359,0.70375,-0.14864,1.11021,0,0,0,0,0,0,-0.94067,1.11715,-0.39345,2.09452,1.92505,-0.87237]},{"time":1.4,"offset":8,"vertices":[2.19908,-0.73294,1.52323,-1.04566,1.41227,-1.04231,1.95364,-1.50293,0,0,0,0,0,0,0,0,0,0,0,0,0,0,0,0,0,0,0,0,0,0,0,0,0,0,-0.74649,1.02216,0,0,0,0,-0.52794,0.90448,0,0,0,0,-0.49099,2.12506,0,0,-0.40354,1.34497,-0.53466,0.68256,0,0,0,0,0,0,0,0,0,0,0,0,0,0,-0.41696,0.90112,-0.64561,0.68592]},{"time":1.8,"offset":2,"vertices":[-1.87472,-0.49386,-2.79775,0.81427,-3.16886,2.24807,-4.71065,1.76301,-0.56072,0.20724,0,0,0.44094,0.12272,-0.32187,3.76711,-1.09864,3.74653,-0.91715,1.08617,0.54898,0.23662,0,0,0,0,0,0,0,0,0,0,0,0,0,0,0,0,0,0,0.76504,0.46445,0.30059,1.22948,0,0,1.07445,1.36103,0.04634,2.44428,1.46616,-0.84953,1.16485,2.14076,0.90837,-0.75326,1.84246,1.71451,1.79904,-0.84074,1.58007,-0.95759,1.34931,-0.63056,0.438,0.23369,0,0,0,0,0,0,0.11103,0.00292,0.29475,1.45143,-1.50726,2.40313]},{"time":2.2},{"time":2.4333,"offset":8,"vertices":[1.34352,-0.67557,1.25223,-4.4971,2.00121,-3.37642,1.53648,-6.62795,0.95558,-2.27058,0,0,-0.11093,-0.00372,0,0,0,0,0,0,0,0,0,0,0,0,0,0,0,0,0,0,0,0,0.41262,-0.76057,0.80633,-2.56647,0,0,0.36092,0.78641,1.48484,-0.23543,-0.15598,1.0755,0.06018,-1.7992,-0.14394,0.71567,0.39996,-1.18743,0.0302,-0.90238,0.40398,-1.30739,0,0,0.10739,0.64887,0,0,0,0,-0.14611,0.51134,0,0,0,0,0.45575,0.73571]},{"time":2.7333},{"time":2.9333,"offset":6,"vertices":[0.21246,-1.52538,1.13071,-5.40633,1.13071,-5.40633,1.13071,-5.40633,1.13071,-5.40633,1.13071,-5.40633,1.13071,-5.40633,1.13071,-5.40633,0,0,0,0,0,0,0,0,0,0,0,0,0,0,0,0,0,0,0,0,0,0,0.21246,-1.52538,0,0,0,0,0.21246,-1.52538,-0.03321,1.33469,0.21246,-1.52538,0.41503,0.2466,0.21246,-1.52538,0,0,0,0,0.56082,0.16804,0,0,0,0,0,0,0,0,-0.24662,0.41506,0,0,0.21246,-1.52538]},{"time":3.2666}]},"12":{"12":[{"time":0,"curve":"stepped"},{"time":1.1,"curve":"stepped"},{"time":2.9333,"curve":"stepped"},{"time":3.2666}]}}},"drawOrder":[{"time":1.4333,"offsets":[{"slot":"21","offset":20},{"slot":"19","offset":18},{"slot":"18","offset":15}]},{"time":2.3,"offsets":[{"slot":"21","offset":20},{"slot":"19","offset":18}]},{"time":2.4333,"offsets":[{"slot":"21","offset":1}]},{"time":2.6,"offsets":[{"slot":"21","offset":1}]},{"time":2.7333,"offsets":[{"slot":"21","offset":1}]}]}}}