{"skeleton":{"hash":"XSIvCWG6PkqumlSZvhdOQpNM8Tg","spine":"3.1.03","width":237.58,"height":263.91},"bones":[{"name":"root"},{"name":"MON10074_DL_122","parent":"root","length":11.11,"x":-1.01,"y":14.55,"rotation":-178.37},{"name":"MON10074_DL_123","parent":"MON10074_DL_122","length":10.87,"x":-0.61,"y":-0.11,"rotation":-175.91},{"name":"bone","parent":"root","x":10.01,"y":61.79},{"name":"MON10076_DL_20","parent":"bone","length":35.89,"x":-20.71,"y":-9.98,"rotation":88.81},{"name":"bone2","parent":"MON10076_DL_20","length":37.96,"x":35.89,"rotation":-11.8},{"name":"MON10076_DL_14","parent":"bone2","length":62.91,"x":37.6,"y":-0.07,"rotation":11.97},{"name":"MON10076_DL_12","parent":"MON10076_DL_14","length":12.95,"x":15.91,"y":21.73,"rotation":0.97},{"name":"MON10076_DL_17","parent":"bone2","length":36.48,"x":44.03,"y":-37.69,"rotation":-131.84},{"name":"MON10076_DL_18","parent":"MON10076_DL_17","length":34.38,"x":34.36,"rotation":-27.38},{"name":"MON10076_DL_16","parent":"MON10076_DL_18","length":22.19,"x":32.76,"y":-0.13,"rotation":-5.84},{"name":"MON10076_DL_19","parent":"MON10076_DL_20","length":31.28,"x":2.18,"y":0.53,"rotation":-178.82},{"name":"MON10076_DL_22","parent":"bone2","length":38.7,"x":22.72,"y":25.2,"scaleX":1.051,"scaleY":1.031,"rotation":154.47},{"name":"MON10076_DL_23","parent":"MON10076_DL_22","length":27.66,"x":34.57,"y":-0.21,"scaleX":1.074,"scaleY":1.027,"rotation":-28.14},{"name":"MON10076_DL_21","parent":"MON10076_DL_23","length":15.18,"x":24.52,"y":0.38,"rotation":6.42},{"name":"MON10076_DL_26","parent":"bone","length":24.75,"x":9.76,"y":-10.22,"rotation":-79.6},{"name":"MON10076_DL_25","parent":"MON10076_DL_26","length":19.06,"x":22.61,"y":-0.31,"rotation":1.81},{"name":"MON10076_DL_24","parent":"MON10076_DL_25","length":15.53,"x":17.6,"y":-0.49,"rotation":-5.77},{"name":"MON10076_DL_29","parent":"bone","length":22.36,"x":-25.83,"y":-10.56,"rotation":-94.4},{"name":"MON10076_DL_28","parent":"MON10076_DL_29","length":19.96,"x":22.04,"y":-0.37,"rotation":-0.54},{"name":"MON10076_DL_27","parent":"MON10076_DL_28","length":22.99,"x":19.25,"y":0.27,"rotation":-67.6},{"name":"MON10076_DL_30","parent":"MON10076_DL_21","length":37.24,"x":8.01,"y":-0.92,"rotation":-86.66},{"name":"bone3","parent":"MON10074_DL_122","length":11.71,"x":11.11,"rotation":-15.4},{"name":"bone4","parent":"MON10074_DL_123","length":13.99,"x":10.87,"rotation":1.5},{"name":"shadow","parent":"root","length":24.45,"x":-0.28,"y":-4.5,"scaleX":0.944,"scaleY":0.948,"rotation":-88.99}],"slots":[{"name":"shadow","bone":"MON10074_DL_122","attachment":"shadow"},{"name":"MON10074_DL_122","bone":"MON10074_DL_123","attachment":"MON10074_DL_122"},{"name":"MON10076_DL_30","bone":"MON10076_DL_30","attachment":"MON10076_DL_30"},{"name":"MON10076_DL_29","bone":"MON10076_DL_29","attachment":"MON10076_DL_29"},{"name":"MON10076_DL_28","bone":"MON10076_DL_28","attachment":"MON10076_DL_28"},{"name":"MON10076_DL_27","bone":"MON10076_DL_27","attachment":"MON10076_DL_27"},{"name":"MON10076_DL_26","bone":"MON10076_DL_26","attachment":"MON10076_DL_26"},{"name":"MON10076_DL_25","bone":"MON10076_DL_25","attachment":"MON10076_DL_25"},{"name":"MON10076_DL_24","bone":"MON10076_DL_24","attachment":"MON10076_DL_24"},{"name":"MON10076_DL_23","bone":"MON10076_DL_23","attachment":"MON10076_DL_23"},{"name":"MON10076_DL_22","bone":"MON10076_DL_22","attachment":"MON10076_DL_22"},{"name":"MON10076_DL_21","bone":"MON10076_DL_21","attachment":"MON10076_DL_21"},{"name":"MON10076_DL_20","bone":"MON10076_DL_20","attachment":"MON10076_DL_20"},{"name":"MON10076_DL_19","bone":"MON10076_DL_19","attachment":"MON10076_DL_19"},{"name":"MON10076_DL_18","bone":"MON10076_DL_18","attachment":"MON10076_DL_18"},{"name":"MON10076_DL_17","bone":"MON10076_DL_17","attachment":"MON10076_DL_17"},{"name":"MON10076_DL_16","bone":"MON10076_DL_16","attachment":"MON10076_DL_16"},{"name":"MON10076_DL_14","bone":"MON10076_DL_14","attachment":"MON10076_DL_14"},{"name":"MON10076_DL_12","bone":"MON10076_DL_12"}],"skins":{"default":{"MON10074_DL_122":{"MON10074_DL_122":{"type":"weightedmesh","uvs":[1,0.36361,1,0.85269,0.80208,1,0.4958,1,0.2738,1,0,1,0,0.57133,0,0.12793,0.27997,0,0.47319,0,0.70136,0,1,0,0.28405,0.62391,0.49374,0.57192,0.70138,0.48729],"triangles":[1,2,14,4,12,3,12,13,3,14,2,13,2,3,13,4,5,12,5,6,12,14,0,1,12,7,8,13,8,9,13,12,8,14,9,10,14,13,9,12,6,7,14,10,0,10,11,0],"vertices":[1,23,16.26,-0.05,1,1,23,15,-8.27,1,2,2,15.17,-9.02,0.15419,23,4.05,-9.13,0.8458,2,1,0.11,6.89,0.52967,2,-1.23,-6.94,0.47032,2,1,12.08,6.24,0.43472,22,0.38,6.31,0.56527,1,22,15.15,6.88,1,1,22,15.44,-0.39,1,1,22,15.73,-7.92,1,3,1,10.82,-10.71,0.51412,22,0.71,-10.68,0.46915,2,-10.65,11.38,0.01672,4,1,0.4,-10.14,0.49801,22,-9.71,-11.09,0.01222,2,-0.3,10.07,0.48896,23,-10.91,10.35999,7.9E-4,3,1,-11.89,-9.47,0.00212,2,11.91,8.52,0.42131,23,1.26,8.49,0.57655,1,23,17.2,6.05,1,2,1,11.18,-0.1,0.5,22,0.08,-0.09,0.5,2,1,-0.16,-0.37,0.5,2,-0.42,0.28,0.5,2,2,10.87,0.3,0.5,23,0,0.3,0.5],"hull":12}},"MON10076_DL_12":{"MON10076_DL_12":{"x":5.25,"y":-11.51,"rotation":-89.99,"width":53,"height":17}},"MON10076_DL_14":{"MON10076_DL_14":{"x":27.62,"y":-6.92,"rotation":-89.02,"width":135,"height":138}},"MON10076_DL_16":{"MON10076_DL_16":{"x":9.75,"y":0.49,"rotation":87.92,"width":35,"height":24}},"MON10076_DL_17":{"MON10076_DL_17":{"x":22.23,"y":-0.03,"rotation":60.8,"width":38,"height":41}},"MON10076_DL_18":{"MON10076_DL_18":{"x":21.38,"y":4.08,"rotation":82.1,"width":38,"height":42}},"MON10076_DL_19":{"MON10076_DL_19":{"type":"mesh","uvs":[0.98214,0.27733,0.98214,0.88804,0.77704,0.95555,0.43482,0.95555,0.2377,0.95555,0.01785,0.95555,0.01785,0.32332,0.01785,0.04444,0.25686,0.04444,0.42661,0.04444,0.69217,0.04444,0.9401,0.04444,0.24827,0.45286,0.4305,0.47626,0.72665,0.41456],"triangles":[6,7,8,0,14,10,0,10,11,12,6,8,14,13,9,14,9,10,12,8,9,13,12,9,14,0,1,5,6,12,4,5,12,13,4,12,2,3,13,14,2,13,4,13,3,1,2,14],"vertices":[-0.1,53.84,27.37,53.84,30.4,36.61,30.4,7.86,30.39,-8.68,30.39,-27.15,1.94,-27.15,-10.6,-27.14,-10.6,-7.07,-10.59,7.18,-10.59,29.49,-10.59,50.31,7.77,-7.79,8.83,7.5,6.06,32.38],"hull":12}},"MON10076_DL_20":{"MON10076_DL_20":{"type":"weightedmesh","uvs":[1,0.1116,1,0.31619,1,0.63028,0.93854,0.69944,0.83273,0.93573,0.70232,1,0.32954,1,0.07977,1,0,0.75419,0,0.38535,0,0.11448,0.13882,0,0.46175,0,0.86718,0,0.35856,0.5258,0.34582,0.73404],"triangles":[1,12,13,13,0,1,2,3,1,3,14,1,14,9,10,14,10,11,1,14,12,14,11,12,4,5,15,5,6,15,6,7,15,7,8,15,4,15,3,15,8,14,15,14,3,14,8,9],"vertices":[1,5,43.33,-48.83,1,2,4,52.79,-56.98,0.12,5,28.18,-52.32,0.88,2,4,35.27,-56.7,0.43616,5,10.97,-55.63,0.56383,2,4,26,-47.18,0.5191,5,-0.04,-48.21,0.48089,1,4,5.41,-43.06,1,1,4,0.29,-31.55,1,1,4,-0.38,1.61,1,1,4,-1.7,17.34,1,2,4,14.5,22.25,0.92492,5,-25.49,17.42,0.07507,2,4,45.71,31.89,0.32205,5,3.09,33.23,0.67794,1,5,23.15,37.84999,1,1,5,34.4,27.76,1,1,5,40.84999,-0.24,1,1,5,48.95,-35.41,1,2,4,35.68999,-0.23,0.5,5,-0.14,-0.26,0.5,1,4,19.85,0.57,1],"hull":14}},"MON10076_DL_21":{"MON10076_DL_21":{"x":7.9,"y":-0.05,"rotation":135.06,"width":29,"height":26}},"MON10076_DL_22":{"MON10076_DL_22":{"x":18.8,"y":1.23,"scaleX":1.187,"scaleY":1.055,"rotation":101.14,"width":26,"height":43}},"MON10076_DL_23":{"MON10076_DL_23":{"x":13.17,"y":-1.46,"scaleX":1.03,"scaleY":1.063,"rotation":119.37,"width":37,"height":41}},"MON10076_DL_24":{"MON10076_DL_24":{"x":6.85,"y":0.39,"rotation":83.63,"width":29,"height":20}},"MON10076_DL_25":{"MON10076_DL_25":{"x":5.36,"y":0.68,"rotation":81.68,"width":29,"height":29}},"MON10076_DL_26":{"MON10076_DL_26":{"x":11.05,"y":-0.39,"rotation":86.77,"width":25,"height":30}},"MON10076_DL_27":{"MON10076_DL_27":{"x":4.67,"y":-2.82,"rotation":162.41,"width":35,"height":24}},"MON10076_DL_28":{"MON10076_DL_28":{"x":5.45,"y":1.06,"rotation":93.49,"width":26,"height":27}},"MON10076_DL_29":{"MON10076_DL_29":{"x":8.74,"y":2.11,"rotation":88.02,"width":21,"height":27}},"MON10076_DL_30":{"MON10076_DL_30":{"x":28.27,"y":0.09,"rotation":-143.5,"width":73,"height":58}},"shadow":{"shadow":{"x":-0.95,"y":14.67,"scaleX":2,"scaleY":2,"rotation":179.04,"width":85,"height":42}}}},"animations":{"wait_DL":{"slots":{"MON10076_DL_12":{"attachment":[{"time":0,"name":null},{"time":1.3333,"name":"MON10076_DL_12"},{"time":1.5333,"name":null},{"time":2.4,"name":null}]}},"bones":{"root":{"rotate":[{"time":0,"angle":0,"curve":"stepped"},{"time":1.2,"angle":0,"curve":"stepped"},{"time":2.4,"angle":0}],"translate":[{"time":0,"x":0,"y":0,"curve":"stepped"},{"time":1.2,"x":0,"y":0,"curve":"stepped"},{"time":2.4,"x":0,"y":0}],"scale":[{"time":0,"x":1,"y":1,"curve":"stepped"},{"time":1.2,"x":1,"y":1,"curve":"stepped"},{"time":2.4,"x":1,"y":1}]},"bone":{"rotate":[{"time":0,"angle":0,"curve":"stepped"},{"time":1.2,"angle":0,"curve":"stepped"},{"time":2.4,"angle":0}],"translate":[{"time":0,"x":0,"y":0,"curve":"stepped"},{"time":1.2,"x":0,"y":0,"curve":"stepped"},{"time":2.4,"x":0,"y":0}],"scale":[{"time":0,"x":1,"y":1,"curve":"stepped"},{"time":1.2,"x":1,"y":1,"curve":"stepped"},{"time":2.4,"x":1,"y":1}]},"MON10076_DL_20":{"rotate":[{"time":0,"angle":0,"curve":[0.25,0,0.75,1]},{"time":0.6,"angle":3.93,"curve":[0.25,0,0.75,1]},{"time":1.2,"angle":0},{"time":1.8,"angle":3.93,"curve":[0.25,0,0.75,1]},{"time":2.4,"angle":0}],"translate":[{"time":0,"x":0,"y":0,"curve":[0.25,0,0.75,1]},{"time":0.6,"x":-1.99,"y":-8.5,"curve":[0.25,0,0.75,1]},{"time":1.2,"x":0,"y":0},{"time":1.8,"x":-1.99,"y":-8.5,"curve":[0.25,0,0.75,1]},{"time":2.4,"x":0,"y":0}],"scale":[{"time":0,"x":1,"y":1,"curve":"stepped"},{"time":1.2,"x":1,"y":1,"curve":"stepped"},{"time":2.4,"x":1,"y":1}]},"bone2":{"rotate":[{"time":0,"angle":0},{"time":0.6,"angle":1.53},{"time":1.2,"angle":0},{"time":1.8,"angle":1.53},{"time":2.4,"angle":0}],"translate":[{"time":0,"x":0,"y":0},{"time":0.6,"x":-3.01,"y":-0.35},{"time":1.2,"x":0,"y":0},{"time":1.8,"x":-3.01,"y":-0.35},{"time":2.4,"x":0,"y":0}],"scale":[{"time":0,"x":1,"y":1,"curve":"stepped"},{"time":1.2,"x":1,"y":1,"curve":"stepped"},{"time":2.4,"x":1,"y":1}]},"MON10076_DL_14":{"rotate":[{"time":0,"angle":0},{"time":0.4,"angle":-3.54},{"time":0.8,"angle":2.19},{"time":1.2,"angle":0},{"time":1.6,"angle":-3.54},{"time":2,"angle":2.19},{"time":2.4,"angle":0}],"translate":[{"time":0,"x":0,"y":0},{"time":0.4,"x":-0.01,"y":0.69},{"time":0.8,"x":-5.54,"y":2.16},{"time":1.2,"x":0,"y":0},{"time":1.6,"x":-0.01,"y":0.69},{"time":2,"x":-5.54,"y":2.16},{"time":2.4,"x":0,"y":0}],"scale":[{"time":0,"x":1,"y":1,"curve":"stepped"},{"time":1.2,"x":1,"y":1,"curve":"stepped"},{"time":2.4,"x":1,"y":1}]},"MON10076_DL_12":{"rotate":[{"time":0,"angle":0,"curve":"stepped"},{"time":1.2,"angle":0,"curve":"stepped"},{"time":2.4,"angle":0}],"translate":[{"time":0,"x":0,"y":0,"curve":"stepped"},{"time":1.2,"x":0,"y":0,"curve":"stepped"},{"time":2.4,"x":0,"y":0}],"scale":[{"time":0,"x":1,"y":1,"curve":"stepped"},{"time":1.2,"x":1,"y":1,"curve":"stepped"},{"time":2.4,"x":1,"y":1}]},"MON10076_DL_17":{"rotate":[{"time":0,"angle":0},{"time":0.6,"angle":30.98},{"time":1.2,"angle":0},{"time":1.8,"angle":30.98},{"time":2.4,"angle":0}],"translate":[{"time":0,"x":0,"y":0,"curve":"stepped"},{"time":1.2,"x":0,"y":0,"curve":"stepped"},{"time":2.4,"x":0,"y":0}],"scale":[{"time":0,"x":1,"y":1,"curve":"stepped"},{"time":1.2,"x":1,"y":1,"curve":"stepped"},{"time":2.4,"x":1,"y":1}]},"MON10076_DL_18":{"rotate":[{"time":0,"angle":0},{"time":0.6,"angle":6.92},{"time":1.2,"angle":0},{"time":1.8,"angle":6.92},{"time":2.4,"angle":0}],"translate":[{"time":0,"x":0,"y":0,"curve":"stepped"},{"time":1.2,"x":0,"y":0,"curve":"stepped"},{"time":2.4,"x":0,"y":0}],"scale":[{"time":0,"x":1,"y":1,"curve":"stepped"},{"time":1.2,"x":1,"y":1,"curve":"stepped"},{"time":2.4,"x":1,"y":1}]},"MON10076_DL_16":{"rotate":[{"time":0,"angle":0},{"time":0.6,"angle":3},{"time":1.2,"angle":0},{"time":1.8,"angle":3},{"time":2.4,"angle":0}],"translate":[{"time":0,"x":0,"y":0,"curve":"stepped"},{"time":1.2,"x":0,"y":0,"curve":"stepped"},{"time":2.4,"x":0,"y":0}],"scale":[{"time":0,"x":1,"y":1,"curve":"stepped"},{"time":1.2,"x":1,"y":1,"curve":"stepped"},{"time":2.4,"x":1,"y":1}]},"MON10076_DL_22":{"rotate":[{"time":0,"angle":0},{"time":0.6,"angle":-21.96},{"time":1.2,"angle":0},{"time":1.8,"angle":-21.96},{"time":2.4,"angle":0}],"translate":[{"time":0,"x":0,"y":0,"curve":"stepped"},{"time":0.6,"x":0,"y":0,"curve":"stepped"},{"time":1.2,"x":0,"y":0,"curve":"stepped"},{"time":1.8,"x":0,"y":0,"curve":"stepped"},{"time":2.4,"x":0,"y":0}],"scale":[{"time":0,"x":1,"y":1,"curve":"stepped"},{"time":0.6,"x":1,"y":1,"curve":"stepped"},{"time":1.2,"x":1,"y":1,"curve":"stepped"},{"time":1.8,"x":1,"y":1,"curve":"stepped"},{"time":2.4,"x":1,"y":1}]},"MON10076_DL_23":{"rotate":[{"time":0,"angle":0},{"time":0.6,"angle":-11.42},{"time":1.2,"angle":0},{"time":1.8,"angle":-11.42},{"time":2.4,"angle":0}],"translate":[{"time":0,"x":0,"y":0,"curve":"stepped"},{"time":0.6,"x":0,"y":0,"curve":"stepped"},{"time":1.2,"x":0,"y":0,"curve":"stepped"},{"time":1.8,"x":0,"y":0,"curve":"stepped"},{"time":2.4,"x":0,"y":0}],"scale":[{"time":0,"x":1,"y":1,"curve":"stepped"},{"time":0.6,"x":1,"y":1,"curve":"stepped"},{"time":1.2,"x":1,"y":1,"curve":"stepped"},{"time":1.8,"x":1,"y":1,"curve":"stepped"},{"time":2.4,"x":1,"y":1}]},"MON10076_DL_21":{"rotate":[{"time":0,"angle":0},{"time":0.6,"angle":0.86},{"time":1.2,"angle":0},{"time":1.8,"angle":0.86},{"time":2.4,"angle":0}],"translate":[{"time":0,"x":0,"y":0,"curve":"stepped"},{"time":0.6,"x":0,"y":0,"curve":"stepped"},{"time":1.2,"x":0,"y":0,"curve":"stepped"},{"time":1.8,"x":0,"y":0,"curve":"stepped"},{"time":2.4,"x":0,"y":0}],"scale":[{"time":0,"x":1,"y":1,"curve":"stepped"},{"time":0.6,"x":1,"y":1,"curve":"stepped"},{"time":1.2,"x":1,"y":1,"curve":"stepped"},{"time":1.8,"x":1,"y":1,"curve":"stepped"},{"time":2.4,"x":1,"y":1}]},"MON10076_DL_30":{"rotate":[{"time":0,"angle":0,"curve":"stepped"},{"time":0.6,"angle":0,"curve":"stepped"},{"time":1.2,"angle":0,"curve":"stepped"},{"time":1.8,"angle":0,"curve":"stepped"},{"time":2.4,"angle":0}],"translate":[{"time":0,"x":0,"y":0,"curve":"stepped"},{"time":0.6,"x":0,"y":0,"curve":"stepped"},{"time":1.2,"x":0,"y":0,"curve":"stepped"},{"time":1.8,"x":0,"y":0,"curve":"stepped"},{"time":2.4,"x":0,"y":0}],"scale":[{"time":0,"x":1,"y":1,"curve":"stepped"},{"time":0.6,"x":1,"y":1,"curve":"stepped"},{"time":1.2,"x":1,"y":1,"curve":"stepped"},{"time":1.8,"x":1,"y":1,"curve":"stepped"},{"time":2.4,"x":1,"y":1}]},"MON10076_DL_19":{"rotate":[{"time":0,"angle":0,"curve":"stepped"},{"time":1.2,"angle":0,"curve":"stepped"},{"time":2.4,"angle":0}],"translate":[{"time":0,"x":0,"y":0,"curve":"stepped"},{"time":1.2,"x":0,"y":0,"curve":"stepped"},{"time":2.4,"x":0,"y":0}],"scale":[{"time":0,"x":1,"y":1,"curve":"stepped"},{"time":1.2,"x":1,"y":1,"curve":"stepped"},{"time":2.4,"x":1,"y":1}]},"MON10076_DL_26":{"rotate":[{"time":0,"angle":0},{"time":0.6,"angle":2.82},{"time":1.2,"angle":0},{"time":1.8,"angle":2.82},{"time":2.4,"angle":0}],"translate":[{"time":0,"x":0,"y":0},{"time":0.6,"x":-0.93,"y":-5.12},{"time":1.2,"x":0,"y":0},{"time":1.8,"x":-0.93,"y":-5.12},{"time":2.4,"x":0,"y":0}],"scale":[{"time":0,"x":1,"y":1,"curve":"stepped"},{"time":1.2,"x":1,"y":1,"curve":"stepped"},{"time":2.4,"x":1,"y":1}]},"MON10076_DL_25":{"rotate":[{"time":0,"angle":0},{"time":0.6,"angle":-2.58},{"time":1.2,"angle":0},{"time":1.8,"angle":-2.58},{"time":2.4,"angle":0}],"translate":[{"time":0,"x":0,"y":0},{"time":0.6,"x":-4.38,"y":1.02},{"time":1.2,"x":0,"y":0},{"time":1.8,"x":-4.38,"y":1.02},{"time":2.4,"x":0,"y":0}],"scale":[{"time":0,"x":1,"y":1,"curve":"stepped"},{"time":1.2,"x":1,"y":1,"curve":"stepped"},{"time":2.4,"x":1,"y":1}]},"MON10076_DL_24":{"rotate":[{"time":0,"angle":0,"curve":"stepped"},{"time":1.2,"angle":0,"curve":"stepped"},{"time":2.4,"angle":0}],"translate":[{"time":0,"x":0,"y":0,"curve":"stepped"},{"time":1.2,"x":0,"y":0,"curve":"stepped"},{"time":2.4,"x":0,"y":0}],"scale":[{"time":0,"x":1,"y":1,"curve":"stepped"},{"time":1.2,"x":1,"y":1,"curve":"stepped"},{"time":2.4,"x":1,"y":1}]},"MON10076_DL_29":{"rotate":[{"time":0,"angle":0},{"time":0.6,"angle":-17.98},{"time":1.2,"angle":0},{"time":1.8,"angle":-17.98},{"time":2.4,"angle":0}],"translate":[{"time":0,"x":0,"y":0},{"time":0.6,"x":-2.79,"y":-8.38},{"time":1.2,"x":0,"y":0},{"time":1.8,"x":-2.79,"y":-8.38},{"time":2.4,"x":0,"y":0}],"scale":[{"time":0,"x":1,"y":1,"curve":"stepped"},{"time":1.2,"x":1,"y":1,"curve":"stepped"},{"time":2.4,"x":1,"y":1}]},"MON10076_DL_28":{"rotate":[{"time":0,"angle":0},{"time":0.6,"angle":31.26},{"time":1.2,"angle":0},{"time":1.8,"angle":31.26},{"time":2.4,"angle":0}],"translate":[{"time":0,"x":0,"y":0},{"time":0.6,"x":-6.67,"y":2.26},{"time":1.2,"x":0,"y":0},{"time":1.8,"x":-6.67,"y":2.26},{"time":2.4,"x":0,"y":0}],"scale":[{"time":0,"x":1,"y":1,"curve":"stepped"},{"time":1.2,"x":1,"y":1,"curve":"stepped"},{"time":2.4,"x":1,"y":1}]},"MON10076_DL_27":{"rotate":[{"time":0,"angle":0},{"time":0.6,"angle":-11.11},{"time":1.2,"angle":0},{"time":1.8,"angle":-11.11},{"time":2.4,"angle":0}],"translate":[{"time":0,"x":0,"y":0,"curve":"stepped"},{"time":1.2,"x":0,"y":0,"curve":"stepped"},{"time":2.4,"x":0,"y":0}],"scale":[{"time":0,"x":1,"y":1,"curve":"stepped"},{"time":1.2,"x":1,"y":1,"curve":"stepped"},{"time":2.4,"x":1,"y":1}]},"shadow":{"rotate":[{"time":0,"angle":0,"curve":"stepped"},{"time":1.2,"angle":0,"curve":"stepped"},{"time":2.4,"angle":0}],"translate":[{"time":0,"x":0,"y":0,"curve":"stepped"},{"time":1.2,"x":0,"y":0,"curve":"stepped"},{"time":2.4,"x":0,"y":0}],"scale":[{"time":0,"x":1,"y":1},{"time":0.6,"x":1.097,"y":1.124},{"time":1.2,"x":1,"y":1},{"time":1.8,"x":1.097,"y":1.124},{"time":2.4,"x":1,"y":1}]},"MON10074_DL_122":{"rotate":[{"time":0,"angle":0},{"time":0.6,"angle":357.78},{"time":1.2,"angle":0},{"time":1.8,"angle":357.78},{"time":2.4,"angle":0}],"translate":[{"time":0,"x":0,"y":0},{"time":0.6,"x":0,"y":-0.86},{"time":1.2,"x":0,"y":0},{"time":1.8,"x":0,"y":-0.86},{"time":2.4,"x":0,"y":0}],"scale":[{"time":0,"x":1,"y":1,"curve":"stepped"},{"time":1.2,"x":1,"y":1,"curve":"stepped"},{"time":2.4,"x":1,"y":1}]},"bone3":{"rotate":[{"time":0,"angle":0},{"time":0.6,"angle":7.44},{"time":1.2,"angle":0},{"time":1.8,"angle":7.44},{"time":2.4,"angle":0}],"translate":[{"time":0,"x":0,"y":0,"curve":"stepped"},{"time":1.2,"x":0,"y":0,"curve":"stepped"},{"time":2.4,"x":0,"y":0}],"scale":[{"time":0,"x":1,"y":1,"curve":"stepped"},{"time":1.2,"x":1,"y":1,"curve":"stepped"},{"time":2.4,"x":1,"y":1}]},"MON10074_DL_123":{"rotate":[{"time":0,"angle":0},{"time":0.6,"angle":-0.24},{"time":1.2,"angle":0},{"time":1.8,"angle":-0.24},{"time":2.4,"angle":0}],"translate":[{"time":0,"x":0,"y":0,"curve":"stepped"},{"time":1.2,"x":0,"y":0,"curve":"stepped"},{"time":2.4,"x":0,"y":0}],"scale":[{"time":0,"x":1,"y":1,"curve":"stepped"},{"time":1.2,"x":1,"y":1,"curve":"stepped"},{"time":2.4,"x":1,"y":1}]},"bone4":{"rotate":[{"time":0,"angle":0},{"time":0.6,"angle":3.63},{"time":1.2,"angle":0},{"time":1.8,"angle":3.63},{"time":2.4,"angle":0}],"translate":[{"time":0,"x":0,"y":0,"curve":"stepped"},{"time":1.2,"x":0,"y":0,"curve":"stepped"},{"time":2.4,"x":0,"y":0}],"scale":[{"time":0,"x":1,"y":1,"curve":"stepped"},{"time":1.2,"x":1,"y":1,"curve":"stepped"},{"time":2.4,"x":1,"y":1}]}},"ffd":{"default":{"MON10076_DL_19":{"MON10076_DL_19":[{"time":0},{"time":0.4,"offset":2,"vertices":[-11.66373,7.05564,-5.34961,7.23377,-0.92006,7.91798,-2.24879,-10.23253,-15.85462,-7.94002,-3.05835,-2.1447]},{"time":0.8,"offset":2,"vertices":[-0.29261,3.51376,2.14048,0.82715,3.02527,-0.1498,3.7372,-4.61748,-2.4784,-1.3401]},{"time":1.2},{"time":1.6,"offset":2,"vertices":[-11.66373,7.05564,-5.34961,7.23377,-0.92006,7.91798,-2.24879,-10.23253,-15.85462,-7.94002,-3.05835,-2.1447]},{"time":2,"offset":2,"vertices":[-0.29261,3.51376,2.14048,0.82715,3.02527,-0.1498,3.7372,-4.61748,-2.4784,-1.3401]},{"time":2.4}]},"MON10076_DL_20":{"MON10076_DL_20":[{"time":0},{"time":0.6,"vertices":[3.62313,0.19589,15.13732,-2.24026,15.29531,0.48938,15.85775,-6.69304,16.79673,-3.76438,4.36204,-2.98475,4.82366,-2.16092,2.0826,0.33951,0,0,0,0,-0.63853,-2.11571,2.5149,0.15746,2.44688,0.60255,0,0,0,0,0,0,0,0,2.48316,0.32662,2.72275,0.63883,2.9457,2.2729,2.49427,2.76103,-0.53905,0.37656]},{"time":1.2},{"time":1.8,"vertices":[3.62313,0.19589,15.13732,-2.24026,15.29531,0.48938,15.85775,-6.69304,16.79673,-3.76438,4.36204,-2.98475,4.82366,-2.16092,2.0826,0.33951,0,0,0,0,-0.63853,-2.11571,2.5149,0.15746,2.44688,0.60255,0,0,0,0,0,0,0,0,2.48316,0.32662,2.72275,0.63883,2.9457,2.2729,2.49427,2.76103,-0.53905,0.37656]},{"time":2.4}]}}}}}}