{"skeleton":{"hash":"hUgc/vgju5FF6+RIUXa2XbLMEVc","spine":"3.1.03","width":238.61,"height":223.84},"bones":[{"name":"root"},{"name":"bone","parent":"root","x":3.94,"y":52.18},{"name":"MON40061_DL_9","parent":"bone","length":44.81,"x":-13.75,"y":-42.84,"rotation":91},{"name":"bone2","parent":"MON40061_DL_9","length":57.6,"x":44.81,"rotation":-15.96},{"name":"MON40061_DL_5","parent":"bone2","length":52.67,"x":55.82,"y":-0.15,"rotation":14.99},{"name":"MON40061_DL_0","parent":"MON40061_DL_5","length":8.82,"x":12.32,"y":32.05,"rotation":-0.05},{"name":"MON40061_DL_4","parent":"bone2","length":37.36,"x":55.19,"y":-37.1,"rotation":-106.71},{"name":"MON40061_DL_3","parent":"MON40061_DL_4","length":33.82,"x":36.37,"y":0.06,"rotation":-66.04},{"name":"MON40061_DL_2","parent":"MON40061_DL_3","length":16.07,"x":32.85,"y":-0.41,"rotation":-15.14},{"name":"MON40061_DL_6","parent":"MON40061_DL_5","length":16.66,"x":-0.64,"y":23.61,"rotation":178.26},{"name":"MON40061_DL_8","parent":"MON40061_DL_6","length":8.11,"x":28.29,"y":21.42,"rotation":-31.12},{"name":"MON40061_DL_14","parent":"bone2","length":45.73,"x":34.11,"y":28.54,"rotation":-172.08},{"name":"MON40061_DL_13","parent":"MON40061_DL_14","length":37,"x":45.19,"y":-0.69,"rotation":-118.86},{"name":"MON40061_DL_12","parent":"MON40061_DL_13","length":19.13,"x":36.75,"y":-0.04,"rotation":-29.74},{"name":"MON40061_DL_16","parent":"MON40061_DL_12","length":112.18,"x":18.62,"y":0.15,"rotation":-80.61},{"name":"MON40061_DL_11","parent":"MON40061_DL_16","length":30.65,"x":-13.2,"y":-1.72,"rotation":-179.57},{"name":"MON40061_DL_17","parent":"bone","length":21.57,"x":22.72,"y":-33.71,"rotation":-88.11},{"name":"MON40061_DL_18","parent":"bone","length":18.84,"x":-31.3,"y":-33.95,"rotation":-96.5},{"name":"bone5","parent":"MON40061_DL_8","length":6.77,"x":8.11,"y":0.01,"rotation":12.65},{"name":"fx_gun","parent":"MON40061_DL_12","length":112.18,"x":18.62,"y":0.15,"rotation":-80.61},{"name":"shadow","parent":"root","length":25.9,"x":-0.22,"y":-5.28,"rotation":-90}],"slots":[{"name":"shadow","bone":"shadow"},{"name":"MON40061_DL_16","bone":"MON40061_DL_16","attachment":"MON40061_DL_16"},{"name":"MON40061_DL_14","bone":"MON40061_DL_14","attachment":"MON40061_DL_14"},{"name":"MON40061_DL_13","bone":"MON40061_DL_13","attachment":"MON40061_DL_13"},{"name":"MON40061_DL_12","bone":"MON40061_DL_12","attachment":"MON40061_DL_12"},{"name":"MON40061_DL_11","bone":"MON40061_DL_18","attachment":"MON40061_DL_11"},{"name":"MON40061_DL_10","bone":"MON40061_DL_17","attachment":"MON40061_DL_10"},{"name":"MON40061_DL_9","bone":"MON40061_DL_9","attachment":"MON40061_DL_9"},{"name":"MON40061_DL_8","bone":"MON40061_DL_11","attachment":"MON40061_DL_8"},{"name":"MON40061_DL_4","bone":"MON40061_DL_4","attachment":"MON40061_DL_4"},{"name":"MON40061_DL_3","bone":"MON40061_DL_3","attachment":"MON40061_DL_3"},{"name":"fx_gun","bone":"fx_gun","blend":"additive"},{"name":"MON40061_DL_6","bone":"MON40061_DL_8","attachment":"MON40061_DL_6"},{"name":"MON40061_DL_5","bone":"MON40061_DL_5","attachment":"MON40061_DL_5"},{"name":"MON40061_DL_0","bone":"MON40061_DL_0"},{"name":"MON40061_DL_2","bone":"MON40061_DL_2","attachment":"MON40061_DL_2"},{"name":"MON40060_DL_5","bone":"root"}],"skins":{"default":{"MON40061_DL_0":{"MON40061_DL_0":{"x":4.66,"y":-8.07,"rotation":-90.02,"width":53,"height":14}},"MON40061_DL_10":{"MON40061_DL_10":{"x":10.5,"y":0.81,"rotation":88.12,"width":55,"height":24}},"MON40061_DL_11":{"MON40061_DL_11":{"x":9.48,"y":2.78,"rotation":96.47,"width":54,"height":21}},"MON40061_DL_12":{"MON40061_DL_12":{"x":15.23,"y":1.66,"scaleX":1.089,"scaleY":1.103,"rotation":-114.53,"width":39,"height":41}},"MON40061_DL_13":{"MON40061_DL_13":{"x":20.78,"y":-1.35,"rotation":-143.81,"width":64,"height":60}},"MON40061_DL_14":{"MON40061_DL_14":{"x":23.01,"y":-2.98,"rotation":97.08,"width":45,"height":60}},"MON40061_DL_16":{"MON40061_DL_16":{"x":111.01,"y":-0.45,"rotation":-34.03,"width":202,"height":140}},"MON40061_DL_2":{"MON40061_DL_2":{"x":15.45,"y":-5.81,"scaleX":1.061,"scaleY":1.122,"rotation":96.75,"width":42,"height":36}},"MON40061_DL_3":{"MON40061_DL_3":{"x":20.33,"y":-0.68,"rotation":81.6,"width":45,"height":54}},"MON40061_DL_4":{"MON40061_DL_4":{"x":19.44,"y":6.02,"rotation":15.63,"width":59,"height":53}},"MON40061_DL_5":{"MON40061_DL_5":{"x":26.46,"y":1.47,"rotation":-90.05,"width":116,"height":91}},"MON40061_DL_6":{"MON40061_DL_6":{"x":-4.07,"y":-13.15,"rotation":122.87,"width":92,"height":40}},"MON40061_DL_8":{"MON40061_DL_8":{"x":18.23,"y":-1.57,"rotation":145.51,"width":38,"height":33}},"MON40061_DL_9":{"MON40061_DL_9":{"type":"weightedmesh","uvs":[0.89807,0.06433,1,0.21785,1,0.425,1,0.66174,1,0.94657,0.90139,1,0.8367,1,0.5431,1,0.2661,1,0.13008,1,0,0.86704,0,0.45089,0,0.34917,0.05046,0.27703,0.07534,0.16236,0.21965,0,0.51822,0,0.82343,0,0.15994,0.31772,0.56633,0.34362,0.51656,0.81895,0.07037,0.59146,0.07203,0.75792,0.10209,0.49451,0.54529,0.54452,0.76372,0.73757,0.75708,0.216,0.3153,0.32762,0.25877,0.51219,0.23417,0.78018,0.79855,0.49713],"triangles":[26,16,17,26,17,0,26,0,1,18,14,15,13,14,18,27,15,16,19,27,16,18,15,27,26,19,16,26,1,2,12,23,11,18,12,13,18,23,12,30,26,2,19,26,30,28,18,27,23,18,28,24,27,19,24,19,30,28,27,24,21,11,23,30,2,3,25,24,30,25,30,3,28,22,21,23,28,21,29,28,24,29,22,28,20,29,24,20,24,25,10,11,21,10,21,22,25,3,4,9,22,29,10,22,9,8,29,20,9,29,8,7,20,25,6,7,25,8,20,7,25,5,6,4,5,25],"vertices":[1,3,67.53,-45.18,1,1,3,54.09,-62.07,1,2,2,56.37,-74.12999,0.27649,3,31.47,-68.12,0.7235,1,2,29.62,-73.67,1,1,2,-2.55,-73.12,1,1,2,-8.38,-60.6,1,1,2,-8.24,-52.45,1,1,2,-7.61,-15.46,1,1,2,-7.01,19.43,1,1,2,-6.72,36.56,1,1,2,8.57,52.69,1,2,2,55.59,51.89,0.42429,3,-3.89,52.86,0.5757,1,3,7.21,55.83,1,1,3,16.73,51.79,1,1,3,30.06,52.1,1,1,3,52.48,39.27,1,1,3,62.2,2.93,1,1,3,72.12999,-34.22,1,1,3,15.85,37.27,1,1,3,26.24,-12.95,1,1,2,12.89,-12.47,1,2,2,39.56,43.3,0.65356,3,-16.94,40.18999,0.34643,1,2,20.75,43.41,1,2,2,50.44,39.11,0.51441,3,-5.33,39.16,0.48558,2,2,43.84,-16.62,0.4107,3,3.63,-16.25,0.58929,1,2,21.56,-43.76,1,1,3,46.38,-32.43999,1,1,3,19.82,18.07,1,2,2,48.11,19.41,0.3336,3,-2.16,19.57,0.66639,1,2,17.87999,23.03,1,2,2,48.65,-48.61,0.31363,3,17.04,-45.7,0.68636],"hull":18}},"fx_gun":{"MON40061_DL_16":{"x":90.62,"y":0.28,"scaleX":1.198,"scaleY":1.19,"rotation":-34.03,"width":202,"height":140}},"shadow":{"shadow":{"x":-6.49,"y":-0.13,"scaleX":2,"scaleY":2,"rotation":90,"width":85,"height":42}}}},"animations":{"wait_DL":{"slots":{"MON40061_DL_0":{"attachment":[{"time":0,"name":null},{"time":0.6666,"name":"MON40061_DL_0"},{"time":0.8666,"name":null},{"time":2.6666,"name":null}]}},"bones":{"root":{"rotate":[{"time":0,"angle":0,"curve":"stepped"},{"time":1.3333,"angle":0,"curve":"stepped"},{"time":2.6666,"angle":0}],"translate":[{"time":0,"x":0,"y":0,"curve":"stepped"},{"time":1.3333,"x":0,"y":0,"curve":"stepped"},{"time":2.6666,"x":0,"y":0}],"scale":[{"time":0,"x":1,"y":1,"curve":"stepped"},{"time":1.3333,"x":1,"y":1,"curve":"stepped"},{"time":2.6666,"x":1,"y":1}]},"bone":{"rotate":[{"time":0,"angle":0,"curve":"stepped"},{"time":1.3333,"angle":0,"curve":"stepped"},{"time":2.6666,"angle":0}],"translate":[{"time":0,"x":0,"y":0,"curve":"stepped"},{"time":1.3333,"x":0,"y":0,"curve":"stepped"},{"time":2.6666,"x":0,"y":0}],"scale":[{"time":0,"x":1,"y":1,"curve":"stepped"},{"time":1.3333,"x":1,"y":1,"curve":"stepped"},{"time":2.6666,"x":1,"y":1}]},"MON40061_DL_9":{"rotate":[{"time":0,"angle":0,"curve":[0.25,0,0.75,1]},{"time":0.6666,"angle":1.32,"curve":[0.25,0,0.75,1]},{"time":1.3333,"angle":0},{"time":2,"angle":1.32,"curve":[0.25,0,0.75,1]},{"time":2.6666,"angle":0}],"translate":[{"time":0,"x":0,"y":0,"curve":[0.25,0,0.75,1]},{"time":0.6666,"x":-1.23,"y":-5.22,"curve":[0.25,0,0.75,1]},{"time":1.3333,"x":0,"y":0},{"time":2,"x":-1.23,"y":-5.22,"curve":[0.25,0,0.75,1]},{"time":2.6666,"x":0,"y":0}],"scale":[{"time":0,"x":1,"y":1,"curve":"stepped"},{"time":1.3333,"x":1,"y":1,"curve":"stepped"},{"time":2.6666,"x":1,"y":1}]},"bone2":{"rotate":[{"time":0,"angle":0,"curve":"stepped"},{"time":1.3333,"angle":0,"curve":"stepped"},{"time":2.6666,"angle":0}],"translate":[{"time":0,"x":0,"y":0},{"time":0.6666,"x":-5.31,"y":0.21},{"time":1.3333,"x":0,"y":0},{"time":2,"x":-5.31,"y":0.21},{"time":2.6666,"x":0,"y":0}],"scale":[{"time":0,"x":1,"y":1,"curve":"stepped"},{"time":1.3333,"x":1,"y":1,"curve":"stepped"},{"time":2.6666,"x":1,"y":1}]},"MON40061_DL_5":{"rotate":[{"time":0,"angle":0},{"time":0.2,"angle":-2.88},{"time":0.8666,"angle":1.59},{"time":1.3333,"angle":0},{"time":1.5333,"angle":-2.88},{"time":2.2,"angle":1.59},{"time":2.6666,"angle":0}],"translate":[{"time":0,"x":0,"y":0},{"time":0.6666,"x":-2.04,"y":-0.49},{"time":1.3333,"x":0,"y":0},{"time":2,"x":-2.04,"y":-0.49},{"time":2.6666,"x":0,"y":0}],"scale":[{"time":0,"x":1,"y":1,"curve":"stepped"},{"time":1.3333,"x":1,"y":1,"curve":"stepped"},{"time":2.6666,"x":1,"y":1}]},"MON40061_DL_0":{"rotate":[{"time":0,"angle":0,"curve":"stepped"},{"time":1.3333,"angle":0,"curve":"stepped"},{"time":2.6666,"angle":0}],"translate":[{"time":0,"x":0,"y":0,"curve":"stepped"},{"time":1.3333,"x":0,"y":0,"curve":"stepped"},{"time":2.6666,"x":0,"y":0}],"scale":[{"time":0,"x":1,"y":1,"curve":"stepped"},{"time":1.3333,"x":1,"y":1,"curve":"stepped"},{"time":2.6666,"x":1,"y":1}]},"MON40061_DL_6":{"rotate":[{"time":0,"angle":0,"curve":"stepped"},{"time":1.3333,"angle":0,"curve":"stepped"},{"time":2.6666,"angle":0}],"translate":[{"time":0,"x":0,"y":0,"curve":"stepped"},{"time":1.3333,"x":0,"y":0,"curve":"stepped"},{"time":2.6666,"x":0,"y":0}],"scale":[{"time":0,"x":1,"y":1},{"time":0.6666,"x":1.13,"y":1.014},{"time":1.3333,"x":1,"y":1},{"time":2,"x":1.13,"y":1.014},{"time":2.6666,"x":1,"y":1}]},"MON40061_DL_8":{"rotate":[{"time":0,"angle":0,"curve":"stepped"},{"time":1.3333,"angle":0,"curve":"stepped"},{"time":2.6666,"angle":0}],"translate":[{"time":0,"x":0,"y":0,"curve":"stepped"},{"time":1.3333,"x":0,"y":0,"curve":"stepped"},{"time":2.6666,"x":0,"y":0}],"scale":[{"time":0,"x":1,"y":1,"curve":"stepped"},{"time":1.3333,"x":1,"y":1,"curve":"stepped"},{"time":2.6666,"x":1,"y":1}]},"bone5":{"rotate":[{"time":0,"angle":0},{"time":0.2666,"angle":-24.89},{"time":0.9333,"angle":-0.22},{"time":1.3333,"angle":0},{"time":1.6,"angle":-24.89},{"time":2.2666,"angle":-0.22},{"time":2.6666,"angle":0}],"translate":[{"time":0,"x":0,"y":0,"curve":"stepped"},{"time":1.3333,"x":0,"y":0,"curve":"stepped"},{"time":2.6666,"x":0,"y":0}],"scale":[{"time":0,"x":1,"y":1,"curve":"stepped"},{"time":1.3333,"x":1,"y":1,"curve":"stepped"},{"time":2.6666,"x":1,"y":1}]},"MON40061_DL_4":{"rotate":[{"time":0,"angle":0},{"time":0.6666,"angle":18.19},{"time":1.3333,"angle":0},{"time":2,"angle":18.19},{"time":2.6666,"angle":0}],"translate":[{"time":0,"x":0,"y":0,"curve":"stepped"},{"time":0.6666,"x":0,"y":0,"curve":"stepped"},{"time":1.3333,"x":0,"y":0,"curve":"stepped"},{"time":2,"x":0,"y":0,"curve":"stepped"},{"time":2.6666,"x":0,"y":0}],"scale":[{"time":0,"x":1,"y":1,"curve":"stepped"},{"time":0.6666,"x":1,"y":1,"curve":"stepped"},{"time":1.3333,"x":1,"y":1,"curve":"stepped"},{"time":2,"x":1,"y":1,"curve":"stepped"},{"time":2.6666,"x":1,"y":1}]},"MON40061_DL_3":{"rotate":[{"time":0,"angle":0},{"time":0.6666,"angle":-30.23},{"time":1.3333,"angle":0},{"time":2,"angle":-30.23},{"time":2.6666,"angle":0}],"translate":[{"time":0,"x":0,"y":0,"curve":"stepped"},{"time":0.6666,"x":0,"y":0,"curve":"stepped"},{"time":1.3333,"x":0,"y":0,"curve":"stepped"},{"time":2,"x":0,"y":0,"curve":"stepped"},{"time":2.6666,"x":0,"y":0}],"scale":[{"time":0,"x":1,"y":1,"curve":"stepped"},{"time":0.6666,"x":1,"y":1,"curve":"stepped"},{"time":1.3333,"x":1,"y":1,"curve":"stepped"},{"time":2,"x":1,"y":1,"curve":"stepped"},{"time":2.6666,"x":1,"y":1}]},"MON40061_DL_2":{"rotate":[{"time":0,"angle":0},{"time":0.6666,"angle":-18},{"time":1.3333,"angle":0},{"time":2,"angle":-18},{"time":2.6666,"angle":0}],"translate":[{"time":0,"x":0,"y":0,"curve":"stepped"},{"time":0.6666,"x":0,"y":0,"curve":"stepped"},{"time":1.3333,"x":0,"y":0,"curve":"stepped"},{"time":2,"x":0,"y":0,"curve":"stepped"},{"time":2.6666,"x":0,"y":0}],"scale":[{"time":0,"x":1,"y":1,"curve":"stepped"},{"time":0.6666,"x":1,"y":1,"curve":"stepped"},{"time":1.3333,"x":1,"y":1,"curve":"stepped"},{"time":2,"x":1,"y":1,"curve":"stepped"},{"time":2.6666,"x":1,"y":1}]},"MON40061_DL_14":{"rotate":[{"time":0,"angle":0},{"time":0.6666,"angle":-18.78},{"time":1.3333,"angle":0},{"time":2,"angle":-18.78},{"time":2.6666,"angle":0}],"translate":[{"time":0,"x":0,"y":0,"curve":"stepped"},{"time":1.3333,"x":0,"y":0,"curve":"stepped"},{"time":2.6666,"x":0,"y":0}],"scale":[{"time":0,"x":1,"y":1,"curve":"stepped"},{"time":1.3333,"x":1,"y":1,"curve":"stepped"},{"time":2.6666,"x":1,"y":1}]},"MON40061_DL_13":{"rotate":[{"time":0,"angle":0},{"time":0.6666,"angle":8.73},{"time":1.3333,"angle":0},{"time":2,"angle":8.73},{"time":2.6666,"angle":0}],"translate":[{"time":0,"x":0,"y":0,"curve":"stepped"},{"time":1.3333,"x":0,"y":0,"curve":"stepped"},{"time":2.6666,"x":0,"y":0}],"scale":[{"time":0,"x":1,"y":1,"curve":"stepped"},{"time":1.3333,"x":1,"y":1,"curve":"stepped"},{"time":2.6666,"x":1,"y":1}]},"MON40061_DL_12":{"rotate":[{"time":0,"angle":0,"curve":"stepped"},{"time":1.3333,"angle":0,"curve":"stepped"},{"time":2.6666,"angle":0}],"translate":[{"time":0,"x":0,"y":0,"curve":"stepped"},{"time":1.3333,"x":0,"y":0,"curve":"stepped"},{"time":2.6666,"x":0,"y":0}],"scale":[{"time":0,"x":1,"y":1,"curve":"stepped"},{"time":1.3333,"x":1,"y":1,"curve":"stepped"},{"time":2.6666,"x":1,"y":1}]},"MON40061_DL_16":{"rotate":[{"time":0,"angle":0,"curve":"stepped"},{"time":1.3333,"angle":0,"curve":"stepped"},{"time":2.6666,"angle":0}],"translate":[{"time":0,"x":0,"y":0,"curve":"stepped"},{"time":1.3333,"x":0,"y":0,"curve":"stepped"},{"time":2.6666,"x":0,"y":0}],"scale":[{"time":0,"x":1,"y":1,"curve":"stepped"},{"time":1.3333,"x":1,"y":1,"curve":"stepped"},{"time":2.6666,"x":1,"y":1}]},"MON40061_DL_11":{"rotate":[{"time":0,"angle":0,"curve":"stepped"},{"time":1.3333,"angle":0,"curve":"stepped"},{"time":2.6666,"angle":0}],"translate":[{"time":0,"x":0,"y":0,"curve":"stepped"},{"time":1.3333,"x":0,"y":0,"curve":"stepped"},{"time":2.6666,"x":0,"y":0}],"scale":[{"time":0,"x":1,"y":1,"curve":"stepped"},{"time":1.3333,"x":1,"y":1,"curve":"stepped"},{"time":2.6666,"x":1,"y":1}]},"MON40061_DL_17":{"rotate":[{"time":0,"angle":0,"curve":"stepped"},{"time":1.3333,"angle":0,"curve":"stepped"},{"time":2.6666,"angle":0}],"translate":[{"time":0,"x":0,"y":0,"curve":"stepped"},{"time":1.3333,"x":0,"y":0,"curve":"stepped"},{"time":2.6666,"x":0,"y":0}],"scale":[{"time":0,"x":1,"y":1},{"time":0.6666,"x":1,"y":1.097},{"time":1.3333,"x":1,"y":1},{"time":2,"x":1,"y":1.097},{"time":2.6666,"x":1,"y":1}]},"MON40061_DL_18":{"rotate":[{"time":0,"angle":0,"curve":"stepped"},{"time":1.3333,"angle":0,"curve":"stepped"},{"time":2.6666,"angle":0}],"translate":[{"time":0,"x":0,"y":0,"curve":"stepped"},{"time":1.3333,"x":0,"y":0,"curve":"stepped"},{"time":2.6666,"x":0,"y":0}],"scale":[{"time":0,"x":1,"y":1},{"time":0.6666,"x":1,"y":1.076},{"time":1.3333,"x":1,"y":1},{"time":2,"x":1,"y":1.076},{"time":2.6666,"x":1,"y":1}]},"shadow":{"rotate":[{"time":0,"angle":0,"curve":"stepped"},{"time":0.6666,"angle":0,"curve":"stepped"},{"time":1.3333,"angle":0,"curve":"stepped"},{"time":2,"angle":0,"curve":"stepped"},{"time":2.6666,"angle":0}],"translate":[{"time":0,"x":0,"y":0,"curve":"stepped"},{"time":0.6666,"x":0,"y":0,"curve":"stepped"},{"time":1.3333,"x":0,"y":0,"curve":"stepped"},{"time":2,"x":0,"y":0,"curve":"stepped"},{"time":2.6666,"x":0,"y":0}],"scale":[{"time":0,"x":1,"y":1},{"time":0.6666,"x":1.048,"y":1.164},{"time":1.3333,"x":1,"y":1},{"time":2,"x":1.048,"y":1.164},{"time":2.6666,"x":1,"y":1}]}},"ffd":{"default":{"MON40061_DL_9":{"MON40061_DL_9":[{"time":0},{"time":0.3333,"offset":24,"vertices":[1.35945,-0.72967,1.50774,-0.32823,3.01544,-0.65644,4.09755,0.68716,0,0,0,0,0,0,0,0,3.9273,1.35587,3.7693,-0.82056,2.34404,-2.4839,1.72427,-0.04993,1.67184,0.42564,3.11365,0.25498,2.77879,0.60979,2.50468,1.34975,3.75342,-1.48928,4.01855,-0.40105,2.28411,-4.55303,1.42261,0.00615,2.93034,-0.32207,1.69431,-1.0845,1.92723,-0.57746,1.72427,-0.04993,2.05914,-0.40477,2.09134,0.17641]},{"time":1,"offset":22,"vertices":[-0.77552,-0.97394,-2.0128,-0.68901,-1.7463,-1.2155,-2.16749,-1.57971,0,0,0,0,0,0,0,0,0,0,-0.54409,0.11843,-0.90388,-0.4871,-1.80416,-2.7089,-1.86556,0.45618,-1.9193,-0.0738,-0.75389,-0.22727,-1.67432,1.77422,-2.09747,1.2462,-1.05455,-0.65975,-0.83284,-0.92413,-2.78619,-3.66186,-1.20218,-1.33394,-2.29482,-0.07031,-3.42857,0.78958,-3.51393,-0.18255,-3.78882,-1.07876,-1.37942,0.03995,-1.33747,-0.34051]},{"time":1.3333},{"time":1.6666,"offset":24,"vertices":[1.35945,-0.72967,1.50774,-0.32823,3.01544,-0.65644,4.09755,0.68716,0,0,0,0,0,0,0,0,3.9273,1.35587,3.7693,-0.82056,2.34404,-2.4839,1.72427,-0.04993,1.67184,0.42564,3.11365,0.25498,2.77879,0.60979,2.50468,1.34975,3.75342,-1.48928,4.01855,-0.40105,2.28411,-4.55303,1.42261,0.00615,2.93034,-0.32207,1.69431,-1.0845,1.92723,-0.57746,1.72427,-0.04993,2.05914,-0.40477,2.09134,0.17641]},{"time":2.3333,"offset":22,"vertices":[-0.77552,-0.97394,-2.0128,-0.68901,-1.7463,-1.2155,-2.16749,-1.57971,0,0,0,0,0,0,0,0,0,0,-0.54409,0.11843,-0.90388,-0.4871,-1.80416,-2.7089,-1.86556,0.45618,-1.9193,-0.0738,-0.75389,-0.22727,-1.67432,1.77422,-2.09747,1.2462,-1.05455,-0.65975,-0.83284,-0.92413,-2.78619,-3.66186,-1.20218,-1.33394,-2.29482,-0.07031,-3.42857,0.78958,-3.51393,-0.18255,-3.78882,-1.07876,-1.37942,0.03995,-1.33747,-0.34051]},{"time":2.6666}]}}}},"wait_special_DL":{"slots":{"MON40061_DL_0":{"attachment":[{"time":0,"name":null},{"time":0.3333,"name":"MON40061_DL_0"},{"time":0.5,"name":null},{"time":2,"name":null}]},"MON40061_DL_8":{"attachment":[{"time":0,"name":"MON40061_DL_8"},{"time":0.6666,"name":null},{"time":1,"name":"MON40061_DL_8"},{"time":1.4,"name":"MON40061_DL_8"},{"time":1.6666,"name":"MON40061_DL_8"},{"time":2,"name":"MON40061_DL_8"}]},"fx_gun":{"attachment":[{"time":0,"name":null},{"time":1.3,"name":"MON40061_DL_16"},{"time":2,"name":null}],"color":[{"time":0,"color":"ffffffff","curve":"stepped"},{"time":1.3,"color":"ffffffff"},{"time":1.5333,"color":"ffffff00","curve":"stepped"},{"time":2,"color":"ffffff00"}]}},"bones":{"root":{"rotate":[{"time":0,"angle":0,"curve":"stepped"},{"time":0.1666,"angle":0,"curve":"stepped"},{"time":0.5,"angle":0,"curve":"stepped"},{"time":0.6333,"angle":0,"curve":"stepped"},{"time":0.8333,"angle":0,"curve":"stepped"},{"time":1,"angle":0,"curve":"stepped"},{"time":1.0666,"angle":0,"curve":"stepped"},{"time":1.2,"angle":0,"curve":"stepped"},{"time":1.4,"angle":0,"curve":"stepped"},{"time":1.6666,"angle":0,"curve":"stepped"},{"time":2,"angle":0}],"translate":[{"time":0,"x":0,"y":0,"curve":"stepped"},{"time":0.1666,"x":0,"y":0,"curve":"stepped"},{"time":0.5,"x":0,"y":0,"curve":"stepped"},{"time":0.6333,"x":0,"y":0,"curve":"stepped"},{"time":0.8333,"x":0,"y":0,"curve":"stepped"},{"time":1,"x":0,"y":0,"curve":"stepped"},{"time":1.0666,"x":0,"y":0,"curve":"stepped"},{"time":1.2,"x":0,"y":0,"curve":"stepped"},{"time":1.4,"x":0,"y":0,"curve":"stepped"},{"time":1.6666,"x":0,"y":0,"curve":"stepped"},{"time":2,"x":0,"y":0}],"scale":[{"time":0,"x":1,"y":1,"curve":"stepped"},{"time":0.1666,"x":1,"y":1,"curve":"stepped"},{"time":0.5,"x":1,"y":1,"curve":"stepped"},{"time":0.6333,"x":1,"y":1,"curve":"stepped"},{"time":0.8333,"x":1,"y":1,"curve":"stepped"},{"time":1,"x":1,"y":1,"curve":"stepped"},{"time":1.0666,"x":1,"y":1,"curve":"stepped"},{"time":1.2,"x":1,"y":1,"curve":"stepped"},{"time":1.4,"x":1,"y":1,"curve":"stepped"},{"time":1.6666,"x":1,"y":1,"curve":"stepped"},{"time":2,"x":1,"y":1}]},"bone":{"rotate":[{"time":0,"angle":0,"curve":"stepped"},{"time":0.1666,"angle":0,"curve":"stepped"},{"time":0.5,"angle":0,"curve":"stepped"},{"time":0.6333,"angle":0},{"time":0.8333,"angle":-10},{"time":1,"angle":10},{"time":1.0666,"angle":0,"curve":"stepped"},{"time":1.2,"angle":0},{"time":1.4,"angle":-10},{"time":1.6666,"angle":-5.38},{"time":2,"angle":0}],"translate":[{"time":0,"x":0,"y":0,"curve":"stepped"},{"time":0.1666,"x":0,"y":0,"curve":"stepped"},{"time":0.5,"x":0,"y":0},{"time":0.6333,"x":0,"y":10},{"time":0.8333,"x":17.24,"y":44.61},{"time":1,"x":1.15,"y":12.11},{"time":1.0666,"x":0,"y":0,"curve":"stepped"},{"time":1.2,"x":0,"y":0},{"time":1.4,"x":8.65,"y":4.61},{"time":1.6666,"x":4.66,"y":2.48},{"time":2,"x":0,"y":0}],"scale":[{"time":0,"x":1,"y":1,"curve":"stepped"},{"time":0.1666,"x":1,"y":1,"curve":"stepped"},{"time":0.5,"x":1,"y":1,"curve":"stepped"},{"time":0.6333,"x":1,"y":1,"curve":"stepped"},{"time":0.8333,"x":1,"y":1,"curve":"stepped"},{"time":1,"x":1,"y":1,"curve":"stepped"},{"time":1.0666,"x":1,"y":1,"curve":"stepped"},{"time":1.2,"x":1,"y":1,"curve":"stepped"},{"time":1.4,"x":1,"y":1,"curve":"stepped"},{"time":1.6666,"x":1,"y":1,"curve":"stepped"},{"time":2,"x":1,"y":1}]},"MON40061_DL_9":{"rotate":[{"time":0,"angle":0},{"time":0.1666,"angle":1.32},{"time":0.5,"angle":4.92},{"time":0.6333,"angle":0.07},{"time":0.8333,"angle":0,"curve":"stepped"},{"time":1,"angle":0},{"time":1.0666,"angle":11.73},{"time":1.2,"angle":0.05},{"time":1.4,"angle":0,"curve":"stepped"},{"time":1.6666,"angle":0,"curve":"stepped"},{"time":2,"angle":0}],"translate":[{"time":0,"x":0,"y":0},{"time":0.1666,"x":-1.23,"y":-5.22,"curve":"stepped"},{"time":0.5,"x":-1.23,"y":-5.22},{"time":0.6333,"x":0,"y":0,"curve":"stepped"},{"time":0.8333,"x":0,"y":0,"curve":"stepped"},{"time":1,"x":0,"y":0},{"time":1.0666,"x":0.02,"y":-9.63},{"time":1.2,"x":3.11,"y":-1.61},{"time":1.4,"x":0,"y":0,"curve":"stepped"},{"time":1.6666,"x":0,"y":0,"curve":"stepped"},{"time":2,"x":0,"y":0}],"scale":[{"time":0,"x":1,"y":1,"curve":"stepped"},{"time":0.1666,"x":1,"y":1,"curve":"stepped"},{"time":0.5,"x":1,"y":1,"curve":"stepped"},{"time":0.6333,"x":1,"y":1,"curve":"stepped"},{"time":0.8333,"x":1,"y":1,"curve":"stepped"},{"time":1,"x":1,"y":1,"curve":"stepped"},{"time":1.0666,"x":1,"y":1,"curve":"stepped"},{"time":1.2,"x":1,"y":1,"curve":"stepped"},{"time":1.4,"x":1,"y":1,"curve":"stepped"},{"time":1.6666,"x":1,"y":1,"curve":"stepped"},{"time":2,"x":1,"y":1}]},"bone2":{"rotate":[{"time":0,"angle":0,"curve":"stepped"},{"time":0.1666,"angle":0},{"time":0.5,"angle":12.25},{"time":0.6333,"angle":10.61},{"time":0.8333,"angle":0,"curve":"stepped"},{"time":1,"angle":0},{"time":1.0666,"angle":10.17},{"time":1.2,"angle":12.7},{"time":1.4,"angle":0,"curve":"stepped"},{"time":1.6666,"angle":0,"curve":"stepped"},{"time":2,"angle":0}],"translate":[{"time":0,"x":0,"y":0},{"time":0.1666,"x":-5.31,"y":0.21,"curve":"stepped"},{"time":0.5,"x":-5.31,"y":0.21},{"time":0.6333,"x":0,"y":0},{"time":0.8333,"x":6.61,"y":-1.5},{"time":1,"x":0,"y":0},{"time":1.0666,"x":-5.31,"y":0.21,"curve":"stepped"},{"time":1.2,"x":-5.31,"y":0.21},{"time":1.4,"x":0,"y":0,"curve":"stepped"},{"time":1.6666,"x":0,"y":0,"curve":"stepped"},{"time":2,"x":0,"y":0}],"scale":[{"time":0,"x":1,"y":1,"curve":"stepped"},{"time":0.1666,"x":1,"y":1,"curve":"stepped"},{"time":0.5,"x":1,"y":1,"curve":"stepped"},{"time":0.6333,"x":1,"y":1,"curve":"stepped"},{"time":0.8333,"x":1,"y":1,"curve":"stepped"},{"time":1,"x":1,"y":1,"curve":"stepped"},{"time":1.0666,"x":1,"y":1,"curve":"stepped"},{"time":1.2,"x":1,"y":1,"curve":"stepped"},{"time":1.4,"x":1,"y":1,"curve":"stepped"},{"time":1.6666,"x":1,"y":1,"curve":"stepped"},{"time":2,"x":1,"y":1}]},"MON40061_DL_5":{"rotate":[{"time":0,"angle":0,"curve":"stepped"},{"time":0.1666,"angle":0},{"time":0.5,"angle":2.81},{"time":0.6333,"angle":-6.98},{"time":0.8333,"angle":-23.21},{"time":1,"angle":-16.77},{"time":1.0666,"angle":0},{"time":1.2,"angle":-10.51},{"time":1.4,"angle":-12.5},{"time":1.6666,"angle":-6.73},{"time":2,"angle":0}],"translate":[{"time":0,"x":0,"y":0},{"time":0.1666,"x":-2.04,"y":-0.49,"curve":"stepped"},{"time":0.5,"x":-2.04,"y":-0.49},{"time":0.6333,"x":0,"y":0},{"time":0.8333,"x":1.85,"y":-3.99},{"time":1,"x":0,"y":0},{"time":1.0666,"x":-2.04,"y":-0.49,"curve":"stepped"},{"time":1.2,"x":-2.04,"y":-0.49},{"time":1.4,"x":0,"y":0,"curve":"stepped"},{"time":1.6666,"x":0,"y":0,"curve":"stepped"},{"time":2,"x":0,"y":0}],"scale":[{"time":0,"x":1,"y":1,"curve":"stepped"},{"time":0.1666,"x":1,"y":1,"curve":"stepped"},{"time":0.5,"x":1,"y":1,"curve":"stepped"},{"time":0.6333,"x":1,"y":1,"curve":"stepped"},{"time":0.8333,"x":1,"y":1,"curve":"stepped"},{"time":1,"x":1,"y":1,"curve":"stepped"},{"time":1.0666,"x":1,"y":1,"curve":"stepped"},{"time":1.2,"x":1,"y":1,"curve":"stepped"},{"time":1.4,"x":1,"y":1,"curve":"stepped"},{"time":1.6666,"x":1,"y":1,"curve":"stepped"},{"time":2,"x":1,"y":1}]},"MON40061_DL_0":{"rotate":[{"time":0,"angle":0,"curve":"stepped"},{"time":0.1666,"angle":0,"curve":"stepped"},{"time":0.5,"angle":0,"curve":"stepped"},{"time":0.6333,"angle":0,"curve":"stepped"},{"time":0.8333,"angle":0,"curve":"stepped"},{"time":1,"angle":0,"curve":"stepped"},{"time":1.0666,"angle":0,"curve":"stepped"},{"time":1.2,"angle":0,"curve":"stepped"},{"time":1.4,"angle":0,"curve":"stepped"},{"time":1.6666,"angle":0,"curve":"stepped"},{"time":2,"angle":0}],"translate":[{"time":0,"x":0,"y":0,"curve":"stepped"},{"time":0.1666,"x":0,"y":0,"curve":"stepped"},{"time":0.5,"x":0,"y":0,"curve":"stepped"},{"time":0.6333,"x":0,"y":0,"curve":"stepped"},{"time":0.8333,"x":0,"y":0,"curve":"stepped"},{"time":1,"x":0,"y":0,"curve":"stepped"},{"time":1.0666,"x":0,"y":0,"curve":"stepped"},{"time":1.2,"x":0,"y":0,"curve":"stepped"},{"time":1.4,"x":0,"y":0,"curve":"stepped"},{"time":1.6666,"x":0,"y":0,"curve":"stepped"},{"time":2,"x":0,"y":0}],"scale":[{"time":0,"x":1,"y":1,"curve":"stepped"},{"time":0.1666,"x":1,"y":1,"curve":"stepped"},{"time":0.5,"x":1,"y":1,"curve":"stepped"},{"time":0.6333,"x":1,"y":1,"curve":"stepped"},{"time":0.8333,"x":1,"y":1,"curve":"stepped"},{"time":1,"x":1,"y":1,"curve":"stepped"},{"time":1.0666,"x":1,"y":1,"curve":"stepped"},{"time":1.2,"x":1,"y":1,"curve":"stepped"},{"time":1.4,"x":1,"y":1,"curve":"stepped"},{"time":1.6666,"x":1,"y":1,"curve":"stepped"},{"time":2,"x":1,"y":1}]},"MON40061_DL_6":{"rotate":[{"time":0,"angle":0,"curve":"stepped"},{"time":0.1666,"angle":0,"curve":"stepped"},{"time":0.5,"angle":0,"curve":"stepped"},{"time":0.6333,"angle":0,"curve":"stepped"},{"time":0.8333,"angle":0,"curve":"stepped"},{"time":1,"angle":0,"curve":"stepped"},{"time":1.0666,"angle":0,"curve":"stepped"},{"time":1.2,"angle":0,"curve":"stepped"},{"time":1.4,"angle":0,"curve":"stepped"},{"time":1.6666,"angle":0,"curve":"stepped"},{"time":2,"angle":0}],"translate":[{"time":0,"x":0,"y":0,"curve":"stepped"},{"time":0.1666,"x":0,"y":0,"curve":"stepped"},{"time":0.5,"x":0,"y":0,"curve":"stepped"},{"time":0.6333,"x":0,"y":0,"curve":"stepped"},{"time":0.8333,"x":0,"y":0,"curve":"stepped"},{"time":1,"x":0,"y":0,"curve":"stepped"},{"time":1.0666,"x":0,"y":0,"curve":"stepped"},{"time":1.2,"x":0,"y":0,"curve":"stepped"},{"time":1.4,"x":0,"y":0,"curve":"stepped"},{"time":1.6666,"x":0,"y":0,"curve":"stepped"},{"time":2,"x":0,"y":0}],"scale":[{"time":0,"x":1,"y":1},{"time":0.1666,"x":1.13,"y":1.014,"curve":"stepped"},{"time":0.5,"x":1.13,"y":1.014},{"time":0.6333,"x":1,"y":1,"curve":"stepped"},{"time":0.8333,"x":1,"y":1,"curve":"stepped"},{"time":1,"x":1,"y":1},{"time":1.0666,"x":1.13,"y":1.014,"curve":"stepped"},{"time":1.2,"x":1.13,"y":1.014},{"time":1.4,"x":1,"y":1,"curve":"stepped"},{"time":1.6666,"x":1,"y":1,"curve":"stepped"},{"time":2,"x":1,"y":1}]},"MON40061_DL_8":{"rotate":[{"time":0,"angle":0,"curve":"stepped"},{"time":0.1666,"angle":0,"curve":"stepped"},{"time":0.5,"angle":0,"curve":"stepped"},{"time":0.6333,"angle":0,"curve":"stepped"},{"time":0.8333,"angle":0,"curve":"stepped"},{"time":1,"angle":0,"curve":"stepped"},{"time":1.0666,"angle":0,"curve":"stepped"},{"time":1.2,"angle":0,"curve":"stepped"},{"time":1.4,"angle":0,"curve":"stepped"},{"time":1.6666,"angle":0,"curve":"stepped"},{"time":2,"angle":0}],"translate":[{"time":0,"x":0,"y":0,"curve":"stepped"},{"time":0.1666,"x":0,"y":0,"curve":"stepped"},{"time":0.5,"x":0,"y":0,"curve":"stepped"},{"time":0.6333,"x":0,"y":0,"curve":"stepped"},{"time":0.8333,"x":0,"y":0,"curve":"stepped"},{"time":1,"x":0,"y":0,"curve":"stepped"},{"time":1.0666,"x":0,"y":0,"curve":"stepped"},{"time":1.2,"x":0,"y":0,"curve":"stepped"},{"time":1.4,"x":0,"y":0,"curve":"stepped"},{"time":1.6666,"x":0,"y":0,"curve":"stepped"},{"time":2,"x":0,"y":0}],"scale":[{"time":0,"x":1,"y":1,"curve":"stepped"},{"time":0.1666,"x":1,"y":1,"curve":"stepped"},{"time":0.5,"x":1,"y":1,"curve":"stepped"},{"time":0.6333,"x":1,"y":1,"curve":"stepped"},{"time":0.8333,"x":1,"y":1,"curve":"stepped"},{"time":1,"x":1,"y":1,"curve":"stepped"},{"time":1.0666,"x":1,"y":1,"curve":"stepped"},{"time":1.2,"x":1,"y":1,"curve":"stepped"},{"time":1.4,"x":1,"y":1,"curve":"stepped"},{"time":1.6666,"x":1,"y":1,"curve":"stepped"},{"time":2,"x":1,"y":1}]},"bone5":{"rotate":[{"time":0,"angle":0,"curve":"stepped"},{"time":0.1666,"angle":0,"curve":"stepped"},{"time":0.5,"angle":0,"curve":"stepped"},{"time":0.6333,"angle":0,"curve":"stepped"},{"time":0.8333,"angle":0,"curve":"stepped"},{"time":1,"angle":0,"curve":"stepped"},{"time":1.0666,"angle":0,"curve":"stepped"},{"time":1.2,"angle":0,"curve":"stepped"},{"time":1.4,"angle":0,"curve":"stepped"},{"time":1.6666,"angle":0,"curve":"stepped"},{"time":2,"angle":0}],"translate":[{"time":0,"x":0,"y":0,"curve":"stepped"},{"time":0.1666,"x":0,"y":0,"curve":"stepped"},{"time":0.5,"x":0,"y":0,"curve":"stepped"},{"time":0.6333,"x":0,"y":0,"curve":"stepped"},{"time":0.8333,"x":0,"y":0,"curve":"stepped"},{"time":1,"x":0,"y":0,"curve":"stepped"},{"time":1.0666,"x":0,"y":0,"curve":"stepped"},{"time":1.2,"x":0,"y":0,"curve":"stepped"},{"time":1.4,"x":0,"y":0,"curve":"stepped"},{"time":1.6666,"x":0,"y":0,"curve":"stepped"},{"time":2,"x":0,"y":0}],"scale":[{"time":0,"x":1,"y":1,"curve":"stepped"},{"time":0.1666,"x":1,"y":1,"curve":"stepped"},{"time":0.5,"x":1,"y":1,"curve":"stepped"},{"time":0.6333,"x":1,"y":1,"curve":"stepped"},{"time":0.8333,"x":1,"y":1,"curve":"stepped"},{"time":1,"x":1,"y":1,"curve":"stepped"},{"time":1.0666,"x":1,"y":1,"curve":"stepped"},{"time":1.2,"x":1,"y":1,"curve":"stepped"},{"time":1.4,"x":1,"y":1,"curve":"stepped"},{"time":1.6666,"x":1,"y":1,"curve":"stepped"},{"time":2,"x":1,"y":1}]},"MON40061_DL_4":{"rotate":[{"time":0,"angle":0},{"time":0.1666,"angle":18.19},{"time":0.5,"angle":40.97},{"time":0.6333,"angle":-0.53},{"time":0.8333,"angle":-24.56},{"time":1,"angle":38.59},{"time":1.0666,"angle":26.59},{"time":1.2,"angle":-22.49},{"time":1.4,"angle":-6.17},{"time":1.6666,"angle":-3.32},{"time":2,"angle":0}],"translate":[{"time":0,"x":0,"y":0,"curve":"stepped"},{"time":0.1666,"x":0,"y":0,"curve":"stepped"},{"time":0.5,"x":0,"y":0,"curve":"stepped"},{"time":0.6333,"x":0,"y":0,"curve":"stepped"},{"time":0.8333,"x":0,"y":0,"curve":"stepped"},{"time":1,"x":0,"y":0,"curve":"stepped"},{"time":1.0666,"x":0,"y":0,"curve":"stepped"},{"time":1.2,"x":0,"y":0,"curve":"stepped"},{"time":1.4,"x":0,"y":0,"curve":"stepped"},{"time":1.6666,"x":0,"y":0,"curve":"stepped"},{"time":2,"x":0,"y":0}],"scale":[{"time":0,"x":1,"y":1,"curve":"stepped"},{"time":0.1666,"x":1,"y":1,"curve":"stepped"},{"time":0.5,"x":1,"y":1,"curve":"stepped"},{"time":0.6333,"x":1,"y":1,"curve":"stepped"},{"time":0.8333,"x":1,"y":1,"curve":"stepped"},{"time":1,"x":1,"y":1,"curve":"stepped"},{"time":1.0666,"x":1,"y":1,"curve":"stepped"},{"time":1.2,"x":1,"y":1,"curve":"stepped"},{"time":1.4,"x":1,"y":1,"curve":"stepped"},{"time":1.6666,"x":1,"y":1,"curve":"stepped"},{"time":2,"x":1,"y":1}]},"MON40061_DL_3":{"rotate":[{"time":0,"angle":0},{"time":0.1666,"angle":16.95},{"time":0.5,"angle":38.41},{"time":0.6333,"angle":45.43},{"time":0.8333,"angle":37.01},{"time":1,"angle":40.09},{"time":1.0666,"angle":60.91},{"time":1.2,"angle":43.34},{"time":1.4,"angle":-29.28},{"time":1.6666,"angle":-15.77},{"time":2,"angle":0}],"translate":[{"time":0,"x":0,"y":0,"curve":"stepped"},{"time":0.1666,"x":0,"y":0,"curve":"stepped"},{"time":0.5,"x":0,"y":0,"curve":"stepped"},{"time":0.6333,"x":0,"y":0,"curve":"stepped"},{"time":0.8333,"x":0,"y":0,"curve":"stepped"},{"time":1,"x":0,"y":0,"curve":"stepped"},{"time":1.0666,"x":0,"y":0,"curve":"stepped"},{"time":1.2,"x":0,"y":0,"curve":"stepped"},{"time":1.4,"x":0,"y":0,"curve":"stepped"},{"time":1.6666,"x":0,"y":0,"curve":"stepped"},{"time":2,"x":0,"y":0}],"scale":[{"time":0,"x":1,"y":1,"curve":"stepped"},{"time":0.1666,"x":1,"y":1,"curve":"stepped"},{"time":0.5,"x":1,"y":1,"curve":"stepped"},{"time":0.6333,"x":1,"y":1,"curve":"stepped"},{"time":0.8333,"x":1,"y":1,"curve":"stepped"},{"time":1,"x":1,"y":1,"curve":"stepped"},{"time":1.0666,"x":1,"y":1,"curve":"stepped"},{"time":1.2,"x":1,"y":1,"curve":"stepped"},{"time":1.4,"x":1,"y":1,"curve":"stepped"},{"time":1.6666,"x":1,"y":1,"curve":"stepped"},{"time":2,"x":1,"y":1}]},"MON40061_DL_2":{"rotate":[{"time":0,"angle":0},{"time":0.1666,"angle":-18,"curve":"stepped"},{"time":0.5,"angle":-18},{"time":0.6333,"angle":-9.55},{"time":0.8333,"angle":-2.29},{"time":1,"angle":0},{"time":1.0666,"angle":7.51},{"time":1.2,"angle":14.63},{"time":1.4,"angle":0,"curve":"stepped"},{"time":1.6666,"angle":0,"curve":"stepped"},{"time":2,"angle":0}],"translate":[{"time":0,"x":0,"y":0,"curve":"stepped"},{"time":0.1666,"x":0,"y":0,"curve":"stepped"},{"time":0.5,"x":0,"y":0,"curve":"stepped"},{"time":0.6333,"x":0,"y":0,"curve":"stepped"},{"time":0.8333,"x":0,"y":0,"curve":"stepped"},{"time":1,"x":0,"y":0,"curve":"stepped"},{"time":1.0666,"x":0,"y":0,"curve":"stepped"},{"time":1.2,"x":0,"y":0,"curve":"stepped"},{"time":1.4,"x":0,"y":0,"curve":"stepped"},{"time":1.6666,"x":0,"y":0,"curve":"stepped"},{"time":2,"x":0,"y":0}],"scale":[{"time":0,"x":1,"y":1,"curve":"stepped"},{"time":0.1666,"x":1,"y":1,"curve":"stepped"},{"time":0.5,"x":1,"y":1,"curve":"stepped"},{"time":0.6333,"x":1,"y":1,"curve":"stepped"},{"time":0.8333,"x":1,"y":1,"curve":"stepped"},{"time":1,"x":1,"y":1,"curve":"stepped"},{"time":1.0666,"x":1,"y":1,"curve":"stepped"},{"time":1.2,"x":1,"y":1,"curve":"stepped"},{"time":1.4,"x":1,"y":1,"curve":"stepped"},{"time":1.6666,"x":1,"y":1,"curve":"stepped"},{"time":2,"x":1,"y":1}]},"MON40061_DL_14":{"rotate":[{"time":0,"angle":0},{"time":0.1666,"angle":-12.18},{"time":0.5,"angle":-31.68},{"time":0.6333,"angle":299.5},{"time":0.8333,"angle":229.33},{"time":1,"angle":205.2},{"time":1.0666,"angle":224.13},{"time":1.2,"angle":276.83},{"time":1.3,"angle":224},{"time":1.4,"angle":238.14},{"time":1.6666,"angle":-138.98},{"time":2,"angle":0}],"translate":[{"time":0,"x":0,"y":0,"curve":"stepped"},{"time":0.1666,"x":0,"y":0,"curve":"stepped"},{"time":0.5,"x":0,"y":0,"curve":"stepped"},{"time":0.6333,"x":0,"y":0,"curve":"stepped"},{"time":0.8333,"x":0,"y":0,"curve":"stepped"},{"time":1,"x":0,"y":0,"curve":"stepped"},{"time":1.0666,"x":0,"y":0,"curve":"stepped"},{"time":1.2,"x":0,"y":0,"curve":"stepped"},{"time":1.4,"x":0,"y":0,"curve":"stepped"},{"time":1.6666,"x":0,"y":0,"curve":"stepped"},{"time":2,"x":0,"y":0}],"scale":[{"time":0,"x":1,"y":1,"curve":"stepped"},{"time":0.1666,"x":1,"y":1,"curve":"stepped"},{"time":0.5,"x":1,"y":1,"curve":"stepped"},{"time":0.6333,"x":1,"y":1,"curve":"stepped"},{"time":0.8333,"x":1,"y":1,"curve":"stepped"},{"time":1,"x":1,"y":1,"curve":"stepped"},{"time":1.0666,"x":1,"y":1,"curve":"stepped"},{"time":1.2,"x":1,"y":1,"curve":"stepped"},{"time":1.4,"x":1,"y":1,"curve":"stepped"},{"time":1.6666,"x":1,"y":1,"curve":"stepped"},{"time":2,"x":1,"y":1}]},"MON40061_DL_13":{"rotate":[{"time":0,"angle":0},{"time":0.1666,"angle":41.94},{"time":0.5,"angle":118.59},{"time":0.6333,"angle":120.83},{"time":0.8333,"angle":115.48},{"time":1,"angle":89.12},{"time":1.0666,"angle":114.01},{"time":1.2,"angle":117.58},{"time":1.4,"angle":119.33,"curve":"stepped"},{"time":1.6666,"angle":119.33},{"time":2,"angle":0}],"translate":[{"time":0,"x":0,"y":0,"curve":"stepped"},{"time":0.1666,"x":0,"y":0,"curve":"stepped"},{"time":0.5,"x":0,"y":0,"curve":"stepped"},{"time":0.6333,"x":0,"y":0,"curve":"stepped"},{"time":0.8333,"x":0,"y":0,"curve":"stepped"},{"time":1,"x":0,"y":0,"curve":"stepped"},{"time":1.0666,"x":0,"y":0,"curve":"stepped"},{"time":1.2,"x":0,"y":0,"curve":"stepped"},{"time":1.4,"x":0,"y":0,"curve":"stepped"},{"time":1.6666,"x":0,"y":0,"curve":"stepped"},{"time":2,"x":0,"y":0}],"scale":[{"time":0,"x":1,"y":1,"curve":"stepped"},{"time":0.1666,"x":1,"y":1,"curve":"stepped"},{"time":0.5,"x":1,"y":1,"curve":"stepped"},{"time":0.6333,"x":1,"y":1,"curve":"stepped"},{"time":0.8333,"x":1,"y":1,"curve":"stepped"},{"time":1,"x":1,"y":1,"curve":"stepped"},{"time":1.0666,"x":1,"y":1,"curve":"stepped"},{"time":1.2,"x":1,"y":1,"curve":"stepped"},{"time":1.4,"x":1,"y":1,"curve":"stepped"},{"time":1.6666,"x":1,"y":1,"curve":"stepped"},{"time":2,"x":1,"y":1}]},"MON40061_DL_12":{"rotate":[{"time":0,"angle":0},{"time":0.1666,"angle":13.65},{"time":0.5,"angle":32.84},{"time":0.6333,"angle":111.4},{"time":0.6666,"angle":81.03},{"time":0.8333,"angle":25.99},{"time":1,"angle":29.18},{"time":1.0666,"angle":16.75},{"time":1.2,"angle":20.97},{"time":1.3,"angle":75.43},{"time":1.4,"angle":72.09,"curve":"stepped"},{"time":1.6666,"angle":72.09},{"time":2,"angle":0}],"translate":[{"time":0,"x":0,"y":0,"curve":"stepped"},{"time":0.1666,"x":0,"y":0,"curve":"stepped"},{"time":0.5,"x":0,"y":0},{"time":0.6333,"x":8.63,"y":-11.36},{"time":0.8333,"x":0,"y":0,"curve":"stepped"},{"time":1,"x":0,"y":0,"curve":"stepped"},{"time":1.0666,"x":0,"y":0,"curve":"stepped"},{"time":1.2,"x":0,"y":0},{"time":1.4,"x":4.45,"y":-9.48},{"time":1.6666,"x":1.35,"y":-9.94},{"time":2,"x":0,"y":0}],"scale":[{"time":0,"x":1,"y":1,"curve":"stepped"},{"time":0.1666,"x":1,"y":1,"curve":"stepped"},{"time":0.5,"x":1,"y":1,"curve":"stepped"},{"time":0.6333,"x":1,"y":1,"curve":"stepped"},{"time":0.8333,"x":1,"y":1,"curve":"stepped"},{"time":1,"x":1,"y":1,"curve":"stepped"},{"time":1.0666,"x":1,"y":1,"curve":"stepped"},{"time":1.2,"x":1,"y":1,"curve":"stepped"},{"time":1.4,"x":1,"y":1,"curve":"stepped"},{"time":1.6666,"x":1,"y":1,"curve":"stepped"},{"time":2,"x":1,"y":1}]},"MON40061_DL_16":{"rotate":[{"time":0,"angle":0,"curve":"stepped"},{"time":0.1666,"angle":0,"curve":"stepped"},{"time":0.5,"angle":0,"curve":"stepped"},{"time":0.6333,"angle":0},{"time":0.6666,"angle":12.11},{"time":0.7,"angle":-51.99},{"time":0.7333,"angle":245.51},{"time":0.7666,"angle":183.11},{"time":0.8,"angle":119.85},{"time":0.8333,"angle":55.59},{"time":0.8666,"angle":-28.83},{"time":0.9,"angle":247.23},{"time":0.9333,"angle":163.74},{"time":0.9666,"angle":77},{"time":1,"angle":1.91},{"time":1.0666,"angle":0},{"time":1.2,"angle":-1.41},{"time":1.4,"angle":0,"curve":"stepped"},{"time":1.6666,"angle":0,"curve":"stepped"},{"time":2,"angle":0}],"translate":[{"time":0,"x":0,"y":0,"curve":"stepped"},{"time":0.1666,"x":0,"y":0,"curve":"stepped"},{"time":0.5,"x":0,"y":0,"curve":"stepped"},{"time":0.6333,"x":0,"y":0},{"time":0.6666,"x":-9.04,"y":10.96},{"time":0.7,"x":48.4,"y":59.35},{"time":0.7333,"x":99.41,"y":-31.02},{"time":0.7666,"x":20.07,"y":-103.66},{"time":0.8,"x":-68.31,"y":-57.81},{"time":0.8333,"x":-87.76,"y":36.31},{"time":0.8666,"x":28.26,"y":89.41},{"time":0.9,"x":99.84,"y":-26.14},{"time":0.9333,"x":-14.01,"y":-92.15},{"time":0.9666,"x":-51.76,"y":4.52},{"time":1,"x":-4.49,"y":-3.16},{"time":1.0666,"x":-1.97,"y":0.95},{"time":1.2,"x":-4.81,"y":0.2},{"time":1.4,"x":0,"y":0,"curve":"stepped"},{"time":1.6666,"x":0,"y":0,"curve":"stepped"},{"time":2,"x":0,"y":0}],"scale":[{"time":0,"x":1,"y":1,"curve":"stepped"},{"time":0.1666,"x":1,"y":1,"curve":"stepped"},{"time":0.5,"x":1,"y":1,"curve":"stepped"},{"time":0.6333,"x":1,"y":1,"curve":"stepped"},{"time":0.6666,"x":1,"y":1,"curve":"stepped"},{"time":0.8333,"x":1,"y":1,"curve":"stepped"},{"time":1,"x":1,"y":1,"curve":"stepped"},{"time":1.0666,"x":1,"y":1,"curve":"stepped"},{"time":1.2,"x":1,"y":1,"curve":"stepped"},{"time":1.4,"x":1,"y":1,"curve":"stepped"},{"time":1.6666,"x":1,"y":1,"curve":"stepped"},{"time":2,"x":1,"y":1}]},"MON40061_DL_11":{"rotate":[{"time":0,"angle":0,"curve":"stepped"},{"time":0.1666,"angle":0,"curve":"stepped"},{"time":0.5,"angle":0,"curve":"stepped"},{"time":0.6333,"angle":0,"curve":"stepped"},{"time":0.8333,"angle":0,"curve":"stepped"},{"time":1,"angle":0,"curve":"stepped"},{"time":1.0666,"angle":0,"curve":"stepped"},{"time":1.2,"angle":0,"curve":"stepped"},{"time":1.4,"angle":0,"curve":"stepped"},{"time":1.6666,"angle":0,"curve":"stepped"},{"time":2,"angle":0}],"translate":[{"time":0,"x":0,"y":0,"curve":"stepped"},{"time":0.1666,"x":0,"y":0,"curve":"stepped"},{"time":0.5,"x":0,"y":0,"curve":"stepped"},{"time":0.6333,"x":0,"y":0,"curve":"stepped"},{"time":0.8333,"x":0,"y":0,"curve":"stepped"},{"time":1,"x":0,"y":0,"curve":"stepped"},{"time":1.0666,"x":0,"y":0,"curve":"stepped"},{"time":1.2,"x":0,"y":0,"curve":"stepped"},{"time":1.4,"x":0,"y":0,"curve":"stepped"},{"time":1.6666,"x":0,"y":0,"curve":"stepped"},{"time":2,"x":0,"y":0}],"scale":[{"time":0,"x":1,"y":1,"curve":"stepped"},{"time":0.1666,"x":1,"y":1,"curve":"stepped"},{"time":0.5,"x":1,"y":1,"curve":"stepped"},{"time":0.6333,"x":1,"y":1,"curve":"stepped"},{"time":0.8333,"x":1,"y":1,"curve":"stepped"},{"time":1,"x":1,"y":1,"curve":"stepped"},{"time":1.0666,"x":1,"y":1,"curve":"stepped"},{"time":1.2,"x":1,"y":1,"curve":"stepped"},{"time":1.4,"x":1,"y":1,"curve":"stepped"},{"time":1.6666,"x":1,"y":1,"curve":"stepped"},{"time":2,"x":1,"y":1}]},"MON40061_DL_17":{"rotate":[{"time":0,"angle":0,"curve":"stepped"},{"time":0.1666,"angle":0,"curve":"stepped"},{"time":0.5,"angle":0},{"time":0.6333,"angle":-8.86},{"time":0.8333,"angle":6.82},{"time":1,"angle":-3.84},{"time":1.0666,"angle":0,"curve":"stepped"},{"time":1.2,"angle":0},{"time":1.4,"angle":10.97},{"time":1.6666,"angle":5.9},{"time":2,"angle":0}],"translate":[{"time":0,"x":0,"y":0,"curve":"stepped"},{"time":0.1666,"x":0,"y":0,"curve":"stepped"},{"time":0.5,"x":0,"y":0,"curve":"stepped"},{"time":0.6333,"x":0,"y":0,"curve":"stepped"},{"time":0.8333,"x":0,"y":0},{"time":1,"x":16.24,"y":2.4},{"time":1.0666,"x":0,"y":0,"curve":"stepped"},{"time":1.2,"x":0,"y":0,"curve":"stepped"},{"time":1.4,"x":0,"y":0,"curve":"stepped"},{"time":1.6666,"x":0,"y":0,"curve":"stepped"},{"time":2,"x":0,"y":0}],"scale":[{"time":0,"x":1,"y":1},{"time":0.1666,"x":1,"y":1.097,"curve":"stepped"},{"time":0.5,"x":1,"y":1.097},{"time":0.6333,"x":1,"y":1,"curve":"stepped"},{"time":0.8333,"x":1,"y":1,"curve":"stepped"},{"time":1,"x":1,"y":1},{"time":1.0666,"x":1,"y":1.097,"curve":"stepped"},{"time":1.2,"x":1,"y":1.097},{"time":1.4,"x":1.046,"y":1},{"time":1.6666,"x":1.025,"y":1},{"time":2,"x":1,"y":1}]},"MON40061_DL_18":{"rotate":[{"time":0,"angle":0,"curve":"stepped"},{"time":0.1666,"angle":0,"curve":"stepped"},{"time":0.5,"angle":0,"curve":"stepped"},{"time":0.6333,"angle":0},{"time":0.8333,"angle":9.56},{"time":1,"angle":28.39},{"time":1.0666,"angle":0,"curve":"stepped"},{"time":1.2,"angle":0},{"time":1.4,"angle":21.37},{"time":1.6666,"angle":11.51},{"time":2,"angle":0}],"translate":[{"time":0,"x":0,"y":0,"curve":"stepped"},{"time":0.1666,"x":0,"y":0,"curve":"stepped"},{"time":0.5,"x":0,"y":0,"curve":"stepped"},{"time":0.6333,"x":0,"y":0,"curve":"stepped"},{"time":0.8333,"x":0,"y":0},{"time":1,"x":-6.75,"y":-1.73},{"time":1.0666,"x":0,"y":0,"curve":"stepped"},{"time":1.2,"x":0,"y":0},{"time":1.4,"x":-7.35,"y":-4.81},{"time":1.6666,"x":-3.96,"y":-2.59},{"time":2,"x":0,"y":0}],"scale":[{"time":0,"x":1,"y":1},{"time":0.1666,"x":1,"y":1.076,"curve":"stepped"},{"time":0.5,"x":1,"y":1.076},{"time":0.6333,"x":1,"y":1,"curve":"stepped"},{"time":0.8333,"x":1,"y":1,"curve":"stepped"},{"time":1,"x":1,"y":1},{"time":1.0666,"x":1,"y":1.076,"curve":"stepped"},{"time":1.2,"x":1,"y":1.076},{"time":1.4,"x":1.068,"y":1},{"time":1.6666,"x":1.036,"y":1},{"time":2,"x":1,"y":1}]},"shadow":{"rotate":[{"time":0,"angle":0,"curve":"stepped"},{"time":0.1666,"angle":0,"curve":"stepped"},{"time":0.5,"angle":0,"curve":"stepped"},{"time":0.6333,"angle":0,"curve":"stepped"},{"time":0.8333,"angle":0,"curve":"stepped"},{"time":1,"angle":0,"curve":"stepped"},{"time":1.0666,"angle":0,"curve":"stepped"},{"time":1.2,"angle":0,"curve":"stepped"},{"time":1.4,"angle":0,"curve":"stepped"},{"time":1.6666,"angle":0,"curve":"stepped"},{"time":2,"angle":0}],"translate":[{"time":0,"x":0,"y":0,"curve":"stepped"},{"time":0.1666,"x":0,"y":0,"curve":"stepped"},{"time":0.5,"x":0,"y":0,"curve":"stepped"},{"time":0.6333,"x":0,"y":0},{"time":0.8333,"x":10,"y":0},{"time":1,"x":0,"y":0,"curve":"stepped"},{"time":1.0666,"x":0,"y":0},{"time":1.2,"x":1.6,"y":-1.05},{"time":1.4,"x":6.3,"y":0},{"time":1.6666,"x":3.39,"y":0},{"time":2,"x":0,"y":0}],"scale":[{"time":0,"x":1,"y":1},{"time":0.1666,"x":1.048,"y":1.164},{"time":0.5,"x":1.231,"y":1.368},{"time":0.6333,"x":0.683,"y":0.869},{"time":0.8333,"x":0.622,"y":0.691},{"time":1,"x":0.85,"y":0.852},{"time":1.0666,"x":1.048,"y":1.164},{"time":1.2,"x":1.103,"y":1.322},{"time":1.4,"x":1,"y":1,"curve":"stepped"},{"time":1.6666,"x":1,"y":1,"curve":"stepped"},{"time":2,"x":1,"y":1}]},"fx_gun":{"scale":[{"time":0,"x":1.2,"y":1.2,"curve":"stepped"},{"time":1.3,"x":1.2,"y":1.2},{"time":1.3666,"x":1.5,"y":1.5},{"time":1.5333,"x":1.7,"y":1.7,"curve":"stepped"},{"time":2,"x":1.7,"y":1.7}]}},"ffd":{"default":{"MON40061_DL_9":{"MON40061_DL_9":[{"time":0},{"time":0.1666,"offset":8,"vertices":[-2.9534,-1.12534,0,0,0,0,0,0,0,0,0,0,0,0,0,0,0,0,0,0,0,0,0,0,0,0,0,0,0,0,0,0,0,0,0,0,-0.91403,-2.03936,0,0,0,0,0,0,0,0,0,0,0,0,0,0,-3.08896,-4.44258,0,0,0,0,0,0,0,0,0,0,-2.10717,-0.74458,-1.82178,-1.29487]},{"time":0.5,"vertices":[2.13721,-0.70212,5.69562,-1.76011,1.26848,1.10203,1.19508,1.18121,1.6005,0.4553,3.63589,2.10814,0,0,0,0,0,0,0,0,0,0,0,0,0,0,0,0,1.55591,0.24835,1.33172,2.42181,0,0,0,0,0,0,0,0,0.06034,1.54383,0.82747,1.50483,-2.13102,-2.57487,0,0,0,0,-1.22509,-0.64504,-0.97436,2.58632,-1.13845,2.51849,-1.81223,0.49862,-1.84058,0.38126,-5.42437,-4.02683,2.13604,-6.48463,0,0,-3.51214,1.99296,-3.63298,1.76342,-4.55456,-0.5259,-0.53387,-1.33803,-0.44694,-1.36958]},{"time":0.6333,"offset":4,"vertices":[-1.94882,-1.49926,-1.80122,-1.67382,-2.25258,2.73125,0,0,0,0,0,0,0,0,0,0,0,0,0,0,0,0,0,0,0,0,0,0,0,0,0,0,0,0,0,0,2.59555,1.34769,0,0,-1.15178,0.02186,0,0,0,0,-2.31088,-0.34018,1.57944,2.27444,1.36146,2.41138,-0.73872,1.5503,-0.87952,1.47505,-5.01298,-1.05703,0,0,0,0,-1.90509,0.80431,-1.97157,0.62394,-4.23052,-0.30373,-2.69482,-0.3329,-2.65233,-0.58174]},{"time":0.8333,"offset":18,"vertices":[-0.12001,0.75863,3.53375,-0.2187,3.79777,-3.11722,9.42499,-2.13003,9.64875,0.54076,12.93061,0.76926,13.65393,2.4025,12.71492,-0.01923,8.4226,0.10327,0,0,0,0,17.60037,-0.05133,3.88523,1.92061,0,0,4.41982,-0.90473,4.49898,0.34412,5.55026,-0.67735,7.49998,1.28343,6.8599,3.29447,-0.73542,2.20433,-1.31269,1.91772,-4.92462,-3.09953,3.57035,-2.84042,10.48261,1.06737,0.96252,1.31456,0.56461,1.52851,-2.08498,-1.49008]},{"time":1,"offset":2,"vertices":[5.6914,0.49137,1.27939,0.16676,1.18449,0.51181,0.55633,0.72307,5.20643,-1.0128,3.12605,-1.02377,-0.26657,5.03963,0,0,0,0,3.99398,1.30128,0,0,5.2064,-1.0128,5.28488,0.45627,4.98365,-0.7984,4.96894,4.11503,0,0,0,0,0,0,0,0,10.16322,0.87745,0,0,-1.75778,-0.48933,3.43768,0.57823,3.14691,1.50038,0,0,6.63071,2.03531,5.81716,3.77868,3.76027,0.0998,3.58857,1.12892,-6.07432,-1.31222,0,0,2.47426,-0.19592,3.52653,-1.10167,3.69386,-0.09067,-3.10408,-3.13698,3.03718,0.65612,2.7404,1.46527]},{"time":1.0666,"offset":2,"vertices":[0.35292,-0.45113,2.11574,2.01316,1.90277,2.21568,-1.09584,0.66283,3.64461,-0.40835,2.76527,-0.62486,0,0,0,0,2.14041,-3.39013,5.17349,-2.82989,3.98837,-2.56208,0,0,0,0,2.76505,-0.74586,2.65773,1.71544,0.65671,-1.30432,0,0,0,0,0,0,0.29465,2.41215,-0.50937,2.51038,-0.9686,-0.61153,0,0,0,0,0,0,-0.43302,1.75869,-0.60761,1.70632,-0.56027,3.03309,-0.8623,2.96153,-3.69592,-1.65609,0,0,-4.17673,2.55036,-2.80322,2.29429,-3.01973,2.00101,-2.94383,-0.16522,0.17853,0.79008,0.09822,0.80405]},{"time":1.2,"offset":10,"vertices":[1.97382,0.61739,0,0,0,0,0,0,0,0,0,0,1.18467,-1.64231,2.92424,-1.03555,2.97807,-0.86858,3.75004,-2.69465,2.41291,0.49695,0,0,0,0,0,0,0,0,4.8412,0.58919,1.9606,0.07447,-1.63478,-0.77973,-0.29046,1.96775,-0.40127,1.94822,-0.39737,0.41246,2.166,2.56115,2.01772,2.67957,-0.78725,1.22985,-0.85556,1.1834,-2.91735,-4.40149,0,0,0,0,-1.31476,3.84112,-1.52989,3.76073,-4.0493,0.07532,-0.83246,-1.19972,-0.76333,-1.2449]},{"time":1.4,"offset":22,"vertices":[-1.18985,-0.85034,4.47012,-1.04964,4.58687,0.21862,8.12887,-1.07547,8.71775,2.97031,11.64184,2.88685,0,0,0,0,0,0,7.01354,-0.34647,1.80445,3.69426,-1.31286,-1.35278,-0.54384,-0.74818,-0.31746,-0.86887,0,0,4.30124,0.01812,4.13114,1.19903,-1.59854,1.73369,-2.0135,1.22805,-5.01585,-3.06027,0,0,4.84137,0.44712,-1.80286,3.0257,-2.56491,2.41436,-3.63874,2.07317]},{"time":2}]}}},"drawOrder":[{"time":0.6666,"offsets":[{"slot":"MON40061_DL_16","offset":15}]},{"time":1},{"time":1.2}]}}}