{"skeleton":{"hash":"StW3sff7xoFolmMtOjtL1GSmL8U","spine":"3.1.03","width":197.16,"height":236.12},"bones":[{"name":"root"},{"name":"bone","parent":"root","x":-1.36,"y":72.46},{"name":"MON20057_DL_15","parent":"bone","length":20.72,"x":1.21,"y":-4.68,"rotation":87.36},{"name":"bone2","parent":"MON20057_DL_15","length":18.33,"x":20.72,"rotation":1.13},{"name":"MON20057_DL_7","parent":"bone2","length":24.19,"x":19.01,"y":-0.04,"rotation":2.95},{"name":"MON20057_DL_1","parent":"MON20057_DL_7","length":19.36,"x":51.46,"y":-35.94,"rotation":-43.05},{"name":"MON20057_DL_2","parent":"MON20057_DL_7","length":8.53,"x":65.53,"y":-4.73,"rotation":-44.36},{"name":"MON20057_DL_3","parent":"MON20057_DL_7","length":8.88,"x":65.7,"y":1.89,"rotation":50.69},{"name":"MON20057_DL_5","parent":"MON20057_DL_7","length":4.68,"x":3.47,"y":7.92,"rotation":92.48},{"name":"MON20057_DL_6","parent":"MON20057_DL_7","length":5.32,"x":25.86,"y":8.15,"rotation":84.97},{"name":"MON20057_DL_8","parent":"MON20057_DL_7","length":13.59,"x":50.33,"y":30.23,"rotation":37.18},{"name":"MON20057_DL_9","parent":"MON20057_DL_7","length":19.78,"x":48.42,"y":27.39,"rotation":171.51},{"name":"MON20057_DL_12","parent":"bone2","length":25.56,"x":17.94,"y":-20.15,"rotation":-154.24},{"name":"MON20057_DL_11","parent":"MON20057_DL_12","length":23.56,"x":25.08,"y":0.17,"rotation":-21.36},{"name":"MON20057_DL_10","parent":"MON20057_DL_11","length":6.01,"x":23.19,"y":-0.19,"rotation":1.58},{"name":"MON20057_DL_13","parent":"bone2","length":3.8,"x":0.92,"y":-2.31,"rotation":-88.5},{"name":"MON20057_DL_14","parent":"bone2","length":3.3,"x":0.45,"y":15.49,"rotation":-94.51},{"name":"bone3","parent":"bone","length":10.23,"x":1.92,"y":-8.25,"rotation":-88.66},{"name":"MON20057_DL_18","parent":"bone3","length":28.5,"x":4.18,"y":14.67,"rotation":-10.92},{"name":"MON20057_DL_16","parent":"MON20057_DL_18","length":26.47,"x":27.36,"y":-0.05,"rotation":6.48},{"name":"MON20057_DL_17","parent":"MON20057_DL_16","length":7.14,"x":25.55,"y":-0.28,"rotation":7.63},{"name":"MON20057_DL_21","parent":"bone3","length":25.34,"x":7.1,"y":-8.1,"rotation":-20.2},{"name":"MON20057_DL_19","parent":"MON20057_DL_21","length":23.76,"x":24.61,"y":0.03,"rotation":46.96},{"name":"MON20057_DL_20","parent":"MON20057_DL_19","length":6.95,"x":23.25,"y":0.13,"rotation":-29.91},{"name":"MON20057_DL_24","parent":"bone2","length":25.5,"x":16.42,"y":16.1,"rotation":161.6},{"name":"MON20057_DL_23","parent":"MON20057_DL_24","length":19.97,"x":24.53,"y":-0.11,"rotation":-18.18},{"name":"MON20057_DL_22","parent":"MON20057_DL_23","length":6.53,"x":19.28,"y":-0.02,"rotation":-11.75},{"name":"MON20057_DL_25","parent":"MON20057_DL_22","x":5.62,"y":6.05},{"name":"MON20057_DL_26","parent":"bone2","length":23.83,"x":13.29,"y":-4.81,"rotation":-155.05},{"name":"MON20057_DL_27","parent":"MON20057_DL_7","length":21.63,"x":50.12,"y":-19.31,"rotation":179.82},{"name":"MON20057_DL_44","parent":"MON20057_DL_7","length":9.65,"x":67.59,"y":-2.77,"rotation":0.92},{"name":"bone4","parent":"MON20057_DL_9","length":15.33,"x":19.78,"rotation":11.24},{"name":"bone5","parent":"bone4","length":11.21,"x":15.63,"y":-0.34,"rotation":11.62},{"name":"bone6","parent":"bone5","length":10.93,"x":11.25,"y":0.14,"rotation":-6.54},{"name":"bone7","parent":"MON20057_DL_1","length":15.36,"x":19.36,"y":-0.01,"rotation":-1.29},{"name":"bone8","parent":"bone7","length":13.36,"x":15.36,"rotation":-2.13},{"name":"bone9","parent":"MON20057_DL_8","length":12.32,"x":13.59,"y":-0.06,"rotation":-14.63},{"name":"bone10","parent":"bone9","length":13.25,"x":11.87,"y":-0.01,"rotation":-1.74},{"name":"bone11","parent":"MON20057_DL_3","length":15.91,"x":8.88,"y":0.02,"rotation":75.09},{"name":"bone12","parent":"bone11","length":17.4,"x":16.04,"y":0.17,"rotation":21.57},{"name":"bone13","parent":"bone12","length":14.2,"x":17.4,"y":-0.03,"rotation":4.25},{"name":"bone14","parent":"bone13","length":13.56,"x":14.2,"rotation":15},{"name":"bone15","parent":"MON20057_DL_2","length":17.06,"x":8.53,"y":-0.02,"rotation":-94},{"name":"bone16","parent":"bone15","length":18.55,"x":17.06,"rotation":-20.26},{"name":"bone17","parent":"bone16","length":19.55,"x":18.55,"y":0.03,"rotation":-18.82},{"name":"bone18","parent":"bone17","length":17.36,"x":19.55,"y":0.02,"rotation":-24.55},{"name":"bone19","parent":"bone18","length":12.87,"x":17.37,"y":0.04,"rotation":-8.5},{"name":"bone20","parent":"bone19","length":9.42,"x":12.87,"rotation":12.86},{"name":"bone21","parent":"MON20057_DL_26","length":24.56,"x":23.83,"y":-0.08,"rotation":16.52},{"name":"bone22","parent":"bone21","length":21.64,"x":24.98,"y":0.48,"rotation":14.1},{"name":"bone23","parent":"bone22","length":22.84,"x":21.64,"y":-0.01,"rotation":3.42},{"name":"bone24","parent":"MON20057_DL_26","length":20.45,"x":6.97,"y":14.4,"rotation":19.89},{"name":"bone25","parent":"bone24","length":22.35,"x":20.45,"y":-0.03,"rotation":17.37},{"name":"bone26","parent":"bone25","length":21.19,"x":22.35,"y":-0.02,"rotation":9.33},{"name":"bone27","parent":"bone26","length":21.99,"x":21.19,"rotation":7.28},{"name":"bone28","parent":"MON20057_DL_26","length":24.66,"x":3.18,"y":-19.05,"rotation":-3.75},{"name":"bone29","parent":"bone28","length":23.39,"x":24.66,"y":-0.01,"rotation":15.77},{"name":"bone30","parent":"bone29","length":18.79,"x":23.39,"y":-0.02,"rotation":18.07},{"name":"bone31","parent":"bone30","length":16.99,"x":19.32,"y":0.36,"rotation":-1.81},{"name":"shadow","parent":"root","x":12.48,"y":3.49}],"slots":[{"name":"MON20057_DL_27","bone":"MON20057_DL_27","attachment":"MON20057_DL_27"},{"name":"MON20057_DL_26","bone":"MON20057_DL_26","attachment":"MON20057_DL_26"},{"name":"MON20057_DL_25","bone":"MON20057_DL_25","attachment":"MON20057_DL_25"},{"name":"MON20057_DL_24","bone":"MON20057_DL_24","attachment":"MON20057_DL_24"},{"name":"MON20057_DL_23","bone":"MON20057_DL_23","attachment":"MON20057_DL_23"},{"name":"MON20057_DL_22","bone":"MON20057_DL_22","attachment":"MON20057_DL_22"},{"name":"MON20057_DL_21","bone":"MON20057_DL_21","attachment":"MON20057_DL_21"},{"name":"MON20057_DL_20","bone":"MON20057_DL_20","attachment":"MON20057_DL_20"},{"name":"MON20057_DL_19","bone":"MON20057_DL_19","attachment":"MON20057_DL_19"},{"name":"MON20057_DL_18","bone":"MON20057_DL_18","attachment":"MON20057_DL_18"},{"name":"MON20057_DL_17","bone":"MON20057_DL_17","attachment":"MON20057_DL_17"},{"name":"MON20057_DL_16","bone":"MON20057_DL_16","attachment":"MON20057_DL_16"},{"name":"MON20057_DL_15","bone":"MON20057_DL_15","attachment":"MON20057_DL_15"},{"name":"MON20057_DL_14","bone":"MON20057_DL_14","attachment":"MON20057_DL_14"},{"name":"MON20057_DL_13","bone":"MON20057_DL_13","attachment":"MON20057_DL_13"},{"name":"MON20057_DL_12","bone":"MON20057_DL_12","attachment":"MON20057_DL_12"},{"name":"MON20057_DL_11","bone":"MON20057_DL_11","attachment":"MON20057_DL_11"},{"name":"MON20057_DL_10","bone":"MON20057_DL_10","attachment":"MON20057_DL_10"},{"name":"MON20057_DL_9","bone":"MON20057_DL_9","attachment":"MON20057_DL_9"},{"name":"MON20057_DL_8","bone":"MON20057_DL_8","attachment":"MON20057_DL_8"},{"name":"MON20057_DL_7","bone":"MON20057_DL_7","attachment":"MON20057_DL_7"},{"name":"MON20057_DL_6","bone":"MON20057_DL_6"},{"name":"MON20057_DL_5","bone":"MON20057_DL_5"},{"name":"MON20057_DL_44","bone":"MON20057_DL_44","attachment":"MON20057_DL_44"},{"name":"MON20057_DL_3","bone":"MON20057_DL_3","attachment":"MON20057_DL_3"},{"name":"MON20057_DL_2","bone":"MON20057_DL_2","attachment":"MON20057_DL_2"},{"name":"MON20057_DL_1","bone":"MON20057_DL_1","attachment":"MON20057_DL_1"},{"name":"shadow","bone":"shadow","attachment":"shadow"}],"skins":{"default":{"MON20057_DL_1":{"MON20057_DL_1":{"type":"weightedmesh","uvs":[0.86275,0.36433,0.68327,0.61719,0.31764,1,0,1,0,0.84262,0,0.49802,0.22927,0.3233,0.48775,0.18089,1,0,0.44937,0.47966,0.67351,0.28069],"triangles":[10,7,8,0,10,8,9,6,7,9,7,10,1,10,0,9,10,1,9,4,5,9,5,6,2,3,4,9,2,4,2,9,1],"vertices":[2,34,17.37999,-8.8,0.39747,35,2.34999,-8.71,0.60252,2,5,21.03,-12.68,0.42726,34,1.95,-12.62,0.57273,2,5,-5.13,-14.93,1,35,-38.91999,-16.9,0,2,5,-14.21,-4.71999,1,35,-48.59,-7.26,0,2,5,-7.74,1.02,1,35,-42.48,-1.13,0,3,5,6.4,13.61,0.98088,34,-13.26,13.34,0.01911,35,-29.09,12.27,0,2,5,20.12999,12.64,0.49057,34,0.48,12.67,0.50941,3,5,33.37,9.54,0.00232,34,13.79,9.87,0.73037,35,-1.93,9.81,0.2673,1,35,20.67,1.29,1,2,5,20,-0.14,0.5,34,0.63,-0.11,0.5,2,34,15.21,0.28,0.5,35,-0.15,0.28,0.5],"hull":9}},"MON20057_DL_10":{"MON20057_DL_10":{"x":4.1,"y":0.23,"rotation":116.75,"width":17,"height":18}},"MON20057_DL_11":{"MON20057_DL_11":{"x":9.95,"y":2.87,"rotation":107.42,"width":26,"height":33}},"MON20057_DL_12":{"MON20057_DL_12":{"x":11.79,"y":0.19,"rotation":56.68,"width":32,"height":38}},"MON20057_DL_13":{"MON20057_DL_13":{"type":"mesh","uvs":[1,1,0,1,0,0,1,0,0.4426,0.66728],"triangles":[4,2,3,1,2,4,4,3,0,1,4,0],"vertices":[11.87,-11.23,-12.12,-11.23,-12.12,12.76,11.87,12.76,-1.5,-3.25],"hull":4}},"MON20057_DL_14":{"MON20057_DL_14":{"type":"mesh","uvs":[1,1,0,1,0,0,1,0,0.39686,0.62688],"triangles":[4,2,3,1,2,4,4,3,0,1,4,0],"vertices":[13.69,-8.85,-7.19,-11.04,-9.59,11.82,11.29,14.01,0.2,-1.64],"hull":4}},"MON20057_DL_15":{"MON20057_DL_15":{"type":"weightedmesh","uvs":[1,0.31592,1,0.51426,1,0.53802,1,0.56223,1,0.81392,0.50186,1,0.45643,1,0.4052,1,0,0.74381,0,0.65762,0,0.63126,0,0.60982,0,0.33763,0,0,0.46658,0,1,0,0.4429,0.37739,0.43275,0.6859,0.43503,0.71615,0.43647,0.73525],"triangles":[16,12,14,16,14,0,14,15,0,12,13,14,2,18,17,18,10,17,17,16,1,11,16,17,16,0,1,11,12,16,2,17,1,17,10,11,10,18,9,3,18,2,19,18,3,9,18,19,8,9,19,19,3,4,7,8,19,6,7,19,19,5,6,4,5,19],"vertices":[2,2,26.38,-25.98,0.52,3,5.14,-26.08,0.47999,1,2,13.1,-26.59,1,2,17,-13.23,26.76,0.512,2,11.51,-26.66,0.48799,1,17,-11.61,26.72,1,1,17,5.23999,26.33,1,1,17,17.16,2.64,1,1,17,17.11,0.5,1,1,17,17.04999,-1.89,1,1,17,-0.54,-20.53,1,1,17,-6.31,-20.4,1,2,17,-8.08,-20.36,0.512,2,3.12,19.99,0.48799,1,2,4.55,20.06,1,2,2,22.77,20.89,0.52,3,2.46,20.85,0.47999,1,3,25.07,21.44,1,1,3,25.64,-0.47,1,1,3,26.29,-25.53,1,2,2,21.06,-0.01,0.52,3,0.34,-0.02,0.47999,1,2,0.39,-0.48,1,2,17,-1.92,-0.05,0.512,2,-1.62,-0.68,0.48799,1,17,-0.63,-0.01,1],"hull":16}},"MON20057_DL_16":{"MON20057_DL_16":{"x":10.47,"y":1.32,"rotation":96.12,"width":17,"height":38}},"MON20057_DL_17":{"MON20057_DL_17":{"x":4.67,"y":0.08,"rotation":88.48,"width":15,"height":19}},"MON20057_DL_18":{"MON20057_DL_18":{"x":10.77,"y":1.06,"rotation":102.62,"width":26,"height":45}},"MON20057_DL_19":{"MON20057_DL_19":{"x":11.94,"y":-2.06,"rotation":61.65,"width":23,"height":38}},"MON20057_DL_2":{"MON20057_DL_2":{"type":"weightedmesh","uvs":[0.8317,0.09159,1,0.25653,1,0.50483,1,0.64088,0.65916,1,0.52348,0.91132,0.43936,1,0.35985,1,0.29438,1,0.10722,0.86203,0.13521,0.73788,0.21935,0.65284,0.3783,0.53889,0.37823,0.41474,0.30802,0.30931,0.11156,0.2515,0,0.25661,0,0,0.07401,0,0.53233,0,0.55114,0.18684,0.75701,0.35009,0.79452,0.52695,0.64027,0.67492,0.486,0.78207,0.38784,0.87732,0.8835,0.74803,0.7947,0.85008,0.28463,0.08247],"triangles":[4,27,3,27,26,3,4,5,27,5,6,25,6,7,25,7,8,25,8,9,25,25,24,5,5,24,27,9,10,25,25,10,24,27,24,26,24,23,26,10,11,24,24,11,23,26,23,3,23,22,3,11,12,23,23,12,22,22,2,3,12,21,22,12,13,21,22,21,2,21,1,2,13,20,21,13,14,20,21,0,1,21,20,0,15,28,14,14,28,20,16,18,15,16,17,18,15,18,28,28,19,20,20,19,0,28,18,19],"vertices":[2,43,-6.2,13.9,0.34626,42,16.04999,15.18,0.65372,3,44,-9.34,10.58,0.08536,43,13.12,13.05,0.91259,42,33.9,7.7,0.00203,2,45,-5.08,7.15,0.29605,44,17.9,8.64,0.70394,3,46,-10.16,10.96,0.07168,45,8.93,12.38,0.91952,44,32.82,7.58,0.00878,2,47,21.72,13.65,0.99999,44,71.26,-8.82,0,3,47,13.85,5.74,0.98609,46,25.1,8.67,0.0139,44,61.15,-13.54,0,2,47,24.16,5.19999,1,44,70.64,-17.59,0,1,47,25.04,2.15,1,1,47,25.76,-0.36,1,2,47,13.25,-11.76,0.97963,46,28.41,-8.52,0.02036,3,47,-0.18,-14.46,0.53829,46,15.91,-14.15,0.46136,45,31.03,-16.29,3.3E-4,4,47,-10.1,-13.82,0.13236,46,6.1,-15.73,0.73449,45,21.09,-16.41,0.12752,44,31.92,-23.66,0.0056,4,46,-7.94,-16.23,0.14948,45,7.12,-14.83,0.55247,44,19.87,-16.42,0.29159,43,32.07,-21.92,0.00644,5,46,-19.9,-22.84,7.5E-4,45,-5.67,-19.61,0.09238,44,6.24,-15.46,0.60908,43,19.49,-16.61,0.29135,42,29.6,-22.34,0.0064,4,45,-15.56,-26.3,7.8E-4,44,-5.51,-17.43,0.11114,43,7.71,-14.69,0.60768,42,19.20999,-16.45999,0.28037,3,44,-12.42,-24.82,0.0024,43,-1.19,-19.45999,0.17157,42,9.2,-17.85,0.82601,2,43,-2.41,-23.79,0.11838,42,6.56,-21.49,0.88161,2,43,-28.41,-12.82,4.0E-5,42,-14.03,-2.2,0.99995,2,43,-27.26,-10.09,3.0E-5,42,-12,-0.04,0.99996,2,43,-20.14,6.79,0.00779,42,0.52,13.33,0.9922,2,43,-0.91,-0.5,0.5,42,16.03,-0.16,0.5,2,44,0.23,0.15,0.5,43,18.82,0.1,0.5,2,45,0.06,0.3,0.5,44,19.74,0.27,0.5,2,46,0.08,0.18,0.5,45,17.46999,0.21,0.5,2,47,0.6,0.36,0.5,46,13.38,0.48,0.5,2,47,11.76,-0.5,0.99999,44,57.03,-18.69,0,3,47,-7.39,14.6,0.05359,46,2.41,12.59,0.46555,45,21.61,12.14,0.48084,4,47,4.37,14.3,0.71341,46,13.95,14.91,0.27243,45,33.37,12.74,0.01412,44,55.2,-2.24,1.0E-5,1,42,0.37,-0.09,1],"hull":20}},"MON20057_DL_20":{"MON20057_DL_20":{"x":4.07,"y":-0.13,"rotation":91.78,"width":15,"height":22}},"MON20057_DL_21":{"MON20057_DL_21":{"x":7.74,"y":1.47,"rotation":108.94,"width":27,"height":42}},"MON20057_DL_22":{"MON20057_DL_22":{"x":5.13,"y":0.24,"rotation":139.61,"width":16,"height":17}},"MON20057_DL_23":{"MON20057_DL_23":{"x":7.73,"y":0.12,"rotation":128.26,"width":24,"height":30}},"MON20057_DL_24":{"MON20057_DL_24":{"x":11.6,"y":0.87,"rotation":109.98,"width":24,"height":36}},"MON20057_DL_25":{"MON20057_DL_25":{"x":-6.12,"y":-6.28,"rotation":139.61,"width":108,"height":111}},"MON20057_DL_26":{"MON20057_DL_26":{"type":"weightedmesh","uvs":[0.51785,0.13371,0.62536,0.23176,0.79153,0.31318,0.9122,0.37242,1,0.41552,0.99988,0.54899,0.84922,0.66458,0.82116,0.89909,0.5681,1,0.38872,1,0.29464,0.91513,0.23435,0.95755,0.11491,0.75875,0.03732,0.52464,0,0.28338,0,0,0.03631,0,0.18392,0,0.3147,0,0.44047,0,0.29017,0.33616,0.41466,0.53963,0.55075,0.67742,0.70194,0.81515,0.51101,0.94245,0.37991,0.78589,0.26061,0.65975,0.14956,0.46561,0.446,0.27228,0.59882,0.38423,0.74822,0.46337,0.64407,0.57626,0.50058,0.46712,0.37527,0.30128,0.88423,0.50219],"triangles":[31,30,6,6,34,5,6,30,34,5,34,4,34,3,4,34,30,3,30,2,3,32,29,31,31,29,30,30,29,2,29,1,2,32,28,29,29,28,1,28,0,1,33,28,32,20,18,33,33,18,28,28,18,0,0,18,19,20,27,17,20,17,18,27,20,21,20,33,21,25,21,22,21,32,22,22,32,31,21,33,32,8,23,7,8,24,23,24,22,23,7,23,6,22,31,23,23,31,6,9,24,8,24,9,25,9,10,25,24,25,22,11,12,10,12,26,10,10,26,25,25,26,21,26,13,27,26,12,13,26,27,21,13,14,27,16,27,14,17,27,16,14,15,16],"vertices":[4,55,11.72,54.94,0.00127,51,17.81,15.46,0.53397,52,2.10999,15.58,0.45966,53,-17.44,18.68,0.00508,4,55,25.06,64.97,6.0E-5,51,34.05,19.32,0.03984,52,18.76,14.41,0.57564,53,-1.2,14.83,0.38444,2,53,21.68,15.02,0.47818,54,2.38,14.83,0.52181,2,53,38.3,15.14,0.20137,54,18.89,12.85,0.79862,1,54,30.9,11.4,1,2,52,75.65,12.32,0,54,33.57,-0.71,0.99999,4,50,32.41999,21.78,0.34559,52,63.76,-6.59,1.0E-5,53,39.79,-13.19,0.00702,54,16.77,-15.44,0.64736,3,50,41,1.4,0.94526,52,71.18,-27.42,0,54,17.93,-37.52,0.05473,2,58,31.24,-0.38,0.62912,50,18.20999,-24.11,0.37087,2,57,31.72,-14.78,0.10219,58,12.87,-14.75,0.8978,3,56,44.59,-9.56,0.07248,57,17.19,-15.64,0.59752,58,-1.62,-16.07,0.32999,3,56,43.22,-18.23,0.1538,57,13.2,-23.46,0.69256,58,-5.36,-24,0.15363,4,55,48.54,-14.1,0.00916,56,19.15,-20.04999,0.6913,57,-10.24,-17.71999,0.29812,58,-28.98,-19,0.0014,3,55,24.64,-16.17,0.53636,56,-4.41,-15.54,0.46362,58,-50.34,-8.06,0,3,55,1.89,-13.09,0.99999,58,-67.99,6.61,0,52,-49.93,-29.31,0,4,55,-22.88,-4.12,0.79388,58,-84.22,27.38,0,28,-19.92,-21.68,0.20573,52,-62.75,-6.29,3.7E-4,4,55,-21.27,0.31,0.76512,58,-80.5,30.28,0,28,-18.02,-17.35,0.23449,52,-58.63,-3.99,3.7E-4,3,55,-14.74,18.35,0.08005,28,-10.33,0.22,0.91971,52,-41.86,5.33,2.2E-4,3,58,-51.99,52.58,0,28,-3.52,15.79,0.2385,51,-9.39,4.88,0.76149,3,55,-3.38,49.71,0.00561,51,1.87,16.74,0.9389,52,-12.72,21.56,0.05548,2,48,0.12,0.41,0.5,28,23.84,0.34,0.5,2,49,0.06,0.09,0.5,48,25.02,0.58,0.5,2,50,0.27,0.02,0.5,49,21.91,0.02,0.5,1,50,23.73,-0.28,1,3,58,22.1,-0.74,0.74128,50,9.08,-23.56,0.25817,49,32.11,-22.99,5.3E-4,2,57,19.03,0.58999,0.5,58,-0.29,0.22,0.5,2,56,22.72,0.69,0.5,57,-0.41,0.89,0.5,2,55,24.44,-0.58,0.5,56,-0.35,-0.49,0.5,2,51,20.71999,-0.17,0.5,52,0.22,-0.21,0.5,2,52,22.64,0.35,0.5,53,0.34,0.32,0.5,2,53,21.11,-0.02,0.5,54,-0.09,-0.01,0.5,5,50,5.49,14.46,0.41226,49,26.26,14.74,0.13767,52,36.46,-12.39,0.01892,53,11.92,-14.48,0.38835,54,-11.03,-13.19,0.04278,5,50,-15.69,13.06,0.01038,49,5.19,12.09,0.4558,48,27.07,13.47,0.12351,52,15.23,-12.59,0.32275,53,-9.06,-11.24,0.08754,4,48,4.77,10.96,0.1722,28,25.3,11.78,0.07842,51,16.34,-8.7,0.57195,52,-6.5,-7.04,0.17739,4,50,28.19,36.97,0.15349,52,60.39,8.81,0,53,38.97,2.55,0.11505,54,17.95,0.28,0.73143],"hull":20}},"MON20057_DL_27":{"MON20057_DL_27":{"x":57.49,"y":-0.15,"rotation":88.7,"width":89,"height":135}},"MON20057_DL_3":{"MON20057_DL_3":{"type":"weightedmesh","uvs":[1,0.24781,1,0.41215,0.91165,0.39762,0.82537,0.494,0.73302,0.59717,0.53216,0.74189,0.38433,0.85103,0.27385,1,0.19458,1,0,0.80228,0,0.52836,0.07457,0.39052,0.33298,0.10545,0.70712,0,1,0,0.7853,0.13052,0.52415,0.26793,0.3342,0.46984,0.20109,0.63141,0.14699,0.81941],"triangles":[15,13,14,15,14,0,16,12,13,16,13,15,2,15,0,3,16,15,2,0,1,17,12,16,11,12,17,2,3,15,4,16,3,17,16,4,18,11,17,10,11,18,5,17,4,18,17,5,9,10,18,19,9,18,6,19,18,5,6,18,7,8,19,9,19,8,6,7,19],"vertices":[3,7,-4.17999,0.22,0.98095,38,-3.17,12.67,0.00239,39,-13.27,18.69,0.01665,4,7,-11.88,10.05,0.725,38,4.34,22.65,0.05527,39,-2.60999,25.2,0.21197,40,-18.09,26.65,0.00774,4,7,-7.86,11.8,0.60527,38,7.06,19.20999,0.0878,39,-1.34,21.01,0.28482,40,-17.14,22.38,0.02209,5,7,-9.12,20.12,0.20857,38,14.78,22.57,0.05065,39,7.06,21.29,0.57889,40,-8.72999,22.04,0.15212,41,-16.45,27.22,0.00973,5,7,-10.47,29.02,0.05845,38,23.04,26.17,0.00291,39,16.06,21.6,0.48995,40,0.26,21.68,0.36579,41,-7.85,24.54,0.08287,4,7,-9.67,43.63,0.00215,39,30.47,19.11,0.08885,40,14.45,18.12,0.359,41,4.92999,17.44,0.54998,3,39,41.25,17.37999,0.00278,40,25.07,15.6,0.04852,41,14.54,12.26,0.94869,1,41,26.72,9.46,1,1,41,27.52,5.74,1,1,41,14.81,-6.55,1,3,39,29.95,-11.14,0.04995,40,11.68,-12,0.77363,41,-5.53,-10.94,0.1764,3,39,19.14,-13.55,0.46028,40,0.73,-13.6,0.53846,41,-16.53,-9.66,0.00124,2,38,15.88,-15.23,0.68548,39,-5.8,-14.26,0.3145,2,7,18.5,-5.92,0.33757,38,-3.27,-10.82,0.66242,2,7,7.43,-14.59,0.92643,38,-14.5,-2.35999,0.07356,2,7,9.42,-0.43,0.5,38,-0.3,-0.64,0.5,2,38,15.99,0.15,0.5,39,-0.05,0,0.5,2,39,17.79,0.22,0.5,40,0.4,0.23,0.5,2,40,14.24,0.15,0.5,41,0.08,0.14,0.5,1,41,14.59,0.61,1],"hull":15}},"MON20057_DL_44":{"MON20057_DL_44":{"type":"mesh","uvs":[1,1,0,1,0,0,1,0],"triangles":[1,2,3,1,3,0],"vertices":[-54.12,-49.41,-49.92,51.49,30,48.17,25.8,-52.74],"hull":4}},"MON20057_DL_5":{"MON20057_DL_5":{"x":-0.74,"y":-0.79,"rotation":176.04,"width":28,"height":13}},"MON20057_DL_6":{"MON20057_DL_6":{"x":-1.15,"y":-5.54,"rotation":-176.52,"width":58,"height":27}},"MON20057_DL_7":{"MON20057_DL_7":{"x":37.67,"y":1.86,"rotation":-91.46,"width":79,"height":94}},"MON20057_DL_8":{"MON20057_DL_8":{"type":"weightedmesh","uvs":[0.51663,0.25371,0.7421,0.4613,1,0.63469,1,0.85532,1,1,0.68684,1,0.40289,0.80619,0.20019,0.60214,0.07856,0.36925,0,0.05203,0,0,0.05028,0,0.20312,0,0.73053,0.70339,0.44339,0.51025,0.29274,0.31508],"triangles":[9,10,11,15,12,0,11,12,15,15,9,11,8,9,15,14,15,0,14,0,1,7,8,15,7,15,14,13,14,1,13,1,2,6,7,14,6,14,13,13,2,3,5,6,13,5,13,3,5,3,4],"vertices":[2,36,12.52,-7.99,0.50539,37,0.88,-7.96,0.4946,2,10,9.78,-9.03,0.74012,36,-1.41,-9.64,0.25987,1,10,-3.22,-9.14999,1,1,10,-13.19,-1.12,1,1,10,-19.71999,4.13,1,1,10,-13.44,11.93,1,2,10,1.01,11.96,0.9999,36,-15.21,8.46,9.0E-5,2,10,14.29,9.59,0.56616,36,-1.75,9.52,0.43382,2,36,12.15,7.53,0.6244,37,0.05,7.55,0.37558,1,37,18.01,2.83,1,1,37,20.79999,1.68,1,1,37,20.18,0.19,1,1,37,18.31,-4.32,1,1,10,-0.92,0.06,1,2,10,13.56,0.19,0.5,36,-0.08,0.24,0.5,2,36,12.21,0,0.5,37,0.33,0.01,0.5],"hull":13}},"MON20057_DL_9":{"MON20057_DL_9":{"type":"weightedmesh","uvs":[1,0.30466,1,0.50425,1,0.65949,1,0.7907,1,1,0.63062,1,0,1,0,0.81837,0,0.70564,0,0.51159,0,0.3009,0,0,0.55771,0,1,0,0.41034,0.35343,0.45108,0.55809,0.58994,0.69613,0.68794,0.83654],"triangles":[12,14,11,12,13,0,14,12,0,14,10,11,9,14,15,1,15,0,9,10,14,15,14,0,8,9,15,16,15,1,8,15,16,2,16,1,5,17,4,17,3,4,17,5,7,5,6,7,7,16,17,3,17,2,7,8,16,17,16,2],"vertices":[2,31,-3.45,13.99,0.504,11,13.66,13.05,0.49599,2,32,-0.63,13.59,0.488,31,12.26,12.83,0.51199,2,33,-1.24,10.02,0.52,32,11.15,10.24,0.48,1,33,8.97999,8.33,1,1,33,25.3,5.65,1,1,33,23.92,-2.72,1,1,33,21.57,-17.03,1,1,33,7.41,-14.71,1,2,33,-1.37,-13.26,0.52,32,8.38,-12.87,0.48,2,32,-6.36,-8.68,0.488,31,11.15,-10.14,0.51199,2,31,-5.44,-8.91,0.504,11,16.18,-9.8,0.49599,1,11,-7.4,-12.71,1,1,11,-8.97,0.01,1,1,11,-10.21,10.10999,1,2,31,-0.61,0.19,0.504,11,19.15,0.06,0.49599,2,32,0,0.28,0.488,31,15.58,-0.06,0.51199,2,33,0.08,0.24,0.52,32,11.36,0.38,0.48,1,33,11.39,0.66,1],"hull":14}},"shadow":{"shadow":{"x":-11.75,"y":-2.89,"scaleX":1.6,"scaleY":1.6,"width":85,"height":42}}}},"animations":{"wait_DL":{"slots":{"MON20057_DL_6":{"attachment":[{"time":0,"name":null},{"time":1.7666,"name":"MON20057_DL_6"},{"time":1.9,"name":null},{"time":2,"name":null}]}},"bones":{"bone":{"rotate":[{"time":0,"angle":0,"curve":"stepped"},{"time":0.5,"angle":0,"curve":"stepped"},{"time":1,"angle":0,"curve":"stepped"},{"time":1.5,"angle":0,"curve":"stepped"},{"time":2,"angle":0}],"translate":[{"time":0,"x":0,"y":0},{"time":0.5,"x":0,"y":-1.38},{"time":1,"x":0,"y":0},{"time":1.5,"x":0,"y":-1.38},{"time":2,"x":0,"y":0}],"scale":[{"time":0,"x":1,"y":1},{"time":0.5,"x":1,"y":0.983},{"time":1,"x":1,"y":1},{"time":1.5,"x":1,"y":0.983},{"time":2,"x":1,"y":1}]},"MON20057_DL_15":{"rotate":[{"time":0,"angle":0,"curve":"stepped"},{"time":0.5,"angle":0,"curve":"stepped"},{"time":1,"angle":0,"curve":"stepped"},{"time":1.5,"angle":0,"curve":"stepped"},{"time":2,"angle":0}],"translate":[{"time":0,"x":0,"y":0},{"time":0.5,"x":0,"y":-0.85},{"time":1,"x":0,"y":0},{"time":1.5,"x":0,"y":-0.85},{"time":2,"x":0,"y":0}],"scale":[{"time":0,"x":1,"y":1,"curve":"stepped"},{"time":0.5,"x":1,"y":1,"curve":"stepped"},{"time":1,"x":1,"y":1,"curve":"stepped"},{"time":1.5,"x":1,"y":1,"curve":"stepped"},{"time":2,"x":1,"y":1}]},"bone2":{"rotate":[{"time":0,"angle":0,"curve":"stepped"},{"time":0.5,"angle":0,"curve":"stepped"},{"time":1,"angle":0,"curve":"stepped"},{"time":1.5,"angle":0,"curve":"stepped"},{"time":2,"angle":0}],"translate":[{"time":0,"x":0,"y":0,"curve":"stepped"},{"time":0.5,"x":0,"y":0,"curve":"stepped"},{"time":1,"x":0,"y":0,"curve":"stepped"},{"time":1.5,"x":0,"y":0,"curve":"stepped"},{"time":2,"x":0,"y":0}],"scale":[{"time":0,"x":1,"y":1,"curve":"stepped"},{"time":0.5,"x":1,"y":1,"curve":"stepped"},{"time":1,"x":1,"y":1,"curve":"stepped"},{"time":1.5,"x":1,"y":1,"curve":"stepped"},{"time":2,"x":1,"y":1}]},"bone3":{"rotate":[{"time":0,"angle":0,"curve":"stepped"},{"time":0.5,"angle":0,"curve":"stepped"},{"time":1,"angle":0,"curve":"stepped"},{"time":1.5,"angle":0,"curve":"stepped"},{"time":2,"angle":0}],"translate":[{"time":0,"x":0,"y":0,"curve":"stepped"},{"time":0.5,"x":0,"y":0,"curve":"stepped"},{"time":1,"x":0,"y":0,"curve":"stepped"},{"time":1.5,"x":0,"y":0,"curve":"stepped"},{"time":2,"x":0,"y":0}],"scale":[{"time":0,"x":1,"y":1,"curve":"stepped"},{"time":0.5,"x":1,"y":1,"curve":"stepped"},{"time":1,"x":1,"y":1,"curve":"stepped"},{"time":1.5,"x":1,"y":1,"curve":"stepped"},{"time":2,"x":1,"y":1}]},"MON20057_DL_14":{"rotate":[{"time":0,"angle":0,"curve":"stepped"},{"time":0.3333,"angle":0,"curve":"stepped"},{"time":0.6666,"angle":0,"curve":"stepped"},{"time":1,"angle":0,"curve":"stepped"},{"time":1.3333,"angle":0,"curve":"stepped"},{"time":1.6666,"angle":0,"curve":"stepped"},{"time":2,"angle":0}],"translate":[{"time":0,"x":0,"y":0},{"time":0.3333,"x":0.57,"y":1},{"time":0.6666,"x":-1.19,"y":-0.27},{"time":1,"x":0,"y":0},{"time":1.3333,"x":0.57,"y":1},{"time":1.6666,"x":-1.19,"y":-0.27},{"time":2,"x":0,"y":0}],"scale":[{"time":0,"x":1,"y":1},{"time":0.3333,"x":1.167,"y":0.928},{"time":0.6666,"x":0.914,"y":1.079},{"time":1,"x":1,"y":1},{"time":1.3333,"x":1.167,"y":0.928},{"time":1.6666,"x":0.914,"y":1.079},{"time":2,"x":1,"y":1}]},"MON20057_DL_13":{"rotate":[{"time":0,"angle":0,"curve":"stepped"},{"time":0.3333,"angle":0,"curve":"stepped"},{"time":0.6666,"angle":0,"curve":"stepped"},{"time":1,"angle":0,"curve":"stepped"},{"time":1.3333,"angle":0,"curve":"stepped"},{"time":1.6666,"angle":0,"curve":"stepped"},{"time":2,"angle":0}],"translate":[{"time":0,"x":0,"y":0},{"time":0.3333,"x":0.63,"y":-1.46},{"time":0.6666,"x":-1.21,"y":0.46},{"time":1,"x":0,"y":0},{"time":1.3333,"x":0.63,"y":-1.46},{"time":1.6666,"x":-1.21,"y":0.46},{"time":2,"x":0,"y":0}],"scale":[{"time":0,"x":1,"y":1},{"time":0.3333,"x":1.167,"y":0.928},{"time":0.6666,"x":0.914,"y":1.079},{"time":1,"x":1,"y":1},{"time":1.3333,"x":1.167,"y":0.928},{"time":1.6666,"x":0.914,"y":1.079},{"time":2,"x":1,"y":1}]},"MON20057_DL_12":{"rotate":[{"time":0,"angle":0},{"time":0.1666,"angle":2.99},{"time":0.5,"angle":-4.15},{"time":0.6666,"angle":-6.33},{"time":1,"angle":0},{"time":1.1666,"angle":2.99},{"time":1.5,"angle":-4.15},{"time":1.6666,"angle":-6.33},{"time":2,"angle":0}],"translate":[{"time":0,"x":0,"y":0,"curve":"stepped"},{"time":0.5,"x":0,"y":0,"curve":"stepped"},{"time":1,"x":0,"y":0,"curve":"stepped"},{"time":1.5,"x":0,"y":0,"curve":"stepped"},{"time":2,"x":0,"y":0}],"scale":[{"time":0,"x":1,"y":1,"curve":"stepped"},{"time":0.5,"x":1,"y":1,"curve":"stepped"},{"time":1,"x":1,"y":1,"curve":"stepped"},{"time":1.5,"x":1,"y":1,"curve":"stepped"},{"time":2,"x":1,"y":1}]},"MON20057_DL_11":{"rotate":[{"time":0,"angle":0},{"time":0.1666,"angle":4.78},{"time":0.5,"angle":-4.92},{"time":0.6666,"angle":-7.87},{"time":1,"angle":0},{"time":1.1666,"angle":4.78},{"time":1.5,"angle":-4.92},{"time":1.6666,"angle":-7.87},{"time":2,"angle":0}],"translate":[{"time":0,"x":0,"y":0,"curve":"stepped"},{"time":0.5,"x":0,"y":0,"curve":"stepped"},{"time":1,"x":0,"y":0,"curve":"stepped"},{"time":1.5,"x":0,"y":0,"curve":"stepped"},{"time":2,"x":0,"y":0}],"scale":[{"time":0,"x":1,"y":1,"curve":"stepped"},{"time":0.5,"x":1,"y":1,"curve":"stepped"},{"time":1,"x":1,"y":1,"curve":"stepped"},{"time":1.5,"x":1,"y":1,"curve":"stepped"},{"time":2,"x":1,"y":1}]},"MON20057_DL_10":{"rotate":[{"time":0,"angle":0},{"time":0.1666,"angle":3.61},{"time":0.5,"angle":-5.33},{"time":0.6666,"angle":-9.57},{"time":1,"angle":0},{"time":1.1666,"angle":3.61},{"time":1.5,"angle":-5.33},{"time":1.6666,"angle":-9.57},{"time":2,"angle":0}],"translate":[{"time":0,"x":0,"y":0,"curve":"stepped"},{"time":0.5,"x":0,"y":0,"curve":"stepped"},{"time":1,"x":0,"y":0,"curve":"stepped"},{"time":1.5,"x":0,"y":0,"curve":"stepped"},{"time":2,"x":0,"y":0}],"scale":[{"time":0,"x":1,"y":1,"curve":"stepped"},{"time":0.5,"x":1,"y":1,"curve":"stepped"},{"time":1,"x":1,"y":1,"curve":"stepped"},{"time":1.5,"x":1,"y":1,"curve":"stepped"},{"time":2,"x":1,"y":1}]},"MON20057_DL_24":{"rotate":[{"time":0,"angle":0},{"time":0.1666,"angle":-2.36},{"time":0.5,"angle":2.31},{"time":0.6666,"angle":3.5},{"time":1,"angle":0},{"time":1.1666,"angle":-2.36},{"time":1.5,"angle":2.31},{"time":1.6666,"angle":3.5},{"time":2,"angle":0}],"translate":[{"time":0,"x":0,"y":0,"curve":"stepped"},{"time":0.5,"x":0,"y":0,"curve":"stepped"},{"time":1,"x":0,"y":0,"curve":"stepped"},{"time":1.5,"x":0,"y":0,"curve":"stepped"},{"time":2,"x":0,"y":0}],"scale":[{"time":0,"x":1,"y":1,"curve":"stepped"},{"time":0.5,"x":1,"y":1,"curve":"stepped"},{"time":1,"x":1,"y":1,"curve":"stepped"},{"time":1.5,"x":1,"y":1,"curve":"stepped"},{"time":2,"x":1,"y":1}]},"MON20057_DL_23":{"rotate":[{"time":0,"angle":0},{"time":0.1666,"angle":-2.18},{"time":0.5,"angle":4.38},{"time":0.6666,"angle":6.77},{"time":1,"angle":0},{"time":1.1666,"angle":-2.18},{"time":1.5,"angle":4.38},{"time":1.6666,"angle":6.77},{"time":2,"angle":0}],"translate":[{"time":0,"x":0,"y":0,"curve":"stepped"},{"time":0.5,"x":0,"y":0,"curve":"stepped"},{"time":1,"x":0,"y":0,"curve":"stepped"},{"time":1.5,"x":0,"y":0,"curve":"stepped"},{"time":2,"x":0,"y":0}],"scale":[{"time":0,"x":1,"y":1,"curve":"stepped"},{"time":0.5,"x":1,"y":1,"curve":"stepped"},{"time":1,"x":1,"y":1,"curve":"stepped"},{"time":1.5,"x":1,"y":1,"curve":"stepped"},{"time":2,"x":1,"y":1}]},"MON20057_DL_22":{"rotate":[{"time":0,"angle":0},{"time":0.1666,"angle":-0.78},{"time":0.5,"angle":3.46},{"time":0.6666,"angle":5.37},{"time":1,"angle":0},{"time":1.1666,"angle":-0.78},{"time":1.5,"angle":3.46},{"time":1.6666,"angle":5.37},{"time":2,"angle":0}],"translate":[{"time":0,"x":0,"y":0,"curve":"stepped"},{"time":0.5,"x":0,"y":0,"curve":"stepped"},{"time":1,"x":0,"y":0,"curve":"stepped"},{"time":1.5,"x":0,"y":0,"curve":"stepped"},{"time":2,"x":0,"y":0}],"scale":[{"time":0,"x":1,"y":1,"curve":"stepped"},{"time":0.5,"x":1,"y":1,"curve":"stepped"},{"time":1,"x":1,"y":1,"curve":"stepped"},{"time":1.5,"x":1,"y":1,"curve":"stepped"},{"time":2,"x":1,"y":1}]},"MON20057_DL_25":{"rotate":[{"time":0,"angle":0,"curve":"stepped"},{"time":0.5,"angle":0,"curve":"stepped"},{"time":1,"angle":0,"curve":"stepped"},{"time":1.5,"angle":0,"curve":"stepped"},{"time":2,"angle":0}],"translate":[{"time":0,"x":0,"y":0,"curve":"stepped"},{"time":0.5,"x":0,"y":0,"curve":"stepped"},{"time":1,"x":0,"y":0,"curve":"stepped"},{"time":1.5,"x":0,"y":0,"curve":"stepped"},{"time":2,"x":0,"y":0}],"scale":[{"time":0,"x":1,"y":1,"curve":"stepped"},{"time":0.5,"x":1,"y":1,"curve":"stepped"},{"time":1,"x":1,"y":1,"curve":"stepped"},{"time":1.5,"x":1,"y":1,"curve":"stepped"},{"time":2,"x":1,"y":1}]},"MON20057_DL_21":{"rotate":[{"time":0,"angle":0},{"time":0.5,"angle":-2.49},{"time":1,"angle":0},{"time":1.5,"angle":-2.49},{"time":2,"angle":0}],"translate":[{"time":0,"x":0,"y":0},{"time":0.5,"x":0.94,"y":-0.02},{"time":1,"x":0,"y":0},{"time":1.5,"x":0.94,"y":-0.02},{"time":2,"x":0,"y":0}],"scale":[{"time":0,"x":1,"y":1,"curve":"stepped"},{"time":0.5,"x":1,"y":1,"curve":"stepped"},{"time":1,"x":1,"y":1,"curve":"stepped"},{"time":1.5,"x":1,"y":1,"curve":"stepped"},{"time":2,"x":1,"y":1}]},"MON20057_DL_19":{"rotate":[{"time":0,"angle":0},{"time":0.5,"angle":4.99},{"time":1,"angle":0},{"time":1.5,"angle":4.99},{"time":2,"angle":0}],"translate":[{"time":0,"x":0,"y":0,"curve":"stepped"},{"time":0.5,"x":0,"y":0,"curve":"stepped"},{"time":1,"x":0,"y":0,"curve":"stepped"},{"time":1.5,"x":0,"y":0,"curve":"stepped"},{"time":2,"x":0,"y":0}],"scale":[{"time":0,"x":1,"y":1,"curve":"stepped"},{"time":0.5,"x":1,"y":1,"curve":"stepped"},{"time":1,"x":1,"y":1,"curve":"stepped"},{"time":1.5,"x":1,"y":1,"curve":"stepped"},{"time":2,"x":1,"y":1}]},"MON20057_DL_20":{"rotate":[{"time":0,"angle":0,"curve":"stepped"},{"time":0.5,"angle":0,"curve":"stepped"},{"time":1,"angle":0,"curve":"stepped"},{"time":1.5,"angle":0,"curve":"stepped"},{"time":2,"angle":0}],"translate":[{"time":0,"x":0,"y":0,"curve":"stepped"},{"time":0.5,"x":0,"y":0,"curve":"stepped"},{"time":1,"x":0,"y":0,"curve":"stepped"},{"time":1.5,"x":0,"y":0,"curve":"stepped"},{"time":2,"x":0,"y":0}],"scale":[{"time":0,"x":1,"y":1,"curve":"stepped"},{"time":0.5,"x":1,"y":1,"curve":"stepped"},{"time":1,"x":1,"y":1,"curve":"stepped"},{"time":1.5,"x":1,"y":1,"curve":"stepped"},{"time":2,"x":1,"y":1}]},"MON20057_DL_18":{"rotate":[{"time":0,"angle":0},{"time":0.5,"angle":2.06},{"time":1,"angle":0},{"time":1.5,"angle":2.06},{"time":2,"angle":0}],"translate":[{"time":0,"x":0,"y":0},{"time":0.5,"x":2.21,"y":-0.05},{"time":1,"x":0,"y":0},{"time":1.5,"x":2.21,"y":-0.05},{"time":2,"x":0,"y":0}],"scale":[{"time":0,"x":1,"y":1,"curve":"stepped"},{"time":0.5,"x":1,"y":1,"curve":"stepped"},{"time":1,"x":1,"y":1,"curve":"stepped"},{"time":1.5,"x":1,"y":1,"curve":"stepped"},{"time":2,"x":1,"y":1}]},"MON20057_DL_16":{"rotate":[{"time":0,"angle":0},{"time":0.5,"angle":3.34},{"time":1,"angle":0},{"time":1.5,"angle":3.34},{"time":2,"angle":0}],"translate":[{"time":0,"x":0,"y":0},{"time":0.5,"x":-2.36,"y":-1.6},{"time":1,"x":0,"y":0},{"time":1.5,"x":-2.36,"y":-1.6},{"time":2,"x":0,"y":0}],"scale":[{"time":0,"x":1,"y":1,"curve":"stepped"},{"time":0.5,"x":1,"y":1,"curve":"stepped"},{"time":1,"x":1,"y":1,"curve":"stepped"},{"time":1.5,"x":1,"y":1,"curve":"stepped"},{"time":2,"x":1,"y":1}]},"MON20057_DL_17":{"rotate":[{"time":0,"angle":0},{"time":0.5,"angle":-11.87},{"time":1,"angle":0},{"time":1.5,"angle":-11.87},{"time":2,"angle":0}],"translate":[{"time":0,"x":0,"y":0,"curve":"stepped"},{"time":0.5,"x":0,"y":0,"curve":"stepped"},{"time":1,"x":0,"y":0,"curve":"stepped"},{"time":1.5,"x":0,"y":0,"curve":"stepped"},{"time":2,"x":0,"y":0}],"scale":[{"time":0,"x":1,"y":1,"curve":"stepped"},{"time":0.5,"x":1,"y":1,"curve":"stepped"},{"time":1,"x":1,"y":1,"curve":"stepped"},{"time":1.5,"x":1,"y":1,"curve":"stepped"},{"time":2,"x":1,"y":1}]},"MON20057_DL_7":{"rotate":[{"time":0,"angle":0,"curve":"stepped"},{"time":0.5,"angle":0,"curve":"stepped"},{"time":1,"angle":0,"curve":"stepped"},{"time":1.5,"angle":0,"curve":"stepped"},{"time":2,"angle":0}],"translate":[{"time":0,"x":0,"y":0},{"time":0.5,"x":-2.29,"y":-0.05},{"time":1,"x":0,"y":0},{"time":1.5,"x":-2.29,"y":-0.05},{"time":2,"x":0,"y":0}],"scale":[{"time":0,"x":1,"y":1,"curve":"stepped"},{"time":0.5,"x":1,"y":1,"curve":"stepped"},{"time":1,"x":1,"y":1,"curve":"stepped"},{"time":1.5,"x":1,"y":1,"curve":"stepped"},{"time":2,"x":1,"y":1}]},"MON20057_DL_9":{"rotate":[{"time":0,"angle":0},{"time":0.3333,"angle":-1.82},{"time":0.6666,"angle":0.84},{"time":1,"angle":0},{"time":1.3333,"angle":-1.82},{"time":1.6666,"angle":0.84},{"time":2,"angle":0}],"translate":[{"time":0,"x":0,"y":0,"curve":"stepped"},{"time":0.3333,"x":0,"y":0,"curve":"stepped"},{"time":0.6666,"x":0,"y":0,"curve":"stepped"},{"time":1,"x":0,"y":0,"curve":"stepped"},{"time":1.3333,"x":0,"y":0,"curve":"stepped"},{"time":1.6666,"x":0,"y":0,"curve":"stepped"},{"time":2,"x":0,"y":0}],"scale":[{"time":0,"x":1,"y":1,"curve":"stepped"},{"time":0.3333,"x":1,"y":1,"curve":"stepped"},{"time":0.6666,"x":1,"y":1,"curve":"stepped"},{"time":1,"x":1,"y":1,"curve":"stepped"},{"time":1.3333,"x":1,"y":1,"curve":"stepped"},{"time":1.6666,"x":1,"y":1,"curve":"stepped"},{"time":2,"x":1,"y":1}]},"bone4":{"rotate":[{"time":0,"angle":0},{"time":0.3333,"angle":-6.84},{"time":0.6666,"angle":2.28},{"time":1,"angle":0},{"time":1.3333,"angle":-6.84},{"time":1.6666,"angle":2.28},{"time":2,"angle":0}],"translate":[{"time":0,"x":0,"y":0,"curve":"stepped"},{"time":0.3333,"x":0,"y":0,"curve":"stepped"},{"time":0.6666,"x":0,"y":0,"curve":"stepped"},{"time":1,"x":0,"y":0,"curve":"stepped"},{"time":1.3333,"x":0,"y":0,"curve":"stepped"},{"time":1.6666,"x":0,"y":0,"curve":"stepped"},{"time":2,"x":0,"y":0}],"scale":[{"time":0,"x":1,"y":1,"curve":"stepped"},{"time":0.3333,"x":1,"y":1,"curve":"stepped"},{"time":0.6666,"x":1,"y":1,"curve":"stepped"},{"time":1,"x":1,"y":1,"curve":"stepped"},{"time":1.3333,"x":1,"y":1,"curve":"stepped"},{"time":1.6666,"x":1,"y":1,"curve":"stepped"},{"time":2,"x":1,"y":1}]},"bone5":{"rotate":[{"time":0,"angle":0},{"time":0.3333,"angle":-6.06},{"time":0.6666,"angle":-11.38},{"time":1,"angle":0},{"time":1.3333,"angle":-6.06},{"time":1.6666,"angle":-11.38},{"time":2,"angle":0}],"translate":[{"time":0,"x":0,"y":0,"curve":"stepped"},{"time":0.3333,"x":0,"y":0,"curve":"stepped"},{"time":0.6666,"x":0,"y":0,"curve":"stepped"},{"time":1,"x":0,"y":0,"curve":"stepped"},{"time":1.3333,"x":0,"y":0,"curve":"stepped"},{"time":1.6666,"x":0,"y":0,"curve":"stepped"},{"time":2,"x":0,"y":0}],"scale":[{"time":0,"x":1,"y":1,"curve":"stepped"},{"time":0.3333,"x":1,"y":1,"curve":"stepped"},{"time":0.6666,"x":1,"y":1,"curve":"stepped"},{"time":1,"x":1,"y":1,"curve":"stepped"},{"time":1.3333,"x":1,"y":1,"curve":"stepped"},{"time":1.6666,"x":1,"y":1,"curve":"stepped"},{"time":2,"x":1,"y":1}]},"bone6":{"rotate":[{"time":0,"angle":0},{"time":0.3333,"angle":11.81},{"time":0.6666,"angle":-10.09},{"time":1,"angle":0},{"time":1.3333,"angle":11.81},{"time":1.6666,"angle":-10.09},{"time":2,"angle":0}],"translate":[{"time":0,"x":0,"y":0,"curve":"stepped"},{"time":0.3333,"x":0,"y":0,"curve":"stepped"},{"time":0.6666,"x":0,"y":0,"curve":"stepped"},{"time":1,"x":0,"y":0,"curve":"stepped"},{"time":1.3333,"x":0,"y":0,"curve":"stepped"},{"time":1.6666,"x":0,"y":0,"curve":"stepped"},{"time":2,"x":0,"y":0}],"scale":[{"time":0,"x":1,"y":1,"curve":"stepped"},{"time":0.3333,"x":1,"y":1,"curve":"stepped"},{"time":0.6666,"x":1,"y":1,"curve":"stepped"},{"time":1,"x":1,"y":1,"curve":"stepped"},{"time":1.3333,"x":1,"y":1,"curve":"stepped"},{"time":1.6666,"x":1,"y":1,"curve":"stepped"},{"time":2,"x":1,"y":1}]},"MON20057_DL_6":{"rotate":[{"time":0,"angle":0,"curve":"stepped"},{"time":0.5,"angle":0,"curve":"stepped"},{"time":1,"angle":0,"curve":"stepped"},{"time":1.5,"angle":0,"curve":"stepped"},{"time":2,"angle":0}],"translate":[{"time":0,"x":0,"y":0,"curve":"stepped"},{"time":0.5,"x":0,"y":0,"curve":"stepped"},{"time":1,"x":0,"y":0,"curve":"stepped"},{"time":1.5,"x":0,"y":0,"curve":"stepped"},{"time":2,"x":0,"y":0}],"scale":[{"time":0,"x":1,"y":1,"curve":"stepped"},{"time":0.5,"x":1,"y":1,"curve":"stepped"},{"time":1,"x":1,"y":1,"curve":"stepped"},{"time":1.5,"x":1,"y":1,"curve":"stepped"},{"time":2,"x":1,"y":1}]},"MON20057_DL_5":{"rotate":[{"time":0,"angle":0,"curve":"stepped"},{"time":0.5,"angle":0,"curve":"stepped"},{"time":1,"angle":0,"curve":"stepped"},{"time":1.5,"angle":0,"curve":"stepped"},{"time":2,"angle":0}],"translate":[{"time":0,"x":0,"y":0,"curve":"stepped"},{"time":0.5,"x":0,"y":0,"curve":"stepped"},{"time":1,"x":0,"y":0,"curve":"stepped"},{"time":1.5,"x":0,"y":0,"curve":"stepped"},{"time":2,"x":0,"y":0}],"scale":[{"time":0,"x":1,"y":1,"curve":"stepped"},{"time":0.5,"x":1,"y":1,"curve":"stepped"},{"time":1,"x":1,"y":1,"curve":"stepped"},{"time":1.5,"x":1,"y":1,"curve":"stepped"},{"time":2,"x":1,"y":1}]},"MON20057_DL_44":{"rotate":[{"time":0,"angle":0,"curve":"stepped"},{"time":0.3333,"angle":0,"curve":"stepped"},{"time":0.6666,"angle":0,"curve":"stepped"},{"time":1,"angle":0,"curve":"stepped"},{"time":1.3333,"angle":0,"curve":"stepped"},{"time":1.6666,"angle":0,"curve":"stepped"},{"time":2,"angle":0}],"translate":[{"time":0,"x":0,"y":0,"curve":"stepped"},{"time":0.3333,"x":0,"y":0,"curve":"stepped"},{"time":0.6666,"x":0,"y":0,"curve":"stepped"},{"time":1,"x":0,"y":0,"curve":"stepped"},{"time":1.3333,"x":0,"y":0,"curve":"stepped"},{"time":1.6666,"x":0,"y":0,"curve":"stepped"},{"time":2,"x":0,"y":0}],"scale":[{"time":0,"x":1,"y":1},{"time":0.3333,"x":0.954,"y":1},{"time":0.6666,"x":1,"y":0.999},{"time":1,"x":1,"y":1},{"time":1.3333,"x":0.954,"y":1},{"time":1.6666,"x":1,"y":0.999},{"time":2,"x":1,"y":1}]},"MON20057_DL_1":{"rotate":[{"time":0,"angle":0},{"time":0.3333,"angle":3.39},{"time":0.6666,"angle":-4.73},{"time":1,"angle":0},{"time":1.3333,"angle":3.39},{"time":1.6666,"angle":-4.73},{"time":2,"angle":0}],"translate":[{"time":0,"x":0,"y":0,"curve":"stepped"},{"time":0.3333,"x":0,"y":0,"curve":"stepped"},{"time":0.6666,"x":0,"y":0,"curve":"stepped"},{"time":1,"x":0,"y":0,"curve":"stepped"},{"time":1.3333,"x":0,"y":0,"curve":"stepped"},{"time":1.6666,"x":0,"y":0,"curve":"stepped"},{"time":2,"x":0,"y":0}],"scale":[{"time":0,"x":1,"y":1,"curve":"stepped"},{"time":0.3333,"x":1,"y":1,"curve":"stepped"},{"time":0.6666,"x":1,"y":1,"curve":"stepped"},{"time":1,"x":1,"y":1,"curve":"stepped"},{"time":1.3333,"x":1,"y":1,"curve":"stepped"},{"time":1.6666,"x":1,"y":1,"curve":"stepped"},{"time":2,"x":1,"y":1}]},"bone7":{"rotate":[{"time":0,"angle":0},{"time":0.3333,"angle":7.92},{"time":0.6666,"angle":-5.86},{"time":1,"angle":0},{"time":1.3333,"angle":7.92},{"time":1.6666,"angle":-5.86},{"time":2,"angle":0}],"translate":[{"time":0,"x":0,"y":0,"curve":"stepped"},{"time":0.3333,"x":0,"y":0,"curve":"stepped"},{"time":0.6666,"x":0,"y":0,"curve":"stepped"},{"time":1,"x":0,"y":0,"curve":"stepped"},{"time":1.3333,"x":0,"y":0,"curve":"stepped"},{"time":1.6666,"x":0,"y":0,"curve":"stepped"},{"time":2,"x":0,"y":0}],"scale":[{"time":0,"x":1,"y":1,"curve":"stepped"},{"time":0.3333,"x":1,"y":1,"curve":"stepped"},{"time":0.6666,"x":1,"y":1,"curve":"stepped"},{"time":1,"x":1,"y":1,"curve":"stepped"},{"time":1.3333,"x":1,"y":1,"curve":"stepped"},{"time":1.6666,"x":1,"y":1,"curve":"stepped"},{"time":2,"x":1,"y":1}]},"bone8":{"rotate":[{"time":0,"angle":0},{"time":0.3333,"angle":-8.08},{"time":0.6666,"angle":17.6},{"time":1,"angle":0},{"time":1.3333,"angle":-8.08},{"time":1.6666,"angle":17.6},{"time":2,"angle":0}],"translate":[{"time":0,"x":0,"y":0,"curve":"stepped"},{"time":0.3333,"x":0,"y":0,"curve":"stepped"},{"time":0.6666,"x":0,"y":0,"curve":"stepped"},{"time":1,"x":0,"y":0,"curve":"stepped"},{"time":1.3333,"x":0,"y":0,"curve":"stepped"},{"time":1.6666,"x":0,"y":0,"curve":"stepped"},{"time":2,"x":0,"y":0}],"scale":[{"time":0,"x":1,"y":1,"curve":"stepped"},{"time":0.3333,"x":1,"y":1,"curve":"stepped"},{"time":0.6666,"x":1,"y":1,"curve":"stepped"},{"time":1,"x":1,"y":1,"curve":"stepped"},{"time":1.3333,"x":1,"y":1,"curve":"stepped"},{"time":1.6666,"x":1,"y":1,"curve":"stepped"},{"time":2,"x":1,"y":1}]},"MON20057_DL_8":{"rotate":[{"time":0,"angle":0},{"time":0.3333,"angle":-1.67},{"time":0.6666,"angle":2.07},{"time":1,"angle":0},{"time":1.3333,"angle":-1.67},{"time":1.6666,"angle":2.07},{"time":2,"angle":0}],"translate":[{"time":0,"x":0,"y":0,"curve":"stepped"},{"time":0.3333,"x":0,"y":0,"curve":"stepped"},{"time":0.6666,"x":0,"y":0,"curve":"stepped"},{"time":1,"x":0,"y":0,"curve":"stepped"},{"time":1.3333,"x":0,"y":0,"curve":"stepped"},{"time":1.6666,"x":0,"y":0,"curve":"stepped"},{"time":2,"x":0,"y":0}],"scale":[{"time":0,"x":1,"y":1,"curve":"stepped"},{"time":0.3333,"x":1,"y":1,"curve":"stepped"},{"time":0.6666,"x":1,"y":1,"curve":"stepped"},{"time":1,"x":1,"y":1,"curve":"stepped"},{"time":1.3333,"x":1,"y":1,"curve":"stepped"},{"time":1.6666,"x":1,"y":1,"curve":"stepped"},{"time":2,"x":1,"y":1}]},"bone9":{"rotate":[{"time":0,"angle":0},{"time":0.3333,"angle":-4.89},{"time":0.6666,"angle":2.38},{"time":1,"angle":0},{"time":1.3333,"angle":-4.89},{"time":1.6666,"angle":2.38},{"time":2,"angle":0}],"translate":[{"time":0,"x":0,"y":0,"curve":"stepped"},{"time":0.3333,"x":0,"y":0,"curve":"stepped"},{"time":0.6666,"x":0,"y":0,"curve":"stepped"},{"time":1,"x":0,"y":0,"curve":"stepped"},{"time":1.3333,"x":0,"y":0,"curve":"stepped"},{"time":1.6666,"x":0,"y":0,"curve":"stepped"},{"time":2,"x":0,"y":0}],"scale":[{"time":0,"x":1,"y":1,"curve":"stepped"},{"time":0.3333,"x":1,"y":1,"curve":"stepped"},{"time":0.6666,"x":1,"y":1,"curve":"stepped"},{"time":1,"x":1,"y":1,"curve":"stepped"},{"time":1.3333,"x":1,"y":1,"curve":"stepped"},{"time":1.6666,"x":1,"y":1,"curve":"stepped"},{"time":2,"x":1,"y":1}]},"bone10":{"rotate":[{"time":0,"angle":0},{"time":0.3333,"angle":7.21},{"time":0.6666,"angle":-10.03},{"time":1,"angle":0},{"time":1.3333,"angle":7.21},{"time":1.6666,"angle":-10.03},{"time":2,"angle":0}],"translate":[{"time":0,"x":0,"y":0,"curve":"stepped"},{"time":0.3333,"x":0,"y":0,"curve":"stepped"},{"time":0.6666,"x":0,"y":0,"curve":"stepped"},{"time":1,"x":0,"y":0,"curve":"stepped"},{"time":1.3333,"x":0,"y":0,"curve":"stepped"},{"time":1.6666,"x":0,"y":0,"curve":"stepped"},{"time":2,"x":0,"y":0}],"scale":[{"time":0,"x":1,"y":1,"curve":"stepped"},{"time":0.3333,"x":1,"y":1,"curve":"stepped"},{"time":0.6666,"x":1,"y":1,"curve":"stepped"},{"time":1,"x":1,"y":1,"curve":"stepped"},{"time":1.3333,"x":1,"y":1,"curve":"stepped"},{"time":1.6666,"x":1,"y":1,"curve":"stepped"},{"time":2,"x":1,"y":1}]},"MON20057_DL_3":{"rotate":[{"time":0,"angle":0,"curve":"stepped"},{"time":0.5,"angle":0,"curve":"stepped"},{"time":1,"angle":0,"curve":"stepped"},{"time":1.5,"angle":0,"curve":"stepped"},{"time":2,"angle":0}],"translate":[{"time":0,"x":0,"y":0,"curve":"stepped"},{"time":0.5,"x":0,"y":0,"curve":"stepped"},{"time":1,"x":0,"y":0,"curve":"stepped"},{"time":1.5,"x":0,"y":0,"curve":"stepped"},{"time":2,"x":0,"y":0}],"scale":[{"time":0,"x":1,"y":1,"curve":"stepped"},{"time":0.5,"x":1,"y":1,"curve":"stepped"},{"time":1,"x":1,"y":1,"curve":"stepped"},{"time":1.5,"x":1,"y":1,"curve":"stepped"},{"time":2,"x":1,"y":1}]},"bone11":{"rotate":[{"time":0,"angle":0},{"time":0.3333,"angle":-3.57},{"time":0.6666,"angle":3.81},{"time":1,"angle":0},{"time":1.3333,"angle":-3.57},{"time":1.6666,"angle":3.81},{"time":2,"angle":0}],"translate":[{"time":0,"x":0,"y":0,"curve":"stepped"},{"time":0.3333,"x":0,"y":0,"curve":"stepped"},{"time":0.6666,"x":0,"y":0,"curve":"stepped"},{"time":1,"x":0,"y":0,"curve":"stepped"},{"time":1.3333,"x":0,"y":0,"curve":"stepped"},{"time":1.6666,"x":0,"y":0,"curve":"stepped"},{"time":2,"x":0,"y":0}],"scale":[{"time":0,"x":1,"y":1,"curve":"stepped"},{"time":0.3333,"x":1,"y":1,"curve":"stepped"},{"time":0.6666,"x":1,"y":1,"curve":"stepped"},{"time":1,"x":1,"y":1,"curve":"stepped"},{"time":1.3333,"x":1,"y":1,"curve":"stepped"},{"time":1.6666,"x":1,"y":1,"curve":"stepped"},{"time":2,"x":1,"y":1}]},"bone12":{"rotate":[{"time":0,"angle":0},{"time":0.3333,"angle":-3.75},{"time":0.6666,"angle":4.03},{"time":1,"angle":0},{"time":1.3333,"angle":-3.75},{"time":1.6666,"angle":4.03},{"time":2,"angle":0}],"translate":[{"time":0,"x":0,"y":0,"curve":"stepped"},{"time":0.3333,"x":0,"y":0,"curve":"stepped"},{"time":0.6666,"x":0,"y":0,"curve":"stepped"},{"time":1,"x":0,"y":0,"curve":"stepped"},{"time":1.3333,"x":0,"y":0,"curve":"stepped"},{"time":1.6666,"x":0,"y":0,"curve":"stepped"},{"time":2,"x":0,"y":0}],"scale":[{"time":0,"x":1,"y":1,"curve":"stepped"},{"time":0.3333,"x":1,"y":1,"curve":"stepped"},{"time":0.6666,"x":1,"y":1,"curve":"stepped"},{"time":1,"x":1,"y":1,"curve":"stepped"},{"time":1.3333,"x":1,"y":1,"curve":"stepped"},{"time":1.6666,"x":1,"y":1,"curve":"stepped"},{"time":2,"x":1,"y":1}]},"bone13":{"rotate":[{"time":0,"angle":0},{"time":0.3333,"angle":-3.28},{"time":0.6666,"angle":0.03},{"time":1,"angle":0},{"time":1.3333,"angle":-3.28},{"time":1.6666,"angle":0.03},{"time":2,"angle":0}],"translate":[{"time":0,"x":0,"y":0,"curve":"stepped"},{"time":0.3333,"x":0,"y":0,"curve":"stepped"},{"time":0.6666,"x":0,"y":0,"curve":"stepped"},{"time":1,"x":0,"y":0,"curve":"stepped"},{"time":1.3333,"x":0,"y":0,"curve":"stepped"},{"time":1.6666,"x":0,"y":0,"curve":"stepped"},{"time":2,"x":0,"y":0}],"scale":[{"time":0,"x":1,"y":1,"curve":"stepped"},{"time":0.3333,"x":1,"y":1,"curve":"stepped"},{"time":0.6666,"x":1,"y":1,"curve":"stepped"},{"time":1,"x":1,"y":1,"curve":"stepped"},{"time":1.3333,"x":1,"y":1,"curve":"stepped"},{"time":1.6666,"x":1,"y":1,"curve":"stepped"},{"time":2,"x":1,"y":1}]},"bone14":{"rotate":[{"time":0,"angle":0},{"time":0.3333,"angle":4.04},{"time":0.6666,"angle":-22.63},{"time":1,"angle":0},{"time":1.3333,"angle":4.04},{"time":1.6666,"angle":-22.63},{"time":2,"angle":0}],"translate":[{"time":0,"x":0,"y":0,"curve":"stepped"},{"time":0.3333,"x":0,"y":0,"curve":"stepped"},{"time":0.6666,"x":0,"y":0,"curve":"stepped"},{"time":1,"x":0,"y":0,"curve":"stepped"},{"time":1.3333,"x":0,"y":0,"curve":"stepped"},{"time":1.6666,"x":0,"y":0,"curve":"stepped"},{"time":2,"x":0,"y":0}],"scale":[{"time":0,"x":1,"y":1,"curve":"stepped"},{"time":0.3333,"x":1,"y":1,"curve":"stepped"},{"time":0.6666,"x":1,"y":1,"curve":"stepped"},{"time":1,"x":1,"y":1,"curve":"stepped"},{"time":1.3333,"x":1,"y":1,"curve":"stepped"},{"time":1.6666,"x":1,"y":1,"curve":"stepped"},{"time":2,"x":1,"y":1}]},"MON20057_DL_2":{"rotate":[{"time":0,"angle":0,"curve":"stepped"},{"time":0.5,"angle":0,"curve":"stepped"},{"time":1,"angle":0,"curve":"stepped"},{"time":1.5,"angle":0,"curve":"stepped"},{"time":2,"angle":0}],"translate":[{"time":0,"x":0,"y":0,"curve":"stepped"},{"time":0.5,"x":0,"y":0,"curve":"stepped"},{"time":1,"x":0,"y":0,"curve":"stepped"},{"time":1.5,"x":0,"y":0,"curve":"stepped"},{"time":2,"x":0,"y":0}],"scale":[{"time":0,"x":1,"y":1,"curve":"stepped"},{"time":0.5,"x":1,"y":1,"curve":"stepped"},{"time":1,"x":1,"y":1,"curve":"stepped"},{"time":1.5,"x":1,"y":1,"curve":"stepped"},{"time":2,"x":1,"y":1}]},"bone15":{"rotate":[{"time":0,"angle":0,"curve":"stepped"},{"time":0.3333,"angle":0},{"time":0.6666,"angle":-1.02},{"time":1,"angle":0,"curve":"stepped"},{"time":1.3333,"angle":0},{"time":1.6666,"angle":-1.02},{"time":2,"angle":0}],"translate":[{"time":0,"x":0,"y":0,"curve":"stepped"},{"time":0.3333,"x":0,"y":0,"curve":"stepped"},{"time":0.6666,"x":0,"y":0,"curve":"stepped"},{"time":1,"x":0,"y":0,"curve":"stepped"},{"time":1.3333,"x":0,"y":0,"curve":"stepped"},{"time":1.6666,"x":0,"y":0,"curve":"stepped"},{"time":2,"x":0,"y":0}],"scale":[{"time":0,"x":1,"y":1,"curve":"stepped"},{"time":0.3333,"x":1,"y":1,"curve":"stepped"},{"time":0.6666,"x":1,"y":1,"curve":"stepped"},{"time":1,"x":1,"y":1,"curve":"stepped"},{"time":1.3333,"x":1,"y":1,"curve":"stepped"},{"time":1.6666,"x":1,"y":1,"curve":"stepped"},{"time":2,"x":1,"y":1}]},"bone16":{"rotate":[{"time":0,"angle":0},{"time":0.3333,"angle":3.49},{"time":0.6666,"angle":-0.82},{"time":1,"angle":0},{"time":1.3333,"angle":3.49},{"time":1.6666,"angle":-0.82},{"time":2,"angle":0}],"translate":[{"time":0,"x":0,"y":0,"curve":"stepped"},{"time":0.3333,"x":0,"y":0,"curve":"stepped"},{"time":0.6666,"x":0,"y":0,"curve":"stepped"},{"time":1,"x":0,"y":0,"curve":"stepped"},{"time":1.3333,"x":0,"y":0,"curve":"stepped"},{"time":1.6666,"x":0,"y":0,"curve":"stepped"},{"time":2,"x":0,"y":0}],"scale":[{"time":0,"x":1,"y":1,"curve":"stepped"},{"time":0.3333,"x":1,"y":1,"curve":"stepped"},{"time":0.6666,"x":1,"y":1,"curve":"stepped"},{"time":1,"x":1,"y":1,"curve":"stepped"},{"time":1.3333,"x":1,"y":1,"curve":"stepped"},{"time":1.6666,"x":1,"y":1,"curve":"stepped"},{"time":2,"x":1,"y":1}]},"bone17":{"rotate":[{"time":0,"angle":0},{"time":0.3333,"angle":2.09},{"time":0.6666,"angle":0.66},{"time":1,"angle":0},{"time":1.3333,"angle":2.09},{"time":1.6666,"angle":0.66},{"time":2,"angle":0}],"translate":[{"time":0,"x":0,"y":0,"curve":"stepped"},{"time":0.3333,"x":0,"y":0,"curve":"stepped"},{"time":0.6666,"x":0,"y":0,"curve":"stepped"},{"time":1,"x":0,"y":0,"curve":"stepped"},{"time":1.3333,"x":0,"y":0,"curve":"stepped"},{"time":1.6666,"x":0,"y":0,"curve":"stepped"},{"time":2,"x":0,"y":0}],"scale":[{"time":0,"x":1,"y":1,"curve":"stepped"},{"time":0.3333,"x":1,"y":1,"curve":"stepped"},{"time":0.6666,"x":1,"y":1,"curve":"stepped"},{"time":1,"x":1,"y":1,"curve":"stepped"},{"time":1.3333,"x":1,"y":1,"curve":"stepped"},{"time":1.6666,"x":1,"y":1,"curve":"stepped"},{"time":2,"x":1,"y":1}]},"bone18":{"rotate":[{"time":0,"angle":0},{"time":0.3333,"angle":4.06},{"time":0.6666,"angle":13.74},{"time":1,"angle":0},{"time":1.3333,"angle":4.06},{"time":1.6666,"angle":13.74},{"time":2,"angle":0}],"translate":[{"time":0,"x":0,"y":0,"curve":"stepped"},{"time":0.3333,"x":0,"y":0,"curve":"stepped"},{"time":0.6666,"x":0,"y":0,"curve":"stepped"},{"time":1,"x":0,"y":0,"curve":"stepped"},{"time":1.3333,"x":0,"y":0,"curve":"stepped"},{"time":1.6666,"x":0,"y":0,"curve":"stepped"},{"time":2,"x":0,"y":0}],"scale":[{"time":0,"x":1,"y":1,"curve":"stepped"},{"time":0.3333,"x":1,"y":1,"curve":"stepped"},{"time":0.6666,"x":1,"y":1,"curve":"stepped"},{"time":1,"x":1,"y":1,"curve":"stepped"},{"time":1.3333,"x":1,"y":1,"curve":"stepped"},{"time":1.6666,"x":1,"y":1,"curve":"stepped"},{"time":2,"x":1,"y":1}]},"bone19":{"rotate":[{"time":0,"angle":0},{"time":0.3333,"angle":-6.49},{"time":0.6666,"angle":11.73},{"time":1,"angle":0},{"time":1.3333,"angle":-6.49},{"time":1.6666,"angle":11.73},{"time":2,"angle":0}],"translate":[{"time":0,"x":0,"y":0,"curve":"stepped"},{"time":0.3333,"x":0,"y":0,"curve":"stepped"},{"time":0.6666,"x":0,"y":0,"curve":"stepped"},{"time":1,"x":0,"y":0,"curve":"stepped"},{"time":1.3333,"x":0,"y":0,"curve":"stepped"},{"time":1.6666,"x":0,"y":0,"curve":"stepped"},{"time":2,"x":0,"y":0}],"scale":[{"time":0,"x":1,"y":1,"curve":"stepped"},{"time":0.3333,"x":1,"y":1,"curve":"stepped"},{"time":0.6666,"x":1,"y":1,"curve":"stepped"},{"time":1,"x":1,"y":1,"curve":"stepped"},{"time":1.3333,"x":1,"y":1,"curve":"stepped"},{"time":1.6666,"x":1,"y":1,"curve":"stepped"},{"time":2,"x":1,"y":1}]},"bone20":{"rotate":[{"time":0,"angle":0},{"time":0.3333,"angle":-11.24},{"time":0.6666,"angle":4.19},{"time":1,"angle":0},{"time":1.3333,"angle":-11.24},{"time":1.6666,"angle":4.19},{"time":2,"angle":0}],"translate":[{"time":0,"x":0,"y":0,"curve":"stepped"},{"time":0.3333,"x":0,"y":0,"curve":"stepped"},{"time":0.6666,"x":0,"y":0,"curve":"stepped"},{"time":1,"x":0,"y":0,"curve":"stepped"},{"time":1.3333,"x":0,"y":0,"curve":"stepped"},{"time":1.6666,"x":0,"y":0,"curve":"stepped"},{"time":2,"x":0,"y":0}],"scale":[{"time":0,"x":1,"y":1,"curve":"stepped"},{"time":0.3333,"x":1,"y":1,"curve":"stepped"},{"time":0.6666,"x":1,"y":1,"curve":"stepped"},{"time":1,"x":1,"y":1,"curve":"stepped"},{"time":1.3333,"x":1,"y":1,"curve":"stepped"},{"time":1.6666,"x":1,"y":1,"curve":"stepped"},{"time":2,"x":1,"y":1}]},"MON20057_DL_27":{"rotate":[{"time":0,"angle":0},{"time":0.3333,"angle":-354.38},{"time":0.6666,"angle":-4.23},{"time":1,"angle":0},{"time":1.3333,"angle":-354.38},{"time":1.6666,"angle":-4.23},{"time":2,"angle":0}],"translate":[{"time":0,"x":0,"y":0},{"time":0.3333,"x":-1.29,"y":3.69},{"time":0.6666,"x":-0.06,"y":-2.74},{"time":1,"x":0,"y":0},{"time":1.3333,"x":-1.29,"y":3.69},{"time":1.6666,"x":-0.06,"y":-2.74},{"time":2,"x":0,"y":0}],"scale":[{"time":0,"x":1,"y":1},{"time":0.3333,"x":0.963,"y":1.036},{"time":0.6666,"x":1.041,"y":0.972},{"time":1,"x":1,"y":1},{"time":1.3333,"x":0.963,"y":1.036},{"time":1.6666,"x":1.041,"y":0.972},{"time":2,"x":1,"y":1}]},"MON20057_DL_26":{"rotate":[{"time":0,"angle":0},{"time":0.3333,"angle":5},{"time":0.6666,"angle":-2.87},{"time":1,"angle":0},{"time":1.3333,"angle":5},{"time":1.6666,"angle":-2.87},{"time":2,"angle":0}],"translate":[{"time":0,"x":0,"y":0,"curve":"stepped"},{"time":0.3333,"x":0,"y":0,"curve":"stepped"},{"time":0.6666,"x":0,"y":0,"curve":"stepped"},{"time":1,"x":0,"y":0,"curve":"stepped"},{"time":1.3333,"x":0,"y":0,"curve":"stepped"},{"time":1.6666,"x":0,"y":0,"curve":"stepped"},{"time":2,"x":0,"y":0}],"scale":[{"time":0,"x":1,"y":1,"curve":"stepped"},{"time":0.3333,"x":1,"y":1,"curve":"stepped"},{"time":0.6666,"x":1,"y":1,"curve":"stepped"},{"time":1,"x":1,"y":1,"curve":"stepped"},{"time":1.3333,"x":1,"y":1,"curve":"stepped"},{"time":1.6666,"x":1,"y":1,"curve":"stepped"},{"time":2,"x":1,"y":1}]},"bone21":{"rotate":[{"time":0,"angle":0,"curve":"stepped"},{"time":0.3333,"angle":0,"curve":"stepped"},{"time":0.6666,"angle":0,"curve":"stepped"},{"time":1,"angle":0,"curve":"stepped"},{"time":1.3333,"angle":0,"curve":"stepped"},{"time":1.6666,"angle":0,"curve":"stepped"},{"time":2,"angle":0}],"translate":[{"time":0,"x":0,"y":0,"curve":"stepped"},{"time":0.3333,"x":0,"y":0,"curve":"stepped"},{"time":0.6666,"x":0,"y":0,"curve":"stepped"},{"time":1,"x":0,"y":0,"curve":"stepped"},{"time":1.3333,"x":0,"y":0,"curve":"stepped"},{"time":1.6666,"x":0,"y":0,"curve":"stepped"},{"time":2,"x":0,"y":0}],"scale":[{"time":0,"x":1,"y":1,"curve":"stepped"},{"time":0.3333,"x":1,"y":1,"curve":"stepped"},{"time":0.6666,"x":1,"y":1,"curve":"stepped"},{"time":1,"x":1,"y":1,"curve":"stepped"},{"time":1.3333,"x":1,"y":1,"curve":"stepped"},{"time":1.6666,"x":1,"y":1,"curve":"stepped"},{"time":2,"x":1,"y":1}]},"bone22":{"rotate":[{"time":0,"angle":0,"curve":"stepped"},{"time":0.3333,"angle":0},{"time":0.6666,"angle":-13.23},{"time":1,"angle":0,"curve":"stepped"},{"time":1.3333,"angle":0},{"time":1.6666,"angle":-13.23},{"time":2,"angle":0}],"translate":[{"time":0,"x":0,"y":0},{"time":0.3333,"x":-18.06,"y":4.25},{"time":0.6666,"x":3.92,"y":-7.84},{"time":1,"x":0,"y":0},{"time":1.3333,"x":-18.06,"y":4.25},{"time":1.6666,"x":3.92,"y":-7.84},{"time":2,"x":0,"y":0}],"scale":[{"time":0,"x":1,"y":1,"curve":"stepped"},{"time":0.3333,"x":1,"y":1,"curve":"stepped"},{"time":0.6666,"x":1,"y":1,"curve":"stepped"},{"time":1,"x":1,"y":1,"curve":"stepped"},{"time":1.3333,"x":1,"y":1,"curve":"stepped"},{"time":1.6666,"x":1,"y":1,"curve":"stepped"},{"time":2,"x":1,"y":1}]},"bone23":{"rotate":[{"time":0,"angle":0},{"time":0.3333,"angle":10.1},{"time":0.6666,"angle":-10.26},{"time":1,"angle":0},{"time":1.3333,"angle":10.1},{"time":1.6666,"angle":-10.26},{"time":2,"angle":0}],"translate":[{"time":0,"x":0,"y":0},{"time":0.3333,"x":-1.02,"y":-0.19},{"time":0.6666,"x":-0.84,"y":-4.27},{"time":1,"x":0,"y":0},{"time":1.3333,"x":-1.02,"y":-0.19},{"time":1.6666,"x":-0.84,"y":-4.27},{"time":2,"x":0,"y":0}],"scale":[{"time":0,"x":1,"y":1,"curve":"stepped"},{"time":0.3333,"x":1,"y":1,"curve":"stepped"},{"time":0.6666,"x":1,"y":1,"curve":"stepped"},{"time":1,"x":1,"y":1,"curve":"stepped"},{"time":1.3333,"x":1,"y":1,"curve":"stepped"},{"time":1.6666,"x":1,"y":1,"curve":"stepped"},{"time":2,"x":1,"y":1}]},"bone24":{"rotate":[{"time":0,"angle":0,"curve":"stepped"},{"time":0.3333,"angle":0},{"time":0.6666,"angle":-2.59},{"time":1,"angle":0,"curve":"stepped"},{"time":1.3333,"angle":0},{"time":1.6666,"angle":-2.59},{"time":2,"angle":0}],"translate":[{"time":0,"x":0,"y":0,"curve":"stepped"},{"time":0.3333,"x":0,"y":0,"curve":"stepped"},{"time":0.6666,"x":0,"y":0,"curve":"stepped"},{"time":1,"x":0,"y":0,"curve":"stepped"},{"time":1.3333,"x":0,"y":0,"curve":"stepped"},{"time":1.6666,"x":0,"y":0,"curve":"stepped"},{"time":2,"x":0,"y":0}],"scale":[{"time":0,"x":1,"y":1,"curve":"stepped"},{"time":0.3333,"x":1,"y":1,"curve":"stepped"},{"time":0.6666,"x":1,"y":1,"curve":"stepped"},{"time":1,"x":1,"y":1,"curve":"stepped"},{"time":1.3333,"x":1,"y":1,"curve":"stepped"},{"time":1.6666,"x":1,"y":1,"curve":"stepped"},{"time":2,"x":1,"y":1}]},"bone25":{"rotate":[{"time":0,"angle":0},{"time":0.3333,"angle":11.54},{"time":0.6666,"angle":-6.62},{"time":1,"angle":0},{"time":1.3333,"angle":11.54},{"time":1.6666,"angle":-6.62},{"time":2,"angle":0}],"translate":[{"time":0,"x":0,"y":0,"curve":"stepped"},{"time":0.3333,"x":0,"y":0,"curve":"stepped"},{"time":0.6666,"x":0,"y":0,"curve":"stepped"},{"time":1,"x":0,"y":0,"curve":"stepped"},{"time":1.3333,"x":0,"y":0,"curve":"stepped"},{"time":1.6666,"x":0,"y":0,"curve":"stepped"},{"time":2,"x":0,"y":0}],"scale":[{"time":0,"x":1,"y":1,"curve":"stepped"},{"time":0.3333,"x":1,"y":1,"curve":"stepped"},{"time":0.6666,"x":1,"y":1,"curve":"stepped"},{"time":1,"x":1,"y":1,"curve":"stepped"},{"time":1.3333,"x":1,"y":1,"curve":"stepped"},{"time":1.6666,"x":1,"y":1,"curve":"stepped"},{"time":2,"x":1,"y":1}]},"bone26":{"rotate":[{"time":0,"angle":0},{"time":0.3333,"angle":10.42},{"time":0.6666,"angle":-9.74},{"time":0.7666,"angle":-13.71},{"time":1,"angle":0},{"time":1.3333,"angle":10.42},{"time":1.6666,"angle":-9.74},{"time":1.7666,"angle":-13.71},{"time":2,"angle":0}],"translate":[{"time":0,"x":0,"y":0,"curve":"stepped"},{"time":0.3333,"x":0,"y":0,"curve":"stepped"},{"time":0.6666,"x":0,"y":0,"curve":"stepped"},{"time":1,"x":0,"y":0,"curve":"stepped"},{"time":1.3333,"x":0,"y":0,"curve":"stepped"},{"time":1.6666,"x":0,"y":0,"curve":"stepped"},{"time":2,"x":0,"y":0}],"scale":[{"time":0,"x":1,"y":1,"curve":"stepped"},{"time":0.3333,"x":1,"y":1,"curve":"stepped"},{"time":0.6666,"x":1,"y":1,"curve":"stepped"},{"time":1,"x":1,"y":1,"curve":"stepped"},{"time":1.3333,"x":1,"y":1,"curve":"stepped"},{"time":1.6666,"x":1,"y":1,"curve":"stepped"},{"time":2,"x":1,"y":1}]},"bone27":{"rotate":[{"time":0,"angle":0},{"time":0.3333,"angle":-21.02},{"time":0.6666,"angle":-10.06},{"time":0.7666,"angle":-37.41},{"time":1,"angle":0},{"time":1.3333,"angle":-21.02},{"time":1.6666,"angle":-10.06},{"time":1.7666,"angle":-37.41},{"time":2,"angle":0}],"translate":[{"time":0,"x":0,"y":0,"curve":"stepped"},{"time":0.3333,"x":0,"y":0,"curve":"stepped"},{"time":0.6666,"x":0,"y":0,"curve":"stepped"},{"time":1,"x":0,"y":0,"curve":"stepped"},{"time":1.3333,"x":0,"y":0,"curve":"stepped"},{"time":1.6666,"x":0,"y":0,"curve":"stepped"},{"time":2,"x":0,"y":0}],"scale":[{"time":0,"x":1,"y":1,"curve":"stepped"},{"time":0.3333,"x":1,"y":1,"curve":"stepped"},{"time":0.6666,"x":1,"y":1,"curve":"stepped"},{"time":1,"x":1,"y":1,"curve":"stepped"},{"time":1.3333,"x":1,"y":1,"curve":"stepped"},{"time":1.6666,"x":1,"y":1,"curve":"stepped"},{"time":2,"x":1,"y":1}]},"bone28":{"rotate":[{"time":0,"angle":0,"curve":"stepped"},{"time":0.3333,"angle":0,"curve":"stepped"},{"time":0.6666,"angle":0,"curve":"stepped"},{"time":1,"angle":0,"curve":"stepped"},{"time":1.3333,"angle":0,"curve":"stepped"},{"time":1.6666,"angle":0,"curve":"stepped"},{"time":2,"angle":0}],"translate":[{"time":0,"x":0,"y":0,"curve":"stepped"},{"time":0.3333,"x":0,"y":0,"curve":"stepped"},{"time":0.6666,"x":0,"y":0,"curve":"stepped"},{"time":1,"x":0,"y":0,"curve":"stepped"},{"time":1.3333,"x":0,"y":0,"curve":"stepped"},{"time":1.6666,"x":0,"y":0,"curve":"stepped"},{"time":2,"x":0,"y":0}],"scale":[{"time":0,"x":1,"y":1,"curve":"stepped"},{"time":0.3333,"x":1,"y":1,"curve":"stepped"},{"time":0.6666,"x":1,"y":1,"curve":"stepped"},{"time":1,"x":1,"y":1,"curve":"stepped"},{"time":1.3333,"x":1,"y":1,"curve":"stepped"},{"time":1.6666,"x":1,"y":1,"curve":"stepped"},{"time":2,"x":1,"y":1}]},"bone29":{"rotate":[{"time":0,"angle":0,"curve":"stepped"},{"time":0.3333,"angle":0,"curve":"stepped"},{"time":0.6666,"angle":0,"curve":"stepped"},{"time":1,"angle":0,"curve":"stepped"},{"time":1.3333,"angle":0,"curve":"stepped"},{"time":1.6666,"angle":0,"curve":"stepped"},{"time":2,"angle":0}],"translate":[{"time":0,"x":0,"y":0,"curve":"stepped"},{"time":0.3333,"x":0,"y":0,"curve":"stepped"},{"time":0.6666,"x":0,"y":0,"curve":"stepped"},{"time":1,"x":0,"y":0,"curve":"stepped"},{"time":1.3333,"x":0,"y":0,"curve":"stepped"},{"time":1.6666,"x":0,"y":0,"curve":"stepped"},{"time":2,"x":0,"y":0}],"scale":[{"time":0,"x":1,"y":1,"curve":"stepped"},{"time":0.3333,"x":1,"y":1,"curve":"stepped"},{"time":0.6666,"x":1,"y":1,"curve":"stepped"},{"time":1,"x":1,"y":1,"curve":"stepped"},{"time":1.3333,"x":1,"y":1,"curve":"stepped"},{"time":1.6666,"x":1,"y":1,"curve":"stepped"},{"time":2,"x":1,"y":1}]},"bone30":{"rotate":[{"time":0,"angle":0,"curve":"stepped"},{"time":0.3333,"angle":0},{"time":0.6666,"angle":-16.22},{"time":1,"angle":0,"curve":"stepped"},{"time":1.3333,"angle":0},{"time":1.6666,"angle":-16.22},{"time":2,"angle":0}],"translate":[{"time":0,"x":0,"y":0},{"time":0.3333,"x":-2.69,"y":0.46},{"time":0.6666,"x":-1.83,"y":-2.86},{"time":1,"x":0,"y":0},{"time":1.3333,"x":-2.69,"y":0.46},{"time":1.6666,"x":-1.83,"y":-2.86},{"time":2,"x":0,"y":0}],"scale":[{"time":0,"x":1,"y":1,"curve":"stepped"},{"time":0.3333,"x":1,"y":1,"curve":"stepped"},{"time":0.6666,"x":1,"y":1,"curve":"stepped"},{"time":1,"x":1,"y":1,"curve":"stepped"},{"time":1.3333,"x":1,"y":1,"curve":"stepped"},{"time":1.6666,"x":1,"y":1,"curve":"stepped"},{"time":2,"x":1,"y":1}]},"bone31":{"rotate":[{"time":0,"angle":0},{"time":0.3333,"angle":13.76},{"time":0.6666,"angle":-7.91},{"time":1,"angle":0},{"time":1.3333,"angle":13.76},{"time":1.6666,"angle":-7.91},{"time":2,"angle":0}],"translate":[{"time":0,"x":0,"y":0},{"time":0.3333,"x":-10.2,"y":8.67},{"time":0.6666,"x":-1.16,"y":-8.63},{"time":1,"x":0,"y":0},{"time":1.3333,"x":-10.2,"y":8.67},{"time":1.6666,"x":-1.16,"y":-8.63},{"time":2,"x":0,"y":0}],"scale":[{"time":0,"x":1,"y":1,"curve":"stepped"},{"time":0.3333,"x":1,"y":1,"curve":"stepped"},{"time":0.6666,"x":1,"y":1,"curve":"stepped"},{"time":1,"x":1,"y":1,"curve":"stepped"},{"time":1.3333,"x":1,"y":1,"curve":"stepped"},{"time":1.6666,"x":1,"y":1,"curve":"stepped"},{"time":2,"x":1,"y":1}]},"shadow":{"rotate":[{"time":0,"angle":0,"curve":"stepped"},{"time":0.5,"angle":0,"curve":"stepped"},{"time":1,"angle":0,"curve":"stepped"},{"time":1.5,"angle":0,"curve":"stepped"},{"time":2,"angle":0}],"translate":[{"time":0,"x":0,"y":0,"curve":"stepped"},{"time":0.5,"x":0,"y":0,"curve":"stepped"},{"time":1,"x":0,"y":0,"curve":"stepped"},{"time":1.5,"x":0,"y":0,"curve":"stepped"},{"time":2,"x":0,"y":0}],"scale":[{"time":0,"x":1,"y":1},{"time":0.5,"x":1.1,"y":1.1},{"time":1,"x":1,"y":1},{"time":1.5,"x":1.1,"y":1.1},{"time":2,"x":1,"y":1}]}},"ffd":{"default":{"MON20057_DL_15":{"MON20057_DL_15":[{"time":0},{"time":0.5,"vertices":[-1.23889,-0.05681,-1.23975,-0.03233,-1.34494,2.26074,1.18262,-2.49311,-1.35163,2.40558,1.18935,-2.20318,1.23988,-0.02877,0.37611,-0.00872,0.37611,-0.00872,0.37611,-0.00872,1.23988,-0.02877,2.16777,1.83522,1.27692,1.56581,-1.16581,-1.65014,-1.13919,-2.22952,-1.23889,-0.05681,-1.23975,-0.03233,-1.23975,-0.03233,-1.23975,-0.03233,-1.23975,-0.03233,-1.23889,-0.05681,-1.23975,-0.03233,-1.23889,-0.05681,1.23988,-0.02877,-1.23889,-0.05681,1.23988,-0.02877]},{"time":1},{"time":1.5,"vertices":[-1.23889,-0.05681,-1.23975,-0.03233,-1.34494,2.26074,1.18262,-2.49311,-1.35163,2.40558,1.18935,-2.20318,1.23988,-0.02877,0.37611,-0.00872,0.37611,-0.00872,0.37611,-0.00872,1.23988,-0.02877,2.16777,1.83522,1.27692,1.56581,-1.16581,-1.65014,-1.13919,-2.22952,-1.23889,-0.05681,-1.23975,-0.03233,-1.23975,-0.03233,-1.23975,-0.03233,-1.23975,-0.03233,-1.23889,-0.05681,-1.23975,-0.03233,-1.23889,-0.05681,1.23988,-0.02877,-1.23889,-0.05681,1.23988,-0.02877]},{"time":2}]},"MON20057_DL_26":{"MON20057_DL_26":[{"time":0},{"time":0.3333,"offset":24,"vertices":[-0.99296,-0.44735,-7.65747,-4.70227,-7.03964,-5.58616,0,0,0,0,0,0,0,0,0,0,0,0,0,0,0,0,0,0,0,0,0,0,0,0,0,0,0,0,0,0,0,0,0,0,0,0,0,0,0,0,0,0,0,0,0,0,0,0,0,0,0,0,0,0,0,0,0,0,0,0,0,0,0,0,0,0,0,0,0,0,0,0,0,0,0,0,0,0,0,0,0,0,0,0,0,0,0,0,0,0,0,0,0,0,0,0,0,0,0,0,0,0,0,0,0,0,0,0,0,0,0,0,0,0,0,0,0,0,0,0,0,0,0,0,0,0,0,0,0,0,0,0,0,0,0,0,0,0,0,0,0,0,0,0,0,0,0,0,0,0,0,0,0,0,0,0,0,0,0,0,-3.05078,-2.00117,-3.35497,-1.43397,-3.50185,-1.02372,-3.15924,-1.82575]},{"time":0.4333,"offset":8,"vertices":[0.66143,-1.22141,0.17912,-1.37738,-0.0811,-1.38661,-0.0718,-1.38712,-9.41627,-6.25641,-8.54934,-7.66721,-11.2726,-1.52796,-10.98221,-3.36787,-1.52249,16.92092,-4.31252,18.39475,-2.95644,17.66188,5.41755,3.54785,6.01917,2.70889,6.2797,1.2434,6.06748,2.36678,0,0,0,0,0,0,0.40967,0.88683,0.50538,0.83594,0.34576,0.50316,0.25604,0.55427,0,0,0,0,0,0,0,0,0,0,0,0,0,0,0,0,0,0,0,0,0,0,0,0,0,0,0,0,0,0,0,0,0,0,0,0,0,0,0,0,0,0,0,0,0,0,0,0,0,0,0,0,0,0,0,0,0,0,0,0,0,0,0,0,0,0,0,0,0,0,-0.75138,-0.96243,-0.73671,-0.97369,-0.75811,-1.2539,-0.90165,-1.15492,-0.18955,-0.31347,0,0,0,0,0,0,0,0,0,0,0,0,0,0,0,0,0,0,0,0,0,0,0.7338,-0.83406,0.73938,-0.82912,0.99306,-3.77662,1.58341,-3.62106,0.67625,-0.55156,0.60591,-0.62797,0.47905,-0.72937,0.48393,-0.72614,0.51832,-0.70205,0,0,0,0,0,0,0,0,0,0,0,0,0,0,0,0,0,0,-3.20499,-0.49824,-3.16464,0.15799,-3.1683,0.46765,-3.04307,-0.14442]},{"time":0.6666,"offset":8,"vertices":[2.20478,-4.07137,0.59708,-4.59127,-0.27033,-4.62204,-0.23934,-4.62376,-5.91745,-9.86479,-5.43603,-10.13847,-4.83054,-3.7562,-4.64417,-3.98477,1.69704,-4.53569,-1.04783,-2.99523,-0.88206,-3.04875,-0.70771,2.80596,0.16888,2.88876,0.14946,2.88983,0.01029,2.89363,0,0,0,0,0,0,1.36559,2.9561,1.68462,2.78647,1.15255,1.67721,0.85349,1.84756,0,0,0,0,0,0,0,0,0,0,0,0,0,0,0,0,0,0,0,0,0,0,0,0,0,0,0,0,0,0,0,0,0,0,0,0,0,0,0,0,0,0,0,0,0,0,0,0,0,0,0,0,0,0,0,0,0,0,0,0,0,0,0,0,0,0,0,0,0,0,-2.50462,-3.2081,-2.45572,-3.24566,-2.52704,-4.17969,-3.00553,-3.84974,-0.63184,-1.0449,0,0,0,0,0,0,0,0,0,0,0,0,0,0,0,0,0,0,0,0,0,0,2.44603,-2.78022,2.46463,-2.76375,1.91691,-2.14956,2.01818,-2.05493,2.25418,-1.83853,2.01972,-2.09325,1.59686,-2.43124,1.61312,-2.42047,1.72775,-2.34019,0,0,0,0,0,0,0,0,0,0,0,0,0,0,0,0,0,0,-2.81696,1.7031,-2.17429,2.47128,-2.19085,2.45664,-2.30651,2.3484]},{"time":1},{"time":1.3333,"offset":24,"vertices":[-0.99296,-0.44735,-7.65747,-4.70227,-7.03964,-5.58616,0,0,0,0,0,0,0,0,0,0,0,0,0,0,0,0,0,0,0,0,0,0,0,0,0,0,0,0,0,0,0,0,0,0,0,0,0,0,0,0,0,0,0,0,0,0,0,0,0,0,0,0,0,0,0,0,0,0,0,0,0,0,0,0,0,0,0,0,0,0,0,0,0,0,0,0,0,0,0,0,0,0,0,0,0,0,0,0,0,0,0,0,0,0,0,0,0,0,0,0,0,0,0,0,0,0,0,0,0,0,0,0,0,0,0,0,0,0,0,0,0,0,0,0,0,0,0,0,0,0,0,0,0,0,0,0,0,0,0,0,0,0,0,0,0,0,0,0,0,0,0,0,0,0,0,0,0,0,0,0,-3.05078,-2.00117,-3.35497,-1.43397,-3.50185,-1.02372,-3.15924,-1.82575]},{"time":1.4333,"offset":8,"vertices":[0.66143,-1.22141,0.17912,-1.37738,-0.0811,-1.38661,-0.0718,-1.38712,-9.41627,-6.25641,-8.54934,-7.66721,-11.2726,-1.52796,-10.98221,-3.36787,-1.52249,16.92092,-4.31252,18.39475,-2.95644,17.66188,5.41755,3.54785,6.01917,2.70889,6.2797,1.2434,6.06748,2.36678,0,0,0,0,0,0,0.40967,0.88683,0.50538,0.83594,0.34576,0.50316,0.25604,0.55427,0,0,0,0,0,0,0,0,0,0,0,0,0,0,0,0,0,0,0,0,0,0,0,0,0,0,0,0,0,0,0,0,0,0,0,0,0,0,0,0,0,0,0,0,0,0,0,0,0,0,0,0,0,0,0,0,0,0,0,0,0,0,0,0,0,0,0,0,0,0,-0.75138,-0.96243,-0.73671,-0.97369,-0.75811,-1.2539,-0.90165,-1.15492,-0.18955,-0.31347,0,0,0,0,0,0,0,0,0,0,0,0,0,0,0,0,0,0,0,0,0,0,0.7338,-0.83406,0.73938,-0.82912,0.99306,-3.77662,1.58341,-3.62106,0.67625,-0.55156,0.60591,-0.62797,0.47905,-0.72937,0.48393,-0.72614,0.51832,-0.70205,0,0,0,0,0,0,0,0,0,0,0,0,0,0,0,0,0,0,-3.20499,-0.49824,-3.16464,0.15799,-3.1683,0.46765,-3.04307,-0.14442]},{"time":1.6666,"offset":8,"vertices":[2.20478,-4.07137,0.59708,-4.59127,-0.27033,-4.62204,-0.23934,-4.62376,-5.91745,-9.86479,-5.43603,-10.13847,-4.83054,-3.7562,-4.64417,-3.98477,1.69704,-4.53569,-1.04783,-2.99523,-0.88206,-3.04875,-0.70771,2.80596,0.16888,2.88876,0.14946,2.88983,0.01029,2.89363,0,0,0,0,0,0,1.36559,2.9561,1.68462,2.78647,1.15255,1.67721,0.85349,1.84756,0,0,0,0,0,0,0,0,0,0,0,0,0,0,0,0,0,0,0,0,0,0,0,0,0,0,0,0,0,0,0,0,0,0,0,0,0,0,0,0,0,0,0,0,0,0,0,0,0,0,0,0,0,0,0,0,0,0,0,0,0,0,0,0,0,0,0,0,0,0,-2.50462,-3.2081,-2.45572,-3.24566,-2.52704,-4.17969,-3.00553,-3.84974,-0.63184,-1.0449,0,0,0,0,0,0,0,0,0,0,0,0,0,0,0,0,0,0,0,0,0,0,2.44603,-2.78022,2.46463,-2.76375,1.91691,-2.14956,2.01818,-2.05493,2.25418,-1.83853,2.01972,-2.09325,1.59686,-2.43124,1.61312,-2.42047,1.72775,-2.34019,0,0,0,0,0,0,0,0,0,0,0,0,0,0,0,0,0,0,-2.81696,1.7031,-2.17429,2.47128,-2.19085,2.45664,-2.30651,2.3484]},{"time":2}]},"MON20057_DL_44":{"MON20057_DL_44":[{"time":0},{"time":0.3333,"offset":2,"vertices":[0.09963,2.272]},{"time":0.6666,"offset":2,"vertices":[-0.23873,-5.70818]},{"time":1},{"time":1.3333,"offset":2,"vertices":[0.09963,2.272]},{"time":1.6666,"offset":2,"vertices":[-0.23873,-5.70818]},{"time":2}]}}}}}}