{"skeleton":{"hash":"GBnRKNIlVPSiWH9qyjdzpJ4Hi5E","spine":"3.1.03","width":248.03,"height":239.78},"bones":[{"name":"root"},{"name":"MON10061_ DL_15","parent":"root","x":13.03,"y":60.34},{"name":"MON10061_ DL_16","parent":"MON10061_ DL_15","length":29.21,"x":-14.19,"y":-20.6,"rotation":103.63},{"name":"bone","parent":"MON10061_ DL_16","length":38.49,"x":29.21,"y":-0.01,"rotation":-11.61},{"name":"MON10061_ DL_2","parent":"bone","length":66.6,"x":38.97,"y":0.44,"rotation":2.29},{"name":"MON10061_ DL_1","parent":"MON10061_ DL_2","length":19.21,"x":35.43,"y":-13.7,"rotation":174.63},{"name":"MON10061_ DL_3","parent":"MON10061_ DL_2","length":15.12,"x":32.07,"y":32.64,"scaleX":1.109,"scaleY":1.214,"rotation":179.56},{"name":"MON10061_ DL_6","parent":"bone","length":35.55,"x":31.32,"y":-27.79,"rotation":-122.05},{"name":"MON10061_ DL_4","parent":"MON10061_ DL_6","length":22.78,"x":34.35,"y":0.48,"rotation":-25.44},{"name":"MON10061_ DL_5","parent":"MON10061_ DL_4","length":13.39,"x":20.75,"y":-0.6,"rotation":-8.44},{"name":"MON10061_ DL_7","parent":"MON10061_ DL_5","length":29.25,"x":7,"y":0.43,"rotation":-9.49},{"name":"MON10061_ DL_8","parent":"MON10061_ DL_16","length":21.75,"x":9.75,"y":6.01,"rotation":165.54},{"name":"MON10061_ DL_11","parent":"MON10061_ DL_15","length":20.36,"x":-1.76,"y":-10.49,"rotation":-72.27},{"name":"MON10061_ DL_9","parent":"MON10061_ DL_11","length":23.53,"x":18.78,"y":-0.13,"rotation":8.21},{"name":"MON10061_ DL_10","parent":"MON10061_ DL_9","length":13.12,"x":23.01,"y":0.25,"rotation":-10.35},{"name":"MON10061_ DL_12","parent":"MON10061_ DL_15","length":30.63,"x":-19.69,"y":-14.9,"rotation":-142.55},{"name":"MON10061_ DL_13","parent":"MON10061_ DL_12","length":21.01,"x":30.09,"y":-0.84,"rotation":70.35},{"name":"MON10061_ DL_14","parent":"MON10061_ DL_13","length":12.47,"x":20.64,"y":-0.15,"rotation":-62.6},{"name":"MON10061_ DL_18","parent":"bone","length":30.27,"x":25.22,"y":15.67,"rotation":145.65},{"name":"MON10061_ DL_17","parent":"MON10061_ DL_18","length":22.11,"x":29.88,"y":0.24,"rotation":-25.58},{"name":"MON10061_ DL_19","parent":"MON10061_ DL_17","length":13.54,"x":21.7,"y":0.02,"rotation":15.64},{"name":"MON10061_ DL_20","parent":"MON10061_ DL_19","length":24.35,"x":5.46,"y":0.17,"rotation":8.16},{"name":"MON10061_ DL_21","parent":"MON10061_ DL_2","length":24.46,"x":45.21,"y":-11.95,"rotation":179.79},{"name":"MON10061_ DL_22","parent":"MON10061_ DL_2","length":16.93,"x":67.84,"y":-20.5,"rotation":-47.9},{"name":"bone2","parent":"MON10061_ DL_22","length":13.85,"x":16.94,"y":-0.01,"rotation":-21.62},{"name":"bone3","parent":"bone2","length":15.03,"x":13.85,"y":0.02,"rotation":-53.61},{"name":"bone4","parent":"bone3","length":13.98,"x":15.04,"y":-0.07,"rotation":-35.47},{"name":"bone5","parent":"bone4","length":15.62,"x":13.98,"y":0.06,"rotation":-18.33},{"name":"bone6","parent":"bone5","length":14.62,"x":15.62,"y":0.01,"rotation":-5.16},{"name":"bone7","parent":"bone6","length":14.97,"x":14.62,"rotation":-7.9},{"name":"bone8","parent":"bone7","length":9.93,"x":14.97,"rotation":5.58},{"name":"bone9","parent":"bone8","length":9.22,"x":9.93,"rotation":10.98},{"name":"bone11","parent":"MON10061_ DL_1","length":19.22,"x":19.21,"rotation":-1.01},{"name":"bone12","parent":"bone11","length":16.52,"x":19.56,"rotation":-2.73},{"name":"bone13","parent":"bone12","length":13.99,"x":16.52,"rotation":-6.56},{"name":"bone14","parent":"MON10061_ DL_3","length":15.43,"x":15.12,"rotation":-2.63},{"name":"bone15","parent":"bone14","length":13.07,"x":15.44,"rotation":3.23},{"name":"bone16","parent":"bone15","length":12.39,"x":13.07,"rotation":0.23},{"name":"bone17","parent":"MON10061_ DL_21","length":26.47,"x":24.46,"rotation":-2.22},{"name":"bone18","parent":"bone17","length":20.6,"x":26.47,"rotation":-4.37},{"name":"bone19","parent":"bone18","length":21.04,"x":20.6,"rotation":-5.15},{"name":"shadow","parent":"root","length":22.84,"x":0.04,"y":-0.91,"rotation":-90}],"slots":[{"name":"shadow","bone":"shadow","attachment":"shadow"},{"name":"MON10061_ DL_21","bone":"MON10061_ DL_22","attachment":"MON10061_ DL_21"},{"name":"MON10061_ DL_20","bone":"MON10061_ DL_21","attachment":"MON10061_ DL_20"},{"name":"MON10061_ DL_19","bone":"MON10061_ DL_20","attachment":"MON10061_ DL_19"},{"name":"MON10061_ DL_18","bone":"MON10061_ DL_18","attachment":"MON10061_ DL_18"},{"name":"MON10061_ DL_17","bone":"MON10061_ DL_17","attachment":"MON10061_ DL_17"},{"name":"MON10061_ DL_16","bone":"MON10061_ DL_19","attachment":"MON10061_ DL_16"},{"name":"MON10061_ DL_15","bone":"MON10061_ DL_16","attachment":"MON10061_ DL_15"},{"name":"MON10061_ DL_14","bone":"MON10061_ DL_14","attachment":"MON10061_ DL_14"},{"name":"MON10061_ DL_13","bone":"MON10061_ DL_13","attachment":"MON10061_ DL_13"},{"name":"MON10061_ DL_12","bone":"MON10061_ DL_12","attachment":"MON10061_ DL_12"},{"name":"MON10061_ DL_11","bone":"MON10061_ DL_11","attachment":"MON10061_ DL_11"},{"name":"MON10061_ DL_10","bone":"MON10061_ DL_10","attachment":"MON10061_ DL_10"},{"name":"MON10061_ DL_9","bone":"MON10061_ DL_9","attachment":"MON10061_ DL_9"},{"name":"MON10061_ DL_8","bone":"MON10061_ DL_8","attachment":"MON10061_ DL_8"},{"name":"MON10061_ DL_6","bone":"MON10061_ DL_6","attachment":"MON10061_ DL_6"},{"name":"MON10061_ DL_5","bone":"MON10061_ DL_5","attachment":"MON10061_ DL_5"},{"name":"MON10061_ DL_4","bone":"MON10061_ DL_4","attachment":"MON10061_ DL_4"},{"name":"MON10061_ DL_3","bone":"MON10061_ DL_3","attachment":"MON10061_ DL_3"},{"name":"MON10061_ DL_2","bone":"MON10061_ DL_2","attachment":"MON10061_ DL_2"},{"name":"MON10061_ DL_1","bone":"MON10061_ DL_1","attachment":"MON10061_ DL_1"},{"name":"MON10061_ DL_7","bone":"MON10061_ DL_7","attachment":"MON10061_ DL_7"}],"skins":{"default":{"MON10061_ DL_1":{"MON10061_ DL_1":{"type":"weightedmesh","uvs":[1,0.05626,1,0.36786,1,0.61021,1,0.88108,0.65281,1,0.23483,1,0,1,0,0.80776,0,0.59596,0,0.35768,0,0.10922,0.6115,0,0.5381,0.39026,0.46483,0.60819,0.39158,0.81593],"triangles":[14,13,3,5,6,7,14,5,7,4,14,3,5,14,4,14,7,8,13,14,8,13,2,3,13,8,9,12,13,9,12,1,2,13,12,2,12,9,10,11,0,1,11,12,10,12,11,1],"vertices":[1,5,-6.59,7.16,1,3,5,18.94,7.63,0.50263,32,-0.39,7.62,0.49736,34,-37.34,2.42,0,3,32,19.45999,8.33,0.46907,33,-0.49,8.3,0.53092,34,-17.85,6.32,0,2,33,21.63,10.14999,0.1772,34,3.92,10.67,0.82279,1,34,14.57,7.13,1,1,34,15.88,0.57,1,1,34,16.62,-3.1,1,2,33,16.96999,-6.29,0.45956,34,1.16,-6.19,0.54043,3,32,18.86,-7.7,0.53798,33,-0.33,-7.73,0.46201,34,-15.86,-9.59,0,2,5,18.4,-8.38,0.58084,32,-0.66,-8.39,0.41915,1,5,-1.96,-8.75,1,1,5,-11.09,0.86,1,1,32,1.7,0.3,1,2,32,19.6,-0.23,0.5,33,0.04,-0.23,0.5,2,33,17.12,0,0.5,34,0.58999,0.07,0.5],"hull":12}},"MON10061_ DL_10":{"MON10061_ DL_10":{"x":6,"y":1.71,"rotation":74.35,"width":18,"height":17}},"MON10061_ DL_11":{"MON10061_ DL_11":{"x":11.28,"y":-0.31,"rotation":72.19,"width":30,"height":31}},"MON10061_ DL_12":{"MON10061_ DL_12":{"x":15.38,"y":-1.17,"rotation":142.28,"width":40,"height":29}},"MON10061_ DL_13":{"MON10061_ DL_13":{"x":8.44,"y":4.08,"rotation":72.1,"width":32,"height":27}},"MON10061_ DL_14":{"MON10061_ DL_14":{"x":1.27,"y":2.39,"rotation":134.57,"width":23,"height":14}},"MON10061_ DL_15":{"MON10061_ DL_15":{"type":"weightedmesh","uvs":[1,0.27602,0.99999,0.52875,0.98147,0.59581,1,0.67294,1,0.8848,1,0.95699,0.88996,1,0.80449,1,0.45503,1,0.17383,1,0.15472,0.80966,0.15199,0.74571,0.05363,0.63198,0,0.57371,0,0.29807,0,0.11063,0.17649,0,0.34856,0,1,0,0.29122,0.43258,0.42227,0.84273,0.23389,0.2694,0.64341,0.49212,0.37111,0.68261,0.67891,0.66191,0.7417,0.80525,0.82073,0.06304,0.82107,0.38445],"triangles":[26,17,18,21,16,17,15,16,21,21,17,26,26,18,0,14,15,21,27,26,0,22,21,26,22,19,21,26,27,22,1,27,0,19,13,14,19,14,21,2,27,1,12,13,19,24,22,27,23,19,22,11,12,19,24,27,2,23,22,24,23,11,19,3,25,24,3,24,2,10,11,23,20,23,24,20,24,25,10,23,20,25,3,4,6,7,25,9,10,20,8,20,25,9,20,8,25,4,6,8,25,7,5,6,4],"vertices":[2,2,41.37,-42.53,0.12588,3,20.45,-39.2,0.87411,2,2,22.98,-38.06,0.47878,3,1.54,-38.52,0.52121,2,2,18.67,-34.34999,0.62673,3,-3.43,-35.75,0.37326,2,2,11.29,-35.22,0.80606,3,-10.47999,-38.09,0.19393,2,2,-4.76,-31.32,0.97906,3,-26.99,-37.49,0.02093,1,2,-10.22999,-29.99,1,2,2,-11.86,-22.46,0.99881,3,-35.72,-30.24,0.00118,1,2,-10.58,-17.23,1,1,2,-5.39,4.15,1,1,2,-1.2,21.37,1,2,2,13.5,19.03,0.96,3,-19.21999,15.51,0.04,2,2,18.39,18.02,0.8549,3,-14.23,15.5,0.14509,2,2,29.43,21.88,0.44029,3,-4.17999,21.5,0.5597,2,2,33.68,24.16,0.32499,3,-0.47,24.59,0.675,2,2,54.57,19.09,0.0123,3,21,23.81,0.98769,1,3,35.62,23.28,1,1,3,43.77,9.97,1,1,3,43.45,1.03,1,2,2,62.29,-47.61,0.00296,3,41.97,-39.98,0.99703,2,2,40.05,3.73,0.03065,3,9.85999,5.85,0.96934,1,2,7.01,3.26,1,2,2,53.27,4.23999,1.0E-5,3,22.71,9,0.99998,2,2,30.3,-16.71999,0.30077,3,4.42,-16.15,0.69922,1,2,19.91,3.45,1,2,2,16.9,-15.77,0.79234,3,-8.89,-17.9,0.20765,2,2,5.1,-16.96999,0.95033,3,-20.20999,-21.45,0.04966,1,3,37.46,-28.52,1,2,2,35.81,-29.58,0.25018,3,12.41,-27.63,0.74981],"hull":19}},"MON10061_ DL_16":{"MON10061_ DL_16":{"x":5.53,"y":-0.41,"rotation":145.32,"width":23,"height":25}},"MON10061_ DL_17":{"MON10061_ DL_17":{"x":9.49,"y":0.49,"rotation":144.16,"width":29,"height":26}},"MON10061_ DL_18":{"MON10061_ DL_18":{"x":15.01,"y":0.19,"rotation":114.44,"width":28,"height":43}},"MON10061_ DL_19":{"MON10061_ DL_19":{"x":-26.72,"y":-5.27,"rotation":137.44,"width":116,"height":118}},"MON10061_ DL_2":{"MON10061_ DL_2":{"x":36.08,"y":7.01,"rotation":-94.34,"width":136,"height":114}},"MON10061_ DL_20":{"MON10061_ DL_20":{"type":"weightedmesh","uvs":[0.89537,0.06484,0.91181,0.26321,1,0.37096,1,0.62076,1,0.7677,0.85263,0.89749,0.64551,1,0.38794,1,0.20825,1,0.11948,0.86076,0,0.73586,0,0.6477,0,0.46892,0,0.33913,0,0.19219,0.06595,0.07637,0.19838,0,0.39486,0,0.73099,0,0.42732,0.30612,0.43099,0.56875,0.42386,0.79386,0.42991,0.49098,0.41405,0.18092],"triangles":[5,6,21,6,7,21,7,8,21,8,9,21,4,5,3,20,21,9,20,3,5,11,20,9,5,21,20,11,9,10,20,12,22,20,11,12,3,22,2,3,20,22,22,1,2,22,13,19,22,19,1,22,12,13,13,23,19,23,14,15,23,13,14,19,23,1,23,0,1,23,18,0,15,16,23,16,17,23,23,17,18],"vertices":[3,22,3.49,35.99,0.84014,38,-22.33,35.15,0.15479,39,-51.35,31.34,0.00504,4,22,25.19,36.58,0.43839,38,-0.67,36.58,0.4656,39,-29.86,34.41999,0.09538,40,-53.34,29.77,6.1E-4,4,22,33.97,41.43999,0.25415,38,7.9,41.77,0.55203,39,-21.69,40.25,0.18615,40,-45.73,36.31,0.00764,4,22,58.38,39.66999,0.03064,38,32.36,40.95,0.38292,39,2.75,41.28,0.45769,40,-21.46,39.53,0.12872,4,22,72.26999,38.66999,0.00243,38,46.28,40.48,0.22372,39,16.66,41.87,0.50629,40,-7.66,41.36,0.26753,3,38,59.11,29.28,0.0812,39,30.31,31.68,0.40512,40,6.83,32.43,0.51366,3,38,68.62999,13.83,0.00408,39,40.98,17,0.12574,40,18.78,18.76,0.87017,2,38,68,-4.94999,0,40,21.25,0.12,0.99999,2,39,42.34,-14.88,0.01529,40,22.98,-12.87,0.9847,3,38,53.42,-25.27,0.03909,39,28.79,-23.14,0.30422,40,10.22,-22.31,0.65667,4,22,64.36,-33.93999,0.00164,38,41.16999,-32.38,0.17807,39,17.12,-31.17,0.52747,40,-0.67,-31.35,0.29279,4,22,55.74,-33.32,0.01689,38,32.54,-32.09,0.30539,39,8.47999,-31.53,0.51827,40,-9.24,-32.49,0.15943,4,22,38.27,-32.05,0.16894,38,15.03,-31.5,0.57937,39,-9.01,-32.27,0.23917,40,-26.61,-34.79,0.0125,3,22,25.58,-31.13,0.4393,38,2.32,-31.07,0.4853,39,-21.72,-32.81,0.07537,3,22,11.22,-30.09,0.73724,38,-12.07,-30.59,0.25244,39,-36.11,-33.41999,0.01031,1,22,4.15,-23.79,1,2,22,-6.51,-14.29,0.99175,38,-30.4,-15.48,0.00824,2,22,-5.47,0.01,1,39,-56.15,-5.42,0,1,22,-3.7,24.48,1,2,22,24.61,0.2,0.5,38,0.13,0.21,0.5,2,38,25.87,-0.38,0.5,39,-0.57,-0.42,0.5,2,39,21.49,-0.01,0.5,40,0.88,0.06,0.5,1,38,18.25,-0.21,1,1,22,12.3,0.12,1],"hull":19}},"MON10061_ DL_21":{"MON10061_ DL_21":{"type":"weightedmesh","uvs":[0.89384,0.06481,1,0.18343,1,0.27833,1,0.45231,1,0.60731,1,0.75914,0.94477,0.87387,0.95793,1,0.86366,1,0.76999,1,0.66375,0.91781,0.64468,0.76903,0.63879,0.63948,0.59553,0.47954,0.53292,0.38115,0.49965,0.36893,0.42335,0.3409,0.21594,0.3476,0,0.41916,0,0.32211,0,0.10163,0.16507,0,0.44683,0,0.78866,0,0.24309,0.18054,0.45573,0.11533,0.69839,0.18584,0.8026,0.30735,0.84755,0.47416,0.86275,0.62119,0.82847,0.77109,0.82378,0.87573,0.35641,0.14579],"triangles":[8,6,7,9,31,8,8,31,6,9,10,31,10,11,31,31,30,6,31,11,30,6,30,5,30,29,5,29,30,12,30,11,12,29,4,5,12,28,29,12,13,28,29,28,4,28,3,4,28,13,27,13,14,27,28,27,3,27,2,3,27,14,26,14,15,26,2,27,1,0,1,27,27,26,0,26,15,25,15,16,25,26,23,0,23,26,22,26,25,22,16,24,32,16,32,25,20,21,24,24,21,32,32,22,25,32,21,22,18,19,17,16,17,24,17,19,24,19,20,24],"vertices":[3,25,18.83,15.93,0.62107,26,-6.19,15.24,0.37888,28,-40.12,4.46,3.0E-5,4,25,29.63,8.58,0.15564,26,6.85,15.52,0.79639,27,-11.62,12.44,0.04786,28,-28.25,9.92,1.0E-4,3,25,34.09,0.43,0.011,26,15.23,11.46,0.62905,27,-2.39,11.22,0.35994,2,27,14.5,8.97999,0.64997,28,-1.91,8.83,0.35002,2,28,13.26,8.18999,0.65901,29,-2.46,7.93,0.34098,2,29,12.35,9.35999,0.74054,30,-1.7,9.58,0.25944,3,29,23.84,7.36,0.0026,30,9.54,6.47,0.54889,31,0.84,6.42,0.4485,2,29,36.08,9.28,6.0E-5,31,13.12,4.78,0.99993,1,31,12.1,-0.4,1,2,30,21.89,-5.87,0.02275,31,10.61,-8.04,0.97724,3,29,30.43,-9.22999,0.00389,30,14.48,-10.68,0.298,31,2.42,-11.36,0.6981,4,28,29,-13.59,0.00677,29,16.11,-11.49,0.46751,30,0.01,-11.54,0.4933,31,-11.94,-9.43999,0.03241,4,27,29.35,-14.5,0.01326,28,14.98,-13.23,0.44684,29,2.16,-13.05,0.52121,30,-14.01,-11.74,0.01868,6,23,9.05,-35.06,0.00679,24,5.58,-35.49,3.7E-4,26,23.1,-17.52,0.04928,27,14.18,-13.82,0.50861,28,-0.18,-13.92,0.42346,29,-12.76,-15.81,0.01145,6,23,13.64,-25.89,0.08807,24,6.46,-25.27,0.03633,25,15.98,-20.95999,0.06132,26,12.89,-16.46999,0.28205,27,4.16,-16.04,0.47234,28,-9.97,-17.02,0.05985,6,23,13.22,-23.71,0.14433,24,5.28,-23.4,0.06219,25,13.77,-20.81,0.09618,26,11,-17.62,0.30703,27,2.73,-17.73,0.35947,28,-11.24,-18.83,0.03075,6,23,12.28,-18.71999,0.34796,24,2.56,-19.11,0.13517,25,8.71,-20.45,0.13428,26,6.66,-20.27,0.21678,27,-0.55,-21.6,0.16095,28,-14.17,-22.99,0.00484,1,23,3.81,-10.75,1,1,23,-9.59,-6.8,1,2,23,-2.69,-0.26,0.99975,24,-18.16,-7.46,2.4E-4,3,23,12.98,14.6,0.67,24,-9.06,12.13,0.32999,25,-23.34,-11.26,0,3,23,26.56,14.75,0.18442,24,3.51,17.27,0.81508,25,-20.01,1.91,4.9E-4,3,24,17.82,10.62,0.56263,25,-6.17,9.47999,0.43736,28,-47.51,-20.29,0,4,24,35.18,2.56,0.00492,25,10.61,18.67,0.81354,26,-14.48,12.71,0.1815,28,-46.71,-1.15,2.0E-5,2,23,16.73,-0.58999,0.5,24,0.02,-0.61,0.5,2,24,13.51,0.16,0.5,25,-0.31,-0.18,0.5,2,25,14.92,0.27,0.5,26,-0.29,0.21,0.5,2,26,12.97,0.27,0.5,27,-1.02,-0.11,0.5,2,27,15.51,0.23,0.5,28,-0.12,0.2,0.5,2,28,14.3,0.46,0.5,29,-0.37,0.41,0.5,2,29,14.43,-0.08,0.5,30,-0.54,-0.02,0.5,2,30,9.71,-0.3,0.5,31,-0.27,-0.25,0.5,1,24,7.21,-0.19,1],"hull":24}},"MON10061_ DL_3":{"MON10061_ DL_3":{"type":"weightedmesh","uvs":[1,0.18559,1,0.53897,1,0.76929,1,1,0.66337,1,0,1,0,0.80716,0,0.55159,0,0.28971,0,0,0.62689,0,0.34165,0.28916,0.44918,0.55693,0.55635,0.78939],"triangles":[5,6,13,4,13,2,5,13,4,4,2,3,13,12,1,2,13,1,6,12,13,7,8,11,1,12,0,7,11,12,6,7,12,11,9,10,11,10,0,8,9,11,12,11,0],"vertices":[2,6,9.22999,5.63,0.99391,35,-6.15,5.36,0.00608,2,35,14.34,4.9,0.68055,36,-0.82,4.94999,0.31944,2,36,12.49,3.9,0.62,37,-0.56,3.9,0.37999,1,37,12.77,2.79,1,1,37,12.54,0.11,1,1,37,12.1,-5.17,1,2,36,14.05,-4.23999,0.28496,37,0.96,-4.23999,0.71503,2,35,14.89,-3.11,0.6483,36,-0.72,-3.07,0.35169,2,6,14.7,-2.75,0.5885,35,-0.29,-2.76,0.41149,1,6,-2.05,-1.6,1,1,6,-1.71,3.39,1,2,6,14.86,-0.02,0.5,35,-0.26,-0.03,0.5,2,35,15.28,0.47,0.5,36,-0.13,0.48,0.5,2,36,13.37,0.27,0.5,37,0.3,0.27,0.5],"hull":11}},"MON10061_ DL_4":{"MON10061_ DL_4":{"x":9.9,"y":-0.67,"rotation":72.64,"width":27,"height":31}},"MON10061_ DL_5":{"MON10061_ DL_5":{"x":9.5,"y":-1.76,"rotation":81.13,"width":25,"height":25}},"MON10061_ DL_6":{"MON10061_ DL_6":{"x":20.29,"y":1.43,"rotation":30.26,"width":45,"height":38}},"MON10061_ DL_7":{"MON10061_ DL_7":{"x":-10.66,"y":-8.53,"rotation":80.15,"width":139,"height":87}},"MON10061_ DL_8":{"MON10061_ DL_8":{"type":"mesh","uvs":[1,0.30214,0.8525,0.44392,0.62142,0.46348,0.60716,0.64164,0.59481,0.79592,0.47239,1,0.35707,1,0.24352,1,0.1211,0.82281,0.1279,0.60597,0.13352,0.42681,0,0.34125,0,0.13348,0.20492,0.05281,0.36815,0.11637,0.56686,0.11148,0.72653,0,1,0,0.35598,0.44353,0.33932,0.76659,0.34741,0.60971],"triangles":[16,17,0,11,12,13,10,11,13,10,13,14,18,10,14,1,16,0,15,16,1,2,15,1,18,14,15,2,18,15,9,10,18,20,9,18,20,18,2,3,20,2,19,9,20,19,20,3,4,19,3,8,9,19,7,8,19,5,6,19,7,19,6,4,5,19],"vertices":[-2.71,41.68,3.79,32.62,4.87,18.31,12.9,17.54,19.86,16.87999,29.15,9.42,29.25,2.27,29.35,-4.76,21.49,-12.46,11.73,-12.18,3.66,-11.95,-0.06,-20.28,-9.41,-20.42,-13.22,-7.76,-10.51,2.39,-10.91,14.7,-16.06,24.53,-16.31,41.48,4.21,1.84,18.76,1.02,11.7,1.42],"hull":18}},"MON10061_ DL_9":{"MON10061_ DL_9":{"x":10.42,"y":2.21,"rotation":63.87,"width":36,"height":32}},"shadow":{"shadow":{"x":2.26,"y":0.16,"scaleX":1.499,"scaleY":1.473,"rotation":90,"width":85,"height":42}}}},"animations":{"animation":{"bones":{"root":{"rotate":[{"time":0,"angle":0,"curve":"stepped"},{"time":1.0666,"angle":0}],"translate":[{"time":0,"x":0,"y":0,"curve":"stepped"},{"time":1.0666,"x":0,"y":0}],"scale":[{"time":0,"x":1,"y":1,"curve":"stepped"},{"time":1.0666,"x":1,"y":1}]},"MON10061_ DL_15":{"rotate":[{"time":0,"angle":0,"curve":"stepped"},{"time":1.0666,"angle":0}],"translate":[{"time":0,"x":0,"y":0,"curve":"stepped"},{"time":1.0666,"x":0,"y":0}],"scale":[{"time":0,"x":1,"y":1,"curve":"stepped"},{"time":1.0666,"x":1,"y":1}]},"MON10061_ DL_16":{"rotate":[{"time":0,"angle":0,"curve":[0.25,0,0.75,1]},{"time":0.5333,"angle":2.85,"curve":[0.25,0,0.75,1]},{"time":1.0666,"angle":0}],"translate":[{"time":0,"x":0,"y":0,"curve":[0.25,0,0.75,1]},{"time":0.5333,"x":1.36,"y":-7.69,"curve":[0.25,0,0.75,1]},{"time":1.0666,"x":0,"y":0}],"scale":[{"time":0,"x":1,"y":1,"curve":"stepped"},{"time":1.0666,"x":1,"y":1}]},"bone":{"rotate":[{"time":0,"angle":0,"curve":"stepped"},{"time":1.0666,"angle":0}],"translate":[{"time":0,"x":0,"y":0},{"time":0.5333,"x":-4.2,"y":0.36},{"time":1.0666,"x":0,"y":0}],"scale":[{"time":0,"x":1,"y":1,"curve":"stepped"},{"time":1.0666,"x":1,"y":1}]},"MON10061_ DL_2":{"rotate":[{"time":0,"angle":0},{"time":0.3333,"angle":-2.6},{"time":0.6666,"angle":4.77},{"time":1.0666,"angle":0}],"translate":[{"time":0,"x":0,"y":0},{"time":0.6666,"x":-3.88,"y":-0.13},{"time":1.0666,"x":0,"y":0}],"scale":[{"time":0,"x":1,"y":1,"curve":"stepped"},{"time":1.0666,"x":1,"y":1}]},"MON10061_ DL_1":{"rotate":[{"time":0,"angle":0},{"time":0.3333,"angle":-351.36},{"time":0.6666,"angle":5.15},{"time":1.0666,"angle":0}],"translate":[{"time":0,"x":0,"y":0,"curve":"stepped"},{"time":1.0666,"x":0,"y":0}],"scale":[{"time":0,"x":1,"y":1,"curve":"stepped"},{"time":1.0666,"x":1,"y":1}]},"bone11":{"rotate":[{"time":0,"angle":0},{"time":0.3333,"angle":7.87},{"time":0.6666,"angle":9.77},{"time":1.0666,"angle":0}],"translate":[{"time":0,"x":0,"y":0,"curve":"stepped"},{"time":1.0666,"x":0,"y":0}],"scale":[{"time":0,"x":1,"y":1,"curve":"stepped"},{"time":1.0666,"x":1,"y":1}]},"bone12":{"rotate":[{"time":0,"angle":0},{"time":0.3333,"angle":-2.51},{"time":0.6666,"angle":14.72},{"time":1.0666,"angle":0}],"translate":[{"time":0,"x":0,"y":0,"curve":"stepped"},{"time":1.0666,"x":0,"y":0}],"scale":[{"time":0,"x":1,"y":1,"curve":"stepped"},{"time":1.0666,"x":1,"y":1}]},"bone13":{"rotate":[{"time":0,"angle":0},{"time":0.3333,"angle":-5.86},{"time":0.6666,"angle":27.87},{"time":1.0666,"angle":0}],"translate":[{"time":0,"x":0,"y":0,"curve":"stepped"},{"time":1.0666,"x":0,"y":0}],"scale":[{"time":0,"x":1,"y":1,"curve":"stepped"},{"time":1.0666,"x":1,"y":1}]},"MON10061_ DL_3":{"rotate":[{"time":0,"angle":0},{"time":0.3333,"angle":-15.5},{"time":0.6666,"angle":-1.64},{"time":1.0666,"angle":0}],"translate":[{"time":0,"x":0,"y":0,"curve":"stepped"},{"time":1.0666,"x":0,"y":0}],"scale":[{"time":0,"x":1,"y":1,"curve":"stepped"},{"time":1.0666,"x":1,"y":1}]},"bone14":{"rotate":[{"time":0,"angle":0},{"time":0.3333,"angle":11.3},{"time":0.6666,"angle":-5.04},{"time":1.0666,"angle":0}],"translate":[{"time":0,"x":0,"y":0,"curve":"stepped"},{"time":1.0666,"x":0,"y":0}],"scale":[{"time":0,"x":1,"y":1,"curve":"stepped"},{"time":1.0666,"x":1,"y":1}]},"bone15":{"rotate":[{"time":0,"angle":0},{"time":0.3333,"angle":4.58},{"time":0.6666,"angle":-13.54},{"time":1.0666,"angle":0}],"translate":[{"time":0,"x":0,"y":0,"curve":"stepped"},{"time":1.0666,"x":0,"y":0}],"scale":[{"time":0,"x":1,"y":1,"curve":"stepped"},{"time":1.0666,"x":1,"y":1}]},"bone16":{"rotate":[{"time":0,"angle":0},{"time":0.3333,"angle":17.28},{"time":0.6666,"angle":-5.65},{"time":1.0666,"angle":0}],"translate":[{"time":0,"x":0,"y":0,"curve":"stepped"},{"time":1.0666,"x":0,"y":0}],"scale":[{"time":0,"x":1,"y":1,"curve":"stepped"},{"time":1.0666,"x":1,"y":1}]},"MON10061_ DL_6":{"rotate":[{"time":0,"angle":0},{"time":0.5333,"angle":31.47},{"time":1.0666,"angle":0}],"translate":[{"time":0,"x":0,"y":0,"curve":"stepped"},{"time":1.0666,"x":0,"y":0}],"scale":[{"time":0,"x":1,"y":1,"curve":"stepped"},{"time":1.0666,"x":1,"y":1}]},"MON10061_ DL_4":{"rotate":[{"time":0,"angle":0},{"time":0.5333,"angle":3.18},{"time":1.0666,"angle":0}],"translate":[{"time":0,"x":0,"y":0,"curve":"stepped"},{"time":1.0666,"x":0,"y":0}],"scale":[{"time":0,"x":1,"y":1},{"time":0.5333,"x":1.105,"y":1.047},{"time":1.0666,"x":1,"y":1}]},"MON10061_ DL_5":{"rotate":[{"time":0,"angle":0,"curve":"stepped"},{"time":1.0666,"angle":0}],"translate":[{"time":0,"x":0,"y":0,"curve":"stepped"},{"time":1.0666,"x":0,"y":0}],"scale":[{"time":0,"x":1,"y":1,"curve":"stepped"},{"time":1.0666,"x":1,"y":1}]},"MON10061_ DL_7":{"rotate":[{"time":0,"angle":0},{"time":0.5333,"angle":-12.16},{"time":1.0666,"angle":0}],"translate":[{"time":0,"x":0,"y":0,"curve":"stepped"},{"time":1.0666,"x":0,"y":0}],"scale":[{"time":0,"x":1,"y":1},{"time":0.5333,"x":1.104,"y":1.029},{"time":1.0666,"x":1,"y":1}]},"MON10061_ DL_18":{"rotate":[{"time":0,"angle":0},{"time":0.5333,"angle":-50.46},{"time":1.0666,"angle":0}],"translate":[{"time":0,"x":0,"y":0,"curve":"stepped"},{"time":1.0666,"x":0,"y":0}],"scale":[{"time":0,"x":1,"y":1,"curve":"stepped"},{"time":1.0666,"x":1,"y":1}]},"MON10061_ DL_17":{"rotate":[{"time":0,"angle":0},{"time":0.5333,"angle":11.2},{"time":1.0666,"angle":0}],"translate":[{"time":0,"x":0,"y":0,"curve":"stepped"},{"time":1.0666,"x":0,"y":0}],"scale":[{"time":0,"x":1,"y":1},{"time":0.5333,"x":0.914,"y":0.939},{"time":1.0666,"x":1,"y":1}]},"MON10061_ DL_19":{"rotate":[{"time":0,"angle":0},{"time":0.5333,"angle":8.74},{"time":1.0666,"angle":0}],"translate":[{"time":0,"x":0,"y":0,"curve":"stepped"},{"time":1.0666,"x":0,"y":0}],"scale":[{"time":0,"x":1,"y":1,"curve":"stepped"},{"time":1.0666,"x":1,"y":1}]},"MON10061_ DL_20":{"rotate":[{"time":0,"angle":0,"curve":"stepped"},{"time":1.0666,"angle":0}],"translate":[{"time":0,"x":0,"y":0,"curve":"stepped"},{"time":1.0666,"x":0,"y":0}],"scale":[{"time":0,"x":1,"y":1},{"time":0.5333,"x":0.908,"y":0.924},{"time":1.0666,"x":1,"y":1}]},"MON10061_ DL_8":{"rotate":[{"time":0,"angle":0,"curve":"stepped"},{"time":1.0666,"angle":0}],"translate":[{"time":0,"x":0,"y":0,"curve":"stepped"},{"time":1.0666,"x":0,"y":0}],"scale":[{"time":0,"x":1,"y":1,"curve":"stepped"},{"time":1.0666,"x":1,"y":1}]},"MON10061_ DL_11":{"rotate":[{"time":0,"angle":0,"curve":"stepped"},{"time":1.0666,"angle":0}],"translate":[{"time":0,"x":0,"y":0},{"time":0.5333,"x":2.3,"y":-7.48},{"time":1.0666,"x":0,"y":0}],"scale":[{"time":0,"x":1,"y":1,"curve":"stepped"},{"time":1.0666,"x":1,"y":1}]},"MON10061_ DL_9":{"rotate":[{"time":0,"angle":0},{"time":0.5333,"angle":5},{"time":1.0666,"angle":0}],"translate":[{"time":0,"x":0,"y":0,"curve":"stepped"},{"time":1.0666,"x":0,"y":0}],"scale":[{"time":0,"x":1,"y":1},{"time":0.5333,"x":0.797,"y":1},{"time":1.0666,"x":1,"y":1}]},"MON10061_ DL_10":{"rotate":[{"time":0,"angle":0},{"time":0.5333,"angle":-8.95},{"time":1.0666,"angle":0}],"translate":[{"time":0,"x":0,"y":0},{"time":0.5333,"x":-0.3,"y":0.14},{"time":1.0666,"x":0,"y":0}],"scale":[{"time":0,"x":1,"y":1,"curve":"stepped"},{"time":1.0666,"x":1,"y":1}]},"MON10061_ DL_12":{"rotate":[{"time":0,"angle":0},{"time":0.5333,"angle":-13.88},{"time":1.0666,"angle":0}],"translate":[{"time":0,"x":0,"y":0},{"time":0.5333,"x":-0.82,"y":-8.41},{"time":1.0666,"x":0,"y":0}],"scale":[{"time":0,"x":1,"y":1,"curve":"stepped"},{"time":1.0666,"x":1,"y":1}]},"MON10061_ DL_13":{"rotate":[{"time":0,"angle":0},{"time":0.5333,"angle":29.59},{"time":1.0666,"angle":0}],"translate":[{"time":0,"x":0,"y":0,"curve":"stepped"},{"time":1.0666,"x":0,"y":0}],"scale":[{"time":0,"x":1,"y":1,"curve":"stepped"},{"time":1.0666,"x":1,"y":1}]},"MON10061_ DL_14":{"rotate":[{"time":0,"angle":0},{"time":0.5333,"angle":-18.83},{"time":1.0666,"angle":0}],"translate":[{"time":0,"x":0,"y":0,"curve":"stepped"},{"time":1.0666,"x":0,"y":0}],"scale":[{"time":0,"x":1,"y":1,"curve":"stepped"},{"time":1.0666,"x":1,"y":1}]},"MON10061_ DL_21":{"rotate":[{"time":0,"angle":0},{"time":0.3333,"angle":3.23},{"time":0.7,"angle":-3.53},{"time":1.0666,"angle":0}],"translate":[{"time":0,"x":0,"y":0,"curve":"stepped"},{"time":0.3333,"x":0,"y":0,"curve":"stepped"},{"time":1.0666,"x":0,"y":0}],"scale":[{"time":0,"x":1,"y":1,"curve":"stepped"},{"time":0.3333,"x":1,"y":1,"curve":"stepped"},{"time":1.0666,"x":1,"y":1}]},"bone17":{"rotate":[{"time":0,"angle":0},{"time":0.3333,"angle":10.84},{"time":0.7,"angle":9.92},{"time":1.0666,"angle":0}],"translate":[{"time":0,"x":0,"y":0,"curve":"stepped"},{"time":0.3333,"x":0,"y":0,"curve":"stepped"},{"time":1.0666,"x":0,"y":0}],"scale":[{"time":0,"x":1,"y":1,"curve":"stepped"},{"time":0.3333,"x":1,"y":1,"curve":"stepped"},{"time":1.0666,"x":1,"y":1}]},"bone18":{"rotate":[{"time":0,"angle":0},{"time":0.3333,"angle":-4.14},{"time":0.7,"angle":19.97},{"time":1.0666,"angle":0}],"translate":[{"time":0,"x":0,"y":0,"curve":"stepped"},{"time":0.3333,"x":0,"y":0,"curve":"stepped"},{"time":1.0666,"x":0,"y":0}],"scale":[{"time":0,"x":1,"y":1,"curve":"stepped"},{"time":0.3333,"x":1,"y":1,"curve":"stepped"},{"time":1.0666,"x":1,"y":1}]},"bone19":{"rotate":[{"time":0,"angle":0},{"time":0.3333,"angle":-3.49},{"time":0.7,"angle":18.18},{"time":1.0666,"angle":0}],"translate":[{"time":0,"x":0,"y":0,"curve":"stepped"},{"time":0.3333,"x":0,"y":0,"curve":"stepped"},{"time":1.0666,"x":0,"y":0}],"scale":[{"time":0,"x":1,"y":1,"curve":"stepped"},{"time":0.3333,"x":1,"y":1,"curve":"stepped"},{"time":1.0666,"x":1,"y":1}]},"shadow":{"rotate":[{"time":0,"angle":0,"curve":"stepped"},{"time":1.0666,"angle":0}],"translate":[{"time":0,"x":0,"y":0,"curve":"stepped"},{"time":1.0666,"x":0,"y":0}],"scale":[{"time":0,"x":1,"y":1},{"time":0.5333,"x":1.134,"y":1.143},{"time":1.0666,"x":1,"y":1}]},"MON10061_ DL_22":{"rotate":[{"time":0,"angle":0,"curve":"stepped"},{"time":0.5333,"angle":0,"curve":"stepped"},{"time":1.0666,"angle":0}],"translate":[{"time":0,"x":0,"y":0,"curve":"stepped"},{"time":0.5333,"x":0,"y":0,"curve":"stepped"},{"time":1.0666,"x":0,"y":0}],"scale":[{"time":0,"x":1,"y":1,"curve":"stepped"},{"time":0.5333,"x":1,"y":1,"curve":"stepped"},{"time":1.0666,"x":1,"y":1}]},"bone2":{"rotate":[{"time":0,"angle":0,"curve":"stepped"},{"time":0.5333,"angle":0,"curve":"stepped"},{"time":1.0666,"angle":0}],"translate":[{"time":0,"x":0,"y":0,"curve":"stepped"},{"time":0.5333,"x":0,"y":0,"curve":"stepped"},{"time":1.0666,"x":0,"y":0}],"scale":[{"time":0,"x":1,"y":1,"curve":"stepped"},{"time":0.5333,"x":1,"y":1,"curve":"stepped"},{"time":1.0666,"x":1,"y":1}]},"bone3":{"rotate":[{"time":0,"angle":0,"curve":"stepped"},{"time":0.5333,"angle":0,"curve":"stepped"},{"time":1.0666,"angle":0}],"translate":[{"time":0,"x":0,"y":0,"curve":"stepped"},{"time":0.5333,"x":0,"y":0,"curve":"stepped"},{"time":1.0666,"x":0,"y":0}],"scale":[{"time":0,"x":1,"y":1,"curve":"stepped"},{"time":0.5333,"x":1,"y":1,"curve":"stepped"},{"time":1.0666,"x":1,"y":1}]},"bone4":{"rotate":[{"time":0,"angle":5.07},{"time":0.5333,"angle":-2.3},{"time":1.0666,"angle":5.07}],"translate":[{"time":0,"x":0,"y":0,"curve":"stepped"},{"time":0.5333,"x":0,"y":0,"curve":"stepped"},{"time":1.0666,"x":0,"y":0}],"scale":[{"time":0,"x":1,"y":1,"curve":"stepped"},{"time":0.5333,"x":1,"y":1,"curve":"stepped"},{"time":1.0666,"x":1,"y":1}]},"bone5":{"rotate":[{"time":0,"angle":-6.59},{"time":0.2,"angle":3.87},{"time":0.5333,"angle":8.31},{"time":0.7333,"angle":-8.12},{"time":1.0666,"angle":-6.59}],"translate":[{"time":0,"x":0,"y":0,"curve":"stepped"},{"time":0.5333,"x":0,"y":0,"curve":"stepped"},{"time":1.0666,"x":0,"y":0}],"scale":[{"time":0,"x":1,"y":1,"curve":"stepped"},{"time":0.5333,"x":1,"y":1,"curve":"stepped"},{"time":1.0666,"x":1,"y":1}]},"bone6":{"rotate":[{"time":0,"angle":-12.84},{"time":0.2,"angle":-8.26},{"time":0.5333,"angle":26.08},{"time":0.7333,"angle":2.97},{"time":1.0666,"angle":-12.84}],"translate":[{"time":0,"x":0,"y":0,"curve":"stepped"},{"time":0.5333,"x":0,"y":0,"curve":"stepped"},{"time":1.0666,"x":0,"y":0}],"scale":[{"time":0,"x":1,"y":1,"curve":"stepped"},{"time":0.5333,"x":1,"y":1,"curve":"stepped"},{"time":1.0666,"x":1,"y":1}]},"bone7":{"rotate":[{"time":0,"angle":-12.47},{"time":0.2,"angle":-14.16},{"time":0.5333,"angle":8.39},{"time":0.7333,"angle":27.28},{"time":1.0666,"angle":-12.47}],"translate":[{"time":0,"x":0,"y":0,"curve":"stepped"},{"time":0.5333,"x":0,"y":0,"curve":"stepped"},{"time":1.0666,"x":0,"y":0}],"scale":[{"time":0,"x":1,"y":1,"curve":"stepped"},{"time":0.5333,"x":1,"y":1,"curve":"stepped"},{"time":1.0666,"x":1,"y":1}]},"bone8":{"rotate":[{"time":0,"angle":1.12},{"time":0.2,"angle":-30.19},{"time":0.5333,"angle":-22.74},{"time":0.7333,"angle":25.7},{"time":1.0666,"angle":1.12}],"translate":[{"time":0,"x":0,"y":0,"curve":"stepped"},{"time":0.5333,"x":0,"y":0,"curve":"stepped"},{"time":1.0666,"x":0,"y":0}],"scale":[{"time":0,"x":1,"y":1,"curve":"stepped"},{"time":0.5333,"x":1,"y":1,"curve":"stepped"},{"time":1.0666,"x":1,"y":1}]},"bone9":{"rotate":[{"time":0,"angle":0},{"time":0.2,"angle":-23.27},{"time":0.5333,"angle":-29.99},{"time":0.7333,"angle":9.76},{"time":1.0666,"angle":0}],"translate":[{"time":0,"x":0,"y":0,"curve":"stepped"},{"time":0.5333,"x":0,"y":0,"curve":"stepped"},{"time":1.0666,"x":0,"y":0}],"scale":[{"time":0,"x":1,"y":1,"curve":"stepped"},{"time":0.5333,"x":1,"y":1,"curve":"stepped"},{"time":1.0666,"x":1,"y":1}]}},"ffd":{"default":{"MON10061_ DL_8":{"MON10061_ DL_8":[{"time":0,"offset":4,"vertices":[-2.00479,1.73171,-3.86599,1.59145,-5.14333,4.94788,-10.5079,15.25906,0.15185,7.64747,-0.24954,3.59291,1.09885,2.46067,0.09924,-0.16929,-1.1644,-1.16467,0,0,0,0,0,0,0,0,0,0,0,0,0,0,0,0,1.57437,3.7894,-0.38161,0.75652]},{"time":0.3666,"offset":4,"vertices":[-2.39535,2.55996,-3.86599,1.59145,-6.79168,-0.43792,-12.76761,4.70985,-10.74179,-9.00307,-7.69701,-8.52465,-3.40826,-6.48897,-2.31956,1.52489,-1.1644,-1.16467,0,0,0,0,0,0,0,0,0,0,0,0,0,0,-0.58584,1.24238,-5.50958,-5.79136,-1.92711,1.1397]},{"time":0.7,"offset":4,"vertices":[-2.20937,2.16556,-3.51215,4.58201,-3.02195,5.62222,-5.00697,9.70683,-1.41593,-5.80508,-4.38339,-9.53405,-2.37388,-6.04221,-1.16775,0.71813,-1.1644,-1.16467,0,0,0,0,0,0,0,0,0,0,0,0,0,0,-0.6731,1.42739,2.26704,2.42828,2.15059,3.1294]},{"time":1.0666,"offset":4,"vertices":[-2.00479,1.73171,-3.86599,1.59145,-5.14333,4.94788,-10.5079,15.25906,0.15185,7.64747,-0.24954,3.59291,1.09885,2.46067,0.09924,-0.16929,-1.1644,-1.16467,0,0,0,0,0,0,0,0,0,0,0,0,0,0,0,0,1.57437,3.7894,-0.38161,0.75652]}]},"MON10061_ DL_20":{"MON10061_ DL_20":[{"time":0},{"time":0.3333,"offset":22,"vertices":[0.82168,-2.00007,0.51246,-2.10068,0.81719,-2.00204,1.10817,-1.85699,3.55776,-2.11112,3.20094,-2.62075,3.55314,-2.11936,3.83093,-1.56268,0.64722,1.56462,0.40913,1.64316,0.15804,1.686]},{"time":0.7,"offset":14,"vertices":[1.77034,2.31929,2.06504,2.06113,2.54364,1.42934,2.80057,0.81844,5.73013,1.82634,5.92302,1.04199,5.98503,-0.59043,5.69743,-1.92576,5.83462,0.96676,5.91143,0.17614,5.74085,-1.42121,5.27209,-2.67998,5.87693,-2.42138,5.00857,-3.91363,3.99634,-4.94292,5.68547,-1.50191,5.07161,-2.97655,4.26916,-4.04421,0.2649,4.15858,2.22656,3.52225,6.47224,11.18112,8.82833,9.4322,0,0,0,0,0,0,0,0,0,0,0,0,0,0,0,0,0,0,0,0,0,0,0,0,0,0,0,0,0,0,0,0,0,0,0,0,0,0,0,0,0,0,0,0,0,0,0,0,0,0,0,0,0,0,0,0,0,0,0,0,0,0,2.69322,0.85448,2.81657,0.2247]},{"time":1.0666}]}}}}}}