{"skeleton":{"hash":"gAKEF4Q6LDiO1gX4bCpDzLNfb7Q","spine":"3.1.03","width":327.13,"height":218.68},"bones":[{"name":"root"},{"name":"bone","parent":"root","x":-6.47,"y":64.03},{"name":"MON10077_DL_17","parent":"bone","length":22.57,"x":-3.21,"y":-22.54,"rotation":81.3},{"name":"bone2","parent":"MON10077_DL_17","length":34.41,"x":22.57,"rotation":0.92},{"name":"MON1007_DL_10","parent":"bone2","length":34.5,"x":34.51,"y":0.05,"rotation":4.69},{"name":"MON10077_DL_00","parent":"MON1007_DL_10","length":7.32,"x":25.57,"y":27.92,"rotation":84.93},{"name":"MON10077_DL_01","parent":"MON1007_DL_10","length":8.82,"x":27.42,"y":7.79,"rotation":-83.56},{"name":"MON10077_DL_3","parent":"MON1007_DL_10","length":7.83,"x":-6.88,"y":13.99,"rotation":148.58},{"name":"MON10077_DL_12","parent":"bone2","length":27.32,"x":19.49,"y":-38.82,"rotation":-135.39},{"name":"MON10077_DL_11","parent":"MON10077_DL_12","length":15.93,"x":26.49,"y":0.13,"rotation":5.17},{"name":"MON10077_DL_4","parent":"MON10077_DL_11","length":12.48,"x":14.12,"y":0.06,"rotation":12.8},{"name":"MON10077_DL_6","parent":"MON10077_DL_4","length":24.33,"x":3.87,"y":-11.98,"rotation":80.51},{"name":"MON10077_DL_5","parent":"MON10077_DL_6","length":57.95,"x":23.36,"y":0.33,"rotation":3.5},{"name":"MON10077_DL_7","parent":"bone2","length":28.89,"x":15.75,"y":-17.54,"rotation":-45.46},{"name":"MON10077_DL_08","parent":"MON1007_DL_10","length":15.61,"x":33.32,"y":16.09,"rotation":-46.7},{"name":"MON10077_DL_8","parent":"MON1007_DL_10","length":12.86,"x":31.68,"y":32.35,"rotation":52.71},{"name":"MON10077_DL_9","parent":"MON1007_DL_10","length":7.06,"x":7.38,"y":13.98,"rotation":-115.56},{"name":"MON10077_DL_010","parent":"MON1007_DL_10","length":6.49,"x":1.98,"y":17.84,"rotation":-91.5},{"name":"MON10077_DL_18","parent":"bone2","length":21.38,"x":4.52,"y":28.52,"rotation":147.58},{"name":"MON10077_DL_19","parent":"MON10077_DL_18","length":11.41,"x":20.39,"y":-0.38,"rotation":-4.82},{"name":"MON10077_DL_13","parent":"MON10077_DL_19","length":13.33,"x":10.27,"y":-0.38,"rotation":-3.29},{"name":"MON10077_DL_16","parent":"bone2","length":23.38,"x":11.15,"y":31.01,"rotation":51.54},{"name":"bone3","parent":"bone","length":8.38,"x":-6.69,"y":-19.02,"rotation":-91.46},{"name":"MON10077_DL_20","parent":"bone3","length":12.21,"x":0.9,"y":0.79,"rotation":2.24},{"name":"MON10077_DL_21","parent":"bone3","length":14.6,"x":4.66,"y":17.11,"rotation":48.27},{"name":"MON10077_DL_22","parent":"bone3","length":10.28,"x":7,"y":-8.17,"rotation":-37.02},{"name":"MON10077_DL_23","parent":"bone3","length":24.11,"x":10.92,"y":23.27,"rotation":19.72},{"name":"MON10077_DL_24","parent":"MON10077_DL_23","length":10.7,"x":22.92,"y":0.16,"rotation":-5.35},{"name":"MON10077_DL_25","parent":"bone3","length":19.97,"x":15.26,"y":-6.72,"rotation":-5.44},{"name":"MON10077_DL_26","parent":"bone3","length":6.53,"x":5.88,"y":2.29,"rotation":2.94},{"name":"MON10077_DL_27","parent":"MON10077_DL_25","length":9.53,"x":19.26,"y":0.24,"rotation":16.21},{"name":"MON10077_DL_28","parent":"MON1007_DL_10","length":6.49,"x":6.33,"y":23.78,"rotation":121.94},{"name":"MON10077_DL_30","parent":"MON10077_DL_13","length":24.33,"x":4.62,"y":10.02,"scaleX":-1,"rotation":93.14},{"name":"MON10077_DL_31","parent":"MON10077_DL_30","length":57.95,"x":23.36,"y":0.33,"rotation":3.5},{"name":"MON10077_DL_32","parent":"MON1007_DL_10","length":21.55,"x":40.39,"y":-29.52,"rotation":-160.89},{"name":"bone4","parent":"MON10077_DL_32","length":15.06,"x":21.55,"y":-0.04,"rotation":20.16},{"name":"bone5","parent":"bone4","length":12.13,"x":14.8,"y":0.16,"rotation":-23.85},{"name":"bone6","parent":"MON10077_DL_3","length":8.1,"x":7.83,"y":0.03,"rotation":-29.2},{"name":"bone7","parent":"bone6","length":7.78,"x":8.22,"y":0.26,"rotation":-30.4},{"name":"fx_jian","parent":"MON10077_DL_31","length":23.89,"x":50.11,"y":-1.37,"scaleX":2,"scaleY":2,"rotation":-89.69},{"name":"fx_jian2","parent":"MON10077_DL_5","length":23.89,"x":52.04,"y":2.75,"scaleX":-2,"scaleY":2,"rotation":-90.97},{"name":"shadow","parent":"root","length":12.71,"x":5.68,"y":-5.93,"rotation":-86.49}],"slots":[{"name":"shadow","bone":"shadow"},{"name":"MON10077_DL_30","bone":"MON10077_DL_32","attachment":"MON10077_DL_30"},{"name":"MON10077_DL_33","bone":"MON10077_DL_30","attachment":"MON10077_DL_6"},{"name":"MON10077_DL_34","bone":"MON10077_DL_31","attachment":"MON10077_DL_5"},{"name":"MON10077_DL_27","bone":"MON10077_DL_27","attachment":"MON10077_DL_27"},{"name":"MON10077_DL_26","bone":"MON10077_DL_26","attachment":"MON10077_DL_26"},{"name":"MON10077_DL_25","bone":"MON10077_DL_25","attachment":"MON10077_DL_25"},{"name":"MON10077_DL_24","bone":"MON10077_DL_24","attachment":"MON10077_DL_24"},{"name":"MON10077_DL_23","bone":"MON10077_DL_23","attachment":"MON10077_DL_23"},{"name":"MON10077_DL_22","bone":"MON10077_DL_22","attachment":"MON10077_DL_22"},{"name":"MON10077_DL_21","bone":"MON10077_DL_21","attachment":"MON10077_DL_21"},{"name":"MON10077_DL_20","bone":"MON10077_DL_20","attachment":"MON10077_DL_20"},{"name":"MON10077_DL_19","bone":"MON10077_DL_19","attachment":"MON10077_DL_19"},{"name":"MON10077_DL_18","bone":"MON10077_DL_18","attachment":"MON10077_DL_18"},{"name":"MON10077_DL_17","bone":"MON10077_DL_17","attachment":"MON10077_DL_17"},{"name":"MON10077_DL_16","bone":"MON10077_DL_16","attachment":"MON10077_DL_16"},{"name":"MON10077_DL_13","bone":"MON10077_DL_13","attachment":"MON10077_DL_13"},{"name":"MON10077_DL_12","bone":"MON10077_DL_12","attachment":"MON10077_DL_12"},{"name":"MON10077_DL_11","bone":"MON10077_DL_11","attachment":"MON10077_DL_11"},{"name":"MON1007_DL_10","bone":"MON1007_DL_10","attachment":"MON1007_DL_10"},{"name":"MON10077_DL_9","bone":"MON10077_DL_9","attachment":"MON10077_DL_9"},{"name":"MON10077_DL_8","bone":"MON10077_DL_28","attachment":"MON10077_DL_8"},{"name":"MON10077_DL_010","bone":"MON10077_DL_010","attachment":"MON10077_DL_010"},{"name":"MON10077_DL_08","bone":"MON10077_DL_8","attachment":"MON10077_DL_08"},{"name":"MON10077_DL_01","bone":"MON10077_DL_01","attachment":"MON10077_DL_01"},{"name":"MON10077_DL_00","bone":"MON10077_DL_00","attachment":"MON10077_DL_00"},{"name":"MON10077_DL_7","bone":"MON10077_DL_7","attachment":"MON10077_DL_7"},{"name":"MON10077_DL_6","bone":"MON10077_DL_6","attachment":"MON10077_DL_6"},{"name":"MON10077_DL_5","bone":"MON10077_DL_5","attachment":"MON10077_DL_5"},{"name":"MON10077_DL_4","bone":"MON10077_DL_4","attachment":"MON10077_DL_4"},{"name":"MON10077_DL_3","bone":"MON10077_DL_3","attachment":"MON10077_DL_3"},{"name":"fx_jian","bone":"fx_jian","attachment":"jian_00005","blend":"additive"},{"name":"fx_jian2","bone":"fx_jian2","attachment":"jian_00000","blend":"additive"}],"skins":{"default":{"MON10077_DL_00":{"MON10077_DL_00":{"x":4.19,"y":2.45,"rotation":-171.86,"width":16,"height":17}},"MON10077_DL_01":{"MON10077_DL_01":{"x":5.35,"y":-1.7,"rotation":-3.36,"width":32,"height":19}},"MON10077_DL_010":{"MON10077_DL_010":{"x":1.95,"y":-3.76,"rotation":4.54,"width":21,"height":13}},"MON10077_DL_08":{"MON10077_DL_08":{"x":-5.16,"y":-16.72,"rotation":-139.51,"width":61,"height":27}},"MON10077_DL_11":{"MON10077_DL_11":{"x":5.08,"y":-3.02,"rotation":47.9,"width":25,"height":27}},"MON10077_DL_12":{"MON10077_DL_12":{"x":14.66,"y":-1.68,"rotation":52.86,"width":43,"height":42}},"MON10077_DL_13":{"MON10077_DL_13":{"x":6.97,"y":-1.52,"rotation":138.17,"width":28,"height":30}},"MON10077_DL_16":{"MON10077_DL_16":{"x":10.77,"y":-0.71,"rotation":-133.67,"width":37,"height":40}},"MON10077_DL_17":{"MON10077_DL_17":{"type":"weightedmesh","uvs":[0.86624,0.18759,1,0.27677,1,0.42062,1,0.57597,0.8711,0.73695,0.86323,0.99315,0.3832,0.99315,0,0.99315,0,0.68528,0,0.46664,0,0.26238,0.2512,0.00684,0.50322,0.00684,0.92324,0.00684,0.42221,0.58172,0.22119,0.78885,0.40246,0.79001,0.61122,0.7831],"triangles":[5,6,17,6,16,17,5,17,4,7,15,6,6,15,16,7,8,15,17,16,14,16,15,14,14,15,9,17,14,4,15,8,9,3,4,2,14,10,11,2,4,14,14,12,0,14,11,12,14,0,2,14,9,10,0,1,2,0,12,13],"vertices":[2,3,32.9,-26.71,0.97809,2,55.91,-26.17,0.0219,2,3,27.71,-36.87,0.92633,2,50.88,-36.41,0.07366,2,3,17.29999,-38.28,0.85443,2,40.50999,-38,0.14556,2,3,6.07,-39.81,0.73033,2,29.3,-39.71,0.26966,2,3,-6.78,-32.46,0.43087,2,16.32,-32.57,0.56912,2,3,-25.39,-34.43999,0.15723,2,-2.24,-34.84999,0.84276,1,2,-7.32,-1.63,1,1,2,-11.37,24.87,1,2,3,-11.28,28.45,0.14949,2,10.83,28.27,0.8505,2,3,4.53,30.61,0.58766,2,26.61,30.68,0.41233,2,3,19.29999,32.62,0.87024,2,41.34999,32.93,0.12975,1,3,40.16,17.71999,1,2,3,42.54,0.24,0.99998,2,65.11,0.93,1.0E-5,1,3,46.51,-28.88,1,2,3,0.19,0.19,0.5,2,22.77,0.2,0.5,2,3,-16.68,12.09,0.01821,2,5.7,11.82,0.98178,1,2,7.53,-0.72,1,2,3,-12.58,-14.89,0.19646,2,10.24,-15.09,0.80353],"hull":14}},"MON10077_DL_18":{"MON10077_DL_18":{"x":12.17,"y":-0.23,"rotation":130.32,"width":31,"height":33}},"MON10077_DL_19":{"MON10077_DL_19":{"x":3.58,"y":1.57,"rotation":134.74,"width":22,"height":22}},"MON10077_DL_20":{"MON10077_DL_20":{"x":15.44,"y":0.71,"rotation":89.18,"width":29,"height":33}},"MON10077_DL_21":{"MON10077_DL_21":{"x":10.26,"y":-2.68,"rotation":43.1,"width":38,"height":35}},"MON10077_DL_22":{"MON10077_DL_22":{"x":8.9,"y":1.98,"rotation":128.67,"width":23,"height":26}},"MON10077_DL_23":{"MON10077_DL_23":{"x":10.18,"y":-1.07,"rotation":71.63,"width":30,"height":29}},"MON10077_DL_24":{"MON10077_DL_24":{"x":5.56,"y":0.58,"rotation":77.01,"width":20,"height":21}},"MON10077_DL_25":{"MON10077_DL_25":{"x":9.49,"y":-0.09,"rotation":96.86,"width":19,"height":26}},"MON10077_DL_26":{"MON10077_DL_26":{"x":5.13,"y":2.38,"rotation":88.48,"width":33,"height":17}},"MON10077_DL_27":{"MON10077_DL_27":{"x":5.73,"y":-0.61,"rotation":80.63,"width":20,"height":16}},"MON10077_DL_3":{"MON10077_DL_3":{"type":"weightedmesh","uvs":[1,0.36925,0.70981,0.85791,0.35761,0.97826,0,0.83383,0,0.65347,0,0.48555,0.22377,0.54329,0.30179,0.30141,0.38791,0.02173,0.73175,0.02173,1,0.02173,0.52902,0.57051,0.32756,0.73061],"triangles":[1,11,0,11,7,9,11,9,0,9,7,8,9,10,0,2,12,1,12,11,1,6,7,11,3,12,2,3,4,12,4,6,12,12,6,11,4,5,6],"vertices":[2,38,-24.27,-8.04,0,7,-4.08,13.11,1,2,37,-2.19,10.99,0.42276,7,11.27,10.7,0.57722,2,38,-1.62,7.72,0.42866,37,10.72,7.75,0.57133,2,38,11.81,5.41,0.99999,7,25.78,-11.19,0,2,38,12.13,1.27,0.99999,7,22.37,-13.55,0,2,38,12.42,-2.57,1,7,19.2,-15.75,0,3,38,4.06,-1.87,0.82843,37,10.78,-3.41,0.1505,7,15.57,-8.18999,0.02105,3,38,1.6,-7.64,0.14564,37,5.74,-7.14,0.42381,7,9.35,-8.99,0.43053,3,38,-1.08,-14.3,0.00296,37,0.05,-11.52,0.11213,7,2.25,-10.04,0.8849,1,7,-4.98999,0.4,1,2,38,-23.67,-16.01,0,7,-10.65,8.56,1,2,37,0.9,2.10999,0.5,7,9.64999,1.43,0.5,2,38,-0.09,2.11999,0.5,37,9.22,2.14,0.5],"hull":11}},"MON10077_DL_30":{"MON10077_DL_30":{"type":"weightedmesh","uvs":[0.64856,0.27859,0.7794,0.35679,0.91851,0.43994,1,0.59147,1,0.82261,0.88463,0.89465,0.66896,1,0.36995,1,0.08398,1,0.07577,0.95009,0.06104,0.86058,0.02659,0.73719,0,0.64193,0,0,0.16069,0,0.56045,0,0.3531,0.51491,0.51582,0.68628,0.18767,0.57442,0.28973,0.77293,0.68069,0.58542,0.47999,0.41342,0.3284,0.88239,0.57434,0.80615,0.76554,0.71407,0.23279,0.66218,0.43387,0.59997,0.58497,0.50339],"triangles":[7,23,6,6,24,5,6,23,24,8,22,7,7,22,23,8,9,22,9,10,22,5,24,4,22,17,23,24,3,4,23,20,24,23,17,20,3,24,2,10,19,22,22,19,17,10,25,19,10,11,25,19,26,17,19,25,26,11,18,25,11,12,18,17,27,20,17,26,27,25,16,26,25,18,16,26,21,27,26,16,21,24,20,2,20,1,2,20,27,1,18,13,14,18,12,13,18,14,16,16,14,21,27,0,1,27,21,0,21,15,0,21,14,15],"vertices":[3,34,10.5,19.36,0.65438,35,-3.68,22.02,0.31483,36,-25.74,12.52,0.03078,3,34,17.5,24.42,0.38251,35,4.63,24.36,0.42288,36,-19.08,18.02,0.19459,3,34,24.94,29.8,0.09348,35,13.46,26.85,0.53775,36,-12,23.87,0.36875,3,34,36.02,31.01,0.01291,35,24.28,24.17,0.35217,36,-1.02,25.78,0.63491,2,35,36.95,14.87,0.08539,36,14.32,22.4,0.9146,2,35,37.34999,7.13,0.03009,36,17.81,15.48,0.9699,1,36,22.39,2.99,1,2,35,27.29,-18.67,0.18461,36,19.04,-12.19,0.81538,3,34,49.48,-22.45,0.00399,35,18.49,-30.66,0.4233,36,15.83,-26.71,0.5727,3,34,46.1,-21.92,0.0208,35,15.5,-29,0.456,36,12.43,-26.4,0.52319,3,34,40.04,-20.96999,0.05096,35,10.14,-26.01,0.51465,36,6.32,-25.83,0.43438,3,34,31.48,-20.36,0.25815,35,2.32,-22.49,0.503,36,-2.25,-25.78,0.23884,3,34,24.88,-19.89,0.41811,35,-3.71,-19.78,0.494,36,-8.88,-25.73,0.08787,1,34,-17.04999,-7.77,1,1,34,-14.73,0.25,1,2,34,-8.96,20.21999,0.9881,35,-21.66,29.54,0.01189,2,34,21.68,0.14,0.5,35,0.18,0.13,0.5,2,35,14.58,0.05,0.5,36,-0.15,-0.18,0.5,3,34,23.18,-9.24,0.47538,35,-1.64,-9.18999,0.48178,36,-11.26,-15.21,0.04283,3,34,37.62,-7.89,0.05199,35,12.37,-12.9,0.5812,36,3.06,-12.94,0.3668,3,34,31.01,15.17,0.03002,35,14.12,11.02,0.66011,36,-5,9.66,0.30985,3,34,16.87999,8.39,0.55526,35,-1.47,9.53,0.43588,36,-18.68,1.98,0.00884,3,34,45.33,-8.02,0.02692,35,19.56,-15.68,0.39002,36,10.76,-12.58,0.58304,2,35,22.95,-2.31,0.30894,36,8.45,1.02,0.69105,3,34,40.64,16.98,0.01753,35,23.78,9.39999,0.398,36,4.48,12.08,0.58446,3,34,29.56,-8.64,0.28819,35,4.55,-10.83,0.52573,36,-4.92999,-14.2,0.18606,3,34,28.4,2.57,0.25183,35,7.32,0.09,0.5,36,-6.8,-3.08,0.24816,3,34,24.27,11.94,0.28052,35,6.68,10.31,0.55317,36,-11.52,6,0.1663],"hull":16}},"MON10077_DL_33":{"MON10077_DL_6":{"x":7.19,"y":-1.78,"rotation":-45.56,"width":30,"height":32}},"MON10077_DL_34":{"MON10077_DL_5":{"x":40.96,"y":-1.73,"rotation":-48.77,"width":75,"height":84}},"MON10077_DL_4":{"MON10077_DL_4":{"x":2.89,"y":2.41,"rotation":35.42,"width":30,"height":31}},"MON10077_DL_5":{"MON10077_DL_5":{"x":42.49,"y":3.81,"rotation":-48.77,"width":75,"height":84}},"MON10077_DL_6":{"MON10077_DL_6":{"x":8.02,"y":3.26,"rotation":-45.56,"width":30,"height":32}},"MON10077_DL_7":{"MON10077_DL_7":{"x":28.63,"y":-6.14,"rotation":-37.03,"width":55,"height":43}},"MON10077_DL_8":{"MON10077_DL_8":{"x":6.33,"y":1.31,"rotation":150.88,"width":16,"height":11}},"MON10077_DL_9":{"MON10077_DL_9":{"x":8.62,"y":-0.68,"rotation":28.84,"width":22,"height":12}},"MON1007_DL_10":{"MON1007_DL_10":{"x":50.3,"y":-1.17,"rotation":-86.93,"width":100,"height":133}},"fx_jian":{"jian_00000":{"rotation":-40.25,"width":53,"height":58},"jian_00001":{"rotation":-40.25,"width":53,"height":58},"jian_00002":{"rotation":-40.25,"width":53,"height":58},"jian_00003":{"rotation":-40.25,"width":53,"height":58},"jian_00004":{"rotation":-40.25,"width":53,"height":58},"jian_00005":{"rotation":-40.25,"width":53,"height":58},"jian_00006":{"rotation":-40.25,"width":53,"height":58},"jian_00007":{"rotation":-40.25,"width":53,"height":58}},"fx_jian2":{"jian_00000":{"rotation":-40.25,"width":53,"height":58},"jian_00001":{"rotation":-40.25,"width":53,"height":58},"jian_00002":{"rotation":-40.25,"width":53,"height":58},"jian_00003":{"rotation":-40.25,"width":53,"height":58},"jian_00004":{"rotation":-40.25,"width":53,"height":58},"jian_00005":{"rotation":-40.25,"width":53,"height":58},"jian_00006":{"rotation":-40.25,"width":53,"height":58},"jian_00007":{"rotation":-40.25,"width":53,"height":58}},"shadow":{"shadow":{"x":-7.74,"y":-6.41,"scaleX":1.6,"scaleY":1.5,"rotation":86.49,"width":85,"height":42}}}},"animations":{"wait_DL":{"slots":{"MON10077_DL_00":{"attachment":[{"time":0,"name":null},{"time":1.2,"name":null},{"time":2.1666,"name":"MON10077_DL_00"},{"time":2.3,"name":null},{"time":2.4,"name":null}]},"MON10077_DL_01":{"attachment":[{"time":0,"name":null},{"time":1.2,"name":null},{"time":2.1666,"name":"MON10077_DL_01"},{"time":2.3,"name":null},{"time":2.4,"name":null}]},"fx_jian":{"attachment":[{"time":0,"name":"jian_00000"},{"time":0.0333,"name":"jian_00001"},{"time":0.0666,"name":"jian_00002"},{"time":0.1,"name":"jian_00003"},{"time":0.1333,"name":"jian_00004"},{"time":0.1666,"name":"jian_00005"},{"time":0.2,"name":"jian_00006"},{"time":0.2333,"name":"jian_00007"},{"time":0.2666,"name":null},{"time":2.4,"name":null}]},"fx_jian2":{"attachment":[{"time":0,"name":"jian_00000"},{"time":0.0333,"name":"jian_00001"},{"time":0.0666,"name":"jian_00002"},{"time":0.1,"name":"jian_00003"},{"time":0.1333,"name":"jian_00004"},{"time":0.1666,"name":"jian_00005"},{"time":0.2,"name":"jian_00006"},{"time":0.2333,"name":"jian_00007"},{"time":0.2666,"name":null},{"time":2.4,"name":null}]}},"bones":{"bone":{"rotate":[{"time":0,"angle":0,"curve":"stepped"},{"time":0.6,"angle":0,"curve":"stepped"},{"time":1.2,"angle":0,"curve":"stepped"},{"time":1.8,"angle":0,"curve":"stepped"},{"time":2.4,"angle":0}],"translate":[{"time":0,"x":0,"y":0},{"time":0.6,"x":0,"y":-1.56},{"time":1.2,"x":0,"y":0},{"time":1.8,"x":0,"y":-1.56},{"time":2.4,"x":0,"y":0}],"scale":[{"time":0,"x":1,"y":1},{"time":0.6,"x":1.015,"y":0.973},{"time":1.2,"x":1,"y":1},{"time":1.8,"x":1.015,"y":0.973},{"time":2.4,"x":1,"y":1}]},"MON10077_DL_17":{"rotate":[{"time":0,"angle":0,"curve":"stepped"},{"time":0.6,"angle":0,"curve":"stepped"},{"time":1.2,"angle":0,"curve":"stepped"},{"time":1.8,"angle":0,"curve":"stepped"},{"time":2.4,"angle":0}],"translate":[{"time":0,"x":0,"y":0},{"time":0.6,"x":0,"y":-3.57},{"time":1.2,"x":0,"y":0},{"time":1.8,"x":0,"y":-3.57},{"time":2.4,"x":0,"y":0}],"scale":[{"time":0,"x":1,"y":1,"curve":"stepped"},{"time":0.6,"x":1,"y":1,"curve":"stepped"},{"time":1.2,"x":1,"y":1,"curve":"stepped"},{"time":1.8,"x":1,"y":1,"curve":"stepped"},{"time":2.4,"x":1,"y":1}]},"bone2":{"rotate":[{"time":0,"angle":0,"curve":"stepped"},{"time":0.6,"angle":0,"curve":"stepped"},{"time":1.2,"angle":0,"curve":"stepped"},{"time":1.8,"angle":0,"curve":"stepped"},{"time":2.4,"angle":0}],"translate":[{"time":0,"x":0,"y":0},{"time":0.6,"x":-1.86,"y":-0.28},{"time":1.2,"x":0,"y":0},{"time":1.8,"x":-1.86,"y":-0.28},{"time":2.4,"x":0,"y":0}],"scale":[{"time":0,"x":1,"y":1,"curve":"stepped"},{"time":0.6,"x":1,"y":1,"curve":"stepped"},{"time":1.2,"x":1,"y":1,"curve":"stepped"},{"time":1.8,"x":1,"y":1,"curve":"stepped"},{"time":2.4,"x":1,"y":1}]},"MON1007_DL_10":{"rotate":[{"time":0,"angle":0,"curve":"stepped"},{"time":0.6,"angle":0,"curve":"stepped"},{"time":1.2,"angle":0,"curve":"stepped"},{"time":1.8,"angle":0,"curve":"stepped"},{"time":2.4,"angle":0}],"translate":[{"time":0,"x":0,"y":0},{"time":0.6,"x":-4.91,"y":-0.66},{"time":1.2,"x":0,"y":0},{"time":1.8,"x":-4.91,"y":-0.66},{"time":2.4,"x":0,"y":0}],"scale":[{"time":0,"x":1,"y":1,"curve":"stepped"},{"time":0.6,"x":1,"y":1,"curve":"stepped"},{"time":1.2,"x":1,"y":1,"curve":"stepped"},{"time":1.8,"x":1,"y":1,"curve":"stepped"},{"time":2.4,"x":1,"y":1}]},"bone3":{"rotate":[{"time":0,"angle":0,"curve":"stepped"},{"time":0.6,"angle":0,"curve":"stepped"},{"time":1.2,"angle":0,"curve":"stepped"},{"time":1.8,"angle":0,"curve":"stepped"},{"time":2.4,"angle":0}],"translate":[{"time":0,"x":0,"y":0},{"time":0.6,"x":0,"y":-2.31},{"time":1.2,"x":0,"y":0},{"time":1.8,"x":0,"y":-2.31},{"time":2.4,"x":0,"y":0}],"scale":[{"time":0,"x":1,"y":1},{"time":0.6,"x":0.963,"y":1},{"time":1.2,"x":1,"y":1},{"time":1.8,"x":0.963,"y":1},{"time":2.4,"x":1,"y":1}]},"MON10077_DL_22":{"rotate":[{"time":0,"angle":0},{"time":0.6,"angle":-14.86},{"time":1.2,"angle":0},{"time":1.8,"angle":-14.86},{"time":2.4,"angle":0}],"translate":[{"time":0,"x":0,"y":0,"curve":"stepped"},{"time":0.6,"x":0,"y":0,"curve":"stepped"},{"time":1.2,"x":0,"y":0,"curve":"stepped"},{"time":1.8,"x":0,"y":0,"curve":"stepped"},{"time":2.4,"x":0,"y":0}],"scale":[{"time":0,"x":1,"y":1,"curve":"stepped"},{"time":0.6,"x":1,"y":1,"curve":"stepped"},{"time":1.2,"x":1,"y":1,"curve":"stepped"},{"time":1.8,"x":1,"y":1,"curve":"stepped"},{"time":2.4,"x":1,"y":1}]},"MON10077_DL_21":{"rotate":[{"time":0,"angle":0},{"time":0.6,"angle":11.1},{"time":1.2,"angle":0},{"time":1.8,"angle":11.1},{"time":2.4,"angle":0}],"translate":[{"time":0,"x":0,"y":0,"curve":"stepped"},{"time":0.6,"x":0,"y":0,"curve":"stepped"},{"time":1.2,"x":0,"y":0,"curve":"stepped"},{"time":1.8,"x":0,"y":0,"curve":"stepped"},{"time":2.4,"x":0,"y":0}],"scale":[{"time":0,"x":1,"y":1,"curve":"stepped"},{"time":0.6,"x":1,"y":1,"curve":"stepped"},{"time":1.2,"x":1,"y":1,"curve":"stepped"},{"time":1.8,"x":1,"y":1,"curve":"stepped"},{"time":2.4,"x":1,"y":1}]},"MON10077_DL_26":{"rotate":[{"time":0,"angle":0,"curve":"stepped"},{"time":0.6,"angle":0,"curve":"stepped"},{"time":1.2,"angle":0,"curve":"stepped"},{"time":1.8,"angle":0,"curve":"stepped"},{"time":2.4,"angle":0}],"translate":[{"time":0,"x":0,"y":0,"curve":"stepped"},{"time":0.6,"x":0,"y":0,"curve":"stepped"},{"time":1.2,"x":0,"y":0,"curve":"stepped"},{"time":1.8,"x":0,"y":0,"curve":"stepped"},{"time":2.4,"x":0,"y":0}],"scale":[{"time":0,"x":1,"y":1,"curve":"stepped"},{"time":0.6,"x":1,"y":1,"curve":"stepped"},{"time":1.2,"x":1,"y":1,"curve":"stepped"},{"time":1.8,"x":1,"y":1,"curve":"stepped"},{"time":2.4,"x":1,"y":1}]},"MON10077_DL_20":{"rotate":[{"time":0,"angle":0},{"time":0.6,"angle":-1.87},{"time":1.2,"angle":0},{"time":1.8,"angle":-1.87},{"time":2.4,"angle":0}],"translate":[{"time":0,"x":0,"y":0,"curve":"stepped"},{"time":0.6,"x":0,"y":0,"curve":"stepped"},{"time":1.2,"x":0,"y":0,"curve":"stepped"},{"time":1.8,"x":0,"y":0,"curve":"stepped"},{"time":2.4,"x":0,"y":0}],"scale":[{"time":0,"x":1,"y":1},{"time":0.6,"x":0.84,"y":1.026},{"time":1.2,"x":1,"y":1},{"time":1.8,"x":0.84,"y":1.026},{"time":2.4,"x":1,"y":1}]},"MON10077_DL_25":{"rotate":[{"time":0,"angle":0},{"time":0.6,"angle":-8.15},{"time":1.2,"angle":0},{"time":1.8,"angle":-8.15},{"time":2.4,"angle":0}],"translate":[{"time":0,"x":0,"y":0},{"time":0.6,"x":2.68,"y":0.06},{"time":1.2,"x":0,"y":0},{"time":1.8,"x":2.68,"y":0.06},{"time":2.4,"x":0,"y":0}],"scale":[{"time":0,"x":1,"y":1},{"time":0.6,"x":0.943,"y":1},{"time":1.2,"x":1,"y":1},{"time":1.8,"x":0.943,"y":1},{"time":2.4,"x":1,"y":1}]},"MON10077_DL_27":{"rotate":[{"time":0,"angle":0},{"time":0.6,"angle":6.94},{"time":1.2,"angle":0},{"time":1.8,"angle":6.94},{"time":2.4,"angle":0}],"translate":[{"time":0,"x":0,"y":0},{"time":0.6,"x":-1.68,"y":2.5},{"time":1.2,"x":0,"y":0},{"time":1.8,"x":-1.68,"y":2.5},{"time":2.4,"x":0,"y":0}],"scale":[{"time":0,"x":1,"y":1,"curve":"stepped"},{"time":0.6,"x":1,"y":1,"curve":"stepped"},{"time":1.2,"x":1,"y":1,"curve":"stepped"},{"time":1.8,"x":1,"y":1,"curve":"stepped"},{"time":2.4,"x":1,"y":1}]},"MON10077_DL_23":{"rotate":[{"time":0,"angle":0},{"time":0.6,"angle":-9.11},{"time":1.2,"angle":0},{"time":1.8,"angle":-9.11},{"time":2.4,"angle":0}],"translate":[{"time":0,"x":0,"y":0},{"time":0.6,"x":1.46,"y":0.03},{"time":1.2,"x":0,"y":0},{"time":1.8,"x":1.46,"y":0.03},{"time":2.4,"x":0,"y":0}],"scale":[{"time":0,"x":1,"y":1},{"time":0.6,"x":0.964,"y":1},{"time":1.2,"x":1,"y":1},{"time":1.8,"x":0.964,"y":1},{"time":2.4,"x":1,"y":1}]},"MON10077_DL_24":{"rotate":[{"time":0,"angle":0},{"time":0.6,"angle":9.94},{"time":1.2,"angle":0},{"time":1.8,"angle":9.94},{"time":2.4,"angle":0}],"translate":[{"time":0,"x":0,"y":0},{"time":0.6,"x":-0.98,"y":2.38},{"time":1.2,"x":0,"y":0},{"time":1.8,"x":-0.98,"y":2.38},{"time":2.4,"x":0,"y":0}],"scale":[{"time":0,"x":1,"y":1,"curve":"stepped"},{"time":0.6,"x":1,"y":1,"curve":"stepped"},{"time":1.2,"x":1,"y":1,"curve":"stepped"},{"time":1.8,"x":1,"y":1,"curve":"stepped"},{"time":2.4,"x":1,"y":1}]},"MON10077_DL_12":{"rotate":[{"time":0,"angle":0},{"time":0.1666,"angle":0.12},{"time":0.6,"angle":-12.1},{"time":1.2,"angle":0},{"time":1.3666,"angle":0.12},{"time":1.8,"angle":-12.1},{"time":2.4,"angle":0}],"translate":[{"time":0,"x":0,"y":0,"curve":"stepped"},{"time":0.6,"x":0,"y":0,"curve":"stepped"},{"time":1.2,"x":0,"y":0,"curve":"stepped"},{"time":1.8,"x":0,"y":0,"curve":"stepped"},{"time":2.4,"x":0,"y":0}],"scale":[{"time":0,"x":1,"y":1,"curve":"stepped"},{"time":0.6,"x":1,"y":1,"curve":"stepped"},{"time":1.2,"x":1,"y":1,"curve":"stepped"},{"time":1.8,"x":1,"y":1,"curve":"stepped"},{"time":2.4,"x":1,"y":1}]},"MON10077_DL_11":{"rotate":[{"time":0,"angle":0},{"time":0.1666,"angle":2.83},{"time":0.6,"angle":-14.27},{"time":1.2,"angle":0},{"time":1.3666,"angle":2.83},{"time":1.8,"angle":-14.27},{"time":2.4,"angle":0}],"translate":[{"time":0,"x":0,"y":0,"curve":"stepped"},{"time":0.6,"x":0,"y":0,"curve":"stepped"},{"time":1.2,"x":0,"y":0,"curve":"stepped"},{"time":1.8,"x":0,"y":0,"curve":"stepped"},{"time":2.4,"x":0,"y":0}],"scale":[{"time":0,"x":1,"y":1,"curve":"stepped"},{"time":0.6,"x":1,"y":1,"curve":"stepped"},{"time":1.2,"x":1,"y":1,"curve":"stepped"},{"time":1.8,"x":1,"y":1,"curve":"stepped"},{"time":2.4,"x":1,"y":1}]},"MON10077_DL_4":{"rotate":[{"time":0,"angle":0},{"time":0.1666,"angle":4.19},{"time":0.6,"angle":10.95},{"time":0.7666,"angle":0.22},{"time":1.2,"angle":0},{"time":1.3666,"angle":4.19},{"time":1.8,"angle":10.95},{"time":1.9666,"angle":0.22},{"time":2.4,"angle":0}],"translate":[{"time":0,"x":0,"y":0,"curve":"stepped"},{"time":0.6,"x":0,"y":0,"curve":"stepped"},{"time":1.2,"x":0,"y":0,"curve":"stepped"},{"time":1.8,"x":0,"y":0,"curve":"stepped"},{"time":2.4,"x":0,"y":0}],"scale":[{"time":0,"x":1,"y":1,"curve":"stepped"},{"time":0.6,"x":1,"y":1,"curve":"stepped"},{"time":1.2,"x":1,"y":1,"curve":"stepped"},{"time":1.8,"x":1,"y":1,"curve":"stepped"},{"time":2.4,"x":1,"y":1}]},"MON10077_DL_6":{"rotate":[{"time":0,"angle":0,"curve":"stepped"},{"time":0.6,"angle":0,"curve":"stepped"},{"time":1.2,"angle":0,"curve":"stepped"},{"time":1.8,"angle":0,"curve":"stepped"},{"time":2.4,"angle":0}],"translate":[{"time":0,"x":0,"y":0,"curve":"stepped"},{"time":0.6,"x":0,"y":0,"curve":"stepped"},{"time":1.2,"x":0,"y":0,"curve":"stepped"},{"time":1.8,"x":0,"y":0,"curve":"stepped"},{"time":2.4,"x":0,"y":0}],"scale":[{"time":0,"x":1,"y":1,"curve":"stepped"},{"time":0.6,"x":1,"y":1,"curve":"stepped"},{"time":1.2,"x":1,"y":1,"curve":"stepped"},{"time":1.8,"x":1,"y":1,"curve":"stepped"},{"time":2.4,"x":1,"y":1}]},"MON10077_DL_5":{"rotate":[{"time":0,"angle":0,"curve":"stepped"},{"time":0.6,"angle":0,"curve":"stepped"},{"time":1.2,"angle":0,"curve":"stepped"},{"time":1.8,"angle":0,"curve":"stepped"},{"time":2.4,"angle":0}],"translate":[{"time":0,"x":0,"y":0,"curve":"stepped"},{"time":0.6,"x":0,"y":0,"curve":"stepped"},{"time":1.2,"x":0,"y":0,"curve":"stepped"},{"time":1.8,"x":0,"y":0,"curve":"stepped"},{"time":2.4,"x":0,"y":0}],"scale":[{"time":0,"x":1,"y":1,"curve":"stepped"},{"time":0.6,"x":1,"y":1,"curve":"stepped"},{"time":1.2,"x":1,"y":1,"curve":"stepped"},{"time":1.8,"x":1,"y":1,"curve":"stepped"},{"time":2.4,"x":1,"y":1}]},"MON10077_DL_18":{"rotate":[{"time":0,"angle":0},{"time":0.1666,"angle":0.88},{"time":0.6,"angle":17.81},{"time":1.2,"angle":0},{"time":1.3666,"angle":0.88},{"time":1.8,"angle":17.81},{"time":2.4,"angle":0}],"translate":[{"time":0,"x":0,"y":0,"curve":"stepped"},{"time":0.6,"x":0,"y":0,"curve":"stepped"},{"time":1.2,"x":0,"y":0,"curve":"stepped"},{"time":1.8,"x":0,"y":0,"curve":"stepped"},{"time":2.4,"x":0,"y":0}],"scale":[{"time":0,"x":1,"y":1,"curve":"stepped"},{"time":0.6,"x":1,"y":1,"curve":"stepped"},{"time":1.2,"x":1,"y":1,"curve":"stepped"},{"time":1.8,"x":1,"y":1,"curve":"stepped"},{"time":2.4,"x":1,"y":1}]},"MON10077_DL_19":{"rotate":[{"time":0,"angle":0},{"time":0.1666,"angle":-1.46},{"time":0.6,"angle":12.57},{"time":1.2,"angle":0},{"time":1.3666,"angle":-1.46},{"time":1.8,"angle":12.57},{"time":2.4,"angle":0}],"translate":[{"time":0,"x":0,"y":0,"curve":"stepped"},{"time":0.6,"x":0,"y":0,"curve":"stepped"},{"time":1.2,"x":0,"y":0,"curve":"stepped"},{"time":1.8,"x":0,"y":0,"curve":"stepped"},{"time":2.4,"x":0,"y":0}],"scale":[{"time":0,"x":1,"y":1,"curve":"stepped"},{"time":0.6,"x":1,"y":1,"curve":"stepped"},{"time":1.2,"x":1,"y":1,"curve":"stepped"},{"time":1.8,"x":1,"y":1,"curve":"stepped"},{"time":2.4,"x":1,"y":1}]},"MON10077_DL_13":{"rotate":[{"time":0,"angle":0},{"time":0.1666,"angle":-7.84},{"time":0.6,"angle":-13.24},{"time":0.7666,"angle":-3.4},{"time":1.2,"angle":0},{"time":1.3666,"angle":-7.84},{"time":1.8,"angle":-13.24},{"time":1.9666,"angle":-3.4},{"time":2.4,"angle":0}],"translate":[{"time":0,"x":0,"y":0,"curve":"stepped"},{"time":0.6,"x":0,"y":0,"curve":"stepped"},{"time":1.2,"x":0,"y":0,"curve":"stepped"},{"time":1.8,"x":0,"y":0,"curve":"stepped"},{"time":2.4,"x":0,"y":0}],"scale":[{"time":0,"x":1,"y":1,"curve":"stepped"},{"time":0.6,"x":1,"y":1,"curve":"stepped"},{"time":1.2,"x":1,"y":1,"curve":"stepped"},{"time":1.8,"x":1,"y":1,"curve":"stepped"},{"time":2.4,"x":1,"y":1}]},"MON10077_DL_7":{"rotate":[{"time":0,"angle":0},{"time":0.6,"angle":-2.57},{"time":1.2,"angle":0},{"time":1.8,"angle":-2.57},{"time":2.4,"angle":0}],"translate":[{"time":0,"x":0,"y":0},{"time":0.6,"x":-1.81,"y":-0.24},{"time":1.2,"x":0,"y":0},{"time":1.8,"x":-1.81,"y":-0.24},{"time":2.4,"x":0,"y":0}],"scale":[{"time":0,"x":1,"y":1,"curve":"stepped"},{"time":0.6,"x":1,"y":1,"curve":"stepped"},{"time":1.2,"x":1,"y":1,"curve":"stepped"},{"time":1.8,"x":1,"y":1,"curve":"stepped"},{"time":2.4,"x":1,"y":1}]},"MON10077_DL_16":{"rotate":[{"time":0,"angle":0},{"time":0.6,"angle":3.46},{"time":1.2,"angle":0},{"time":1.8,"angle":3.46},{"time":2.4,"angle":0}],"translate":[{"time":0,"x":0,"y":0},{"time":0.6,"x":-1.81,"y":-0.24},{"time":1.2,"x":0,"y":0},{"time":1.8,"x":-1.81,"y":-0.24},{"time":2.4,"x":0,"y":0}],"scale":[{"time":0,"x":1,"y":1,"curve":"stepped"},{"time":0.6,"x":1,"y":1,"curve":"stepped"},{"time":1.2,"x":1,"y":1,"curve":"stepped"},{"time":1.8,"x":1,"y":1,"curve":"stepped"},{"time":2.4,"x":1,"y":1}]},"MON10077_DL_01":{"rotate":[{"time":0,"angle":0,"curve":"stepped"},{"time":0.6,"angle":0,"curve":"stepped"},{"time":1.2,"angle":0,"curve":"stepped"},{"time":1.8,"angle":0,"curve":"stepped"},{"time":2.4,"angle":0}],"translate":[{"time":0,"x":0,"y":0,"curve":"stepped"},{"time":0.6,"x":0,"y":0,"curve":"stepped"},{"time":1.2,"x":0,"y":0,"curve":"stepped"},{"time":1.8,"x":0,"y":0,"curve":"stepped"},{"time":2.4,"x":0,"y":0}],"scale":[{"time":0,"x":1,"y":1,"curve":"stepped"},{"time":0.6,"x":1,"y":1,"curve":"stepped"},{"time":1.2,"x":1,"y":1,"curve":"stepped"},{"time":1.8,"x":1,"y":1,"curve":"stepped"},{"time":2.4,"x":1,"y":1}]},"MON10077_DL_00":{"rotate":[{"time":0,"angle":0,"curve":"stepped"},{"time":0.6,"angle":0,"curve":"stepped"},{"time":1.2,"angle":0,"curve":"stepped"},{"time":1.8,"angle":0,"curve":"stepped"},{"time":2.4,"angle":0}],"translate":[{"time":0,"x":0,"y":0,"curve":"stepped"},{"time":0.6,"x":0,"y":0,"curve":"stepped"},{"time":1.2,"x":0,"y":0,"curve":"stepped"},{"time":1.8,"x":0,"y":0,"curve":"stepped"},{"time":2.4,"x":0,"y":0}],"scale":[{"time":0,"x":1,"y":1,"curve":"stepped"},{"time":0.6,"x":1,"y":1,"curve":"stepped"},{"time":1.2,"x":1,"y":1,"curve":"stepped"},{"time":1.8,"x":1,"y":1,"curve":"stepped"},{"time":2.4,"x":1,"y":1}]},"MON10077_DL_08":{"rotate":[{"time":0,"angle":0,"curve":"stepped"},{"time":0.6,"angle":0,"curve":"stepped"},{"time":1.2,"angle":0,"curve":"stepped"},{"time":1.8,"angle":0,"curve":"stepped"},{"time":2.4,"angle":0}],"translate":[{"time":0,"x":0,"y":0,"curve":"stepped"},{"time":0.6,"x":0,"y":0,"curve":"stepped"},{"time":1.2,"x":0,"y":0,"curve":"stepped"},{"time":1.8,"x":0,"y":0,"curve":"stepped"},{"time":2.4,"x":0,"y":0}],"scale":[{"time":0,"x":1,"y":1,"curve":"stepped"},{"time":0.6,"x":1,"y":1,"curve":"stepped"},{"time":1.2,"x":1,"y":1,"curve":"stepped"},{"time":1.8,"x":1,"y":1,"curve":"stepped"},{"time":2.4,"x":1,"y":1}]},"MON10077_DL_8":{"rotate":[{"time":0,"angle":0,"curve":"stepped"},{"time":0.6,"angle":0,"curve":"stepped"},{"time":1.2,"angle":0,"curve":"stepped"},{"time":1.8,"angle":0,"curve":"stepped"},{"time":2.4,"angle":0}],"translate":[{"time":0,"x":0,"y":0,"curve":"stepped"},{"time":0.6,"x":0,"y":0,"curve":"stepped"},{"time":1.2,"x":0,"y":0,"curve":"stepped"},{"time":1.8,"x":0,"y":0,"curve":"stepped"},{"time":2.4,"x":0,"y":0}],"scale":[{"time":0,"x":1,"y":1,"curve":"stepped"},{"time":0.6,"x":1,"y":1,"curve":"stepped"},{"time":1.2,"x":1,"y":1,"curve":"stepped"},{"time":1.8,"x":1,"y":1,"curve":"stepped"},{"time":2.4,"x":1,"y":1}]},"MON10077_DL_010":{"rotate":[{"time":0,"angle":0,"curve":"stepped"},{"time":0.6,"angle":0,"curve":"stepped"},{"time":1.2,"angle":0,"curve":"stepped"},{"time":1.8,"angle":0,"curve":"stepped"},{"time":2.4,"angle":0}],"translate":[{"time":0,"x":0,"y":0,"curve":"stepped"},{"time":0.6,"x":0,"y":0,"curve":"stepped"},{"time":1.2,"x":0,"y":0,"curve":"stepped"},{"time":1.8,"x":0,"y":0,"curve":"stepped"},{"time":2.4,"x":0,"y":0}],"scale":[{"time":0,"x":1,"y":1},{"time":0.6,"x":1.064,"y":0.734},{"time":1.2,"x":1,"y":1},{"time":1.8,"x":1.064,"y":0.734},{"time":2.4,"x":1,"y":1}]},"MON10077_DL_9":{"rotate":[{"time":0,"angle":0},{"time":0.6,"angle":16.76},{"time":1.2,"angle":0},{"time":1.8,"angle":16.76},{"time":2.4,"angle":0}],"translate":[{"time":0,"x":0,"y":0,"curve":"stepped"},{"time":0.6,"x":0,"y":0,"curve":"stepped"},{"time":1.2,"x":0,"y":0,"curve":"stepped"},{"time":1.8,"x":0,"y":0,"curve":"stepped"},{"time":2.4,"x":0,"y":0}],"scale":[{"time":0,"x":1,"y":1,"curve":"stepped"},{"time":0.6,"x":1,"y":1,"curve":"stepped"},{"time":1.2,"x":1,"y":1,"curve":"stepped"},{"time":1.8,"x":1,"y":1,"curve":"stepped"},{"time":2.4,"x":1,"y":1}]},"MON10077_DL_28":{"rotate":[{"time":0,"angle":0},{"time":0.6,"angle":-17.63},{"time":1.2,"angle":0},{"time":1.8,"angle":-17.63},{"time":2.4,"angle":0}],"translate":[{"time":0,"x":0,"y":0,"curve":"stepped"},{"time":0.6,"x":0,"y":0,"curve":"stepped"},{"time":1.2,"x":0,"y":0,"curve":"stepped"},{"time":1.8,"x":0,"y":0,"curve":"stepped"},{"time":2.4,"x":0,"y":0}],"scale":[{"time":0,"x":1,"y":1,"curve":"stepped"},{"time":0.6,"x":1,"y":1,"curve":"stepped"},{"time":1.2,"x":1,"y":1,"curve":"stepped"},{"time":1.8,"x":1,"y":1,"curve":"stepped"},{"time":2.4,"x":1,"y":1}]},"MON10077_DL_3":{"rotate":[{"time":0,"angle":0},{"time":0.4,"angle":0.59},{"time":0.8,"angle":2.94},{"time":1.2,"angle":0},{"time":1.6,"angle":0.59},{"time":2,"angle":2.94},{"time":2.4,"angle":0}],"translate":[{"time":0,"x":0,"y":0,"curve":"stepped"},{"time":0.4,"x":0,"y":0,"curve":"stepped"},{"time":0.8,"x":0,"y":0,"curve":"stepped"},{"time":1.2,"x":0,"y":0,"curve":"stepped"},{"time":1.6,"x":0,"y":0,"curve":"stepped"},{"time":2,"x":0,"y":0,"curve":"stepped"},{"time":2.4,"x":0,"y":0}],"scale":[{"time":0,"x":1,"y":1},{"time":0.6,"x":0.856,"y":1.047},{"time":1.2,"x":1,"y":1},{"time":1.8,"x":0.856,"y":1.047},{"time":2.4,"x":1,"y":1}]},"bone6":{"rotate":[{"time":0,"angle":0},{"time":0.4,"angle":-10.55},{"time":0.8,"angle":17.32},{"time":1.2,"angle":0},{"time":1.6,"angle":-10.55},{"time":2,"angle":17.32},{"time":2.4,"angle":0}],"translate":[{"time":0,"x":0,"y":0,"curve":"stepped"},{"time":0.4,"x":0,"y":0,"curve":"stepped"},{"time":0.8,"x":0,"y":0,"curve":"stepped"},{"time":1.2,"x":0,"y":0,"curve":"stepped"},{"time":1.6,"x":0,"y":0,"curve":"stepped"},{"time":2,"x":0,"y":0,"curve":"stepped"},{"time":2.4,"x":0,"y":0}],"scale":[{"time":0,"x":1,"y":1,"curve":"stepped"},{"time":0.4,"x":1,"y":1,"curve":"stepped"},{"time":0.8,"x":1,"y":1,"curve":"stepped"},{"time":1.2,"x":1,"y":1,"curve":"stepped"},{"time":1.6,"x":1,"y":1,"curve":"stepped"},{"time":2,"x":1,"y":1,"curve":"stepped"},{"time":2.4,"x":1,"y":1}]},"bone7":{"rotate":[{"time":0,"angle":0},{"time":0.4,"angle":19.64},{"time":0.8,"angle":-6.45},{"time":1.2,"angle":0},{"time":1.6,"angle":19.64},{"time":2,"angle":-6.45},{"time":2.4,"angle":0}],"translate":[{"time":0,"x":0,"y":0,"curve":"stepped"},{"time":0.4,"x":0,"y":0,"curve":"stepped"},{"time":0.8,"x":0,"y":0,"curve":"stepped"},{"time":1.2,"x":0,"y":0,"curve":"stepped"},{"time":1.6,"x":0,"y":0,"curve":"stepped"},{"time":2,"x":0,"y":0,"curve":"stepped"},{"time":2.4,"x":0,"y":0}],"scale":[{"time":0,"x":1,"y":1,"curve":"stepped"},{"time":0.4,"x":1,"y":1,"curve":"stepped"},{"time":0.8,"x":1,"y":1,"curve":"stepped"},{"time":1.2,"x":1,"y":1,"curve":"stepped"},{"time":1.6,"x":1,"y":1,"curve":"stepped"},{"time":2,"x":1,"y":1,"curve":"stepped"},{"time":2.4,"x":1,"y":1}]},"MON10077_DL_30":{"rotate":[{"time":0,"angle":0,"curve":"stepped"},{"time":0.6,"angle":0,"curve":"stepped"},{"time":1.2,"angle":0,"curve":"stepped"},{"time":1.8,"angle":0,"curve":"stepped"},{"time":2.4,"angle":0}],"translate":[{"time":0,"x":0,"y":0,"curve":"stepped"},{"time":0.6,"x":0,"y":0,"curve":"stepped"},{"time":1.2,"x":0,"y":0,"curve":"stepped"},{"time":1.8,"x":0,"y":0,"curve":"stepped"},{"time":2.4,"x":0,"y":0}],"scale":[{"time":0,"x":1,"y":1,"curve":"stepped"},{"time":0.6,"x":1,"y":1,"curve":"stepped"},{"time":1.2,"x":1,"y":1,"curve":"stepped"},{"time":1.8,"x":1,"y":1,"curve":"stepped"},{"time":2.4,"x":1,"y":1}]},"MON10077_DL_31":{"rotate":[{"time":0,"angle":0,"curve":"stepped"},{"time":0.6,"angle":0,"curve":"stepped"},{"time":1.2,"angle":0,"curve":"stepped"},{"time":1.8,"angle":0,"curve":"stepped"},{"time":2.4,"angle":0}],"translate":[{"time":0,"x":0,"y":0,"curve":"stepped"},{"time":0.6,"x":0,"y":0,"curve":"stepped"},{"time":1.2,"x":0,"y":0,"curve":"stepped"},{"time":1.8,"x":0,"y":0,"curve":"stepped"},{"time":2.4,"x":0,"y":0}],"scale":[{"time":0,"x":1,"y":1,"curve":"stepped"},{"time":0.6,"x":1,"y":1,"curve":"stepped"},{"time":1.2,"x":1,"y":1,"curve":"stepped"},{"time":1.8,"x":1,"y":1,"curve":"stepped"},{"time":2.4,"x":1,"y":1}]},"shadow":{"rotate":[{"time":0,"angle":0,"curve":"stepped"},{"time":0.6,"angle":0,"curve":"stepped"},{"time":1.2,"angle":0,"curve":"stepped"},{"time":1.8,"angle":0,"curve":"stepped"},{"time":2.4,"angle":0}],"translate":[{"time":0,"x":0,"y":0,"curve":"stepped"},{"time":0.6,"x":0,"y":0,"curve":"stepped"},{"time":1.2,"x":0,"y":0,"curve":"stepped"},{"time":1.8,"x":0,"y":0,"curve":"stepped"},{"time":2.4,"x":0,"y":0}],"scale":[{"time":0,"x":1,"y":1},{"time":0.6,"x":1.1,"y":1.1},{"time":1.2,"x":1,"y":1},{"time":1.8,"x":1.1,"y":1.1},{"time":2.4,"x":1,"y":1}]},"MON10077_DL_32":{"rotate":[{"time":0,"angle":0},{"time":0.4,"angle":9.83},{"time":0.8,"angle":332.34},{"time":1.2,"angle":0},{"time":1.6,"angle":9.83},{"time":2,"angle":332.34},{"time":2.4,"angle":0}],"translate":[{"time":0,"x":0,"y":0,"curve":"stepped"},{"time":0.4,"x":0,"y":0,"curve":"stepped"},{"time":1.2,"x":0,"y":0,"curve":"stepped"},{"time":1.6,"x":0,"y":0,"curve":"stepped"},{"time":2.4,"x":0,"y":0}],"scale":[{"time":0,"x":1,"y":1,"curve":"stepped"},{"time":0.4,"x":1,"y":1,"curve":"stepped"},{"time":1.2,"x":1,"y":1,"curve":"stepped"},{"time":1.6,"x":1,"y":1,"curve":"stepped"},{"time":2.4,"x":1,"y":1}]},"bone4":{"rotate":[{"time":0,"angle":0},{"time":0.4,"angle":15.13},{"time":0.8,"angle":-5.14},{"time":1.2,"angle":0},{"time":1.6,"angle":15.13},{"time":2,"angle":-5.14},{"time":2.4,"angle":0}],"translate":[{"time":0,"x":0,"y":0,"curve":"stepped"},{"time":0.4,"x":0,"y":0,"curve":"stepped"},{"time":1.2,"x":0,"y":0,"curve":"stepped"},{"time":1.6,"x":0,"y":0,"curve":"stepped"},{"time":2.4,"x":0,"y":0}],"scale":[{"time":0,"x":1,"y":1,"curve":"stepped"},{"time":0.4,"x":1,"y":1,"curve":"stepped"},{"time":1.2,"x":1,"y":1,"curve":"stepped"},{"time":1.6,"x":1,"y":1,"curve":"stepped"},{"time":2.4,"x":1,"y":1}]},"bone5":{"rotate":[{"time":0,"angle":0},{"time":0.4,"angle":-21.37},{"time":0.8,"angle":30.44},{"time":1.2,"angle":0},{"time":1.6,"angle":-21.37},{"time":2,"angle":30.44},{"time":2.4,"angle":0}],"translate":[{"time":0,"x":0,"y":0,"curve":"stepped"},{"time":0.4,"x":0,"y":0},{"time":0.8,"x":-7.7,"y":17.66},{"time":1.2,"x":0,"y":0,"curve":"stepped"},{"time":1.6,"x":0,"y":0},{"time":2,"x":-7.7,"y":17.66},{"time":2.4,"x":0,"y":0}],"scale":[{"time":0,"x":1,"y":1,"curve":"stepped"},{"time":0.4,"x":1,"y":1,"curve":"stepped"},{"time":1.2,"x":1,"y":1,"curve":"stepped"},{"time":1.6,"x":1,"y":1,"curve":"stepped"},{"time":2.4,"x":1,"y":1}]}},"ffd":{"default":{"MON10077_DL_17":{"MON10077_DL_17":[{"time":0,"offset":8,"vertices":[0.35792,-2.62774,0.40071,-2.62155,0,0,0,0,0,0,0,0,0,0,0,0,0,0,0,0,0,0,0,0,-0.22064,1.62004,-0.247,1.61624,0,0,0,0,0,0,0,0,0,0,0,0,5.24054,0.71378,5.2282,0.7991,1.03147,0.14049,1.02902,0.15728,1.02902,0.15728,1.03147,0.14049,1.02902,0.15728]},{"time":0.6,"offset":8,"vertices":[-3.20992,2.93125,-3.25736,2.87852,-0.31534,2.31497,-0.35306,2.30951,-2.75945,-0.37582,-2.75302,-0.42076,0,0,0,0,0,0,0,0,-2.57929,-1.69866,-2.55134,-1.74049,-2.57926,-1.69866,-2.55131,-1.7405,0,0,0,0,0,0,0,0,0,0,0,0,-2.75943,-0.37583,-2.75299,-0.42076,-2.75945,-0.37582,-2.75302,-0.42076,-2.75302,-0.42076,-2.75945,-0.37582,-2.75302,-0.42076]},{"time":1.2,"offset":8,"vertices":[0.35792,-2.62774,0.40071,-2.62155,0,0,0,0,0,0,0,0,0,0,0,0,0,0,0,0,0,0,0,0,-0.22064,1.62004,-0.247,1.61624,0,0,0,0,0,0,0,0,0,0,0,0,5.24054,0.71378,5.2282,0.7991,1.03147,0.14049,1.02902,0.15728,1.02902,0.15728,1.03147,0.14049,1.02902,0.15728]},{"time":1.8,"offset":8,"vertices":[-3.20992,2.93125,-3.25736,2.87852,-0.31534,2.31497,-0.35306,2.30951,-2.75945,-0.37582,-2.75302,-0.42076,0,0,0,0,0,0,0,0,-2.57929,-1.69866,-2.55134,-1.74049,-2.57926,-1.69866,-2.55131,-1.7405,0,0,0,0,0,0,0,0,0,0,0,0,-2.75943,-0.37583,-2.75299,-0.42076,-2.75945,-0.37582,-2.75302,-0.42076,-2.75302,-0.42076,-2.75945,-0.37582,-2.75302,-0.42076]},{"time":2.4,"offset":8,"vertices":[0.35792,-2.62774,0.40071,-2.62155,0,0,0,0,0,0,0,0,0,0,0,0,0,0,0,0,0,0,0,0,-0.22064,1.62004,-0.247,1.61624,0,0,0,0,0,0,0,0,0,0,0,0,5.24054,0.71378,5.2282,0.7991,1.03147,0.14049,1.02902,0.15728,1.02902,0.15728,1.03147,0.14049,1.02902,0.15728]}]},"MON10077_DL_30":{"MON10077_DL_30":[{"time":0,"curve":"stepped"},{"time":1.2,"curve":"stepped"},{"time":2.4}]}}}}}}