{"skeleton":{"hash":"uum5QOBVY3U4h0Mhz+Xu3ygvqLE","spine":"3.1.03","width":79.35,"height":114.15},"bones":[{"name":"root"},{"name":"bone","parent":"root","x":3.8,"y":28.8},{"name":"11","parent":"bone","length":10.14,"x":-7.08,"y":-3.05,"rotation":88.53},{"name":"bone2","parent":"11","length":14.98,"x":10.14,"rotation":-14.18},{"name":"2","parent":"bone2","length":28.6,"x":15.14,"y":-0.08,"rotation":14.25},{"name":"1","parent":"2","length":6.89,"x":9.5,"y":12.47,"rotation":-0.05},{"name":"3","parent":"bone2","length":18.44,"x":15.47,"y":-10.92,"rotation":-140.83},{"name":"4","parent":"3","length":10.55,"x":17.75,"y":0.14,"rotation":-17.1},{"name":"5","parent":"4","length":8.47,"x":9.25,"rotation":-3.61},{"name":"12","parent":"bone2","length":16.55,"x":9.36,"y":6.58,"scaleX":1.039,"rotation":149.08},{"name":"10","parent":"12","length":11.1,"x":16.18,"y":0.06,"rotation":-44.31},{"name":"6","parent":"10","length":7.44,"x":17.81,"y":-0.13,"rotation":-151.93},{"name":"7","parent":"10","length":7.91,"x":15.43,"y":3.08,"rotation":-153.67},{"name":"8","parent":"10","length":6.99,"x":12.66,"y":5.64,"rotation":-143.74},{"name":"9","parent":"10","length":17.88,"x":10.73,"rotation":-63.36},{"name":"13","parent":"bone","length":13.3,"x":2.06,"y":-3.7,"rotation":-78},{"name":"15","parent":"13","length":9.12,"x":12.44,"y":-0.21,"scaleX":1.056,"rotation":-5.15},{"name":"14","parent":"15","length":7.54,"x":8.45,"y":0.15,"rotation":-0.51},{"name":"16","parent":"bone","length":11.62,"x":-8.02,"y":-2.84,"rotation":-101.76},{"name":"18","parent":"16","length":8.52,"x":11.11,"y":-0.16,"rotation":6.3},{"name":"17","parent":"18","length":11.74,"x":8.13,"y":0.1,"rotation":-46.39},{"name":"19","parent":"11","length":9.07,"x":1.48,"y":-3.12,"rotation":-175.29},{"name":"shadow","parent":"root","length":13.78,"x":-0.16,"y":-0.64,"scaleX":0.934,"scaleY":0.933,"rotation":-89.11}],"slots":[{"name":"shadow","bone":"shadow","attachment":"shadow"},{"name":"19","bone":"19","attachment":"19"},{"name":"18","bone":"18","attachment":"18"},{"name":"17","bone":"17","attachment":"17"},{"name":"16","bone":"16","attachment":"16"},{"name":"15","bone":"15","attachment":"15"},{"name":"14","bone":"14","attachment":"14"},{"name":"13","bone":"13","attachment":"13"},{"name":"12","bone":"12","attachment":"12"},{"name":"11","bone":"11","attachment":"11"},{"name":"10","bone":"10","attachment":"10"},{"name":"9","bone":"9","attachment":"9"},{"name":"8","bone":"8","attachment":"8"},{"name":"7","bone":"7","attachment":"7"},{"name":"6","bone":"6","attachment":"6"},{"name":"5","bone":"5","attachment":"5"},{"name":"4","bone":"4","attachment":"4"},{"name":"3","bone":"3","attachment":"3"},{"name":"2","bone":"2","attachment":"2"},{"name":"1","bone":"1"}],"skins":{"default":{"1":{"1":{"x":2.32,"y":-3.45,"rotation":-90.02,"width":25,"height":7}},"10":{"10":{"x":7.83,"y":-1.9,"rotation":-179.17,"width":18,"height":17}},"11":{"11":{"type":"weightedmesh","uvs":[1,0.23088,1,0.53779,1,0.86156,0.81385,1,0.43724,1,0.31414,1,0.22361,1,0.10028,1,0,0.91562,0,0.78748,0,0.48616,0,0.14478,0.17296,0,0.47507,0,1,0,0.29994,0.50337,0.3083,0.79578],"triangles":[15,0,1,15,11,12,15,13,0,15,12,13,15,10,11,13,14,0,2,3,16,16,3,4,6,16,5,4,5,16,6,7,16,16,7,9,7,8,9,16,1,2,9,15,16,16,15,1,9,10,15],"vertices":[2,2,19.92,-20.39,0.10308,3,14.47,-17.37,0.89691,2,2,9.8,-20.65,0.47269,3,4.71999,-20.1,0.5273,2,2,-0.87,-20.92,0.81162,3,-5.56,-22.98,0.18837,2,2,-5.58,-15.45,0.90271,3,-11.47,-18.83,0.09728,2,2,-5.87,-4.16,0.99712,3,-14.51,-7.95,0.00287,1,2,-5.97,-0.47,1,1,2,-6.03,2.24,1,1,2,-6.13,5.94,1,1,2,-3.42,9.02,1,2,2,0.79,9.12,0.99007,3,-11.29,6.56,0.00992,2,2,10.74,9.38,0.49448,3,-1.71,9.24,0.5055,2,2,22,9.66,0.0071,3,9.13,12.27,0.99289,1,3,15.13,8.56,1,1,3,17.57,-0.16,1,2,2,27.54,-20.19,0.01711,3,21.81,-15.32,0.98288,2,2,10.39999,0.37,0.5,3,0.15,0.42,0.5,2,2,0.76,-0.12,0.99958,3,-9.06,-2.41,4.1E-4],"hull":15}},"12":{"12":{"x":9.64,"y":0.72,"rotation":136.6,"width":18,"height":19}},"13":{"13":{"x":6.87,"y":-0.23,"rotation":81.85,"width":16,"height":17}},"14":{"14":{"x":2.57,"y":0.98,"rotation":86.09,"width":16,"height":12}},"15":{"15":{"x":4.85,"y":0.11,"rotation":76.98,"width":14,"height":16}},"16":{"16":{"x":6.38,"y":0.53,"rotation":109.95,"width":15,"height":16}},"17":{"17":{"x":4.35,"y":0.46,"rotation":148.38,"width":21,"height":14}},"18":{"18":{"x":4.27,"y":0.45,"rotation":92.52,"width":11,"height":11}},"19":{"19":{"x":3.48,"y":1.53,"rotation":86.72,"width":26,"height":14}},"2":{"2":{"x":16.32,"y":1.5,"rotation":-90.05,"width":50,"height":58}},"3":{"3":{"x":10.34,"y":-0.05,"rotation":60.85,"width":18,"height":24}},"4":{"4":{"x":4.61,"y":-0.09,"rotation":85.91,"width":12,"height":14}},"5":{"5":{"x":3.33,"y":-0.67,"rotation":85.59,"width":14,"height":14}},"6":{"6":{"x":4.53,"y":0.05,"rotation":-27.48,"width":10,"height":8}},"7":{"7":{"x":4.11,"y":0.11,"rotation":-25.72,"width":10,"height":9}},"8":{"8":{"x":3.53,"y":-0.09,"rotation":-35.73,"width":10,"height":8}},"9":{"9":{"x":6.62,"y":-0.9,"rotation":-116.01,"width":24,"height":26}},"shadow":{"shadow":{"x":-0.26,"y":-0.05,"scaleX":0.883,"scaleY":0.883,"rotation":89.11,"width":85,"height":42}}}},"animations":{"clear_before":{"slots":{"1":{"attachment":[{"time":0,"name":null},{"time":0.0666,"name":"1"},{"time":0.3666,"name":null},{"time":1.0666,"name":null}]},"9":{"attachment":[{"time":0,"name":"9"},{"time":0.5,"name":"9"},{"time":0.7333,"name":"9"},{"time":1.0666,"name":"9"}]},"10":{"attachment":[{"time":0,"name":"10"},{"time":0.5,"name":"10"},{"time":0.7333,"name":"10"},{"time":1.0666,"name":"10"}]}},"bones":{"10":{"rotate":[{"time":0,"angle":25.73},{"time":0.0666,"angle":45.06},{"time":0.2666,"angle":25.6},{"time":0.3666,"angle":-2.3},{"time":0.5,"angle":25.73},{"time":0.7333,"angle":-9.27},{"time":1.0666,"angle":25.73}],"translate":[{"time":0,"x":0.18,"y":-0.38,"curve":"stepped"},{"time":0.2666,"x":0.18,"y":-0.38,"curve":"stepped"},{"time":0.5,"x":0.18,"y":-0.38,"curve":"stepped"},{"time":0.7333,"x":0.18,"y":-0.38,"curve":"stepped"},{"time":1.0666,"x":0.18,"y":-0.38}],"scale":[{"time":0,"x":1,"y":1,"curve":"stepped"},{"time":0.2666,"x":1,"y":1,"curve":"stepped"},{"time":0.5,"x":1,"y":1,"curve":"stepped"},{"time":0.7333,"x":1,"y":1,"curve":"stepped"},{"time":1.0666,"x":1,"y":1}]},"15":{"rotate":[{"time":0,"angle":0},{"time":0.0666,"angle":-4.69},{"time":0.2666,"angle":7.38},{"time":0.3666,"angle":27.92},{"time":0.5,"angle":5.24},{"time":0.7333,"angle":1.32},{"time":1.0666,"angle":0}],"translate":[{"time":0,"x":0,"y":0,"curve":"stepped"},{"time":0.2666,"x":0,"y":0,"curve":"stepped"},{"time":0.5,"x":0,"y":0},{"time":0.7333,"x":-1.86,"y":0.06},{"time":1.0666,"x":0,"y":0}],"scale":[{"time":0,"x":1,"y":1,"curve":"stepped"},{"time":0.2666,"x":1,"y":1,"curve":"stepped"},{"time":0.5,"x":1,"y":1},{"time":0.7333,"x":1.01,"y":1},{"time":1.0666,"x":1,"y":1}]},"8":{"rotate":[{"time":0,"angle":-34.27,"curve":"stepped"},{"time":0.2666,"angle":-34.27,"curve":"stepped"},{"time":0.5,"angle":-34.27,"curve":"stepped"},{"time":0.7333,"angle":-34.27,"curve":"stepped"},{"time":1.0666,"angle":-34.27}],"translate":[{"time":0,"x":-0.24,"y":0.54,"curve":"stepped"},{"time":0.2666,"x":-0.24,"y":0.54,"curve":"stepped"},{"time":0.5,"x":-0.24,"y":0.54,"curve":"stepped"},{"time":0.7333,"x":-0.24,"y":0.54,"curve":"stepped"},{"time":1.0666,"x":-0.24,"y":0.54}],"scale":[{"time":0,"x":1,"y":1,"curve":"stepped"},{"time":0.2666,"x":1,"y":1,"curve":"stepped"},{"time":0.5,"x":1,"y":1,"curve":"stepped"},{"time":0.7333,"x":1,"y":1,"curve":"stepped"},{"time":1.0666,"x":1,"y":1}]},"bone":{"rotate":[{"time":0,"angle":0,"curve":"stepped"},{"time":0.2666,"angle":0,"curve":"stepped"},{"time":0.5,"angle":0,"curve":"stepped"},{"time":0.7333,"angle":0,"curve":"stepped"},{"time":1.0666,"angle":0}],"translate":[{"time":0,"x":0,"y":0,"curve":[0.417,0,0.711,0.39]},{"time":0.0666,"x":0,"y":20.46,"curve":[0.152,0.32,0.296,0.96]},{"time":0.2666,"x":0,"y":30.92,"curve":[0.712,0,0.75,1]},{"time":0.5,"x":0.2,"y":1},{"time":0.7333,"x":0,"y":0,"curve":"stepped"},{"time":1.0666,"x":0,"y":0}],"scale":[{"time":0,"x":1,"y":1,"curve":"stepped"},{"time":0.2666,"x":1,"y":1,"curve":"stepped"},{"time":0.5,"x":1,"y":1,"curve":"stepped"},{"time":0.7333,"x":1,"y":1,"curve":"stepped"},{"time":1.0666,"x":1,"y":1}]},"17":{"rotate":[{"time":0,"angle":0},{"time":0.0666,"angle":23.8},{"time":0.2666,"angle":0},{"time":0.5,"angle":-8.58},{"time":0.7333,"angle":-25.76},{"time":1.0666,"angle":0}],"translate":[{"time":0,"x":0,"y":0,"curve":"stepped"},{"time":0.2666,"x":0,"y":0,"curve":"stepped"},{"time":0.5,"x":0,"y":0,"curve":"stepped"},{"time":0.7333,"x":0,"y":0,"curve":"stepped"},{"time":1.0666,"x":0,"y":0}],"scale":[{"time":0,"x":1,"y":1,"curve":"stepped"},{"time":0.2666,"x":1,"y":1,"curve":"stepped"},{"time":0.5,"x":1,"y":1,"curve":"stepped"},{"time":0.7333,"x":1,"y":1,"curve":"stepped"},{"time":1.0666,"x":1,"y":1}]},"2":{"rotate":[{"time":0,"angle":0},{"time":0.0666,"angle":2.25},{"time":0.2666,"angle":-7.12},{"time":0.3666,"angle":-11.97},{"time":0.5,"angle":-6.12},{"time":0.7333,"angle":6.72},{"time":1.0666,"angle":0}],"translate":[{"time":0,"x":0,"y":0,"curve":"stepped"},{"time":0.2666,"x":0,"y":0},{"time":0.5,"x":0.77,"y":0.21},{"time":0.7333,"x":0,"y":0,"curve":"stepped"},{"time":1.0666,"x":0,"y":0}],"scale":[{"time":0,"x":1,"y":1,"curve":"stepped"},{"time":0.2666,"x":1,"y":1,"curve":"stepped"},{"time":0.5,"x":1,"y":1,"curve":"stepped"},{"time":0.7333,"x":1,"y":1,"curve":"stepped"},{"time":1.0666,"x":1,"y":1}]},"16":{"rotate":[{"time":0,"angle":0},{"time":0.0666,"angle":-7.62},{"time":0.2666,"angle":-13.65},{"time":0.3666,"angle":-29.32},{"time":0.5,"angle":3.22},{"time":0.7333,"angle":-30.06},{"time":1.0666,"angle":0}],"translate":[{"time":0,"x":0,"y":0,"curve":"stepped"},{"time":0.2666,"x":0,"y":0,"curve":"stepped"},{"time":0.5,"x":0,"y":0},{"time":0.7333,"x":0.26,"y":-4.18},{"time":1.0666,"x":0,"y":0}],"scale":[{"time":0,"x":1,"y":1,"curve":"stepped"},{"time":0.2666,"x":1,"y":1,"curve":"stepped"},{"time":0.5,"x":1,"y":1},{"time":0.7333,"x":0.937,"y":0.988},{"time":1.0666,"x":1,"y":1}]},"7":{"rotate":[{"time":0,"angle":-21.04,"curve":"stepped"},{"time":0.2666,"angle":-21.04,"curve":"stepped"},{"time":0.5,"angle":-21.04,"curve":"stepped"},{"time":0.7333,"angle":-21.04,"curve":"stepped"},{"time":1.0666,"angle":-21.04}],"translate":[{"time":0,"x":0.2,"y":-1.09,"curve":"stepped"},{"time":0.2666,"x":0.2,"y":-1.09,"curve":"stepped"},{"time":0.5,"x":0.2,"y":-1.09,"curve":"stepped"},{"time":0.7333,"x":0.2,"y":-1.09,"curve":"stepped"},{"time":1.0666,"x":0.2,"y":-1.09}],"scale":[{"time":0,"x":1,"y":1,"curve":"stepped"},{"time":0.2666,"x":1,"y":1,"curve":"stepped"},{"time":0.5,"x":1,"y":1,"curve":"stepped"},{"time":0.7333,"x":1,"y":1,"curve":"stepped"},{"time":1.0666,"x":1,"y":1}]},"13":{"rotate":[{"time":0,"angle":0},{"time":0.0666,"angle":0.73},{"time":0.2666,"angle":18.7},{"time":0.3666,"angle":15.88},{"time":0.5,"angle":0},{"time":0.7333,"angle":0.89},{"time":1.0666,"angle":0}],"translate":[{"time":0,"x":0,"y":0,"curve":"stepped"},{"time":0.2666,"x":0,"y":0,"curve":"stepped"},{"time":0.5,"x":0,"y":0},{"time":0.7333,"x":0.4,"y":-2.61},{"time":1.0666,"x":0,"y":0}],"scale":[{"time":0,"x":1,"y":1,"curve":"stepped"},{"time":0.2666,"x":1,"y":1,"curve":"stepped"},{"time":0.5,"x":1,"y":1},{"time":0.7333,"x":0.963,"y":1},{"time":1.0666,"x":1,"y":1}]},"4":{"rotate":[{"time":0,"angle":-11.89},{"time":0.0666,"angle":6.31},{"time":0.2666,"angle":-11.89},{"time":0.3666,"angle":-0.1},{"time":0.5,"angle":15.77},{"time":0.7333,"angle":-50.33},{"time":1.0666,"angle":-11.89}],"translate":[{"time":0,"x":0,"y":0,"curve":"stepped"},{"time":0.2666,"x":0,"y":0,"curve":"stepped"},{"time":0.5,"x":0,"y":0,"curve":"stepped"},{"time":0.7333,"x":0,"y":0,"curve":"stepped"},{"time":1.0666,"x":0,"y":0}],"scale":[{"time":0,"x":1,"y":1,"curve":"stepped"},{"time":0.2666,"x":1,"y":1,"curve":"stepped"},{"time":0.5,"x":1,"y":1,"curve":"stepped"},{"time":0.7333,"x":1,"y":1,"curve":"stepped"},{"time":1.0666,"x":1,"y":1}]},"9":{"rotate":[{"time":0,"angle":-1.49,"curve":"stepped"},{"time":0.2666,"angle":-1.49,"curve":"stepped"},{"time":0.5,"angle":-1.49,"curve":"stepped"},{"time":0.7333,"angle":-1.49,"curve":"stepped"},{"time":1.0666,"angle":-1.49}],"translate":[{"time":0,"x":-2.39,"y":2.1,"curve":"stepped"},{"time":0.2666,"x":-2.39,"y":2.1,"curve":"stepped"},{"time":0.5,"x":-2.39,"y":2.1,"curve":"stepped"},{"time":0.7333,"x":-2.39,"y":2.1,"curve":"stepped"},{"time":1.0666,"x":-2.39,"y":2.1}],"scale":[{"time":0,"x":0.955,"y":0.968,"curve":"stepped"},{"time":0.2666,"x":0.955,"y":0.968,"curve":"stepped"},{"time":0.5,"x":0.955,"y":0.968,"curve":"stepped"},{"time":0.7333,"x":0.955,"y":0.968,"curve":"stepped"},{"time":1.0666,"x":0.955,"y":0.968}]},"12":{"rotate":[{"time":0,"angle":-326.55},{"time":0.0666,"angle":29.69},{"time":0.2666,"angle":6.4},{"time":0.3666,"angle":-5.91},{"time":0.5,"angle":-35.98},{"time":0.7333,"angle":21.04},{"time":1.0666,"angle":-326.55}],"translate":[{"time":0,"x":0.79,"y":1.96,"curve":"stepped"},{"time":0.2666,"x":0.79,"y":1.96,"curve":"stepped"},{"time":0.5,"x":0.79,"y":1.96,"curve":"stepped"},{"time":0.7333,"x":0.79,"y":1.96,"curve":"stepped"},{"time":1.0666,"x":0.79,"y":1.96}],"scale":[{"time":0,"x":1,"y":1,"curve":"stepped"},{"time":0.2666,"x":1,"y":1,"curve":"stepped"},{"time":0.5,"x":1,"y":1,"curve":"stepped"},{"time":0.7333,"x":1,"y":1,"curve":"stepped"},{"time":1.0666,"x":1,"y":1}]},"18":{"rotate":[{"time":0,"angle":0},{"time":0.0666,"angle":3.35},{"time":0.2666,"angle":28.25},{"time":0.3666,"angle":39.96},{"time":0.5,"angle":-5.26},{"time":0.7333,"angle":56.14},{"time":1.0666,"angle":0}],"translate":[{"time":0,"x":0,"y":0,"curve":"stepped"},{"time":0.2666,"x":0,"y":0,"curve":"stepped"},{"time":0.5,"x":0,"y":0},{"time":0.7333,"x":-0.47,"y":0.38},{"time":1.0666,"x":0,"y":0}],"scale":[{"time":0,"x":1,"y":1,"curve":"stepped"},{"time":0.2666,"x":1,"y":1,"curve":"stepped"},{"time":0.5,"x":1,"y":1,"curve":"stepped"},{"time":0.7333,"x":1,"y":1,"curve":"stepped"},{"time":1.0666,"x":1,"y":1}]},"5":{"rotate":[{"time":0,"angle":3.28,"curve":"stepped"},{"time":0.2666,"angle":3.28,"curve":"stepped"},{"time":0.5,"angle":3.28,"curve":"stepped"},{"time":0.7333,"angle":3.28,"curve":"stepped"},{"time":1.0666,"angle":3.28}],"translate":[{"time":0,"x":0,"y":0,"curve":"stepped"},{"time":0.2666,"x":0,"y":0,"curve":"stepped"},{"time":0.5,"x":0,"y":0,"curve":"stepped"},{"time":0.7333,"x":0,"y":0,"curve":"stepped"},{"time":1.0666,"x":0,"y":0}],"scale":[{"time":0,"x":1,"y":1,"curve":"stepped"},{"time":0.2666,"x":1,"y":1,"curve":"stepped"},{"time":0.5,"x":1,"y":1,"curve":"stepped"},{"time":0.7333,"x":1,"y":1,"curve":"stepped"},{"time":1.0666,"x":1,"y":1}]},"6":{"rotate":[{"time":0,"angle":319.08},{"time":0.2666,"angle":-40.91},{"time":0.5,"angle":319.08,"curve":"stepped"},{"time":0.7333,"angle":319.08,"curve":"stepped"},{"time":1.0666,"angle":319.08}],"translate":[{"time":0,"x":0.13,"y":-3.91,"curve":"stepped"},{"time":0.2666,"x":0.13,"y":-3.91,"curve":"stepped"},{"time":0.5,"x":0.13,"y":-3.91,"curve":"stepped"},{"time":0.7333,"x":0.13,"y":-3.91,"curve":"stepped"},{"time":1.0666,"x":0.13,"y":-3.91}],"scale":[{"time":0,"x":1,"y":1,"curve":"stepped"},{"time":0.2666,"x":1,"y":1,"curve":"stepped"},{"time":0.5,"x":1,"y":1,"curve":"stepped"},{"time":0.7333,"x":1,"y":1,"curve":"stepped"},{"time":1.0666,"x":1,"y":1}]},"root":{"rotate":[{"time":0,"angle":0,"curve":"stepped"},{"time":0.5,"angle":0,"curve":"stepped"},{"time":0.7333,"angle":0}],"translate":[{"time":0,"x":0,"y":0,"curve":"stepped"},{"time":0.5,"x":0,"y":0,"curve":"stepped"},{"time":0.7333,"x":0,"y":0}],"scale":[{"time":0,"x":1,"y":1,"curve":"stepped"},{"time":0.5,"x":1,"y":1,"curve":"stepped"},{"time":0.7333,"x":1,"y":1}]},"14":{"rotate":[{"time":0,"angle":0,"curve":"stepped"},{"time":0.2666,"angle":0},{"time":0.3666,"angle":4.99},{"time":0.5,"angle":0},{"time":0.7333,"angle":-1.79},{"time":1.0666,"angle":0}],"translate":[{"time":0,"x":0,"y":0,"curve":"stepped"},{"time":0.2666,"x":0,"y":0,"curve":"stepped"},{"time":0.5,"x":0,"y":0,"curve":"stepped"},{"time":0.7333,"x":0,"y":0,"curve":"stepped"},{"time":1.0666,"x":0,"y":0}],"scale":[{"time":0,"x":1,"y":1,"curve":"stepped"},{"time":0.2666,"x":1,"y":1,"curve":"stepped"},{"time":0.5,"x":1,"y":1,"curve":"stepped"},{"time":0.7333,"x":1,"y":1,"curve":"stepped"},{"time":1.0666,"x":1,"y":1}]},"shadow":{"rotate":[{"time":0,"angle":0,"curve":"stepped"},{"time":0.2666,"angle":0,"curve":"stepped"},{"time":0.5,"angle":0,"curve":"stepped"},{"time":0.7333,"angle":0,"curve":"stepped"},{"time":1.0666,"angle":0}],"translate":[{"time":0,"x":0,"y":0,"curve":"stepped"},{"time":0.2666,"x":0,"y":0,"curve":"stepped"},{"time":0.5,"x":0,"y":0,"curve":"stepped"},{"time":0.7333,"x":0,"y":0,"curve":"stepped"},{"time":1.0666,"x":0,"y":0}],"scale":[{"time":0,"x":1,"y":1},{"time":0.0666,"x":0.876,"y":0.827},{"time":0.2666,"x":0.736,"y":0.617},{"time":0.3666,"x":0.849,"y":0.738},{"time":0.5,"x":1,"y":1},{"time":0.7333,"x":1.046,"y":1.033},{"time":1.0666,"x":1,"y":1}]},"19":{"rotate":[{"time":0,"angle":0,"curve":"stepped"},{"time":0.2666,"angle":0,"curve":"stepped"},{"time":0.5,"angle":0,"curve":"stepped"},{"time":0.7333,"angle":0,"curve":"stepped"},{"time":1.0666,"angle":0}],"translate":[{"time":0,"x":0,"y":0,"curve":"stepped"},{"time":0.2666,"x":0,"y":0,"curve":"stepped"},{"time":0.5,"x":0,"y":0,"curve":"stepped"},{"time":0.7333,"x":0,"y":0,"curve":"stepped"},{"time":1.0666,"x":0,"y":0}],"scale":[{"time":0,"x":1,"y":1,"curve":"stepped"},{"time":0.2666,"x":1,"y":1,"curve":"stepped"},{"time":0.5,"x":1,"y":1,"curve":"stepped"},{"time":0.7333,"x":1,"y":1,"curve":"stepped"},{"time":1.0666,"x":1,"y":1}]},"3":{"rotate":[{"time":0,"angle":9.02},{"time":0.0666,"angle":-5.75},{"time":0.2666,"angle":30.53},{"time":0.3666,"angle":49.42},{"time":0.5,"angle":60.06},{"time":0.7333,"angle":-8.26},{"time":1.0666,"angle":9.02}],"translate":[{"time":0,"x":0,"y":0,"curve":"stepped"},{"time":0.2666,"x":0,"y":0,"curve":"stepped"},{"time":0.5,"x":0,"y":0,"curve":"stepped"},{"time":0.7333,"x":0,"y":0,"curve":"stepped"},{"time":1.0666,"x":0,"y":0}],"scale":[{"time":0,"x":1,"y":1,"curve":"stepped"},{"time":0.2666,"x":1,"y":1,"curve":"stepped"},{"time":0.5,"x":1,"y":1,"curve":"stepped"},{"time":0.7333,"x":1,"y":1,"curve":"stepped"},{"time":1.0666,"x":1,"y":1}]},"1":{"rotate":[{"time":0,"angle":0,"curve":"stepped"},{"time":0.2666,"angle":0,"curve":"stepped"},{"time":0.5,"angle":0,"curve":"stepped"},{"time":0.7333,"angle":0,"curve":"stepped"},{"time":1.0666,"angle":0}],"translate":[{"time":0,"x":0,"y":0,"curve":"stepped"},{"time":0.2666,"x":0,"y":0,"curve":"stepped"},{"time":0.5,"x":0,"y":0,"curve":"stepped"},{"time":0.7333,"x":0,"y":0,"curve":"stepped"},{"time":1.0666,"x":0,"y":0}],"scale":[{"time":0,"x":1,"y":1,"curve":"stepped"},{"time":0.2666,"x":1,"y":1,"curve":"stepped"},{"time":0.5,"x":1,"y":1,"curve":"stepped"},{"time":0.7333,"x":1,"y":1,"curve":"stepped"},{"time":1.0666,"x":1,"y":1}]},"bone2":{"rotate":[{"time":0,"angle":0,"curve":"stepped"},{"time":0.2666,"angle":0},{"time":0.3666,"angle":3.52},{"time":0.5,"angle":0,"curve":"stepped"},{"time":0.7333,"angle":0,"curve":"stepped"},{"time":1.0666,"angle":0}],"translate":[{"time":0,"x":0,"y":0,"curve":"stepped"},{"time":0.2666,"x":0,"y":0},{"time":0.5,"x":1.21,"y":-0.17},{"time":0.7333,"x":0,"y":0,"curve":"stepped"},{"time":1.0666,"x":0,"y":0}],"scale":[{"time":0,"x":1,"y":1,"curve":"stepped"},{"time":0.2666,"x":1,"y":1,"curve":"stepped"},{"time":0.5,"x":1,"y":1,"curve":"stepped"},{"time":0.7333,"x":1,"y":1,"curve":"stepped"},{"time":1.0666,"x":1,"y":1}]},"11":{"rotate":[{"time":0,"angle":0,"curve":"stepped"},{"time":0.2666,"angle":0,"curve":"stepped"},{"time":0.5,"angle":0,"curve":[0.287,0,0.488,0.97]},{"time":0.7333,"angle":6.35,"curve":[0.287,0,0.685,1]},{"time":1.0666,"angle":0}],"translate":[{"time":0,"x":0,"y":0,"curve":"stepped"},{"time":0.2666,"x":0,"y":0,"curve":"stepped"},{"time":0.5,"x":0,"y":0,"curve":[0.287,0,0.488,0.97]},{"time":0.7333,"x":0.03,"y":-6.45,"curve":[0.287,0,0.685,1]},{"time":1.0666,"x":0,"y":0}],"scale":[{"time":0,"x":1,"y":1,"curve":"stepped"},{"time":0.2666,"x":1,"y":1,"curve":"stepped"},{"time":0.5,"x":1,"y":1,"curve":"stepped"},{"time":0.7333,"x":1,"y":1,"curve":"stepped"},{"time":1.0666,"x":1,"y":1}]}},"ffd":{"default":{"11":{"11":[{"time":0},{"time":0.2666,"offset":8,"vertices":[-0.53498,-2.39841,0.06818,-2.45664,-0.87469,-0.76755,-0.66033,-0.95833,-0.5844,-0.46204,-0.45359,-0.59104,-1.93254,-0.19835,-0.74474,-0.01899,-1.06164,0.71814,-2.85664,0.97046,-1.81018,0.84811,-1.96278,0.37944,-1.63844,-0.04179,-1.57846,-0.44146,0,0,0,0,0,0,0,0,0,0,0,0,-1.03504,-0.32449,-0.9242,-0.56793,-0.8937,-0.02279,-0.86098,-0.24079]},{"time":0.5,"offset":4,"vertices":[0.592,0.16417,0.53389,0.30405,1.61108,-4.72841,2.71931,-4.19089,1.56929,-3.08997,2.27787,-2.61232,1.41655,-2.94481,2.0942,-2.50894,1.94015,-0.09956,1.87177,2.58156,2.60512,3.04741,2.76547,2.60435,1.11181,3.15836,0.30529,3.3347,0,0,0,0,0,0,0,0,0,0,0,0,0,0,0,0,1.05024,-0.2713,1.0848,-0.00609,0.8937,0.02279,0.86104,0.24079],"curve":[0.25,0,0.488,0.97]},{"time":0.7333,"offset":4,"vertices":[1.44646,-0.57235,1.54269,-0.20105,1.06943,-3.2319,1.82789,-2.87226,-0.55089,-2.94373,0.18614,-2.98932,-0.8058,-0.67878,-0.61525,-0.85539,0.22463,0.87803,0.94544,2.31182,4.73695,4.67928,3.09124,4.67052,2.10769,1.91333,1.57564,2.37109,0,0,0,0,0,0,0,0,0,0,0,0,0,0,0,0,-1.18766,0.10158,-1.17652,-0.19212,-0.72959,0.21194,-0.75933,0.02698]},{"time":1.0666}]}}},"drawOrder":[{"time":0,"offsets":[{"slot":"16","offset":6},{"slot":"15","offset":6},{"slot":"14","offset":6},{"slot":"13","offset":6},{"slot":"11","offset":5}]},{"time":0.5,"offsets":[{"slot":"16","offset":6},{"slot":"15","offset":6},{"slot":"14","offset":6},{"slot":"13","offset":6},{"slot":"11","offset":5}]},{"time":0.7333,"offsets":[{"slot":"16","offset":6},{"slot":"15","offset":6},{"slot":"14","offset":6},{"slot":"13","offset":6},{"slot":"11","offset":5}]},{"time":1.0666,"offsets":[{"slot":"16","offset":6},{"slot":"15","offset":6},{"slot":"14","offset":6},{"slot":"13","offset":6},{"slot":"11","offset":5}]}]},"wait_DL":{"slots":{"1":{"attachment":[{"time":0,"name":null},{"time":0.8333,"name":"1"},{"time":1.0666,"name":null},{"time":1.2,"name":null},{"time":2.4,"name":null}]},"9":{"attachment":[{"time":0,"name":"9"},{"time":0.5333,"name":"9"},{"time":1.2,"name":"9"},{"time":1.7333,"name":"9"},{"time":2.4,"name":"9"}]},"10":{"attachment":[{"time":0,"name":"10"},{"time":0.5333,"name":"10"},{"time":1.2,"name":"10"},{"time":1.7333,"name":"10"},{"time":2.4,"name":"10"}]}},"bones":{"root":{"rotate":[{"time":0,"angle":0,"curve":"stepped"},{"time":0.5333,"angle":0,"curve":"stepped"},{"time":1.2,"angle":0,"curve":"stepped"},{"time":1.7333,"angle":0,"curve":"stepped"},{"time":2.4,"angle":0}],"translate":[{"time":0,"x":0,"y":0,"curve":"stepped"},{"time":0.5333,"x":0,"y":0,"curve":"stepped"},{"time":1.2,"x":0,"y":0,"curve":"stepped"},{"time":1.7333,"x":0,"y":0,"curve":"stepped"},{"time":2.4,"x":0,"y":0}],"scale":[{"time":0,"x":1,"y":1,"curve":"stepped"},{"time":0.5333,"x":1,"y":1,"curve":"stepped"},{"time":1.2,"x":1,"y":1,"curve":"stepped"},{"time":1.7333,"x":1,"y":1,"curve":"stepped"},{"time":2.4,"x":1,"y":1}]},"bone":{"rotate":[{"time":0,"angle":0,"curve":"stepped"},{"time":0.5333,"angle":0,"curve":"stepped"},{"time":1.2,"angle":0,"curve":"stepped"},{"time":1.7333,"angle":0,"curve":"stepped"},{"time":2.4,"angle":0}],"translate":[{"time":0,"x":0,"y":0,"curve":"stepped"},{"time":0.5333,"x":0,"y":0,"curve":"stepped"},{"time":1.2,"x":0,"y":0,"curve":"stepped"},{"time":1.7333,"x":0,"y":0,"curve":"stepped"},{"time":2.4,"x":0,"y":0}],"scale":[{"time":0,"x":1,"y":1,"curve":"stepped"},{"time":0.5333,"x":1,"y":1,"curve":"stepped"},{"time":1.2,"x":1,"y":1,"curve":"stepped"},{"time":1.7333,"x":1,"y":1,"curve":"stepped"},{"time":2.4,"x":1,"y":1}]},"11":{"rotate":[{"time":0,"angle":0,"curve":[0.287,0,0.685,1]},{"time":0.5333,"angle":2,"curve":[0.25,0,0.75,1]},{"time":1.2,"angle":0,"curve":[0.287,0,0.685,1]},{"time":1.7333,"angle":2,"curve":[0.25,0,0.75,1]},{"time":2.4,"angle":0}],"translate":[{"time":0,"x":0,"y":0,"curve":[0.287,0,0.685,1]},{"time":0.5333,"x":-0.07,"y":-3,"curve":[0.25,0,0.75,1]},{"time":1.2,"x":0,"y":0,"curve":[0.287,0,0.685,1]},{"time":1.7333,"x":-0.07,"y":-3,"curve":[0.25,0,0.75,1]},{"time":2.4,"x":0,"y":0}],"scale":[{"time":0,"x":1,"y":1,"curve":"stepped"},{"time":0.5333,"x":1,"y":1,"curve":"stepped"},{"time":1.2,"x":1,"y":1,"curve":"stepped"},{"time":1.7333,"x":1,"y":1,"curve":"stepped"},{"time":2.4,"x":1,"y":1}]},"bone2":{"rotate":[{"time":0,"angle":0,"curve":"stepped"},{"time":0.5333,"angle":0,"curve":"stepped"},{"time":1.2,"angle":0,"curve":"stepped"},{"time":1.7333,"angle":0,"curve":"stepped"},{"time":2.4,"angle":0}],"translate":[{"time":0,"x":0,"y":0},{"time":0.5333,"x":-0.52,"y":0},{"time":1.2,"x":0,"y":0},{"time":1.7333,"x":-0.52,"y":0},{"time":2.4,"x":0,"y":0}],"scale":[{"time":0,"x":1,"y":1,"curve":"stepped"},{"time":0.5333,"x":1,"y":1,"curve":"stepped"},{"time":1.2,"x":1,"y":1,"curve":"stepped"},{"time":1.7333,"x":1,"y":1,"curve":"stepped"},{"time":2.4,"x":1,"y":1}]},"2":{"rotate":[{"time":0,"angle":0},{"time":0.5333,"angle":4.6},{"time":1.2,"angle":0},{"time":1.7333,"angle":4.6},{"time":2.4,"angle":0}],"translate":[{"time":0,"x":0,"y":0},{"time":0.5333,"x":-1.08,"y":-0.26},{"time":1.2,"x":0,"y":0},{"time":1.7333,"x":-1.08,"y":-0.26},{"time":2.4,"x":0,"y":0}],"scale":[{"time":0,"x":1,"y":1,"curve":"stepped"},{"time":0.5333,"x":1,"y":1,"curve":"stepped"},{"time":1.2,"x":1,"y":1,"curve":"stepped"},{"time":1.7333,"x":1,"y":1,"curve":"stepped"},{"time":2.4,"x":1,"y":1}]},"1":{"rotate":[{"time":0,"angle":0,"curve":"stepped"},{"time":0.5333,"angle":0,"curve":"stepped"},{"time":1.2,"angle":0,"curve":"stepped"},{"time":1.7333,"angle":0,"curve":"stepped"},{"time":2.4,"angle":0}],"translate":[{"time":0,"x":0,"y":0,"curve":"stepped"},{"time":0.5333,"x":0,"y":0,"curve":"stepped"},{"time":1.2,"x":0,"y":0,"curve":"stepped"},{"time":1.7333,"x":0,"y":0,"curve":"stepped"},{"time":2.4,"x":0,"y":0}],"scale":[{"time":0,"x":1,"y":1,"curve":"stepped"},{"time":0.5333,"x":1,"y":1,"curve":"stepped"},{"time":1.2,"x":1,"y":1,"curve":"stepped"},{"time":1.7333,"x":1,"y":1,"curve":"stepped"},{"time":2.4,"x":1,"y":1}]},"3":{"rotate":[{"time":0,"angle":9.02},{"time":0.6,"angle":23.54},{"time":1.2,"angle":9.02},{"time":1.8,"angle":23.54},{"time":2.4,"angle":9.02}],"translate":[{"time":0,"x":0,"y":0,"curve":"stepped"},{"time":0.6,"x":0,"y":0,"curve":"stepped"},{"time":1.2,"x":0,"y":0,"curve":"stepped"},{"time":1.8,"x":0,"y":0,"curve":"stepped"},{"time":2.4,"x":0,"y":0}],"scale":[{"time":0,"x":1,"y":1,"curve":"stepped"},{"time":0.6,"x":1,"y":1,"curve":"stepped"},{"time":1.2,"x":1,"y":1,"curve":"stepped"},{"time":1.8,"x":1,"y":1,"curve":"stepped"},{"time":2.4,"x":1,"y":1}]},"4":{"rotate":[{"time":0,"angle":-11.89},{"time":0.6,"angle":3.64},{"time":1.2,"angle":-11.89},{"time":1.8,"angle":3.64},{"time":2.4,"angle":-11.89}],"translate":[{"time":0,"x":0,"y":0,"curve":"stepped"},{"time":0.6,"x":0,"y":0,"curve":"stepped"},{"time":1.2,"x":0,"y":0,"curve":"stepped"},{"time":1.8,"x":0,"y":0,"curve":"stepped"},{"time":2.4,"x":0,"y":0}],"scale":[{"time":0,"x":1,"y":1,"curve":"stepped"},{"time":0.6,"x":1,"y":1,"curve":"stepped"},{"time":1.2,"x":1,"y":1,"curve":"stepped"},{"time":1.8,"x":1,"y":1,"curve":"stepped"},{"time":2.4,"x":1,"y":1}]},"5":{"rotate":[{"time":0,"angle":3.28},{"time":0.6,"angle":-1.67},{"time":1.2,"angle":3.28},{"time":1.8,"angle":-1.67},{"time":2.4,"angle":3.28}],"translate":[{"time":0,"x":0,"y":0,"curve":"stepped"},{"time":0.6,"x":0,"y":0,"curve":"stepped"},{"time":1.2,"x":0,"y":0,"curve":"stepped"},{"time":1.8,"x":0,"y":0,"curve":"stepped"},{"time":2.4,"x":0,"y":0}],"scale":[{"time":0,"x":1,"y":1,"curve":"stepped"},{"time":0.6,"x":1,"y":1,"curve":"stepped"},{"time":1.2,"x":1,"y":1,"curve":"stepped"},{"time":1.8,"x":1,"y":1,"curve":"stepped"},{"time":2.4,"x":1,"y":1}]},"12":{"rotate":[{"time":0,"angle":-326.55},{"time":0.5333,"angle":25.33},{"time":1.2,"angle":-326.55},{"time":1.7333,"angle":25.33},{"time":2.4,"angle":-326.55}],"translate":[{"time":0,"x":0.79,"y":1.96,"curve":"stepped"},{"time":0.5333,"x":0.79,"y":1.96,"curve":"stepped"},{"time":1.2,"x":0.79,"y":1.96,"curve":"stepped"},{"time":1.7333,"x":0.79,"y":1.96,"curve":"stepped"},{"time":2.4,"x":0.79,"y":1.96}],"scale":[{"time":0,"x":1,"y":1,"curve":"stepped"},{"time":0.5333,"x":1,"y":1,"curve":"stepped"},{"time":1.2,"x":1,"y":1,"curve":"stepped"},{"time":1.7333,"x":1,"y":1,"curve":"stepped"},{"time":2.4,"x":1,"y":1}]},"10":{"rotate":[{"time":0,"angle":25.73},{"time":0.5333,"angle":22.69},{"time":1.2,"angle":25.73},{"time":1.7333,"angle":22.69},{"time":2.4,"angle":25.73}],"translate":[{"time":0,"x":0.18,"y":-0.38,"curve":"stepped"},{"time":0.5333,"x":0.18,"y":-0.38,"curve":"stepped"},{"time":1.2,"x":0.18,"y":-0.38,"curve":"stepped"},{"time":1.7333,"x":0.18,"y":-0.38,"curve":"stepped"},{"time":2.4,"x":0.18,"y":-0.38}],"scale":[{"time":0,"x":1,"y":1,"curve":"stepped"},{"time":0.5333,"x":1,"y":1,"curve":"stepped"},{"time":1.2,"x":1,"y":1,"curve":"stepped"},{"time":1.7333,"x":1,"y":1,"curve":"stepped"},{"time":2.4,"x":1,"y":1}]},"6":{"rotate":[{"time":0,"angle":319.08},{"time":0.5333,"angle":330.84},{"time":1.2,"angle":319.08},{"time":1.7333,"angle":330.84},{"time":2.4,"angle":319.08}],"translate":[{"time":0,"x":0.13,"y":-3.91,"curve":"stepped"},{"time":0.5333,"x":0.13,"y":-3.91,"curve":"stepped"},{"time":1.2,"x":0.13,"y":-3.91,"curve":"stepped"},{"time":1.7333,"x":0.13,"y":-3.91,"curve":"stepped"},{"time":2.4,"x":0.13,"y":-3.91}],"scale":[{"time":0,"x":1,"y":1,"curve":"stepped"},{"time":0.5333,"x":1,"y":1,"curve":"stepped"},{"time":1.2,"x":1,"y":1,"curve":"stepped"},{"time":1.7333,"x":1,"y":1,"curve":"stepped"},{"time":2.4,"x":1,"y":1}]},"7":{"rotate":[{"time":0,"angle":-21.04},{"time":0.5333,"angle":-14.97},{"time":1.2,"angle":-21.04},{"time":1.7333,"angle":-14.97},{"time":2.4,"angle":-21.04}],"translate":[{"time":0,"x":0.2,"y":-1.09,"curve":"stepped"},{"time":0.5333,"x":0.2,"y":-1.09,"curve":"stepped"},{"time":1.2,"x":0.2,"y":-1.09,"curve":"stepped"},{"time":1.7333,"x":0.2,"y":-1.09,"curve":"stepped"},{"time":2.4,"x":0.2,"y":-1.09}],"scale":[{"time":0,"x":1,"y":1,"curve":"stepped"},{"time":0.5333,"x":1,"y":1,"curve":"stepped"},{"time":1.2,"x":1,"y":1,"curve":"stepped"},{"time":1.7333,"x":1,"y":1,"curve":"stepped"},{"time":2.4,"x":1,"y":1}]},"8":{"rotate":[{"time":0,"angle":-34.27},{"time":0.5333,"angle":-25.3},{"time":1.2,"angle":-34.27},{"time":1.7333,"angle":-25.3},{"time":2.4,"angle":-34.27}],"translate":[{"time":0,"x":-0.24,"y":0.54,"curve":"stepped"},{"time":0.5333,"x":-0.24,"y":0.54,"curve":"stepped"},{"time":1.2,"x":-0.24,"y":0.54,"curve":"stepped"},{"time":1.7333,"x":-0.24,"y":0.54,"curve":"stepped"},{"time":2.4,"x":-0.24,"y":0.54}],"scale":[{"time":0,"x":1,"y":1,"curve":"stepped"},{"time":0.5333,"x":1,"y":1,"curve":"stepped"},{"time":1.2,"x":1,"y":1,"curve":"stepped"},{"time":1.7333,"x":1,"y":1,"curve":"stepped"},{"time":2.4,"x":1,"y":1}]},"19":{"rotate":[{"time":0,"angle":0,"curve":"stepped"},{"time":0.5333,"angle":0,"curve":"stepped"},{"time":1.2,"angle":0,"curve":"stepped"},{"time":1.7333,"angle":0,"curve":"stepped"},{"time":2.4,"angle":0}],"translate":[{"time":0,"x":0,"y":0,"curve":"stepped"},{"time":0.5333,"x":0,"y":0,"curve":"stepped"},{"time":1.2,"x":0,"y":0,"curve":"stepped"},{"time":1.7333,"x":0,"y":0,"curve":"stepped"},{"time":2.4,"x":0,"y":0}],"scale":[{"time":0,"x":1,"y":1,"curve":"stepped"},{"time":0.5333,"x":1,"y":1,"curve":"stepped"},{"time":1.2,"x":1,"y":1,"curve":"stepped"},{"time":1.7333,"x":1,"y":1,"curve":"stepped"},{"time":2.4,"x":1,"y":1}]},"13":{"rotate":[{"time":0,"angle":0},{"time":0.5333,"angle":3.11},{"time":1.2,"angle":0},{"time":1.7333,"angle":3.11},{"time":2.4,"angle":0}],"translate":[{"time":0,"x":0,"y":0},{"time":0.5333,"x":0.65,"y":-1.62},{"time":1.2,"x":0,"y":0},{"time":1.7333,"x":0.65,"y":-1.62},{"time":2.4,"x":0,"y":0}],"scale":[{"time":0,"x":1,"y":1,"curve":"stepped"},{"time":0.5333,"x":1,"y":1,"curve":"stepped"},{"time":1.2,"x":1,"y":1,"curve":"stepped"},{"time":1.7333,"x":1,"y":1,"curve":"stepped"},{"time":2.4,"x":1,"y":1}]},"15":{"rotate":[{"time":0,"angle":0},{"time":0.5333,"angle":-7.9},{"time":1.2,"angle":0},{"time":1.7333,"angle":-7.9},{"time":2.4,"angle":0}],"translate":[{"time":0,"x":0,"y":0},{"time":0.5333,"x":-1.37,"y":0.11},{"time":1.2,"x":0,"y":0},{"time":1.7333,"x":-1.37,"y":0.11},{"time":2.4,"x":0,"y":0}],"scale":[{"time":0,"x":1,"y":1,"curve":"stepped"},{"time":0.5333,"x":1,"y":1,"curve":"stepped"},{"time":1.2,"x":1,"y":1,"curve":"stepped"},{"time":1.7333,"x":1,"y":1,"curve":"stepped"},{"time":2.4,"x":1,"y":1}]},"14":{"rotate":[{"time":0,"angle":0,"curve":"stepped"},{"time":0.5333,"angle":0,"curve":"stepped"},{"time":1.2,"angle":0,"curve":"stepped"},{"time":1.7333,"angle":0,"curve":"stepped"},{"time":2.4,"angle":0}],"translate":[{"time":0,"x":0,"y":0,"curve":"stepped"},{"time":0.5333,"x":0,"y":0,"curve":"stepped"},{"time":1.2,"x":0,"y":0,"curve":"stepped"},{"time":1.7333,"x":0,"y":0,"curve":"stepped"},{"time":2.4,"x":0,"y":0}],"scale":[{"time":0,"x":1,"y":1,"curve":"stepped"},{"time":0.5333,"x":1,"y":1,"curve":"stepped"},{"time":1.2,"x":1,"y":1,"curve":"stepped"},{"time":1.7333,"x":1,"y":1,"curve":"stepped"},{"time":2.4,"x":1,"y":1}]},"16":{"rotate":[{"time":0,"angle":0},{"time":0.5333,"angle":-8.82},{"time":1.2,"angle":0},{"time":1.7333,"angle":-8.82},{"time":2.4,"angle":0}],"translate":[{"time":0,"x":0,"y":0},{"time":0.5333,"x":-0.48,"y":-2.44},{"time":1.2,"x":0,"y":0},{"time":1.7333,"x":-0.48,"y":-2.44},{"time":2.4,"x":0,"y":0}],"scale":[{"time":0,"x":1,"y":1,"curve":"stepped"},{"time":0.5333,"x":1,"y":1,"curve":"stepped"},{"time":1.2,"x":1,"y":1,"curve":"stepped"},{"time":1.7333,"x":1,"y":1,"curve":"stepped"},{"time":2.4,"x":1,"y":1}]},"18":{"rotate":[{"time":0,"angle":0},{"time":0.5333,"angle":15.6},{"time":1.2,"angle":0},{"time":1.7333,"angle":15.6},{"time":2.4,"angle":0}],"translate":[{"time":0,"x":0,"y":0},{"time":0.5333,"x":-2.11,"y":0.07},{"time":1.2,"x":0,"y":0},{"time":1.7333,"x":-2.11,"y":0.07},{"time":2.4,"x":0,"y":0}],"scale":[{"time":0,"x":1,"y":1,"curve":"stepped"},{"time":0.5333,"x":1,"y":1,"curve":"stepped"},{"time":1.2,"x":1,"y":1,"curve":"stepped"},{"time":1.7333,"x":1,"y":1,"curve":"stepped"},{"time":2.4,"x":1,"y":1}]},"17":{"rotate":[{"time":0,"angle":0},{"time":0.5333,"angle":-5.7},{"time":1.2,"angle":0},{"time":1.7333,"angle":-5.7},{"time":2.4,"angle":0}],"translate":[{"time":0,"x":0,"y":0,"curve":"stepped"},{"time":0.5333,"x":0,"y":0,"curve":"stepped"},{"time":1.2,"x":0,"y":0,"curve":"stepped"},{"time":1.7333,"x":0,"y":0,"curve":"stepped"},{"time":2.4,"x":0,"y":0}],"scale":[{"time":0,"x":1,"y":1,"curve":"stepped"},{"time":0.5333,"x":1,"y":1,"curve":"stepped"},{"time":1.2,"x":1,"y":1,"curve":"stepped"},{"time":1.7333,"x":1,"y":1,"curve":"stepped"},{"time":2.4,"x":1,"y":1}]},"shadow":{"rotate":[{"time":0,"angle":0,"curve":"stepped"},{"time":0.5333,"angle":0,"curve":"stepped"},{"time":1.2,"angle":0,"curve":"stepped"},{"time":1.7333,"angle":0,"curve":"stepped"},{"time":2.4,"angle":0}],"translate":[{"time":0,"x":0,"y":0,"curve":"stepped"},{"time":0.5333,"x":0,"y":0,"curve":"stepped"},{"time":1.2,"x":0,"y":0,"curve":"stepped"},{"time":1.7333,"x":0,"y":0,"curve":"stepped"},{"time":2.4,"x":0,"y":0}],"scale":[{"time":0,"x":1,"y":1},{"time":0.5333,"x":1.045,"y":1.047},{"time":1.2,"x":1,"y":1},{"time":1.7333,"x":1.045,"y":1.047},{"time":2.4,"x":1,"y":1}]},"9":{"rotate":[{"time":0,"angle":-1.49,"curve":"stepped"},{"time":0.5333,"angle":-1.49,"curve":"stepped"},{"time":1.2,"angle":-1.49,"curve":"stepped"},{"time":1.7333,"angle":-1.49,"curve":"stepped"},{"time":2.4,"angle":-1.49}],"translate":[{"time":0,"x":-2.39,"y":2.1,"curve":"stepped"},{"time":0.5333,"x":-2.39,"y":2.1,"curve":"stepped"},{"time":1.2,"x":-2.39,"y":2.1,"curve":"stepped"},{"time":1.7333,"x":-2.39,"y":2.1,"curve":"stepped"},{"time":2.4,"x":-2.39,"y":2.1}],"scale":[{"time":0,"x":0.955,"y":0.968,"curve":"stepped"},{"time":0.5333,"x":0.955,"y":0.968,"curve":"stepped"},{"time":1.2,"x":0.955,"y":0.968,"curve":"stepped"},{"time":1.7333,"x":0.955,"y":0.968,"curve":"stepped"},{"time":2.4,"x":0.955,"y":0.968}]}},"ffd":{"default":{"11":{"11":[{"time":0},{"time":0.4,"offset":4,"vertices":[0.85229,-0.43003,0.93168,-0.20845,0.84606,-2.13774,1.34353,-1.86591,1.12812,-2.8503,1.79138,-2.48787,0.84763,-1.71082,1.24059,-1.45156,1.99182,-0.14956,1.14055,0.56509,1.14418,1.56126,0.99099,4.26512,0.14645,1.13795,-0.13644,1.1393,0,0,0,0,0,0,0,0,0,0,0,0,0,0,0,0,0,0,0,0,0.85386,-0.0031,0.82873,0.20592]},{"time":0.8,"offset":4,"vertices":[0.85281,0.28772,0.75657,0.48768,-0.85074,-0.85696,-0.61526,-1.03917,-0.85021,-0.99927,-0.5799,-1.17703,-0.99461,-0.43055,-0.8591,-0.66088,-0.99668,0.13868,-1.14107,0.7074,-0.5713,0.56716,-1.14313,1.27662,-1.15264,0.84968,-1.3256,0.54187,-0.42744,0.14075,-0.44892,0.03189,0,0,0,0,0,0,0,0,0,0,0,0,-0.56923,-0.00207,-0.55146,-0.1413,-0.56975,0.14023,-0.58679]},{"time":1.2},{"time":1.6,"offset":4,"vertices":[0.85229,-0.43003,0.93168,-0.20845,0.84606,-2.13774,1.34353,-1.86591,1.12812,-2.8503,1.79138,-2.48787,0.84763,-1.71082,1.24059,-1.45156,1.99182,-0.14956,1.14055,0.56509,1.14418,1.56126,0.99099,4.26512,0.14645,1.13795,-0.13644,1.1393,0,0,0,0,0,0,0,0,0,0,0,0,0,0,0,0,0,0,0,0,0.85386,-0.0031,0.82873,0.20592]},{"time":2,"offset":4,"vertices":[0.85281,0.28772,0.75657,0.48768,-0.85074,-0.85696,-0.61526,-1.03917,-0.85021,-0.99927,-0.5799,-1.17703,-0.99461,-0.43055,-0.8591,-0.66088,-0.99668,0.13868,-1.14107,0.7074,-0.5713,0.56716,-1.14313,1.27662,-1.15264,0.84968,-1.3256,0.54187,-0.42744,0.14075,-0.44892,0.03189,0,0,0,0,0,0,0,0,0,0,0,0,-0.56923,-0.00207,-0.55146,-0.1413,-0.56975,0.14023,-0.58679]},{"time":2.4}]}}},"drawOrder":[{"time":0,"offsets":[{"slot":"16","offset":6},{"slot":"15","offset":6},{"slot":"14","offset":6},{"slot":"13","offset":6},{"slot":"11","offset":5}]},{"time":1.2,"offsets":[{"slot":"16","offset":6},{"slot":"15","offset":6},{"slot":"14","offset":6},{"slot":"13","offset":6},{"slot":"11","offset":5}]},{"time":2.4,"offsets":[{"slot":"16","offset":6},{"slot":"15","offset":6},{"slot":"14","offset":6},{"slot":"13","offset":6},{"slot":"11","offset":5}]}]},"wait_special_DL":{"slots":{"1":{"attachment":[{"time":0,"name":null},{"time":0.4333,"name":"1"},{"time":0.6666,"name":null},{"time":1.0333,"name":null},{"time":1.3333,"name":null},{"time":1.7666,"name":null},{"time":2.0333,"name":null},{"time":2.2666,"name":null},{"time":2.6,"name":null},{"time":3.4,"name":null},{"time":3.5333,"name":null},{"time":3.7666,"name":null},{"time":4.2,"name":null},{"time":4.3333,"name":"1"},{"time":4.5666,"name":null},{"time":4.8666,"name":null},{"time":5.2666,"name":null},{"time":5.6,"name":null}]},"10":{"attachment":[{"time":0,"name":"10"},{"time":0.4333,"name":"10"},{"time":1.7666,"name":"10"},{"time":2.0333,"name":"10"},{"time":2.2666,"name":"10"},{"time":2.6,"name":"10"},{"time":3.4,"name":"10"},{"time":3.5333,"name":"10"},{"time":3.7666,"name":"10"},{"time":4.2,"name":"10"},{"time":4.4333,"name":"10"},{"time":4.8666,"name":"10"},{"time":5.2666,"name":"10"},{"time":5.6,"name":"10"}]}},"bones":{"1":{"rotate":[{"time":0,"angle":0,"curve":"stepped"},{"time":0.4333,"angle":0,"curve":"stepped"},{"time":1.7666,"angle":0,"curve":"stepped"},{"time":2.0333,"angle":0,"curve":"stepped"},{"time":2.2666,"angle":0,"curve":"stepped"},{"time":2.6,"angle":0,"curve":"stepped"},{"time":3.4,"angle":0,"curve":"stepped"},{"time":3.5333,"angle":0,"curve":"stepped"},{"time":3.7666,"angle":0,"curve":"stepped"},{"time":4.2,"angle":0,"curve":"stepped"},{"time":4.4333,"angle":0,"curve":"stepped"},{"time":4.8666,"angle":0,"curve":"stepped"},{"time":5.2666,"angle":0,"curve":"stepped"},{"time":5.6,"angle":0}],"translate":[{"time":0,"x":0,"y":0,"curve":"stepped"},{"time":0.4333,"x":0,"y":0,"curve":"stepped"},{"time":1.7666,"x":0,"y":0,"curve":"stepped"},{"time":2.0333,"x":0,"y":0,"curve":"stepped"},{"time":2.2666,"x":0,"y":0,"curve":"stepped"},{"time":2.6,"x":0,"y":0,"curve":"stepped"},{"time":3.4,"x":0,"y":0,"curve":"stepped"},{"time":3.5333,"x":0,"y":0,"curve":"stepped"},{"time":3.7666,"x":0,"y":0,"curve":"stepped"},{"time":4.2,"x":0,"y":0,"curve":"stepped"},{"time":4.4333,"x":0,"y":0,"curve":"stepped"},{"time":4.8666,"x":0,"y":0,"curve":"stepped"},{"time":5.2666,"x":0,"y":0,"curve":"stepped"},{"time":5.6,"x":0,"y":0}],"scale":[{"time":0,"x":1,"y":1,"curve":"stepped"},{"time":0.4333,"x":1,"y":1,"curve":"stepped"},{"time":1.7666,"x":1,"y":1,"curve":"stepped"},{"time":2.0333,"x":1,"y":1,"curve":"stepped"},{"time":2.2666,"x":1,"y":1,"curve":"stepped"},{"time":2.6,"x":1,"y":1,"curve":"stepped"},{"time":3.4,"x":1,"y":1,"curve":"stepped"},{"time":3.5333,"x":1,"y":1,"curve":"stepped"},{"time":3.7666,"x":1,"y":1,"curve":"stepped"},{"time":4.2,"x":1,"y":1,"curve":"stepped"},{"time":4.4333,"x":1,"y":1,"curve":"stepped"},{"time":4.8666,"x":1,"y":1,"curve":"stepped"},{"time":5.2666,"x":1,"y":1,"curve":"stepped"},{"time":5.6,"x":1,"y":1}]},"14":{"rotate":[{"time":0,"angle":0},{"time":0.4333,"angle":-9.94},{"time":0.5666,"angle":-7.65},{"time":0.6666,"angle":-9.94},{"time":0.8,"angle":-7.65},{"time":0.9,"angle":-9.94},{"time":1.0333,"angle":-7.65},{"time":1.1333,"angle":-9.94},{"time":1.2666,"angle":-7.65},{"time":1.3666,"angle":-9.94},{"time":1.5,"angle":-7.65},{"time":1.6,"angle":-9.94,"curve":"stepped"},{"time":1.7666,"angle":-9.94,"curve":"stepped"},{"time":2.0333,"angle":-9.94,"curve":"stepped"},{"time":2.2666,"angle":-9.94},{"time":2.6,"angle":0,"curve":"stepped"},{"time":3.4,"angle":0,"curve":"stepped"},{"time":3.5333,"angle":0},{"time":3.7666,"angle":-0.12,"curve":"stepped"},{"time":4.2,"angle":-0.12,"curve":"stepped"},{"time":4.4333,"angle":-0.12},{"time":4.6,"angle":0,"curve":"stepped"},{"time":4.8666,"angle":0,"curve":"stepped"},{"time":5.2666,"angle":0,"curve":"stepped"},{"time":5.6,"angle":0}],"translate":[{"time":0,"x":0,"y":0,"curve":"stepped"},{"time":0.4333,"x":0,"y":0},{"time":0.5666,"x":-1.02,"y":0.14},{"time":0.6666,"x":0,"y":0},{"time":0.8,"x":-1.02,"y":0.14},{"time":0.9,"x":0,"y":0},{"time":1.0333,"x":-1.02,"y":0.14},{"time":1.1333,"x":0,"y":0},{"time":1.2666,"x":-1.02,"y":0.14},{"time":1.3666,"x":0,"y":0},{"time":1.5,"x":-1.02,"y":0.14},{"time":1.6,"x":0,"y":0,"curve":"stepped"},{"time":1.7666,"x":0,"y":0,"curve":"stepped"},{"time":2.0333,"x":0,"y":0,"curve":"stepped"},{"time":2.2666,"x":0,"y":0,"curve":"stepped"},{"time":2.6,"x":0,"y":0,"curve":"stepped"},{"time":3.4,"x":0,"y":0,"curve":"stepped"},{"time":3.5333,"x":0,"y":0,"curve":"stepped"},{"time":3.7666,"x":0,"y":0,"curve":"stepped"},{"time":4.2,"x":0,"y":0,"curve":"stepped"},{"time":4.4333,"x":0,"y":0,"curve":"stepped"},{"time":4.6,"x":0,"y":0,"curve":"stepped"},{"time":4.8666,"x":0,"y":0,"curve":"stepped"},{"time":5.2666,"x":0,"y":0,"curve":"stepped"},{"time":5.6,"x":0,"y":0}],"scale":[{"time":0,"x":1,"y":1,"curve":"stepped"},{"time":0.4333,"x":1,"y":1},{"time":0.5666,"x":0.877,"y":1.068},{"time":0.6666,"x":1,"y":1},{"time":0.8,"x":0.877,"y":1.068},{"time":0.9,"x":1,"y":1},{"time":1.0333,"x":0.877,"y":1.068},{"time":1.1333,"x":1,"y":1},{"time":1.2666,"x":0.877,"y":1.068},{"time":1.3666,"x":1,"y":1},{"time":1.5,"x":0.877,"y":1.068},{"time":1.6,"x":1,"y":1,"curve":"stepped"},{"time":1.7666,"x":1,"y":1,"curve":"stepped"},{"time":2.0333,"x":1,"y":1,"curve":"stepped"},{"time":2.2666,"x":1,"y":1,"curve":"stepped"},{"time":2.6,"x":1,"y":1,"curve":"stepped"},{"time":3.4,"x":1,"y":1,"curve":"stepped"},{"time":3.5333,"x":1,"y":1,"curve":"stepped"},{"time":3.7666,"x":1,"y":1,"curve":"stepped"},{"time":4.2,"x":1,"y":1,"curve":"stepped"},{"time":4.4333,"x":1,"y":1,"curve":"stepped"},{"time":4.6,"x":1,"y":1,"curve":"stepped"},{"time":4.8666,"x":1,"y":1,"curve":"stepped"},{"time":5.2666,"x":1,"y":1,"curve":"stepped"},{"time":5.6,"x":1,"y":1}]},"19":{"rotate":[{"time":0,"angle":0,"curve":"stepped"},{"time":0.4333,"angle":0,"curve":"stepped"},{"time":1.7666,"angle":0,"curve":"stepped"},{"time":2.0333,"angle":0,"curve":"stepped"},{"time":2.2666,"angle":0,"curve":"stepped"},{"time":2.6,"angle":0,"curve":"stepped"},{"time":3.4,"angle":0,"curve":"stepped"},{"time":3.5333,"angle":0,"curve":"stepped"},{"time":3.7666,"angle":0,"curve":"stepped"},{"time":4.2,"angle":0,"curve":"stepped"},{"time":4.4333,"angle":0,"curve":"stepped"},{"time":4.8666,"angle":0,"curve":"stepped"},{"time":5.2666,"angle":0,"curve":"stepped"},{"time":5.6,"angle":0}],"translate":[{"time":0,"x":0,"y":0,"curve":"stepped"},{"time":0.4333,"x":0,"y":0,"curve":"stepped"},{"time":1.7666,"x":0,"y":0,"curve":"stepped"},{"time":2.0333,"x":0,"y":0,"curve":"stepped"},{"time":2.2666,"x":0,"y":0,"curve":"stepped"},{"time":2.6,"x":0,"y":0,"curve":"stepped"},{"time":3.4,"x":0,"y":0,"curve":"stepped"},{"time":3.5333,"x":0,"y":0,"curve":"stepped"},{"time":3.7666,"x":0,"y":0,"curve":"stepped"},{"time":4.2,"x":0,"y":0,"curve":"stepped"},{"time":4.4333,"x":0,"y":0,"curve":"stepped"},{"time":4.8666,"x":0,"y":0,"curve":"stepped"},{"time":5.2666,"x":0,"y":0,"curve":"stepped"},{"time":5.6,"x":0,"y":0}],"scale":[{"time":0,"x":1,"y":1,"curve":"stepped"},{"time":0.4333,"x":1,"y":1,"curve":"stepped"},{"time":1.7666,"x":1,"y":1,"curve":"stepped"},{"time":2.0333,"x":1,"y":1,"curve":"stepped"},{"time":2.2666,"x":1,"y":1,"curve":"stepped"},{"time":2.6,"x":1,"y":1,"curve":"stepped"},{"time":3.4,"x":1,"y":1,"curve":"stepped"},{"time":3.5333,"x":1,"y":1,"curve":"stepped"},{"time":3.7666,"x":1,"y":1,"curve":"stepped"},{"time":4.2,"x":1,"y":1,"curve":"stepped"},{"time":4.4333,"x":1,"y":1,"curve":"stepped"},{"time":4.8666,"x":1,"y":1,"curve":"stepped"},{"time":5.2666,"x":1,"y":1,"curve":"stepped"},{"time":5.6,"x":1,"y":1}]},"7":{"rotate":[{"time":0,"angle":-21.04,"curve":"stepped"},{"time":0.4333,"angle":-21.04,"curve":"stepped"},{"time":1.7666,"angle":-21.04},{"time":2.0333,"angle":-5.13,"curve":"stepped"},{"time":2.2666,"angle":-5.13,"curve":"stepped"},{"time":2.6,"angle":-5.13,"curve":"stepped"},{"time":3.4,"angle":-5.13,"curve":"stepped"},{"time":3.5333,"angle":-5.13},{"time":3.7666,"angle":7.44,"curve":"stepped"},{"time":4.2,"angle":7.44},{"time":4.4333,"angle":-5.13,"curve":"stepped"},{"time":4.8666,"angle":-5.13,"curve":"stepped"},{"time":5.2666,"angle":-5.13},{"time":5.6,"angle":-21.04}],"translate":[{"time":0,"x":0.2,"y":-1.09,"curve":"stepped"},{"time":0.4333,"x":0.2,"y":-1.09,"curve":"stepped"},{"time":1.7666,"x":0.2,"y":-1.09},{"time":2.0333,"x":2.26,"y":-0.9,"curve":"stepped"},{"time":2.2666,"x":2.26,"y":-0.9,"curve":"stepped"},{"time":2.6,"x":2.26,"y":-0.9,"curve":"stepped"},{"time":3.4,"x":2.26,"y":-0.9,"curve":"stepped"},{"time":3.5333,"x":2.26,"y":-0.9},{"time":3.7666,"x":2.36,"y":-0.87,"curve":"stepped"},{"time":4.2,"x":2.36,"y":-0.87},{"time":4.4333,"x":2.26,"y":-0.9,"curve":"stepped"},{"time":4.8666,"x":2.26,"y":-0.9,"curve":"stepped"},{"time":5.2666,"x":2.26,"y":-0.9},{"time":5.6,"x":0.2,"y":-1.09}],"scale":[{"time":0,"x":1,"y":1,"curve":"stepped"},{"time":0.4333,"x":1,"y":1,"curve":"stepped"},{"time":1.7666,"x":1,"y":1,"curve":"stepped"},{"time":2.0333,"x":1,"y":1,"curve":"stepped"},{"time":2.2666,"x":1,"y":1,"curve":"stepped"},{"time":2.6,"x":1,"y":1,"curve":"stepped"},{"time":3.4,"x":1,"y":1,"curve":"stepped"},{"time":3.5333,"x":1,"y":1,"curve":"stepped"},{"time":3.7666,"x":1,"y":1,"curve":"stepped"},{"time":4.2,"x":1,"y":1,"curve":"stepped"},{"time":4.4333,"x":1,"y":1,"curve":"stepped"},{"time":4.8666,"x":1,"y":1,"curve":"stepped"},{"time":5.2666,"x":1,"y":1,"curve":"stepped"},{"time":5.6,"x":1,"y":1}]},"bone2":{"rotate":[{"time":0,"angle":0,"curve":"stepped"},{"time":0.4333,"angle":0,"curve":"stepped"},{"time":1.7666,"angle":0,"curve":"stepped"},{"time":2.0333,"angle":0,"curve":"stepped"},{"time":2.2666,"angle":0,"curve":"stepped"},{"time":2.6,"angle":0,"curve":"stepped"},{"time":3.4,"angle":0,"curve":"stepped"},{"time":3.5333,"angle":0},{"time":3.7666,"angle":9.83,"curve":"stepped"},{"time":4.2,"angle":9.83},{"time":4.4333,"angle":0,"curve":"stepped"},{"time":4.8666,"angle":0,"curve":"stepped"},{"time":5.2666,"angle":0,"curve":"stepped"},{"time":5.6,"angle":0}],"translate":[{"time":0,"x":0,"y":0,"curve":"stepped"},{"time":0.4333,"x":0,"y":0,"curve":"stepped"},{"time":1.7666,"x":0,"y":0,"curve":"stepped"},{"time":2.0333,"x":0,"y":0,"curve":"stepped"},{"time":2.2666,"x":0,"y":0,"curve":"stepped"},{"time":2.6,"x":0,"y":0,"curve":"stepped"},{"time":3.4,"x":0,"y":0,"curve":"stepped"},{"time":3.5333,"x":0,"y":0,"curve":"stepped"},{"time":3.7666,"x":0,"y":0,"curve":"stepped"},{"time":4.2,"x":0,"y":0,"curve":"stepped"},{"time":4.4333,"x":0,"y":0,"curve":"stepped"},{"time":4.8666,"x":0,"y":0,"curve":"stepped"},{"time":5.2666,"x":0,"y":0,"curve":"stepped"},{"time":5.6,"x":0,"y":0}],"scale":[{"time":0,"x":1,"y":1,"curve":"stepped"},{"time":0.4333,"x":1,"y":1,"curve":"stepped"},{"time":1.7666,"x":1,"y":1,"curve":"stepped"},{"time":2.0333,"x":1,"y":1,"curve":"stepped"},{"time":2.2666,"x":1,"y":1,"curve":"stepped"},{"time":2.6,"x":1,"y":1,"curve":"stepped"},{"time":3.4,"x":1,"y":1,"curve":"stepped"},{"time":3.5333,"x":1,"y":1,"curve":"stepped"},{"time":3.7666,"x":1,"y":1,"curve":"stepped"},{"time":4.2,"x":1,"y":1,"curve":"stepped"},{"time":4.4333,"x":1,"y":1,"curve":"stepped"},{"time":4.8666,"x":1,"y":1,"curve":"stepped"},{"time":5.2666,"x":1,"y":1,"curve":"stepped"},{"time":5.6,"x":1,"y":1}]},"4":{"rotate":[{"time":0,"angle":-11.89},{"time":0.2,"angle":-30.75},{"time":0.4333,"angle":-67.88},{"time":0.7666,"angle":-70.39},{"time":1.1,"angle":-67.88},{"time":1.4333,"angle":-70.39},{"time":1.7666,"angle":-67.88},{"time":2.0333,"angle":-70.39,"curve":"stepped"},{"time":2.2666,"angle":-70.39},{"time":2.4,"angle":-24.74},{"time":2.6,"angle":-2.73},{"time":2.7333,"angle":-27.68},{"time":2.8333,"angle":11.09},{"time":2.9666,"angle":-27.68},{"time":3.0666,"angle":-2.73},{"time":3.2,"angle":-27.68},{"time":3.3,"angle":11.09},{"time":3.4,"angle":-27.68},{"time":3.5333,"angle":-54.67},{"time":3.7666,"angle":-31.05,"curve":"stepped"},{"time":4.2,"angle":-31.05},{"time":4.4333,"angle":-25.11},{"time":4.8666,"angle":11.89},{"time":5.2666,"angle":3.43},{"time":5.6,"angle":-11.89}],"translate":[{"time":0,"x":0,"y":0,"curve":"stepped"},{"time":0.4333,"x":0,"y":0,"curve":"stepped"},{"time":0.7666,"x":0,"y":0,"curve":"stepped"},{"time":1.1,"x":0,"y":0,"curve":"stepped"},{"time":1.4333,"x":0,"y":0,"curve":"stepped"},{"time":1.7666,"x":0,"y":0,"curve":"stepped"},{"time":2.0333,"x":0,"y":0,"curve":"stepped"},{"time":2.2666,"x":0,"y":0,"curve":"stepped"},{"time":2.4,"x":0,"y":0,"curve":"stepped"},{"time":2.6,"x":0,"y":0,"curve":"stepped"},{"time":2.7333,"x":0,"y":0,"curve":"stepped"},{"time":2.8333,"x":0,"y":0,"curve":"stepped"},{"time":2.9666,"x":0,"y":0,"curve":"stepped"},{"time":3.0666,"x":0,"y":0,"curve":"stepped"},{"time":3.2,"x":0,"y":0,"curve":"stepped"},{"time":3.3,"x":0,"y":0,"curve":"stepped"},{"time":3.4,"x":0,"y":0,"curve":"stepped"},{"time":3.5333,"x":0,"y":0,"curve":"stepped"},{"time":3.7666,"x":0,"y":0,"curve":"stepped"},{"time":4.2,"x":0,"y":0,"curve":"stepped"},{"time":4.4333,"x":0,"y":0,"curve":"stepped"},{"time":4.8666,"x":0,"y":0,"curve":"stepped"},{"time":5.2666,"x":0,"y":0,"curve":"stepped"},{"time":5.6,"x":0,"y":0}],"scale":[{"time":0,"x":1,"y":1},{"time":0.4333,"x":1.124,"y":0.964,"curve":"stepped"},{"time":0.7666,"x":1.124,"y":0.964,"curve":"stepped"},{"time":1.1,"x":1.124,"y":0.964,"curve":"stepped"},{"time":1.4333,"x":1.124,"y":0.964,"curve":"stepped"},{"time":1.7666,"x":1.124,"y":0.964,"curve":"stepped"},{"time":2.0333,"x":1.124,"y":0.964,"curve":"stepped"},{"time":2.2666,"x":1.124,"y":0.964,"curve":"stepped"},{"time":2.4,"x":1.124,"y":0.964},{"time":2.6,"x":1.262,"y":0.974,"curve":"stepped"},{"time":2.7333,"x":1.262,"y":0.974,"curve":"stepped"},{"time":2.8333,"x":1.262,"y":0.974,"curve":"stepped"},{"time":2.9666,"x":1.262,"y":0.974,"curve":"stepped"},{"time":3.0666,"x":1.262,"y":0.974,"curve":"stepped"},{"time":3.2,"x":1.262,"y":0.974,"curve":"stepped"},{"time":3.3,"x":1.262,"y":0.974,"curve":"stepped"},{"time":3.4,"x":1.262,"y":0.974},{"time":3.5333,"x":1,"y":1,"curve":"stepped"},{"time":3.7666,"x":1,"y":1,"curve":"stepped"},{"time":4.2,"x":1,"y":1,"curve":"stepped"},{"time":4.4333,"x":1,"y":1,"curve":"stepped"},{"time":4.8666,"x":1,"y":1,"curve":"stepped"},{"time":5.2666,"x":1,"y":1,"curve":"stepped"},{"time":5.6,"x":1,"y":1}]},"10":{"rotate":[{"time":0,"angle":25.73},{"time":0.4333,"angle":21.82},{"time":1.7666,"angle":25.73},{"time":2.0333,"angle":3.1},{"time":2.2666,"angle":-3.61},{"time":2.6,"angle":-16.58,"curve":"stepped"},{"time":3.4,"angle":-16.58},{"time":3.5333,"angle":-11.85},{"time":3.7666,"angle":-36.11,"curve":"stepped"},{"time":4.2,"angle":-36.11},{"time":4.4333,"angle":-1.37},{"time":4.8666,"angle":17.69,"curve":"stepped"},{"time":5.2666,"angle":17.69},{"time":5.6,"angle":25.73}],"translate":[{"time":0,"x":0.18,"y":-0.38,"curve":"stepped"},{"time":0.4333,"x":0.18,"y":-0.38,"curve":"stepped"},{"time":1.7666,"x":0.18,"y":-0.38},{"time":2.0333,"x":0.39,"y":-0.17,"curve":"stepped"},{"time":2.2666,"x":0.39,"y":-0.17,"curve":"stepped"},{"time":2.6,"x":0.39,"y":-0.17,"curve":"stepped"},{"time":3.4,"x":0.39,"y":-0.17,"curve":"stepped"},{"time":3.5333,"x":0.39,"y":-0.17,"curve":"stepped"},{"time":3.7666,"x":0.39,"y":-0.17,"curve":"stepped"},{"time":4.2,"x":0.39,"y":-0.17,"curve":"stepped"},{"time":4.4333,"x":0.39,"y":-0.17,"curve":"stepped"},{"time":4.8666,"x":0.39,"y":-0.17,"curve":"stepped"},{"time":5.2666,"x":0.39,"y":-0.17},{"time":5.6,"x":0.18,"y":-0.38}],"scale":[{"time":0,"x":1,"y":1,"curve":"stepped"},{"time":0.4333,"x":1,"y":1,"curve":"stepped"},{"time":1.7666,"x":1,"y":1},{"time":2.0333,"x":0.956,"y":0.974,"curve":"stepped"},{"time":2.2666,"x":0.956,"y":0.974,"curve":"stepped"},{"time":2.6,"x":0.956,"y":0.974,"curve":"stepped"},{"time":3.4,"x":0.956,"y":0.974,"curve":"stepped"},{"time":3.5333,"x":0.956,"y":0.974,"curve":"stepped"},{"time":3.7666,"x":0.956,"y":0.974,"curve":"stepped"},{"time":4.2,"x":0.956,"y":0.974,"curve":"stepped"},{"time":4.4333,"x":0.956,"y":0.974,"curve":"stepped"},{"time":4.8666,"x":0.956,"y":0.974,"curve":"stepped"},{"time":5.2666,"x":0.956,"y":0.974},{"time":5.6,"x":1,"y":1}]},"17":{"rotate":[{"time":0,"angle":0,"curve":"stepped"},{"time":0.4333,"angle":0,"curve":"stepped"},{"time":1.7666,"angle":0,"curve":"stepped"},{"time":2.0333,"angle":0,"curve":"stepped"},{"time":2.2666,"angle":0,"curve":"stepped"},{"time":2.6,"angle":0,"curve":"stepped"},{"time":3.4,"angle":0,"curve":"stepped"},{"time":3.5333,"angle":0,"curve":"stepped"},{"time":3.7666,"angle":0,"curve":"stepped"},{"time":4.2,"angle":0,"curve":"stepped"},{"time":4.4333,"angle":0,"curve":"stepped"},{"time":4.8666,"angle":0,"curve":"stepped"},{"time":5.2666,"angle":0,"curve":"stepped"},{"time":5.6,"angle":0}],"translate":[{"time":0,"x":0,"y":0,"curve":"stepped"},{"time":0.4333,"x":0,"y":0,"curve":"stepped"},{"time":1.7666,"x":0,"y":0,"curve":"stepped"},{"time":2.0333,"x":0,"y":0,"curve":"stepped"},{"time":2.2666,"x":0,"y":0,"curve":"stepped"},{"time":2.6,"x":0,"y":0,"curve":"stepped"},{"time":3.4,"x":0,"y":0,"curve":"stepped"},{"time":3.5333,"x":0,"y":0,"curve":"stepped"},{"time":3.7666,"x":0,"y":0,"curve":"stepped"},{"time":4.2,"x":0,"y":0,"curve":"stepped"},{"time":4.4333,"x":0,"y":0,"curve":"stepped"},{"time":4.8666,"x":0,"y":0,"curve":"stepped"},{"time":5.2666,"x":0,"y":0,"curve":"stepped"},{"time":5.6,"x":0,"y":0}],"scale":[{"time":0,"x":1,"y":1,"curve":"stepped"},{"time":0.4333,"x":1,"y":1,"curve":"stepped"},{"time":1.7666,"x":1,"y":1,"curve":"stepped"},{"time":2.0333,"x":1,"y":1,"curve":"stepped"},{"time":2.2666,"x":1,"y":1,"curve":"stepped"},{"time":2.6,"x":1,"y":1,"curve":"stepped"},{"time":3.4,"x":1,"y":1,"curve":"stepped"},{"time":3.5333,"x":1,"y":1,"curve":"stepped"},{"time":3.7666,"x":1,"y":1,"curve":"stepped"},{"time":4.2,"x":1,"y":1,"curve":"stepped"},{"time":4.4333,"x":1,"y":1,"curve":"stepped"},{"time":4.8666,"x":1,"y":1,"curve":"stepped"},{"time":5.2666,"x":1,"y":1,"curve":"stepped"},{"time":5.6,"x":1,"y":1}]},"13":{"rotate":[{"time":0,"angle":0},{"time":0.4333,"angle":4.37,"curve":"stepped"},{"time":0.5666,"angle":4.37,"curve":"stepped"},{"time":0.6666,"angle":4.37,"curve":"stepped"},{"time":0.8,"angle":4.37,"curve":"stepped"},{"time":0.9,"angle":4.37,"curve":"stepped"},{"time":1.0333,"angle":4.37,"curve":"stepped"},{"time":1.1333,"angle":4.37,"curve":"stepped"},{"time":1.2666,"angle":4.37,"curve":"stepped"},{"time":1.3666,"angle":4.37,"curve":"stepped"},{"time":1.5,"angle":4.37,"curve":"stepped"},{"time":1.6,"angle":4.37,"curve":"stepped"},{"time":1.7666,"angle":4.37},{"time":2.0333,"angle":7.74},{"time":2.2666,"angle":4.37},{"time":2.6,"angle":0,"curve":"stepped"},{"time":3.4,"angle":0,"curve":"stepped"},{"time":3.5333,"angle":0},{"time":3.7666,"angle":0.25,"curve":"stepped"},{"time":4.2,"angle":0.25,"curve":"stepped"},{"time":4.4333,"angle":0.25},{"time":4.6,"angle":2.32,"curve":"stepped"},{"time":4.8666,"angle":2.32,"curve":"stepped"},{"time":5.2666,"angle":2.32},{"time":5.6,"angle":0}],"translate":[{"time":0,"x":0,"y":0,"curve":"stepped"},{"time":0.4333,"x":0,"y":0,"curve":"stepped"},{"time":0.5666,"x":0,"y":0,"curve":"stepped"},{"time":0.6666,"x":0,"y":0,"curve":"stepped"},{"time":0.8,"x":0,"y":0,"curve":"stepped"},{"time":0.9,"x":0,"y":0,"curve":"stepped"},{"time":1.0333,"x":0,"y":0,"curve":"stepped"},{"time":1.1333,"x":0,"y":0,"curve":"stepped"},{"time":1.2666,"x":0,"y":0,"curve":"stepped"},{"time":1.3666,"x":0,"y":0,"curve":"stepped"},{"time":1.5,"x":0,"y":0,"curve":"stepped"},{"time":1.6,"x":0,"y":0,"curve":"stepped"},{"time":1.7666,"x":0,"y":0,"curve":"stepped"},{"time":2.0333,"x":0,"y":0,"curve":"stepped"},{"time":2.2666,"x":0,"y":0,"curve":"stepped"},{"time":2.6,"x":0,"y":0,"curve":"stepped"},{"time":3.4,"x":0,"y":0,"curve":"stepped"},{"time":3.5333,"x":0,"y":0,"curve":"stepped"},{"time":3.7666,"x":0,"y":0,"curve":"stepped"},{"time":4.2,"x":0,"y":0,"curve":"stepped"},{"time":4.4333,"x":0,"y":0,"curve":"stepped"},{"time":4.6,"x":0,"y":0,"curve":"stepped"},{"time":4.8666,"x":0,"y":0,"curve":"stepped"},{"time":5.2666,"x":0,"y":0,"curve":"stepped"},{"time":5.6,"x":0,"y":0}],"scale":[{"time":0,"x":1,"y":1,"curve":"stepped"},{"time":0.4333,"x":1,"y":1,"curve":"stepped"},{"time":0.5666,"x":1,"y":1,"curve":"stepped"},{"time":0.6666,"x":1,"y":1,"curve":"stepped"},{"time":0.8,"x":1,"y":1,"curve":"stepped"},{"time":0.9,"x":1,"y":1,"curve":"stepped"},{"time":1.0333,"x":1,"y":1,"curve":"stepped"},{"time":1.1333,"x":1,"y":1,"curve":"stepped"},{"time":1.2666,"x":1,"y":1,"curve":"stepped"},{"time":1.3666,"x":1,"y":1,"curve":"stepped"},{"time":1.5,"x":1,"y":1,"curve":"stepped"},{"time":1.6,"x":1,"y":1,"curve":"stepped"},{"time":1.7666,"x":1,"y":1,"curve":"stepped"},{"time":2.0333,"x":1,"y":1,"curve":"stepped"},{"time":2.2666,"x":1,"y":1,"curve":"stepped"},{"time":2.6,"x":1,"y":1,"curve":"stepped"},{"time":3.4,"x":1,"y":1,"curve":"stepped"},{"time":3.5333,"x":1,"y":1,"curve":"stepped"},{"time":3.7666,"x":1,"y":1,"curve":"stepped"},{"time":4.2,"x":1,"y":1,"curve":"stepped"},{"time":4.4333,"x":1,"y":1,"curve":"stepped"},{"time":4.6,"x":1,"y":1,"curve":"stepped"},{"time":4.8666,"x":1,"y":1,"curve":"stepped"},{"time":5.2666,"x":1,"y":1,"curve":"stepped"},{"time":5.6,"x":1,"y":1}]},"shadow":{"rotate":[{"time":0,"angle":0,"curve":"stepped"},{"time":0.4333,"angle":0,"curve":"stepped"},{"time":1.7666,"angle":0,"curve":"stepped"},{"time":2.0333,"angle":0,"curve":"stepped"},{"time":2.2666,"angle":0,"curve":"stepped"},{"time":2.6,"angle":0,"curve":"stepped"},{"time":3.4,"angle":0,"curve":"stepped"},{"time":3.5333,"angle":0,"curve":"stepped"},{"time":3.7666,"angle":0,"curve":"stepped"},{"time":4.2,"angle":0,"curve":"stepped"},{"time":4.4333,"angle":0,"curve":"stepped"},{"time":4.8666,"angle":0,"curve":"stepped"},{"time":5.2666,"angle":0,"curve":"stepped"},{"time":5.6,"angle":0}],"translate":[{"time":0,"x":0,"y":0,"curve":"stepped"},{"time":0.4333,"x":0,"y":0,"curve":"stepped"},{"time":1.7666,"x":0,"y":0,"curve":"stepped"},{"time":2.0333,"x":0,"y":0,"curve":"stepped"},{"time":2.2666,"x":0,"y":0,"curve":"stepped"},{"time":2.6,"x":0,"y":0,"curve":"stepped"},{"time":3.4,"x":0,"y":0,"curve":"stepped"},{"time":3.5333,"x":0,"y":0},{"time":3.7666,"x":1.04,"y":0.39,"curve":"stepped"},{"time":4.2,"x":1.04,"y":0.39},{"time":4.4333,"x":0,"y":0,"curve":"stepped"},{"time":4.8666,"x":0,"y":0,"curve":"stepped"},{"time":5.2666,"x":0,"y":0,"curve":"stepped"},{"time":5.6,"x":0,"y":0}],"scale":[{"time":0,"x":1,"y":1},{"time":0.4333,"x":1.017,"y":0.988},{"time":1.7666,"x":1,"y":1},{"time":2.0333,"x":1.01,"y":0.999},{"time":2.2666,"x":1,"y":1},{"time":2.6,"x":0.99,"y":1.003},{"time":3.4,"x":1,"y":1,"curve":"stepped"},{"time":3.5333,"x":1,"y":1},{"time":3.7666,"x":1.013,"y":1.017,"curve":"stepped"},{"time":4.2,"x":1.013,"y":1.017},{"time":4.4333,"x":1,"y":1},{"time":4.8666,"x":1.033,"y":1.05},{"time":5.2666,"x":1,"y":1,"curve":"stepped"},{"time":5.6,"x":1,"y":1}]},"8":{"rotate":[{"time":0,"angle":-34.27,"curve":"stepped"},{"time":0.4333,"angle":-34.27,"curve":"stepped"},{"time":1.7666,"angle":-34.27},{"time":2.0333,"angle":-23.07,"curve":"stepped"},{"time":2.2666,"angle":-23.07,"curve":"stepped"},{"time":2.6,"angle":-23.07,"curve":"stepped"},{"time":3.4,"angle":-23.07,"curve":"stepped"},{"time":3.5333,"angle":-23.07},{"time":3.7666,"angle":-7.33,"curve":"stepped"},{"time":4.2,"angle":-7.33},{"time":4.4333,"angle":-23.07,"curve":"stepped"},{"time":4.8666,"angle":-23.07,"curve":"stepped"},{"time":5.2666,"angle":-23.07},{"time":5.6,"angle":-34.27}],"translate":[{"time":0,"x":-0.24,"y":0.54,"curve":"stepped"},{"time":0.4333,"x":-0.24,"y":0.54,"curve":"stepped"},{"time":1.7666,"x":-0.24,"y":0.54},{"time":2.0333,"x":2.59,"y":-0.81,"curve":"stepped"},{"time":2.2666,"x":2.59,"y":-0.81,"curve":"stepped"},{"time":2.6,"x":2.59,"y":-0.81,"curve":"stepped"},{"time":3.4,"x":2.59,"y":-0.81,"curve":"stepped"},{"time":3.5333,"x":2.59,"y":-0.81,"curve":"stepped"},{"time":3.7666,"x":2.59,"y":-0.81,"curve":"stepped"},{"time":4.2,"x":2.59,"y":-0.81,"curve":"stepped"},{"time":4.4333,"x":2.59,"y":-0.81,"curve":"stepped"},{"time":4.8666,"x":2.59,"y":-0.81,"curve":"stepped"},{"time":5.2666,"x":2.59,"y":-0.81},{"time":5.6,"x":-0.24,"y":0.54}],"scale":[{"time":0,"x":1,"y":1,"curve":"stepped"},{"time":0.4333,"x":1,"y":1,"curve":"stepped"},{"time":1.7666,"x":1,"y":1,"curve":"stepped"},{"time":2.0333,"x":1,"y":1,"curve":"stepped"},{"time":2.2666,"x":1,"y":1,"curve":"stepped"},{"time":2.6,"x":1,"y":1,"curve":"stepped"},{"time":3.4,"x":1,"y":1,"curve":"stepped"},{"time":3.5333,"x":1,"y":1,"curve":"stepped"},{"time":3.7666,"x":1,"y":1,"curve":"stepped"},{"time":4.2,"x":1,"y":1,"curve":"stepped"},{"time":4.4333,"x":1,"y":1,"curve":"stepped"},{"time":4.8666,"x":1,"y":1,"curve":"stepped"},{"time":5.2666,"x":1,"y":1,"curve":"stepped"},{"time":5.6,"x":1,"y":1}]},"16":{"rotate":[{"time":0,"angle":0},{"time":0.4333,"angle":-2.4,"curve":"stepped"},{"time":1.7666,"angle":-2.4},{"time":2.0333,"angle":0},{"time":2.2666,"angle":-2.4},{"time":2.6,"angle":0,"curve":"stepped"},{"time":3.4,"angle":0,"curve":"stepped"},{"time":3.5333,"angle":0,"curve":"stepped"},{"time":3.7666,"angle":0,"curve":"stepped"},{"time":4.2,"angle":0,"curve":"stepped"},{"time":4.4333,"angle":0,"curve":"stepped"},{"time":4.8666,"angle":0,"curve":"stepped"},{"time":5.2666,"angle":0,"curve":"stepped"},{"time":5.6,"angle":0}],"translate":[{"time":0,"x":0,"y":0},{"time":0.4333,"x":-0.5,"y":-0.33,"curve":"stepped"},{"time":1.7666,"x":-0.5,"y":-0.33},{"time":2.0333,"x":0,"y":0},{"time":2.2666,"x":-0.5,"y":-0.33},{"time":2.6,"x":0,"y":0,"curve":"stepped"},{"time":3.4,"x":0,"y":0,"curve":"stepped"},{"time":3.5333,"x":0,"y":0,"curve":"stepped"},{"time":3.7666,"x":0,"y":0,"curve":"stepped"},{"time":4.2,"x":0,"y":0,"curve":"stepped"},{"time":4.4333,"x":0,"y":0,"curve":"stepped"},{"time":4.8666,"x":0,"y":0,"curve":"stepped"},{"time":5.2666,"x":0,"y":0,"curve":"stepped"},{"time":5.6,"x":0,"y":0}],"scale":[{"time":0,"x":1,"y":1,"curve":"stepped"},{"time":0.4333,"x":1,"y":1,"curve":"stepped"},{"time":1.7666,"x":1,"y":1,"curve":"stepped"},{"time":2.0333,"x":1,"y":1,"curve":"stepped"},{"time":2.2666,"x":1,"y":1,"curve":"stepped"},{"time":2.6,"x":1,"y":1,"curve":"stepped"},{"time":3.4,"x":1,"y":1,"curve":"stepped"},{"time":3.5333,"x":1,"y":1,"curve":"stepped"},{"time":3.7666,"x":1,"y":1,"curve":"stepped"},{"time":4.2,"x":1,"y":1,"curve":"stepped"},{"time":4.4333,"x":1,"y":1,"curve":"stepped"},{"time":4.8666,"x":1,"y":1,"curve":"stepped"},{"time":5.2666,"x":1,"y":1,"curve":"stepped"},{"time":5.6,"x":1,"y":1}]},"9":{"rotate":[{"time":0,"angle":-1.49,"curve":"stepped"},{"time":0.4333,"angle":-1.49,"curve":"stepped"},{"time":1.7666,"angle":-1.49,"curve":"stepped"},{"time":2.0333,"angle":-1.49,"curve":"stepped"},{"time":2.2666,"angle":-1.49,"curve":"stepped"},{"time":2.6,"angle":-1.49,"curve":"stepped"},{"time":3.4,"angle":-1.49,"curve":"stepped"},{"time":3.5333,"angle":-1.49},{"time":3.7666,"angle":24.14,"curve":"stepped"},{"time":4.2,"angle":24.14},{"time":4.4333,"angle":3.2,"curve":"stepped"},{"time":4.8666,"angle":3.2,"curve":"stepped"},{"time":5.2666,"angle":3.2},{"time":5.3,"angle":92.62},{"time":5.3333,"angle":175.41},{"time":5.3666,"angle":-105.47},{"time":5.4,"angle":-15.32},{"time":5.4333,"angle":58.73},{"time":5.4666,"angle":136.7},{"time":5.5,"angle":214.16},{"time":5.5333,"angle":-58.02},{"time":5.6,"angle":-1.49}],"translate":[{"time":0,"x":-2.39,"y":2.1,"curve":"stepped"},{"time":0.4333,"x":-2.39,"y":2.1,"curve":"stepped"},{"time":1.7666,"x":-2.39,"y":2.1},{"time":2.0333,"x":0,"y":0,"curve":"stepped"},{"time":2.2666,"x":0,"y":0,"curve":"stepped"},{"time":2.6,"x":0,"y":0,"curve":"stepped"},{"time":3.4,"x":0,"y":0,"curve":"stepped"},{"time":3.5333,"x":0,"y":0,"curve":"stepped"},{"time":3.7666,"x":0,"y":0,"curve":"stepped"},{"time":4.2,"x":0,"y":0,"curve":"stepped"},{"time":4.4333,"x":0,"y":0,"curve":"stepped"},{"time":4.8666,"x":0,"y":0,"curve":"stepped"},{"time":5.2666,"x":0,"y":0},{"time":5.6,"x":-2.39,"y":2.1}],"scale":[{"time":0,"x":0.955,"y":0.968,"curve":"stepped"},{"time":0.4333,"x":0.955,"y":0.968,"curve":"stepped"},{"time":1.7666,"x":0.955,"y":0.968},{"time":2.0333,"x":1,"y":1,"curve":"stepped"},{"time":2.2666,"x":1,"y":1,"curve":"stepped"},{"time":2.6,"x":1,"y":1,"curve":"stepped"},{"time":3.4,"x":1,"y":1,"curve":"stepped"},{"time":3.5333,"x":1,"y":1,"curve":"stepped"},{"time":3.7666,"x":1,"y":1,"curve":"stepped"},{"time":4.2,"x":1,"y":1,"curve":"stepped"},{"time":4.4333,"x":1,"y":1,"curve":"stepped"},{"time":4.8666,"x":1,"y":1,"curve":"stepped"},{"time":5.2666,"x":1,"y":1},{"time":5.6,"x":0.955,"y":0.968}]},"root":{"rotate":[{"time":0,"angle":0,"curve":"stepped"},{"time":0.4333,"angle":0,"curve":"stepped"},{"time":1.7666,"angle":0,"curve":"stepped"},{"time":2.0333,"angle":0,"curve":"stepped"},{"time":2.2666,"angle":0,"curve":"stepped"},{"time":2.6,"angle":0,"curve":"stepped"},{"time":3.4,"angle":0,"curve":"stepped"},{"time":3.5333,"angle":0,"curve":"stepped"},{"time":3.7666,"angle":0,"curve":"stepped"},{"time":4.2,"angle":0,"curve":"stepped"},{"time":4.4333,"angle":0,"curve":"stepped"},{"time":4.8666,"angle":0,"curve":"stepped"},{"time":5.2666,"angle":0,"curve":"stepped"},{"time":5.6,"angle":0}],"translate":[{"time":0,"x":0,"y":0,"curve":"stepped"},{"time":0.4333,"x":0,"y":0,"curve":"stepped"},{"time":1.7666,"x":0,"y":0,"curve":"stepped"},{"time":2.0333,"x":0,"y":0,"curve":"stepped"},{"time":2.2666,"x":0,"y":0,"curve":"stepped"},{"time":2.6,"x":0,"y":0,"curve":"stepped"},{"time":3.4,"x":0,"y":0,"curve":"stepped"},{"time":3.5333,"x":0,"y":0,"curve":"stepped"},{"time":3.7666,"x":0,"y":0,"curve":"stepped"},{"time":4.2,"x":0,"y":0,"curve":"stepped"},{"time":4.4333,"x":0,"y":0,"curve":"stepped"},{"time":4.8666,"x":0,"y":0,"curve":"stepped"},{"time":5.2666,"x":0,"y":0,"curve":"stepped"},{"time":5.6,"x":0,"y":0}],"scale":[{"time":0,"x":1,"y":1,"curve":"stepped"},{"time":0.4333,"x":1,"y":1,"curve":"stepped"},{"time":1.7666,"x":1,"y":1,"curve":"stepped"},{"time":2.0333,"x":1,"y":1,"curve":"stepped"},{"time":2.2666,"x":1,"y":1,"curve":"stepped"},{"time":2.6,"x":1,"y":1,"curve":"stepped"},{"time":3.4,"x":1,"y":1,"curve":"stepped"},{"time":3.5333,"x":1,"y":1,"curve":"stepped"},{"time":3.7666,"x":1,"y":1,"curve":"stepped"},{"time":4.2,"x":1,"y":1,"curve":"stepped"},{"time":4.4333,"x":1,"y":1,"curve":"stepped"},{"time":4.8666,"x":1,"y":1,"curve":"stepped"},{"time":5.2666,"x":1,"y":1,"curve":"stepped"},{"time":5.6,"x":1,"y":1}]},"15":{"rotate":[{"time":0,"angle":0},{"time":0.4333,"angle":1.51,"curve":"stepped"},{"time":0.5666,"angle":1.51,"curve":"stepped"},{"time":0.6666,"angle":1.51,"curve":"stepped"},{"time":0.8,"angle":1.51,"curve":"stepped"},{"time":0.9,"angle":1.51,"curve":"stepped"},{"time":1.0333,"angle":1.51,"curve":"stepped"},{"time":1.1333,"angle":1.51,"curve":"stepped"},{"time":1.2666,"angle":1.51,"curve":"stepped"},{"time":1.3666,"angle":1.51,"curve":"stepped"},{"time":1.5,"angle":1.51,"curve":"stepped"},{"time":1.6,"angle":1.51,"curve":"stepped"},{"time":1.7666,"angle":1.51},{"time":2.0333,"angle":0.25},{"time":2.2666,"angle":1.51},{"time":2.6,"angle":0,"curve":"stepped"},{"time":3.4,"angle":0,"curve":"stepped"},{"time":3.5333,"angle":0},{"time":3.7666,"angle":-0.88,"curve":"stepped"},{"time":4.2,"angle":-0.88,"curve":"stepped"},{"time":4.4333,"angle":-0.88},{"time":4.6,"angle":0.79,"curve":"stepped"},{"time":4.8666,"angle":0.79,"curve":"stepped"},{"time":5.2666,"angle":0.79},{"time":5.6,"angle":0}],"translate":[{"time":0,"x":0,"y":0,"curve":"stepped"},{"time":0.4333,"x":0,"y":0,"curve":"stepped"},{"time":0.5666,"x":0,"y":0,"curve":"stepped"},{"time":0.6666,"x":0,"y":0,"curve":"stepped"},{"time":0.8,"x":0,"y":0,"curve":"stepped"},{"time":0.9,"x":0,"y":0,"curve":"stepped"},{"time":1.0333,"x":0,"y":0,"curve":"stepped"},{"time":1.1333,"x":0,"y":0,"curve":"stepped"},{"time":1.2666,"x":0,"y":0,"curve":"stepped"},{"time":1.3666,"x":0,"y":0,"curve":"stepped"},{"time":1.5,"x":0,"y":0,"curve":"stepped"},{"time":1.6,"x":0,"y":0,"curve":"stepped"},{"time":1.7666,"x":0,"y":0,"curve":"stepped"},{"time":2.0333,"x":0,"y":0,"curve":"stepped"},{"time":2.2666,"x":0,"y":0,"curve":"stepped"},{"time":2.6,"x":0,"y":0,"curve":"stepped"},{"time":3.4,"x":0,"y":0,"curve":"stepped"},{"time":3.5333,"x":0,"y":0,"curve":"stepped"},{"time":3.7666,"x":0,"y":0,"curve":"stepped"},{"time":4.2,"x":0,"y":0,"curve":"stepped"},{"time":4.4333,"x":0,"y":0,"curve":"stepped"},{"time":4.6,"x":0,"y":0,"curve":"stepped"},{"time":4.8666,"x":0,"y":0,"curve":"stepped"},{"time":5.2666,"x":0,"y":0,"curve":"stepped"},{"time":5.6,"x":0,"y":0}],"scale":[{"time":0,"x":1,"y":1,"curve":"stepped"},{"time":0.4333,"x":1,"y":1,"curve":"stepped"},{"time":0.5666,"x":1,"y":1,"curve":"stepped"},{"time":0.6666,"x":1,"y":1,"curve":"stepped"},{"time":0.8,"x":1,"y":1,"curve":"stepped"},{"time":0.9,"x":1,"y":1,"curve":"stepped"},{"time":1.0333,"x":1,"y":1,"curve":"stepped"},{"time":1.1333,"x":1,"y":1,"curve":"stepped"},{"time":1.2666,"x":1,"y":1,"curve":"stepped"},{"time":1.3666,"x":1,"y":1,"curve":"stepped"},{"time":1.5,"x":1,"y":1,"curve":"stepped"},{"time":1.6,"x":1,"y":1,"curve":"stepped"},{"time":1.7666,"x":1,"y":1,"curve":"stepped"},{"time":2.0333,"x":1,"y":1,"curve":"stepped"},{"time":2.2666,"x":1,"y":1,"curve":"stepped"},{"time":2.6,"x":1,"y":1,"curve":"stepped"},{"time":3.4,"x":1,"y":1,"curve":"stepped"},{"time":3.5333,"x":1,"y":1,"curve":"stepped"},{"time":3.7666,"x":1,"y":1,"curve":"stepped"},{"time":4.2,"x":1,"y":1,"curve":"stepped"},{"time":4.4333,"x":1,"y":1,"curve":"stepped"},{"time":4.6,"x":1,"y":1,"curve":"stepped"},{"time":4.8666,"x":1,"y":1,"curve":"stepped"},{"time":5.2666,"x":1,"y":1,"curve":"stepped"},{"time":5.6,"x":1,"y":1}]},"12":{"rotate":[{"time":0,"angle":-326.55},{"time":0.4333,"angle":-317.97},{"time":1.7666,"angle":-326.55},{"time":2.0333,"angle":20.28},{"time":2.2666,"angle":2.84},{"time":2.6,"angle":24.82,"curve":"stepped"},{"time":3.4,"angle":24.82},{"time":3.5333,"angle":8.02},{"time":3.7666,"angle":-11.45,"curve":"stepped"},{"time":4.2,"angle":-11.45},{"time":4.4333,"angle":-26.66},{"time":4.8666,"angle":-44.29,"curve":"stepped"},{"time":5.2666,"angle":-44.29},{"time":5.6,"angle":-326.55}],"translate":[{"time":0,"x":0.79,"y":1.96,"curve":"stepped"},{"time":0.4333,"x":0.79,"y":1.96,"curve":"stepped"},{"time":1.7666,"x":0.79,"y":1.96,"curve":"stepped"},{"time":2.0333,"x":0.79,"y":1.96,"curve":"stepped"},{"time":2.2666,"x":0.79,"y":1.96,"curve":"stepped"},{"time":2.6,"x":0.79,"y":1.96,"curve":"stepped"},{"time":3.4,"x":0.79,"y":1.96,"curve":"stepped"},{"time":3.5333,"x":0.79,"y":1.96,"curve":"stepped"},{"time":3.7666,"x":0.79,"y":1.96,"curve":"stepped"},{"time":4.2,"x":0.79,"y":1.96,"curve":"stepped"},{"time":4.4333,"x":0.79,"y":1.96,"curve":"stepped"},{"time":4.8666,"x":0.79,"y":1.96,"curve":"stepped"},{"time":5.2666,"x":0.79,"y":1.96,"curve":"stepped"},{"time":5.6,"x":0.79,"y":1.96}],"scale":[{"time":0,"x":1,"y":1,"curve":"stepped"},{"time":0.4333,"x":1,"y":1,"curve":"stepped"},{"time":1.7666,"x":1,"y":1,"curve":"stepped"},{"time":2.0333,"x":1,"y":1,"curve":"stepped"},{"time":2.2666,"x":1,"y":1,"curve":"stepped"},{"time":2.6,"x":1,"y":1,"curve":"stepped"},{"time":3.4,"x":1,"y":1,"curve":"stepped"},{"time":3.5333,"x":1,"y":1,"curve":"stepped"},{"time":3.7666,"x":1,"y":1,"curve":"stepped"},{"time":4.2,"x":1,"y":1,"curve":"stepped"},{"time":4.4333,"x":1,"y":1,"curve":"stepped"},{"time":4.8666,"x":1,"y":1,"curve":"stepped"},{"time":5.2666,"x":1,"y":1,"curve":"stepped"},{"time":5.6,"x":1,"y":1}]},"11":{"rotate":[{"time":0,"angle":0},{"time":0.4333,"angle":-1.13,"curve":"stepped"},{"time":1.7666,"angle":-1.13},{"time":2.0333,"angle":0},{"time":2.2666,"angle":-1.13},{"time":2.6,"angle":0,"curve":"stepped"},{"time":3.4,"angle":0,"curve":"stepped"},{"time":3.5333,"angle":0,"curve":"stepped"},{"time":3.7666,"angle":0,"curve":"stepped"},{"time":4.2,"angle":0,"curve":[0.287,0,0.685,1]},{"time":4.4333,"angle":2.67},{"time":4.8666,"angle":0,"curve":"stepped"},{"time":5.2666,"angle":0,"curve":"stepped"},{"time":5.6,"angle":0}],"translate":[{"time":0,"x":0,"y":0},{"time":0.4333,"x":0,"y":1.67,"curve":"stepped"},{"time":1.7666,"x":0,"y":1.67},{"time":2.0333,"x":0,"y":0},{"time":2.2666,"x":0,"y":1.67},{"time":2.6,"x":0,"y":0,"curve":"stepped"},{"time":3.4,"x":0,"y":0,"curve":"stepped"},{"time":3.5333,"x":0,"y":0,"curve":"stepped"},{"time":3.7666,"x":0,"y":0,"curve":"stepped"},{"time":4.2,"x":0,"y":0,"curve":"stepped"},{"time":4.4333,"x":0,"y":0,"curve":"stepped"},{"time":4.8666,"x":0,"y":0,"curve":"stepped"},{"time":5.2666,"x":0,"y":0,"curve":"stepped"},{"time":5.6,"x":0,"y":0}],"scale":[{"time":0,"x":1,"y":1,"curve":"stepped"},{"time":0.4333,"x":1,"y":1,"curve":"stepped"},{"time":1.7666,"x":1,"y":1,"curve":"stepped"},{"time":2.0333,"x":1,"y":1,"curve":"stepped"},{"time":2.2666,"x":1,"y":1,"curve":"stepped"},{"time":2.6,"x":1,"y":1,"curve":"stepped"},{"time":3.4,"x":1,"y":1,"curve":"stepped"},{"time":3.5333,"x":1,"y":1,"curve":"stepped"},{"time":3.7666,"x":1,"y":1,"curve":"stepped"},{"time":4.2,"x":1,"y":1,"curve":"stepped"},{"time":4.4333,"x":1,"y":1,"curve":"stepped"},{"time":4.8666,"x":1,"y":1,"curve":"stepped"},{"time":5.2666,"x":1,"y":1,"curve":"stepped"},{"time":5.6,"x":1,"y":1}]},"18":{"rotate":[{"time":0,"angle":0},{"time":0.4333,"angle":2.45,"curve":"stepped"},{"time":1.7666,"angle":2.45},{"time":2.0333,"angle":0},{"time":2.2666,"angle":2.45},{"time":2.6,"angle":0,"curve":"stepped"},{"time":3.4,"angle":0,"curve":"stepped"},{"time":3.5333,"angle":0,"curve":"stepped"},{"time":3.7666,"angle":0,"curve":"stepped"},{"time":4.2,"angle":0,"curve":"stepped"},{"time":4.4333,"angle":0,"curve":"stepped"},{"time":4.8666,"angle":0,"curve":"stepped"},{"time":5.2666,"angle":0,"curve":"stepped"},{"time":5.6,"angle":0}],"translate":[{"time":0,"x":0,"y":0,"curve":"stepped"},{"time":0.4333,"x":0,"y":0,"curve":"stepped"},{"time":1.7666,"x":0,"y":0,"curve":"stepped"},{"time":2.0333,"x":0,"y":0,"curve":"stepped"},{"time":2.2666,"x":0,"y":0,"curve":"stepped"},{"time":2.6,"x":0,"y":0,"curve":"stepped"},{"time":3.4,"x":0,"y":0,"curve":"stepped"},{"time":3.5333,"x":0,"y":0,"curve":"stepped"},{"time":3.7666,"x":0,"y":0,"curve":"stepped"},{"time":4.2,"x":0,"y":0,"curve":"stepped"},{"time":4.4333,"x":0,"y":0,"curve":"stepped"},{"time":4.8666,"x":0,"y":0,"curve":"stepped"},{"time":5.2666,"x":0,"y":0,"curve":"stepped"},{"time":5.6,"x":0,"y":0}],"scale":[{"time":0,"x":1,"y":1,"curve":"stepped"},{"time":0.4333,"x":1,"y":1,"curve":"stepped"},{"time":1.7666,"x":1,"y":1,"curve":"stepped"},{"time":2.0333,"x":1,"y":1,"curve":"stepped"},{"time":2.2666,"x":1,"y":1,"curve":"stepped"},{"time":2.6,"x":1,"y":1,"curve":"stepped"},{"time":3.4,"x":1,"y":1,"curve":"stepped"},{"time":3.5333,"x":1,"y":1,"curve":"stepped"},{"time":3.7666,"x":1,"y":1,"curve":"stepped"},{"time":4.2,"x":1,"y":1,"curve":"stepped"},{"time":4.4333,"x":1,"y":1,"curve":"stepped"},{"time":4.8666,"x":1,"y":1,"curve":"stepped"},{"time":5.2666,"x":1,"y":1,"curve":"stepped"},{"time":5.6,"x":1,"y":1}]},"bone":{"rotate":[{"time":0,"angle":0,"curve":"stepped"},{"time":0.4333,"angle":0,"curve":"stepped"},{"time":1.7666,"angle":0,"curve":"stepped"},{"time":2.0333,"angle":0,"curve":"stepped"},{"time":2.2666,"angle":0,"curve":"stepped"},{"time":2.6,"angle":0,"curve":"stepped"},{"time":3.4,"angle":0,"curve":"stepped"},{"time":3.5333,"angle":0,"curve":"stepped"},{"time":3.7666,"angle":0,"curve":"stepped"},{"time":4.2,"angle":0,"curve":"stepped"},{"time":4.4333,"angle":0,"curve":"stepped"},{"time":4.8666,"angle":0,"curve":"stepped"},{"time":5.2666,"angle":0,"curve":"stepped"},{"time":5.6,"angle":0}],"translate":[{"time":0,"x":0,"y":0},{"time":0.4333,"x":0.83,"y":0,"curve":"stepped"},{"time":1.7666,"x":0.83,"y":0},{"time":2.0333,"x":0,"y":0},{"time":2.2666,"x":0.83,"y":0},{"time":2.6,"x":0,"y":0,"curve":"stepped"},{"time":3.4,"x":0,"y":0,"curve":"stepped"},{"time":3.5333,"x":0,"y":0,"curve":"stepped"},{"time":3.7666,"x":0,"y":0,"curve":"stepped"},{"time":4.2,"x":0,"y":0,"curve":"stepped"},{"time":4.4333,"x":0,"y":0,"curve":"stepped"},{"time":4.8666,"x":0,"y":0,"curve":"stepped"},{"time":5.2666,"x":0,"y":0,"curve":"stepped"},{"time":5.6,"x":0,"y":0}],"scale":[{"time":0,"x":1,"y":1,"curve":"stepped"},{"time":0.4333,"x":1,"y":1,"curve":"stepped"},{"time":1.7666,"x":1,"y":1,"curve":"stepped"},{"time":2.0333,"x":1,"y":1,"curve":"stepped"},{"time":2.2666,"x":1,"y":1,"curve":"stepped"},{"time":2.6,"x":1,"y":1,"curve":"stepped"},{"time":3.4,"x":1,"y":1,"curve":"stepped"},{"time":3.5333,"x":1,"y":1,"curve":"stepped"},{"time":3.7666,"x":1,"y":1,"curve":"stepped"},{"time":4.2,"x":1,"y":1,"curve":"stepped"},{"time":4.4333,"x":1,"y":1,"curve":"stepped"},{"time":4.8666,"x":1,"y":1,"curve":"stepped"},{"time":5.2666,"x":1,"y":1,"curve":"stepped"},{"time":5.6,"x":1,"y":1}]},"2":{"rotate":[{"time":0,"angle":0},{"time":0.4333,"angle":-7.58,"curve":"stepped"},{"time":1.7666,"angle":-7.58},{"time":2.0333,"angle":0},{"time":2.2666,"angle":-7.58},{"time":2.6,"angle":0,"curve":"stepped"},{"time":3.4,"angle":0,"curve":"stepped"},{"time":3.5333,"angle":0},{"time":3.7666,"angle":-5.26,"curve":"stepped"},{"time":4.2,"angle":-5.26},{"time":4.4333,"angle":-9.23},{"time":4.8666,"angle":-18.97,"curve":"stepped"},{"time":5.2666,"angle":-18.97},{"time":5.6,"angle":0}],"translate":[{"time":0,"x":0,"y":0,"curve":"stepped"},{"time":0.4333,"x":0,"y":0,"curve":"stepped"},{"time":1.7666,"x":0,"y":0,"curve":"stepped"},{"time":2.0333,"x":0,"y":0,"curve":"stepped"},{"time":2.2666,"x":0,"y":0,"curve":"stepped"},{"time":2.6,"x":0,"y":0,"curve":"stepped"},{"time":3.4,"x":0,"y":0,"curve":"stepped"},{"time":3.5333,"x":0,"y":0,"curve":"stepped"},{"time":3.7666,"x":0,"y":0,"curve":"stepped"},{"time":4.2,"x":0,"y":0,"curve":"stepped"},{"time":4.4333,"x":0,"y":0,"curve":"stepped"},{"time":4.8666,"x":0,"y":0,"curve":"stepped"},{"time":5.2666,"x":0,"y":0,"curve":"stepped"},{"time":5.6,"x":0,"y":0}],"scale":[{"time":0,"x":1,"y":1,"curve":"stepped"},{"time":0.4333,"x":1,"y":1,"curve":"stepped"},{"time":1.7666,"x":1,"y":1,"curve":"stepped"},{"time":2.0333,"x":1,"y":1,"curve":"stepped"},{"time":2.2666,"x":1,"y":1,"curve":"stepped"},{"time":2.6,"x":1,"y":1,"curve":"stepped"},{"time":3.4,"x":1,"y":1,"curve":"stepped"},{"time":3.5333,"x":1,"y":1,"curve":"stepped"},{"time":3.7666,"x":1,"y":1,"curve":"stepped"},{"time":4.2,"x":1,"y":1,"curve":"stepped"},{"time":4.4333,"x":1,"y":1,"curve":"stepped"},{"time":4.8666,"x":1,"y":1,"curve":"stepped"},{"time":5.2666,"x":1,"y":1,"curve":"stepped"},{"time":5.6,"x":1,"y":1}]},"5":{"rotate":[{"time":0,"angle":3.28},{"time":0.2,"angle":3.51},{"time":0.4333,"angle":12.45},{"time":0.7666,"angle":-6.25},{"time":1.1,"angle":12.45},{"time":1.4333,"angle":-6.25},{"time":1.7666,"angle":12.45},{"time":2.0333,"angle":-6.25,"curve":"stepped"},{"time":2.2666,"angle":-6.25,"curve":"stepped"},{"time":2.4,"angle":-6.25},{"time":2.6,"angle":6.93},{"time":2.7333,"angle":-3.86},{"time":2.8333,"angle":6.93},{"time":2.9666,"angle":-3.86},{"time":3.0666,"angle":6.93},{"time":3.2,"angle":-3.86},{"time":3.3,"angle":6.93},{"time":3.4,"angle":-3.86},{"time":3.5333,"angle":-21.74},{"time":3.7666,"angle":-17,"curve":"stepped"},{"time":4.2,"angle":-17},{"time":4.4333,"angle":1.04,"curve":"stepped"},{"time":4.8666,"angle":1.04,"curve":"stepped"},{"time":5.2666,"angle":1.04},{"time":5.6,"angle":3.28}],"translate":[{"time":0,"x":0,"y":0,"curve":"stepped"},{"time":0.4333,"x":0,"y":0,"curve":"stepped"},{"time":0.7666,"x":0,"y":0,"curve":"stepped"},{"time":1.1,"x":0,"y":0,"curve":"stepped"},{"time":1.4333,"x":0,"y":0,"curve":"stepped"},{"time":1.7666,"x":0,"y":0,"curve":"stepped"},{"time":2.0333,"x":0,"y":0,"curve":"stepped"},{"time":2.2666,"x":0,"y":0,"curve":"stepped"},{"time":2.4,"x":0,"y":0,"curve":"stepped"},{"time":2.6,"x":0,"y":0,"curve":"stepped"},{"time":2.7333,"x":0,"y":0,"curve":"stepped"},{"time":2.8333,"x":0,"y":0,"curve":"stepped"},{"time":2.9666,"x":0,"y":0,"curve":"stepped"},{"time":3.0666,"x":0,"y":0,"curve":"stepped"},{"time":3.2,"x":0,"y":0,"curve":"stepped"},{"time":3.3,"x":0,"y":0,"curve":"stepped"},{"time":3.4,"x":0,"y":0,"curve":"stepped"},{"time":3.5333,"x":0,"y":0,"curve":"stepped"},{"time":3.7666,"x":0,"y":0,"curve":"stepped"},{"time":4.2,"x":0,"y":0,"curve":"stepped"},{"time":4.4333,"x":0,"y":0,"curve":"stepped"},{"time":4.8666,"x":0,"y":0,"curve":"stepped"},{"time":5.2666,"x":0,"y":0,"curve":"stepped"},{"time":5.6,"x":0,"y":0}],"scale":[{"time":0,"x":1,"y":1,"curve":"stepped"},{"time":0.4333,"x":1,"y":1,"curve":"stepped"},{"time":0.7666,"x":1,"y":1,"curve":"stepped"},{"time":1.1,"x":1,"y":1,"curve":"stepped"},{"time":1.4333,"x":1,"y":1,"curve":"stepped"},{"time":1.7666,"x":1,"y":1,"curve":"stepped"},{"time":2.0333,"x":1,"y":1,"curve":"stepped"},{"time":2.2666,"x":1,"y":1,"curve":"stepped"},{"time":2.4,"x":1,"y":1,"curve":"stepped"},{"time":2.6,"x":1,"y":1,"curve":"stepped"},{"time":2.7333,"x":1,"y":1,"curve":"stepped"},{"time":2.8333,"x":1,"y":1,"curve":"stepped"},{"time":2.9666,"x":1,"y":1,"curve":"stepped"},{"time":3.0666,"x":1,"y":1,"curve":"stepped"},{"time":3.2,"x":1,"y":1,"curve":"stepped"},{"time":3.3,"x":1,"y":1,"curve":"stepped"},{"time":3.4,"x":1,"y":1,"curve":"stepped"},{"time":3.5333,"x":1,"y":1,"curve":"stepped"},{"time":3.7666,"x":1,"y":1,"curve":"stepped"},{"time":4.2,"x":1,"y":1,"curve":"stepped"},{"time":4.4333,"x":1,"y":1,"curve":"stepped"},{"time":4.8666,"x":1,"y":1,"curve":"stepped"},{"time":5.2666,"x":1,"y":1,"curve":"stepped"},{"time":5.6,"x":1,"y":1}]},"3":{"rotate":[{"time":0,"angle":9.02},{"time":0.2,"angle":-12.04},{"time":0.4333,"angle":305.28},{"time":0.7666,"angle":308.03},{"time":1.1,"angle":305.28},{"time":1.4333,"angle":308.03},{"time":1.7666,"angle":305.28},{"time":2.0333,"angle":308.03,"curve":"stepped"},{"time":2.2666,"angle":308.03},{"time":2.4,"angle":287.1},{"time":2.6,"angle":275.7},{"time":2.7333,"angle":279.41},{"time":2.8333,"angle":264.9},{"time":2.9666,"angle":279.41},{"time":3.0666,"angle":275.7},{"time":3.2,"angle":279.41},{"time":3.3,"angle":264.9},{"time":3.4,"angle":279.41},{"time":3.5333,"angle":320.31},{"time":3.7666,"angle":-7.6,"curve":"stepped"},{"time":4.2,"angle":-7.6},{"time":4.4333,"angle":16.87},{"time":4.8666,"angle":14.06},{"time":5.2666,"angle":13.25},{"time":5.6,"angle":9.02}],"translate":[{"time":0,"x":0,"y":0,"curve":"stepped"},{"time":0.4333,"x":0,"y":0,"curve":"stepped"},{"time":0.7666,"x":0,"y":0,"curve":"stepped"},{"time":1.1,"x":0,"y":0,"curve":"stepped"},{"time":1.4333,"x":0,"y":0,"curve":"stepped"},{"time":1.7666,"x":0,"y":0,"curve":"stepped"},{"time":2.0333,"x":0,"y":0,"curve":"stepped"},{"time":2.2666,"x":0,"y":0},{"time":2.4,"x":0.53,"y":-1.22},{"time":2.6,"x":-0.82,"y":-2.64,"curve":"stepped"},{"time":2.7333,"x":-0.82,"y":-2.64,"curve":"stepped"},{"time":2.8333,"x":-0.82,"y":-2.64,"curve":"stepped"},{"time":2.9666,"x":-0.82,"y":-2.64,"curve":"stepped"},{"time":3.0666,"x":-0.82,"y":-2.64,"curve":"stepped"},{"time":3.2,"x":-0.82,"y":-2.64,"curve":"stepped"},{"time":3.3,"x":-0.82,"y":-2.64,"curve":"stepped"},{"time":3.4,"x":-0.82,"y":-2.64,"curve":"stepped"},{"time":3.5333,"x":-0.82,"y":-2.64},{"time":3.7666,"x":0,"y":0,"curve":"stepped"},{"time":4.2,"x":0,"y":0,"curve":"stepped"},{"time":4.4333,"x":0,"y":0,"curve":"stepped"},{"time":4.8666,"x":0,"y":0,"curve":"stepped"},{"time":5.2666,"x":0,"y":0,"curve":"stepped"},{"time":5.6,"x":0,"y":0}],"scale":[{"time":0,"x":1,"y":1,"curve":"stepped"},{"time":0.4333,"x":1,"y":1,"curve":"stepped"},{"time":0.7666,"x":1,"y":1,"curve":"stepped"},{"time":1.1,"x":1,"y":1,"curve":"stepped"},{"time":1.4333,"x":1,"y":1,"curve":"stepped"},{"time":1.7666,"x":1,"y":1,"curve":"stepped"},{"time":2.0333,"x":1,"y":1,"curve":"stepped"},{"time":2.2666,"x":1,"y":1,"curve":"stepped"},{"time":2.4,"x":1,"y":1},{"time":2.6,"x":1,"y":0.974,"curve":"stepped"},{"time":2.7333,"x":1,"y":0.974,"curve":"stepped"},{"time":2.8333,"x":1,"y":0.974,"curve":"stepped"},{"time":2.9666,"x":1,"y":0.974,"curve":"stepped"},{"time":3.0666,"x":1,"y":0.974,"curve":"stepped"},{"time":3.2,"x":1,"y":0.974,"curve":"stepped"},{"time":3.3,"x":1,"y":0.974,"curve":"stepped"},{"time":3.4,"x":1,"y":0.974},{"time":3.5333,"x":1,"y":1,"curve":"stepped"},{"time":3.7666,"x":1,"y":1,"curve":"stepped"},{"time":4.2,"x":1,"y":1,"curve":"stepped"},{"time":4.4333,"x":1,"y":1,"curve":"stepped"},{"time":4.8666,"x":1,"y":1,"curve":"stepped"},{"time":5.2666,"x":1,"y":1,"curve":"stepped"},{"time":5.6,"x":1,"y":1}]},"6":{"rotate":[{"time":0,"angle":319.08,"curve":"stepped"},{"time":0.4333,"angle":319.08,"curve":"stepped"},{"time":1.7666,"angle":319.08},{"time":2.0333,"angle":3.45,"curve":"stepped"},{"time":2.2666,"angle":3.45,"curve":"stepped"},{"time":2.6,"angle":3.45,"curve":"stepped"},{"time":3.4,"angle":3.45,"curve":"stepped"},{"time":3.5333,"angle":3.45},{"time":3.7666,"angle":19.93,"curve":"stepped"},{"time":4.2,"angle":19.93},{"time":4.4333,"angle":3.45,"curve":"stepped"},{"time":4.8666,"angle":3.45,"curve":"stepped"},{"time":5.2666,"angle":3.45},{"time":5.6,"angle":319.08}],"translate":[{"time":0,"x":0.13,"y":-3.91,"curve":"stepped"},{"time":0.4333,"x":0.13,"y":-3.91,"curve":"stepped"},{"time":1.7666,"x":0.13,"y":-3.91},{"time":2.0333,"x":3,"y":-2.38,"curve":"stepped"},{"time":2.2666,"x":3,"y":-2.38,"curve":"stepped"},{"time":2.6,"x":3,"y":-2.38,"curve":"stepped"},{"time":3.4,"x":3,"y":-2.38,"curve":"stepped"},{"time":3.5333,"x":3,"y":-2.38},{"time":3.7666,"x":4.15,"y":-1.32,"curve":"stepped"},{"time":4.2,"x":4.15,"y":-1.32},{"time":4.4333,"x":3,"y":-2.38,"curve":"stepped"},{"time":4.8666,"x":3,"y":-2.38,"curve":"stepped"},{"time":5.2666,"x":3,"y":-2.38},{"time":5.6,"x":0.13,"y":-3.91}],"scale":[{"time":0,"x":1,"y":1,"curve":"stepped"},{"time":0.4333,"x":1,"y":1,"curve":"stepped"},{"time":1.7666,"x":1,"y":1,"curve":"stepped"},{"time":2.0333,"x":1,"y":1,"curve":"stepped"},{"time":2.2666,"x":1,"y":1,"curve":"stepped"},{"time":2.6,"x":1,"y":1,"curve":"stepped"},{"time":3.4,"x":1,"y":1,"curve":"stepped"},{"time":3.5333,"x":1,"y":1,"curve":"stepped"},{"time":3.7666,"x":1,"y":1,"curve":"stepped"},{"time":4.2,"x":1,"y":1,"curve":"stepped"},{"time":4.4333,"x":1,"y":1,"curve":"stepped"},{"time":4.8666,"x":1,"y":1,"curve":"stepped"},{"time":5.2666,"x":1,"y":1,"curve":"stepped"},{"time":5.6,"x":1,"y":1}]}},"ffd":{"default":{"11":{"11":[{"time":0,"curve":"stepped"},{"time":0.4333,"curve":"stepped"},{"time":1.7666,"curve":"stepped"},{"time":2.0333,"curve":"stepped"},{"time":2.2666,"curve":"stepped"},{"time":2.6,"curve":"stepped"},{"time":3.4,"curve":"stepped"},{"time":3.5333,"curve":"stepped"},{"time":3.7666,"curve":"stepped"},{"time":4.2,"curve":"stepped"},{"time":4.4333,"curve":"stepped"},{"time":4.8666,"curve":"stepped"},{"time":5.2666,"curve":"stepped"},{"time":5.6}]}}},"drawOrder":[{"time":0,"offsets":[{"slot":"16","offset":6},{"slot":"15","offset":6},{"slot":"14","offset":6},{"slot":"13","offset":6},{"slot":"11","offset":5}]},{"time":0.2,"offsets":[{"slot":"16","offset":6},{"slot":"15","offset":6},{"slot":"14","offset":6},{"slot":"13","offset":6},{"slot":"11","offset":5},{"slot":"5","offset":3},{"slot":"4","offset":3}]},{"time":0.4333,"offsets":[{"slot":"16","offset":6},{"slot":"15","offset":6},{"slot":"14","offset":6},{"slot":"13","offset":6},{"slot":"11","offset":5},{"slot":"5","offset":3},{"slot":"4","offset":3}]},{"time":1.7666,"offsets":[{"slot":"16","offset":6},{"slot":"15","offset":6},{"slot":"14","offset":6},{"slot":"13","offset":6},{"slot":"11","offset":5},{"slot":"5","offset":3},{"slot":"4","offset":3}]},{"time":2.0333,"offsets":[{"slot":"16","offset":6},{"slot":"15","offset":6},{"slot":"14","offset":6},{"slot":"13","offset":6},{"slot":"11","offset":5},{"slot":"5","offset":3},{"slot":"4","offset":3}]},{"time":2.2666,"offsets":[{"slot":"16","offset":6},{"slot":"15","offset":6},{"slot":"14","offset":6},{"slot":"13","offset":6},{"slot":"11","offset":5},{"slot":"5","offset":3},{"slot":"4","offset":3}]},{"time":2.4,"offsets":[{"slot":"16","offset":6},{"slot":"15","offset":6},{"slot":"14","offset":6},{"slot":"13","offset":6},{"slot":"11","offset":5},{"slot":"5","offset":3},{"slot":"4","offset":3}]},{"time":2.4666,"offsets":[{"slot":"12","offset":-4},{"slot":"10","offset":-5},{"slot":"5","offset":-2},{"slot":"4","offset":-2},{"slot":"3","offset":-2},{"slot":"2","offset":-7},{"slot":"1","offset":-7}]},{"time":2.7333,"offsets":[{"slot":"12","offset":-4},{"slot":"10","offset":-5},{"slot":"5","offset":-2},{"slot":"4","offset":-2},{"slot":"3","offset":-2},{"slot":"2","offset":-7},{"slot":"1","offset":-7}]},{"time":2.8333,"offsets":[{"slot":"12","offset":-4},{"slot":"10","offset":-5},{"slot":"5","offset":-2},{"slot":"4","offset":-2},{"slot":"3","offset":-2},{"slot":"2","offset":-7},{"slot":"1","offset":-7}]},{"time":2.9666,"offsets":[{"slot":"12","offset":-4},{"slot":"10","offset":-5},{"slot":"5","offset":-2},{"slot":"4","offset":-2},{"slot":"3","offset":-2},{"slot":"2","offset":-7},{"slot":"1","offset":-7}]},{"time":3.0666,"offsets":[{"slot":"12","offset":-4},{"slot":"10","offset":-5},{"slot":"5","offset":-2},{"slot":"4","offset":-2},{"slot":"3","offset":-2},{"slot":"2","offset":-7},{"slot":"1","offset":-7}]},{"time":3.2,"offsets":[{"slot":"12","offset":-4},{"slot":"10","offset":-5},{"slot":"5","offset":-2},{"slot":"4","offset":-2},{"slot":"3","offset":-2},{"slot":"2","offset":-7},{"slot":"1","offset":-7}]},{"time":3.3,"offsets":[{"slot":"12","offset":-4},{"slot":"10","offset":-5},{"slot":"5","offset":-2},{"slot":"4","offset":-2},{"slot":"3","offset":-2},{"slot":"2","offset":-7},{"slot":"1","offset":-7}]},{"time":3.4,"offsets":[{"slot":"12","offset":-4},{"slot":"10","offset":-5},{"slot":"5","offset":-2},{"slot":"4","offset":-2},{"slot":"3","offset":-2},{"slot":"2","offset":-7},{"slot":"1","offset":-7}]},{"time":3.5333,"offsets":[{"slot":"12","offset":-4},{"slot":"10","offset":-5},{"slot":"5","offset":-1},{"slot":"4","offset":-1},{"slot":"3","offset":-6},{"slot":"2","offset":-6},{"slot":"1","offset":-6}]},{"time":5.3,"offsets":[{"slot":"12","offset":-4},{"slot":"10","offset":-5},{"slot":"9","offset":8},{"slot":"8","offset":4},{"slot":"7","offset":4},{"slot":"6","offset":4},{"slot":"5","offset":-1},{"slot":"4","offset":-1}]},{"time":5.5333,"offsets":[{"slot":"12","offset":-4},{"slot":"10","offset":-5},{"slot":"5","offset":-1},{"slot":"4","offset":-1},{"slot":"3","offset":-6},{"slot":"2","offset":-6},{"slot":"1","offset":-6}]},{"time":5.5666,"offsets":[{"slot":"16","offset":6},{"slot":"15","offset":6},{"slot":"14","offset":6},{"slot":"13","offset":6},{"slot":"11","offset":5},{"slot":"5","offset":3},{"slot":"4","offset":3}]},{"time":5.6,"offsets":[{"slot":"16","offset":6},{"slot":"15","offset":6},{"slot":"14","offset":6},{"slot":"13","offset":6},{"slot":"11","offset":5}]}]}}}