{"skeleton":{"hash":"glS7unZuHDIwmwQIh4POY4k0oCA","spine":"3.1.03","width":237.76,"height":208.88},"bones":[{"name":"root"},{"name":"bone","parent":"root","x":-2.86,"y":64.39},{"name":"MON20079_DL_11","parent":"bone","length":13.29,"x":-7.87,"y":-5.2,"rotation":82.13},{"name":"MON20079_DL_12","parent":"MON20079_DL_11","length":15.74,"x":12.77,"y":0.38,"rotation":-16.93},{"name":"MON20079_DL_5","parent":"MON20079_DL_12","length":14.55,"x":15.23,"y":0.02,"rotation":28.57},{"name":"MON20079_DL_4","parent":"MON20079_DL_5","length":36.8,"x":13.89,"y":1.76,"rotation":-4.03},{"name":"MON20079_DL_01","parent":"MON20079_DL_4","length":14.08,"x":25.65,"y":11.53,"rotation":89.69},{"name":"MON20079_DL_1","parent":"MON20079_DL_4","length":7.94,"x":68.47,"y":0.42,"rotation":-122.4},{"name":"MON20079_DL_2","parent":"MON20079_DL_4","length":8.89,"x":55.12,"y":26.1,"rotation":124.65},{"name":"MON20079_DL_3","parent":"MON20079_DL_1","length":11.97,"x":7.26,"y":-0.36,"rotation":-4.87},{"name":"MON20079_DL_05","parent":"MON20079_DL_4","length":8.54,"x":14.69,"y":10.12,"rotation":8.57},{"name":"MON20079_DL_06","parent":"MON20079_DL_4","length":7.26,"x":-0.85,"y":7.52,"rotation":-167.65},{"name":"MON20079_DL_6","parent":"MON20079_DL_12","length":18.67,"x":11.31,"y":-11.62,"rotation":-21.74},{"name":"MON20079_DL_8","parent":"MON20079_DL_12","length":18.08,"x":17.65,"y":-12.17,"scaleX":1.012,"rotation":-126.14},{"name":"MON20079_DL_7","parent":"MON20079_DL_8","length":16.71,"x":17.64,"y":0.1,"scaleX":0.994,"scaleY":0.939,"rotation":-21.09},{"name":"MON20079_DL_9","parent":"MON20079_DL_12","length":6.38,"x":-0.11,"y":0.21,"rotation":122.16},{"name":"MON20079_DL_10","parent":"MON20079_DL_7","length":7.89,"x":16.3,"y":-0.11,"scaleX":1.083,"scaleY":1.056,"rotation":-5.17},{"name":"MON20079_DL_15","parent":"MON20079_DL_12","length":20.55,"x":7.44,"y":8.06,"rotation":169.82},{"name":"MON20079_DL_13","parent":"MON20079_DL_15","length":14.7,"x":19.13,"y":0.11,"rotation":-4.3},{"name":"MON20079_DL_14","parent":"MON20079_DL_12","length":10.91,"x":2.57,"y":10.15,"scaleX":1.279,"scaleY":1.033,"rotation":60.14},{"name":"MON20079_DL_16","parent":"MON20079_DL_13","length":5.63,"x":14.43,"y":0.04,"rotation":11.65},{"name":"MON20079_DL_17","parent":"MON20079_DL_11","length":12.42,"x":-0.12,"y":-11.27,"scaleX":1.088,"rotation":-119.42},{"name":"MON20079_DL_18","parent":"MON20079_DL_11","length":9.87,"x":-2.32,"y":5.98,"scaleX":1.242,"rotation":153.06},{"name":"MON20079_DL_19","parent":"MON20079_DL_11","length":21.95,"x":-1.32,"y":-0.02,"scaleX":1.174,"rotation":-168.94},{"name":"MON20079_DL_20","parent":"bone","length":26.3,"x":2.97,"y":-11.44,"rotation":-74.46},{"name":"MON20079_DL_21","parent":"MON20079_DL_4","length":6.12,"x":8.12,"y":-27.25,"rotation":-151.45},{"name":"MON20079_DL_22","parent":"MON20079_DL_16","length":38.42,"x":3.75,"y":-0.47,"rotation":-91.02},{"name":"MON20079_DL_23","parent":"MON20079_DL_20","length":29.7,"x":25.45,"y":-0.18,"rotation":-1.85},{"name":"MON20079_DL_24","parent":"bone","length":24.29,"x":-14.18,"y":-11.64,"rotation":-84.46},{"name":"MON20079_DL_25","parent":"MON20079_DL_24","length":28.9,"x":23.49,"y":-0.11,"rotation":-2.43},{"name":"MON20079_DL_26","parent":"MON20079_DL_12","length":69.32,"x":11.79,"y":-3.93,"rotation":-149},{"name":"MON20079_DL_27","parent":"MON20079_DL_12","length":18.48,"x":18.48,"y":-18.88,"rotation":-132.89},{"name":"MON20079_DL_28","parent":"MON20079_DL_12","length":20.27,"x":5.12,"y":12.22,"rotation":-161.26},{"name":"bone2","parent":"MON20079_DL_2","length":11.47,"x":8.89,"y":-0.04,"rotation":34.61},{"name":"bone3","parent":"bone2","length":13.74,"x":11.47,"y":-0.05,"rotation":34.49},{"name":"bone4","parent":"bone3","length":10.47,"x":13.74,"y":-0.06,"rotation":4.8},{"name":"bone5","parent":"bone4","length":8.1,"x":10.47,"rotation":17.72},{"name":"bone6","parent":"bone5","length":6.51,"x":8.64,"y":0.24,"rotation":-11.9},{"name":"bone7","parent":"MON20079_DL_3","length":17.05,"x":11.97,"rotation":-26.23},{"name":"bone8","parent":"bone7","length":14.99,"x":17.03,"y":0.3,"scaleX":0.888,"rotation":-13.64},{"name":"bone9","parent":"bone8","length":13.13,"x":14.81,"y":-0.02,"rotation":-16.18},{"name":"bone10","parent":"bone9","length":15.78,"x":12.72,"y":-0.01,"scaleX":0.887,"rotation":-18.99},{"name":"bone11","parent":"MON20079_DL_21","length":11.81,"x":6.12,"y":-0.02,"scaleX":1.002,"rotation":-2.67},{"name":"bone12","parent":"bone11","length":16.22,"x":11.81,"scaleX":0.836,"rotation":-23.07},{"name":"bone13","parent":"bone12","length":17.32,"x":16.22,"y":0.01,"scaleX":0.818,"rotation":-16.27},{"name":"bone14","parent":"bone13","length":15.3,"x":17.32,"y":0.06,"scaleX":0.964,"rotation":-1.48},{"name":"bone15","parent":"bone14","length":11.91,"x":15.31,"y":0.02,"scaleX":1.027,"rotation":11.57},{"name":"bone16","parent":"bone15","length":12,"x":11.91,"y":-0.02,"scaleX":1.128,"rotation":12.97},{"name":"bone17","parent":"bone16","length":9.68,"x":12,"y":-0.04,"rotation":17.63},{"name":"bone18","parent":"MON20079_DL_27","length":19.63,"x":18.48,"y":-0.01,"rotation":9.13},{"name":"bone19","parent":"bone18","length":17.77,"x":19.63,"rotation":2.34},{"name":"bone20","parent":"bone19","length":16.67,"x":17.77,"rotation":-1.18},{"name":"bone21","parent":"bone20","length":13.78,"x":16.67,"rotation":-12.87},{"name":"bone22","parent":"MON20079_DL_28","length":17.43,"x":20.27,"y":-0.03,"rotation":-1.7},{"name":"bone23","parent":"bone22","length":16.5,"x":17.43,"rotation":0.79},{"name":"bone24","parent":"bone23","length":11.25,"x":16.5,"rotation":-0.46},{"name":"bone25","parent":"bone24","length":8.91,"x":11.07,"y":-0.02,"rotation":-0.78},{"name":"fx_hanqi","parent":"MON20079_DL_22","length":12.41,"x":67.86,"y":1.88,"scaleX":2,"scaleY":2,"rotation":-86.05,"inheritScale":false},{"name":"shadow","parent":"root","length":18.05,"x":-0.43,"y":-0.39,"scaleX":1.097,"scaleY":1.123,"rotation":-88.78}],"slots":[{"name":"BG3","bone":"root","color":"ffffff7b"},{"name":"shadow","bone":"shadow"},{"name":"MON20079_DL_21","bone":"MON20079_DL_21","attachment":"MON20079_DL_21"},{"name":"MON20079_DL_23","bone":"MON20079_DL_28","attachment":"MON20079_DL_23"},{"name":"MON20079_DL_22","bone":"MON20079_DL_22","attachment":"MON20079_DL_22"},{"name":"MON20079_DL_19","bone":"MON20079_DL_24","attachment":"MON20079_DL_19"},{"name":"MON20079_DL_18","bone":"MON20079_DL_25","attachment":"MON20079_DL_18"},{"name":"MON20079_DL_17","bone":"MON20079_DL_20","attachment":"MON20079_DL_17"},{"name":"MON20079_DL_16","bone":"MON20079_DL_23","attachment":"MON20079_DL_16"},{"name":"MON20079_DL_15","bone":"MON20079_DL_15","attachment":"MON20079_DL_15"},{"name":"MON20079_DL_14","bone":"MON20079_DL_14","attachment":"MON20079_DL_14"},{"name":"MON20079_DL_13","bone":"MON20079_DL_13","attachment":"MON20079_DL_13"},{"name":"MON20079_DL_12","bone":"MON20079_DL_16","attachment":"MON20079_DL_12"},{"name":"MON20079_DL_11","bone":"MON20079_DL_18","attachment":"MON20079_DL_11"},{"name":"MON20079_DL_10","bone":"MON20079_DL_19","attachment":"MON20079_DL_10"},{"name":"MON20079_DL_9","bone":"MON20079_DL_9","attachment":"MON20079_DL_9"},{"name":"MON20079_DL_8","bone":"MON20079_DL_8","attachment":"MON20079_DL_8"},{"name":"MON20079_DL_7","bone":"MON20079_DL_7","attachment":"MON20079_DL_7"},{"name":"MON20079_DL_6","bone":"MON20079_DL_10","attachment":"MON20079_DL_6"},{"name":"MON20079_DL_5","bone":"MON20079_DL_5","attachment":"MON20079_DL_5"},{"name":"MON20079_DL_4","bone":"MON20079_DL_4","attachment":"MON20079_DL_4"},{"name":"MON20079_DL_3","bone":"MON20079_DL_6","attachment":"MON20079_DL_3"},{"name":"MON20079_DL_2","bone":"MON20079_DL_2","attachment":"MON20079_DL_2"},{"name":"MON20079_DL_06","bone":"MON20079_DL_06","attachment":"MON20079_DL_015"},{"name":"MON20079_DL_05","bone":"MON20079_DL_05","attachment":"MON20079_DL_014"},{"name":"MON20079_DL_01","bone":"MON20079_DL_01","attachment":"MON20079_DL_01"},{"name":"MON20079_DL_1","bone":"MON20079_DL_3","attachment":"MON20079_DL_1"},{"name":"fx_hanqi","bone":"fx_hanqi","attachment":"hanqi_00028","blend":"additive"}],"skins":{"default":{"MON20079_DL_01":{"MON20079_DL_01":{"x":-2.93,"y":-2.99,"rotation":178.14,"width":45,"height":14},"MON20079_DL_03":{"x":-2.93,"y":-2.99,"rotation":178.14,"width":43,"height":23}},"MON20079_DL_05":{"MON20079_DL_05":{"x":4.54,"y":-5.46,"rotation":-100.75,"width":48,"height":25},"MON20079_DL_08":{"x":4.54,"y":-5.46,"rotation":-100.75,"width":49,"height":20},"MON20079_DL_011":{"x":4.54,"y":-5.46,"rotation":-100.75,"width":45,"height":21},"MON20079_DL_014":{"x":4.35,"y":-6.44,"rotation":-100.75,"width":48,"height":21}},"MON20079_DL_06":{"MON20079_DL_06":{"x":2.24,"y":2.35,"rotation":75.44,"width":15,"height":10},"MON20079_DL_09":{"x":2.11,"y":1.87,"rotation":75.44,"width":18,"height":10},"MON20079_DL_012":{"x":3.21,"y":2.1,"rotation":75.44,"width":13,"height":8},"MON20079_DL_015":{"x":2.96,"y":1.13,"rotation":75.44,"width":13,"height":8}},"MON20079_DL_1":{"MON20079_DL_1":{"type":"weightedmesh","uvs":[0.48649,0.03849,0.64129,0.26449,0.69889,0.50049,0.71509,0.63649,0.78169,0.86249,0.61069,0.80049,0.50269,1,0.41749,1,0.36409,1,0.34789,0.83249,0.32809,0.70049,0.23809,0.54049,0.09229,0.37449,0,0.29649,0,0.12449,0.09123,0.0509,0.12289,0,0.32449,0,0.44689,0,0.25005,0.13951,0.37748,0.24905,0.47462,0.44238,0.52382,0.62159,0.51564,0.78617],"triangles":[9,10,23,7,8,9,23,7,9,6,7,23,6,23,5,22,2,3,23,10,22,5,23,22,3,5,22,5,3,4,21,1,2,22,21,2,10,11,21,22,10,21,20,0,1,21,20,1,11,12,20,11,20,21,0,20,17,0,17,18,12,19,20,19,17,20,19,13,14,12,13,19,15,16,19,19,14,15,19,16,17],"vertices":[3,7,19.61,15.57,0.0322,9,10.96,16.93,0.66251,38,-8.39,14.74,0.30526,4,7,38.54,7.84,0.0029,9,30.47,10.82,0.05855,38,11.81,17.87999,0.71341,39,-10.35999,15.85,0.22511,4,7,51.13,-4.44999,5.6E-4,38,28.95,13.84,0.11988,39,9.43999,15.96,0.63265,40,-9.6,13.86,0.24688,5,7,57.22,-12.23,8.0E-5,9,50.78,-7.61,0,38,38.18,10.31,0.00451,39,20.46999,14.71,0.27684,40,1.33,15.73,0.71855,3,9,64.54,-17.79999,0,38,55.03,7.24,0,40,19.53,22.04,0.99999,5,9,50.8,-22.07,0,38,44.58,-2.65,0,39,30.91,3.62,0.00388,40,14.44,7.98,0.80295,41,-1.09,8.12,0.19315,3,9,52.06,-38.78,0,38,53.1,-17.09,0,41,18.82,5.84,0.99999,4,9,46.5,-42.73,0,38,49.85,-23.08,0,39,42.09,-14.99,0,41,21.29,-0.67,0.99999,4,9,43.01,-45.2,0,38,47.82,-26.84,0,39,40.86,-19.12,6.0E-5,41,22.83,-4.75,0.99993,4,38,36.59,-22.24,8.3E-4,39,27.36,-17.29,0.02962,40,16.87,-13.09,0.11674,41,9.21,-11.02,0.85279,6,7,32.88,-31.92,0.0015,9,28.19,-29.27,0.00381,38,27.48,-19.1,0.0637,39,16.57,-16.39,0.32251,40,6.25,-15.24,0.34065,41,-1.32,-16.5,0.2678,6,7,20.83,-25.64,0.08568,9,15.65,-24.04,0.10476,38,13.92,-19.94,0.43205,39,1.97,-20.41,0.33026,40,-6.65,-23.16,0.03981,41,-12.18,-28.19,0.0074,4,7,4.71,-21.27,0.62118,9,-0.76,-21.04,0.19765,38,-2.14,-24.5,0.15702,39,-14.38,-28.63,0.02413,1,7,-4.48999,-20.17,1,1,7,-10.77,-9.5,1,1,7,-7.17,-1.23,1,1,7,-6.85,3.2,1,1,7,7.03,11.38,1,4,7,15.47,16.35,0.07971,9,6.77,17.35,0.7133,38,-12.33,13.28,0.20423,39,-35.55,5.69,0.00274,2,7,7,-0.28,0.5,9,-0.26,0.05,0.5,2,9,12.61,-0.48,0.5,38,0.78,-0.14,0.5,2,38,16.71999,0.05,0.5,39,-0.26,-0.31,0.5,2,39,14.9,0.19,0.5,40,0.02,0.23,0.5,2,40,13.24,0.25,0.5,41,0.45,0.41,0.5],"hull":19}},"MON20079_DL_10":{"MON20079_DL_10":{"x":9.82,"y":0.93,"rotation":86.76,"width":19,"height":23}},"MON20079_DL_11":{"MON20079_DL_11":{"type":"weightedmesh","uvs":[1,0.1077,1,0.38278,0.83445,0.50449,0.81439,0.62424,0.92185,0.71038,1,0.77301,1,0.93342,1,1,0.83952,1,0.64407,0.91854,0.57488,1,0.35697,1,0.28602,1,0.18948,0.88691,0,0.99711,0,0.89026,0,0.70898,0.09039,0.61161,0.09039,0.44364,0.07511,0.32215,0.15105,0.07266,0.31389,0,0.59661,0,1,0,0.38089,0.37262,0.37195,0.60702,0.52192,0.12901,0.24623,0.77268,0.36426,0.8089,0.52818,0.77417,0.17695,0.70107,0.60428,0.69082,0.09101,0.79295,0.82046,0.82335,0.59242,0.55815,0.2111,0.51368],"triangles":[33,3,4,9,31,33,33,4,5,6,33,5,8,33,6,9,33,8,8,6,7,32,16,30,13,32,27,15,16,32,15,32,13,14,15,13,22,23,0,26,21,22,20,21,26,26,22,0,24,20,26,19,20,24,26,0,1,24,26,1,28,13,27,12,13,28,29,31,9,11,28,10,11,12,28,29,28,25,31,34,3,30,17,35,35,18,19,24,35,19,34,24,2,25,35,24,25,24,34,25,34,31,30,35,25,29,25,31,27,30,25,17,18,35,3,34,2,16,17,30,31,3,33,28,27,25,32,30,27,28,29,10,10,29,9,2,24,1],"vertices":[1,3,20.1,-15.5,1,2,2,15.78,-21.92,0.45,3,9.35999,-20.46999,0.55,2,2,9.75,-16.58,0.96,3,2.04,-17.12,0.04,1,2,4.55,-16.56,1,2,3,-4.63,-23.77,0.00624,21,7.72,6.13,0.99375,1,21,11.65,5.74,1,1,21,15.83,0.26,1,1,21,17.57,-2.01,1,1,21,12.85,-5.61,1,2,2,-8.85,-12.07,0.13293,21,4.98,-7.21,0.86705,1,2,-12.67,-10.02,1,1,2,-13.79,-2.03,1,1,2,-14.15,0.56,1,2,2,-9.29,4.46999,0.18114,22,5,5.07,0.81885,1,22,13.89,3.02,1,1,22,10.33,-0.07,1,1,22,4.46,-5.19,1,1,2,1.38,10.04,1,2,2,8.53,11.04,0.92,3,-7.16,8.95,0.08,2,2,13.63,12.32,0.51187,3,-2.65,11.66,0.48812,1,3,7.64,12.35,1,2,2,28.57,5.49,0.00645,3,13.62,9.47,0.99354,2,3,18.02,-0.01,0.99847,21,-20.37,23.12,0.00152,1,3,24.3,-13.55,1,2,2,13.04,0.81,0.5,3,0.13,0.49,0.5,1,2,3.01,-0.24,1,1,3,11.83,0.15,1,1,2,-4.67999,3.37,1,1,2,-5.61,-1.16,1,1,2,-3.3,-6.96,1,1,2,-1.98,6.33,1,1,2,0.63,-9.26,1,1,22,4.96999,-0.28,1,1,21,7.68,0,1,1,2,6.22,-8.03,1,1,2,6.16,6.2,1],"hull":24}},"MON20079_DL_12":{"MON20079_DL_12":{"x":3.81,"y":-0.58,"rotation":126.7,"width":12,"height":11}},"MON20079_DL_13":{"MON20079_DL_13":{"x":5.32,"y":-0.54,"rotation":125.43,"width":16,"height":19}},"MON20079_DL_14":{"MON20079_DL_14":{"x":4.62,"y":-0.93,"rotation":-106.06,"width":17,"height":17}},"MON20079_DL_15":{"MON20079_DL_15":{"x":10.68,"y":-0.05,"rotation":119.52,"width":14,"height":23}},"MON20079_DL_16":{"MON20079_DL_16":{"x":10.56,"y":-1.67,"rotation":76.27,"width":16,"height":39}},"MON20079_DL_17":{"MON20079_DL_17":{"x":13.26,"y":-1.57,"rotation":74.41,"width":18,"height":29}},"MON20079_DL_18":{"MON20079_DL_18":{"x":13.15,"y":-0.52,"rotation":86.87,"width":14,"height":37}},"MON20079_DL_19":{"MON20079_DL_19":{"x":12.06,"y":0.03,"rotation":84.47,"width":14,"height":29}},"MON20079_DL_2":{"MON20079_DL_2":{"type":"weightedmesh","uvs":[1,0.15501,0.84863,0.24998,0.7555,0.39243,0.79541,0.56301,0.90185,0.69139,1,0.78108,1,1,0.82202,1,0.6402,0.91297,0.26324,0.77404,0.08418,0.61408,0,0.49091,0,0.34494,0,0.20425,0.16124,0.08291,0.37855,0,1,0,0.47704,0.17852,0.30852,0.36407,0.455,0.59892,0.62755,0.75891,0.86249,0.87604,0.3946,0.26928],"triangles":[7,8,21,21,5,6,7,21,6,21,20,4,21,4,5,8,20,21,20,19,3,20,3,4,9,10,19,9,19,20,9,20,8,11,12,18,19,18,2,19,2,3,10,11,18,10,18,19,22,14,17,13,14,22,18,12,13,22,18,13,22,17,2,18,22,2,17,15,16,16,1,17,14,15,17,0,1,16,2,17,1],"vertices":[2,8,-1.75,6.15,0.98922,33,-5.25,11.15,0.01077,3,8,4.33,8.43999,0.68802,33,1.07,9.57,0.31197,37,-32.84,15.82,0,4,33,9.58,10.13,0.33988,34,4.21,9.46,0.65785,35,-8.68999,10.29,0.00224,37,-26.43,10.18,0,3,33,18.69,14.11,0.00156,34,13.97,7.59,0.47619,35,0.86,7.61,0.52224,2,35,8.68999,7.23,0.58711,36,0.5,7.42,0.41288,3,35,14.36,7.47,0.07523,36,5.97,5.93,0.87219,37,-3.78,5.02,0.05256,1,37,7.54,-0.7,1,2,36,13.32,-5.19,0.01208,37,5.7,-4.35,0.98791,2,36,6.77,-5.3,0.65689,37,-0.68,-5.8,0.3431,3,35,7.91,-8.18999,0.86744,36,-4.92999,-7.02,0.13255,37,-11.79,-9.91,0,3,34,12.26,-8.93999,0.6711,35,-2.22,-8.72,0.32889,37,-21.93,-9.39,0,3,34,4.86,-8.81,0.977,35,-9.58,-7.97,0.02299,37,-29.18,-7.9,0,3,33,12.43,-7.22,0.65267,34,-3.26,-6.45,0.34732,37,-36.73,-4.08,0,3,33,4.67999,-9.78,0.99496,34,-11.1,-4.17,0.00503,37,-44.02,-0.39,0,3,8,11.11,-8.81,0.48135,33,-3.16,-8.47,0.51864,37,-48.62,6.08,0,1,8,4.21999,-9.64,1,2,8,-7.17,-1.02,1,37,-44.21,25.47,0,2,8,8.64999,-0.01,0.5,33,-0.17,0.15,0.5,2,33,11.25,-0.14,0.5,34,-0.22,0.05,0.5,2,34,13.79,-0.5,0.5,35,0,-0.44,0.5,2,35,10.09,-0.06,0.5,36,-0.38,0.05,0.5,2,36,8.29,0.02,0.5,37,-0.29,-0.27,0.5,1,33,5.41,0.01,1],"hull":17}},"MON20079_DL_21":{"MON20079_DL_21":{"type":"weightedmesh","uvs":[0.67566,0.1535,0.79711,0.31212,0.80968,0.39222,0.77617,0.46761,0.65053,0.56655,0.55839,0.65136,0.60865,0.7346,0.74267,0.8304,0.68057,0.87195,0.58352,0.8838,0.21078,0.7613,0.16471,0.67335,0.14796,0.54771,0.16471,0.45975,0.21497,0.34982,0.24847,0.24145,0.17271,0.12791,0,0.0577,0.15544,0,0.40343,0,0.2979,0.09911,0.46011,0.22069,0.49163,0.35834,0.38841,0.47894,0.34903,0.57911,0.32335,0.67075,0.41601,0.76589,0.40956,0.073],"triangles":[10,26,9,9,26,8,26,6,8,8,6,7,10,25,26,26,5,6,26,25,5,10,11,25,11,12,25,25,24,5,25,12,24,5,24,4,24,23,4,12,13,24,24,13,23,4,23,3,23,22,3,13,14,23,23,14,22,3,1,2,3,22,1,14,15,22,15,21,22,22,0,1,22,21,0,15,20,21,15,16,20,20,27,21,21,27,0,17,18,16,16,18,20,20,19,27,20,18,19,0,27,19],"vertices":[4,25,16.91,9.3,0.00143,42,10.31,9.82,0.71609,43,-6.25,8.45,0.28246,47,-59.94,29.25,0,4,25,32.21,5.21,0.00129,42,25.75,6.44,7.0E-5,43,12.31,11.39,0.7957,44,-8.47,9.83,0.20292,4,25,39.04,1.64,8.8E-4,43,21.5,11.12,0.35764,44,2.38,12.15,0.61759,45,-15.8,11.69,0.02388,5,25,44.62,-3.11,3.8E-4,43,29.97,9.25,0.06113,44,12.96,12.72,0.75064,45,-4.85,12.53,0.18595,46,-16.78,16.29999,0.00188,5,25,50.43,-11.88,5.0E-5,44,27.47,10.57,0.17696,45,10.24,10.75,0.6053,46,-2.73,11.53,0.20817,47,-10.34,14.55,0.00949,6,25,55.7,-18.92,0,44,39.78,9.28,3.9E-4,45,23.04,9.78,0.10243,46,9.28,8.01,0.47894,47,-0.67,8.42,0.40227,48,-9.52,11.92,0.01596,3,46,20.85,9.67,0.0108,47,9.64,7.44,0.41563,48,0.01,7.85,0.57355,2,25,73.85,-22.08,0,48,12.24,5.64,1,1,48,15.56,0.79,1,1,48,15.21,-3.14,1,4,25,58.31,-35.08,0,46,25.21,-4.85,0.0035,47,10.52,-7.68,0.92261,48,-3.73,-6.82,0.07388,4,25,50.22,-32.15,0,45,29.65,-3.52,0.00142,46,12.98,-6.34,0.52726,47,-0.33,-6.39,0.4713,3,44,28.74,-7.7,0.03142,45,12.04,-7.48,0.69236,46,-4.57,-6.69,0.2762,5,43,26.68,-12.58,0.00835,44,16.57,-9.17,0.45405,45,-0.52999,-9.25,0.53675,46,-16.91,-5.91,7.7E-4,47,-26.06,0.73,6.0E-5,5,25,24.52,-14.61,0,43,14.33,-9.8,0.46135,44,1.14,-9.95,0.52088,45,-16.51,-10.43,0.01774,47,-39,6.21,1.0E-5,5,42,10.43999,-7.71,0.40319,43,2.09999,-7.63,0.58373,44,-13.95,-11.29,0.01307,45,-32.13,-12.15,0,47,-51.86,11.03,0,3,25,5.48,-4.94,0.58262,42,-0.41,-4.94,0.41737,45,-47.5,-17.87999,0,3,25,-3.49,-6.8,0.99998,43,-19.83,-14.9,1.0E-5,44,-37.2,-24.41,0,2,25,-5.36,0.84,0.99999,43,-25.8,-8.81,0,1,25,-0.76,8.49,1,2,25,5.43,0.33,0.5,42,-0.71,0.33,0.5,2,42,12.3,-0.06,0.5,43,0.56,0.13,0.5,2,43,16.39,0.03,0.5,44,0.18,0.06,0.5,2,44,17.48,-0.77,0.5,45,0.18,-0.84,0.5,2,45,14.69,0.45,0.5,46,-0.5,0.54,0.5,2,46,12.36,-0.57,0.5,47,0.27,-0.63,0.5,2,47,12.27,-0.49,0.5,48,0.12,-0.5,0.5,4,25,5.35,5.07,0.62212,42,-1,5.06,0.37625,44,-38.24,-9.51,0.00161,47,-71.19999,22.42,0],"hull":20}},"MON20079_DL_22":{"MON20079_DL_22":{"x":24.13,"y":0.38,"rotation":-142.31,"width":135,"height":103}},"MON20079_DL_23":{"MON20079_DL_23":{"type":"weightedmesh","uvs":[0.65081,0.20171,0.75283,0.38657,0.86651,0.56319,0.96853,0.74145,1,0.81077,1,1,0.93863,1,0.82861,1,0.66784,0.97033,0.4171,0.96304,0.21424,0.96226,0.04195,0.96699,0,0.97047,0,0.79262,0,0.64406,0.01982,0.46723,0.04284,0.26193,0.07221,0,0.15206,0,0.23107,0,0.32537,0,0.40742,0,0.48344,0,0.54733,0,0.57867,0.25883,0.68723,0.46804,0.79388,0.65137,0.89673,0.81098,0.1216,0.28257,0.09875,0.49395,0.07781,0.69022,0.06067,0.81748,0.46571,0.27887,0.53713,0.49345,0.60563,0.67666,0.22612,0.28252,0.35245,0.28436,0.22214,0.51011,0.37441,0.51489,0.21876,0.70329,0.39146,0.69392,0.21645,0.83538,0.40456,0.83141,0.63812,0.83005],"triangles":[11,12,31,11,31,10,31,12,13,10,31,41,41,31,39,39,31,30,31,13,30,13,14,30,39,30,37,30,29,37,30,14,29,14,15,29,35,29,28,29,15,28,15,16,28,28,16,18,28,18,35,18,16,17,35,18,19,6,4,5,7,27,6,6,27,4,27,7,43,7,8,43,27,3,4,43,26,27,27,26,3,26,2,3,34,25,26,26,25,2,25,1,2,33,24,25,25,24,1,24,0,1,32,22,24,32,21,22,22,23,24,24,23,0,9,43,8,9,10,42,10,41,42,9,42,43,41,40,42,41,39,40,42,34,43,42,40,34,43,34,26,39,38,40,39,37,38,40,33,34,40,38,33,34,33,25,37,36,38,38,32,33,38,36,32,37,35,36,37,29,35,33,32,24,21,32,36,20,36,35,35,19,20,36,20,21],"vertices":[4,31,16.44,8,0.59914,49,-0.74,8.24,0.40085,51,-37.97,8.3,0,52,-55.13,-4.04,0,3,49,17.35,8.39,0.63046,50,-1.93,8.47999,0.36952,52,-37.43999,-0.23,0,2,50,16.18,9.18999,0.5867,51,-1.77,9.14999,0.41328,2,51,15.86,9.22999,0.6102,52,-2.85,8.83,0.38979,2,51,22.3,8.60999,0.25413,52,3.56,9.66,0.74585,1,52,18.33,4.32,1,3,30,84.35,48.19,0.0015,51,32.4,-4.71,0.00299,52,16.37,-1.09,0.99549,3,30,83.22,37.91,0.07479,51,26.81,-13.42,0.15886,52,12.86,-10.82,0.76633,4,30,79.12999,23.16,0.42617,50,33.84999,-25.13,0.04056,51,16.58,-24.81,0.28526,52,5.41,-24.2,0.24799,6,30,75.96,-0.19,0.98097,50,20.21999,-44.37,8.0E-4,51,3.33,-44.31,0.0075,52,-3.15,-46.17,0.00314,55,18.15,34.61,0.00101,56,6.62,34.73,0.00656,6,30,73.82,-19.14,0.44738,50,9.54,-60.17,1.0E-5,51,-7.01,-60.33,1.1E-4,52,-9.68999,-64.08,4.0E-5,55,20.52,15.69,0.08331,56,9.24,15.84,0.46912,1,56,11.91,-0.13,1,1,56,12.75,-3.99,1,3,54,25.58,-6.14,0.00294,55,9.13,-6.07,0.74462,56,-1.86,-6.07,0.25242,2,54,13.34,-7.62,0.6823,55,-3.09,-7.65,0.31769,3,51,-51.46,-53.51,0,53,16.09,-7.56,0.60373,54,-1.44,-7.53,0.39626,5,50,-47.7,-41.18,0,51,-64.62999,-42.49,0,52,-69.83999,-59.5,0,32,18.96999,-7.7,0.62089,53,-1.08,-7.69,0.37909,3,50,-64.22,-26.77,0,51,-81.44,-28.42,0,32,-2.93,-7.23,1,3,50,-60.04,-20.54,0,51,-77.37999,-22.1,0,32,-3.72,0.23,1,4,30,-5.39,-8.87,0.49687,51,-73.37,-15.85,0,52,-84.28,-35.47,0,32,-4.5,7.61,0.50312,4,30,-4.42999,-0.06,0.99593,51,-68.58,-8.39,0,52,-81.26999,-27.13,0,32,-5.43,16.43,0.00406,3,30,-3.59,7.59,0.64225,31,-7.74,-6.78,0.35774,51,-64.42,-1.9,0,3,30,-2.81,14.7,0.11761,31,-5.02,-0.17,0.88238,51,-60.56,4.1,0,4,31,-2.73,5.38,0.99999,50,-39.34,10.31,0,51,-57.31,9.16,0,52,-74.18,-7.5,0,2,31,18.25,-0.07,0.5,49,-0.24,-0.01,0.5,2,49,19.89,-0.39,0.5,50,0.24,-0.4,0.5,2,50,18.45999,-0.55,0.5,51,0.7,-0.52999,0.5,2,51,17.07,0.44,0.5,52,0.28,0.52,0.5,2,32,19.9,-0.15,0.5,53,-0.37,-0.13,0.5,2,53,17.29999,0.08,0.5,54,-0.13,0.09,0.5,2,54,16.27,0.09,0.5,55,-0.23,0.09,0.5,2,55,10.45,-0.15,0.5,56,-0.62,-0.13,0.5,5,30,20.01,10.52,0.70381,31,15.74,-10.52,0.23225,49,-4.37,-9.93,0.06392,51,-41.98,-9.79,0,52,-55.02,-22.58,0,5,30,38.43999,15.26,0.4588,31,34.77,-11.1,2.8E-4,49,14.31,-13.52,0.36341,50,-5.86,-13.29,0.17583,51,-23.36,-13.76,0.00165,5,30,54.26,20,0.5285,49,30.64,-15.98,0.03833,50,10.35,-16.41,0.29721,51,-7.09,-16.56,0.12428,52,-19.49,-21.42,0.01165,5,30,17.86,-11.89,0.60026,51,-53.89,-28.91,0,52,-62.38,-43.87,0,32,18.86,9.60999,0.19805,53,-1.69,9.6,0.20167,1,30,19.29999,-0.1,1,4,30,36.59,-14.32,0.48063,53,17.07,11.76,0.26075,54,-0.19,11.77,0.24598,55,-16.79,11.63,0.01262,6,30,38.55,-0.13,0.99366,50,-12.9,-26.98,8.1E-4,52,-39.5,-37.31,0,53,15.55,25.99,5.5E-4,54,-1.51,26.02,0.00491,55,-18.21999,25.88,3.0E-5,8,30,52.5,-16.37999,0.42117,50,-8.06,-47.85,0,51,-24.87,-48.36,0,52,-29.76,-56.38,0,53,33,13.59,0.01082,54,15.75,13.37,0.29763,55,-0.84,13.37,0.25503,56,-12.09,13.23,0.01531,1,30,53.49,-0.16,1,7,30,63.37,-17.79,0.48335,50,0.91,-54.13,0,51,-15.76,-54.46,6.0E-5,52,-19.52,-60.31,2.0E-5,54,26.66,14.47,0.0173,55,10.05,14.55,0.20026,56,-1.21,14.56,0.29894,4,30,64.97,-0.18,0.95785,54,24.22,31.99,0.00305,55,7.46,32.05,0.01674,56,-4.03,32.02,0.02233,5,30,67.25,21.65,0.60026,49,43.09,-20.03,2.8E-4,50,22.62,-20.96999,0.09137,51,5.27,-20.87,0.2141,52,-6.48,-22.87,0.09396],"hull":24}},"MON20079_DL_3":{"MON20079_DL_3":{"x":12.2,"y":-2.32,"rotation":-43.43,"width":26,"height":22}},"MON20079_DL_4":{"MON20079_DL_4":{"x":45.8,"y":-13.58,"rotation":-92.15,"width":118,"height":118}},"MON20079_DL_5":{"MON20079_DL_5":{"x":0.22,"y":-2.84,"rotation":-93.81,"width":29,"height":27}},"MON20079_DL_6":{"MON20079_DL_6":{"x":3.81,"y":-2.27,"rotation":87.11,"width":13,"height":13},"MON20079_DL_100":{"x":5.51,"y":-1.86,"rotation":87.11,"width":12,"height":16}},"MON20079_DL_7":{"MON20079_DL_7":{"x":7.02,"y":-1.16,"rotation":81.95,"width":13,"height":20}},"MON20079_DL_8":{"MON20079_DL_8":{"x":7.92,"y":-0.31,"rotation":60.65,"width":15,"height":23}},"MON20079_DL_9":{"MON20079_DL_9":{"x":-1.56,"y":-2.18,"rotation":172.6,"width":25,"height":15}},"fx_hanqi":{"hanqi_00000":{"rotation":-65.19,"width":72,"height":72},"hanqi_00002":{"rotation":-65.19,"width":72,"height":72},"hanqi_00004":{"rotation":-65.19,"width":72,"height":72},"hanqi_00006":{"rotation":-65.19,"width":72,"height":72},"hanqi_00008":{"rotation":-65.19,"width":72,"height":72},"hanqi_00010":{"rotation":-65.19,"width":72,"height":72},"hanqi_00012":{"rotation":-65.19,"width":72,"height":72},"hanqi_00014":{"rotation":-65.19,"width":72,"height":72},"hanqi_00016":{"rotation":-65.19,"width":72,"height":72},"hanqi_00018":{"rotation":-65.19,"width":72,"height":72},"hanqi_00020":{"rotation":-65.19,"width":72,"height":72},"hanqi_00022":{"rotation":-65.19,"width":72,"height":72},"hanqi_00024":{"rotation":-65.19,"width":72,"height":72},"hanqi_00026":{"rotation":-65.19,"width":72,"height":72},"hanqi_00028":{"rotation":-65.19,"width":72,"height":72}},"shadow":{"shadow":{"x":0.71,"y":0.14,"rotation":88.78,"width":85,"height":42}}}},"animations":{"wait_DL":{"slots":{"MON20079_DL_05":{"attachment":[{"time":0,"name":"MON20079_DL_014"},{"time":0.9333,"name":"MON20079_DL_011"},{"time":1.1333,"name":"MON20079_DL_014"},{"time":1.2,"name":"MON20079_DL_014"},{"time":2.4,"name":"MON20079_DL_014"}]},"fx_hanqi":{"attachment":[{"time":0,"name":"hanqi_00000"},{"time":0.0666,"name":"hanqi_00002"},{"time":0.1333,"name":"hanqi_00004"},{"time":0.2,"name":"hanqi_00006"},{"time":0.2666,"name":"hanqi_00008"},{"time":0.3333,"name":"hanqi_00010"},{"time":0.4,"name":"hanqi_00012"},{"time":0.4666,"name":"hanqi_00014"},{"time":0.5333,"name":"hanqi_00016"},{"time":0.6,"name":"hanqi_00018"},{"time":0.6666,"name":"hanqi_00020"},{"time":0.7333,"name":"hanqi_00022"},{"time":0.8,"name":"hanqi_00024"},{"time":0.8666,"name":"hanqi_00026"},{"time":0.9333,"name":"hanqi_00028"},{"time":1,"name":"hanqi_00000"},{"time":1.0666,"name":"hanqi_00002"},{"time":1.1333,"name":"hanqi_00004"},{"time":1.2,"name":"hanqi_00000"},{"time":1.2666,"name":"hanqi_00002"},{"time":1.3333,"name":"hanqi_00004"},{"time":1.4,"name":"hanqi_00006"},{"time":1.4666,"name":"hanqi_00008"},{"time":1.5333,"name":"hanqi_00010"},{"time":1.6,"name":"hanqi_00012"},{"time":1.6666,"name":"hanqi_00014"},{"time":1.7333,"name":"hanqi_00016"},{"time":1.8,"name":"hanqi_00018"},{"time":1.8666,"name":"hanqi_00020"},{"time":1.9333,"name":"hanqi_00022"},{"time":2,"name":"hanqi_00024"},{"time":2.0666,"name":"hanqi_00026"},{"time":2.1333,"name":"hanqi_00028"},{"time":2.2,"name":"hanqi_00000"},{"time":2.2666,"name":"hanqi_00002"},{"time":2.3333,"name":"hanqi_00004"},{"time":2.4,"name":"hanqi_00006"}]}},"bones":{"root":{"rotate":[{"time":0,"angle":0,"curve":"stepped"},{"time":1.2,"angle":0,"curve":"stepped"},{"time":2.4,"angle":0}],"translate":[{"time":0,"x":0,"y":0,"curve":"stepped"},{"time":1.2,"x":0,"y":0,"curve":"stepped"},{"time":2.4,"x":0,"y":0}],"scale":[{"time":0,"x":1,"y":1,"curve":"stepped"},{"time":1.2,"x":1,"y":1,"curve":"stepped"},{"time":2.4,"x":1,"y":1}]},"bone":{"rotate":[{"time":0,"angle":0,"curve":"stepped"},{"time":1.2,"angle":0,"curve":"stepped"},{"time":2.4,"angle":0}],"translate":[{"time":0,"x":0,"y":0,"curve":"stepped"},{"time":1.2,"x":0,"y":0,"curve":"stepped"},{"time":2.4,"x":0,"y":0}],"scale":[{"time":0,"x":1,"y":1,"curve":"stepped"},{"time":1.2,"x":1,"y":1,"curve":"stepped"},{"time":2.4,"x":1,"y":1}]},"MON20079_DL_11":{"rotate":[{"time":0,"angle":0,"curve":[0.25,0,0.75,1]},{"time":0.6,"angle":3.53,"curve":[0.25,0,0.75,1]},{"time":1.2,"angle":0,"curve":[0.25,0,0.75,1]},{"time":1.8,"angle":3.53,"curve":[0.25,0,0.75,1]},{"time":2.4,"angle":0}],"translate":[{"time":0,"x":0,"y":0,"curve":[0.25,0,0.75,1]},{"time":0.6,"x":0,"y":-6.78,"curve":[0.25,0,0.75,1]},{"time":1.2,"x":0,"y":0,"curve":[0.25,0,0.75,1]},{"time":1.8,"x":0,"y":-6.78,"curve":[0.25,0,0.75,1]},{"time":2.4,"x":0,"y":0}],"scale":[{"time":0,"x":1,"y":1,"curve":"stepped"},{"time":1.2,"x":1,"y":1,"curve":"stepped"},{"time":2.4,"x":1,"y":1}]},"MON20079_DL_12":{"rotate":[{"time":0,"angle":0,"curve":"stepped"},{"time":1.2,"angle":0,"curve":"stepped"},{"time":2.4,"angle":0}],"translate":[{"time":0,"x":0,"y":0,"curve":"stepped"},{"time":1.2,"x":0,"y":0,"curve":"stepped"},{"time":2.4,"x":0,"y":0}],"scale":[{"time":0,"x":1,"y":1,"curve":"stepped"},{"time":1.2,"x":1,"y":1,"curve":"stepped"},{"time":2.4,"x":1,"y":1}]},"MON20079_DL_5":{"rotate":[{"time":0,"angle":0,"curve":"stepped"},{"time":1.2,"angle":0,"curve":"stepped"},{"time":2.4,"angle":0}],"translate":[{"time":0,"x":0,"y":0,"curve":"stepped"},{"time":1.2,"x":0,"y":0,"curve":"stepped"},{"time":2.4,"x":0,"y":0}],"scale":[{"time":0,"x":1,"y":1,"curve":"stepped"},{"time":1.2,"x":1,"y":1,"curve":"stepped"},{"time":2.4,"x":1,"y":1}]},"MON20079_DL_4":{"rotate":[{"time":0,"angle":0},{"time":0.6,"angle":4.14},{"time":1.2,"angle":0},{"time":1.8,"angle":4.14},{"time":2.4,"angle":0}],"translate":[{"time":0,"x":0,"y":0},{"time":0.6,"x":-1.04,"y":1.84},{"time":1.2,"x":0,"y":0},{"time":1.8,"x":-1.04,"y":1.84},{"time":2.4,"x":0,"y":0}],"scale":[{"time":0,"x":1,"y":1,"curve":"stepped"},{"time":0.6,"x":1,"y":1,"curve":"stepped"},{"time":1.2,"x":1,"y":1,"curve":"stepped"},{"time":1.8,"x":1,"y":1,"curve":"stepped"},{"time":2.4,"x":1,"y":1}]},"MON20079_DL_05":{"rotate":[{"time":0,"angle":0,"curve":"stepped"},{"time":1.2,"angle":0,"curve":"stepped"},{"time":2.4,"angle":0}],"translate":[{"time":0,"x":0,"y":0,"curve":"stepped"},{"time":1.2,"x":0,"y":0,"curve":"stepped"},{"time":2.4,"x":0,"y":0}],"scale":[{"time":0,"x":1,"y":1,"curve":"stepped"},{"time":1.2,"x":1,"y":1,"curve":"stepped"},{"time":2.4,"x":1,"y":1}]},"MON20079_DL_01":{"rotate":[{"time":0,"angle":0,"curve":"stepped"},{"time":1.2,"angle":0,"curve":"stepped"},{"time":2.4,"angle":0}],"translate":[{"time":0,"x":0,"y":0,"curve":"stepped"},{"time":1.2,"x":0,"y":0,"curve":"stepped"},{"time":2.4,"x":0,"y":0}],"scale":[{"time":0,"x":1,"y":1,"curve":"stepped"},{"time":1.2,"x":1,"y":1,"curve":"stepped"},{"time":2.4,"x":1,"y":1}]},"MON20079_DL_06":{"rotate":[{"time":0,"angle":0,"curve":"stepped"},{"time":1.2,"angle":0,"curve":"stepped"},{"time":2.4,"angle":0}],"translate":[{"time":0,"x":0,"y":0,"curve":"stepped"},{"time":1.2,"x":0,"y":0,"curve":"stepped"},{"time":2.4,"x":0,"y":0}],"scale":[{"time":0,"x":1,"y":1,"curve":"stepped"},{"time":1.2,"x":1,"y":1,"curve":"stepped"},{"time":2.4,"x":1,"y":1}]},"MON20079_DL_2":{"rotate":[{"time":0,"angle":0,"curve":"stepped"},{"time":0.4,"angle":0,"curve":"stepped"},{"time":0.8,"angle":0,"curve":"stepped"},{"time":1.2,"angle":0,"curve":"stepped"},{"time":1.6,"angle":0,"curve":"stepped"},{"time":2,"angle":0,"curve":"stepped"},{"time":2.4,"angle":0}],"translate":[{"time":0,"x":0,"y":0,"curve":"stepped"},{"time":0.4,"x":0,"y":0,"curve":"stepped"},{"time":0.8,"x":0,"y":0,"curve":"stepped"},{"time":1.2,"x":0,"y":0,"curve":"stepped"},{"time":1.6,"x":0,"y":0,"curve":"stepped"},{"time":2,"x":0,"y":0,"curve":"stepped"},{"time":2.4,"x":0,"y":0}],"scale":[{"time":0,"x":1,"y":1,"curve":"stepped"},{"time":0.4,"x":1,"y":1,"curve":"stepped"},{"time":0.8,"x":1,"y":1,"curve":"stepped"},{"time":1.2,"x":1,"y":1,"curve":"stepped"},{"time":1.6,"x":1,"y":1,"curve":"stepped"},{"time":2,"x":1,"y":1,"curve":"stepped"},{"time":2.4,"x":1,"y":1}]},"bone2":{"rotate":[{"time":0,"angle":0},{"time":0.4,"angle":-10.27},{"time":0.8,"angle":0.75},{"time":1.2,"angle":0},{"time":1.6,"angle":-10.27},{"time":2,"angle":0.75},{"time":2.4,"angle":0}],"translate":[{"time":0,"x":0,"y":0,"curve":"stepped"},{"time":0.4,"x":0,"y":0,"curve":"stepped"},{"time":0.8,"x":0,"y":0,"curve":"stepped"},{"time":1.2,"x":0,"y":0,"curve":"stepped"},{"time":1.6,"x":0,"y":0,"curve":"stepped"},{"time":2,"x":0,"y":0,"curve":"stepped"},{"time":2.4,"x":0,"y":0}],"scale":[{"time":0,"x":1,"y":1,"curve":"stepped"},{"time":0.4,"x":1,"y":1,"curve":"stepped"},{"time":0.8,"x":1,"y":1,"curve":"stepped"},{"time":1.2,"x":1,"y":1,"curve":"stepped"},{"time":1.6,"x":1,"y":1,"curve":"stepped"},{"time":2,"x":1,"y":1,"curve":"stepped"},{"time":2.4,"x":1,"y":1}]},"bone3":{"rotate":[{"time":0,"angle":0},{"time":0.4,"angle":-9.95},{"time":0.8,"angle":-14.83},{"time":1.2,"angle":0},{"time":1.6,"angle":-9.95},{"time":2,"angle":-14.83},{"time":2.4,"angle":0}],"translate":[{"time":0,"x":0,"y":0,"curve":"stepped"},{"time":0.4,"x":0,"y":0,"curve":"stepped"},{"time":0.8,"x":0,"y":0,"curve":"stepped"},{"time":1.2,"x":0,"y":0,"curve":"stepped"},{"time":1.6,"x":0,"y":0,"curve":"stepped"},{"time":2,"x":0,"y":0,"curve":"stepped"},{"time":2.4,"x":0,"y":0}],"scale":[{"time":0,"x":1,"y":1,"curve":"stepped"},{"time":0.4,"x":1,"y":1,"curve":"stepped"},{"time":0.8,"x":1,"y":1,"curve":"stepped"},{"time":1.2,"x":1,"y":1,"curve":"stepped"},{"time":1.6,"x":1,"y":1,"curve":"stepped"},{"time":2,"x":1,"y":1,"curve":"stepped"},{"time":2.4,"x":1,"y":1}]},"bone4":{"rotate":[{"time":0,"angle":0},{"time":0.4,"angle":13.19},{"time":0.8,"angle":4.61},{"time":1.2,"angle":0},{"time":1.6,"angle":13.19},{"time":2,"angle":4.61},{"time":2.4,"angle":0}],"translate":[{"time":0,"x":0,"y":0,"curve":"stepped"},{"time":0.4,"x":0,"y":0,"curve":"stepped"},{"time":0.8,"x":0,"y":0,"curve":"stepped"},{"time":1.2,"x":0,"y":0,"curve":"stepped"},{"time":1.6,"x":0,"y":0,"curve":"stepped"},{"time":2,"x":0,"y":0,"curve":"stepped"},{"time":2.4,"x":0,"y":0}],"scale":[{"time":0,"x":1,"y":1,"curve":"stepped"},{"time":0.4,"x":1,"y":1,"curve":"stepped"},{"time":0.8,"x":1,"y":1,"curve":"stepped"},{"time":1.2,"x":1,"y":1,"curve":"stepped"},{"time":1.6,"x":1,"y":1,"curve":"stepped"},{"time":2,"x":1,"y":1,"curve":"stepped"},{"time":2.4,"x":1,"y":1}]},"bone5":{"rotate":[{"time":0,"angle":0,"curve":"stepped"},{"time":0.4,"angle":0},{"time":0.8,"angle":-30.21},{"time":1.2,"angle":0,"curve":"stepped"},{"time":1.6,"angle":0},{"time":2,"angle":-30.21},{"time":2.4,"angle":0}],"translate":[{"time":0,"x":0,"y":0,"curve":"stepped"},{"time":0.4,"x":0,"y":0,"curve":"stepped"},{"time":0.8,"x":0,"y":0,"curve":"stepped"},{"time":1.2,"x":0,"y":0,"curve":"stepped"},{"time":1.6,"x":0,"y":0,"curve":"stepped"},{"time":2,"x":0,"y":0,"curve":"stepped"},{"time":2.4,"x":0,"y":0}],"scale":[{"time":0,"x":1,"y":1,"curve":"stepped"},{"time":0.4,"x":1,"y":1,"curve":"stepped"},{"time":0.8,"x":1,"y":1,"curve":"stepped"},{"time":1.2,"x":1,"y":1,"curve":"stepped"},{"time":1.6,"x":1,"y":1,"curve":"stepped"},{"time":2,"x":1,"y":1,"curve":"stepped"},{"time":2.4,"x":1,"y":1}]},"bone6":{"rotate":[{"time":0,"angle":0},{"time":0.4,"angle":26.19},{"time":0.8,"angle":0,"curve":"stepped"},{"time":1.2,"angle":0},{"time":1.6,"angle":26.19},{"time":2,"angle":0,"curve":"stepped"},{"time":2.4,"angle":0}],"translate":[{"time":0,"x":0,"y":0,"curve":"stepped"},{"time":0.4,"x":0,"y":0,"curve":"stepped"},{"time":0.8,"x":0,"y":0,"curve":"stepped"},{"time":1.2,"x":0,"y":0,"curve":"stepped"},{"time":1.6,"x":0,"y":0,"curve":"stepped"},{"time":2,"x":0,"y":0,"curve":"stepped"},{"time":2.4,"x":0,"y":0}],"scale":[{"time":0,"x":1,"y":1,"curve":"stepped"},{"time":0.4,"x":1,"y":1,"curve":"stepped"},{"time":0.8,"x":1,"y":1,"curve":"stepped"},{"time":1.2,"x":1,"y":1,"curve":"stepped"},{"time":1.6,"x":1,"y":1,"curve":"stepped"},{"time":2,"x":1,"y":1,"curve":"stepped"},{"time":2.4,"x":1,"y":1}]},"MON20079_DL_1":{"rotate":[{"time":0,"angle":0,"curve":"stepped"},{"time":0.4,"angle":0,"curve":"stepped"},{"time":0.8,"angle":0,"curve":"stepped"},{"time":1.2,"angle":0,"curve":"stepped"},{"time":1.6,"angle":0,"curve":"stepped"},{"time":2,"angle":0,"curve":"stepped"},{"time":2.4,"angle":0}],"translate":[{"time":0,"x":0,"y":0,"curve":"stepped"},{"time":0.4,"x":0,"y":0,"curve":"stepped"},{"time":0.8,"x":0,"y":0,"curve":"stepped"},{"time":1.2,"x":0,"y":0,"curve":"stepped"},{"time":1.6,"x":0,"y":0,"curve":"stepped"},{"time":2,"x":0,"y":0,"curve":"stepped"},{"time":2.4,"x":0,"y":0}],"scale":[{"time":0,"x":1,"y":1,"curve":"stepped"},{"time":0.4,"x":1,"y":1,"curve":"stepped"},{"time":0.8,"x":1,"y":1,"curve":"stepped"},{"time":1.2,"x":1,"y":1,"curve":"stepped"},{"time":1.6,"x":1,"y":1,"curve":"stepped"},{"time":2,"x":1,"y":1,"curve":"stepped"},{"time":2.4,"x":1,"y":1}]},"MON20079_DL_3":{"rotate":[{"time":0,"angle":0},{"time":0.4,"angle":3.14},{"time":0.8,"angle":5.71},{"time":1.2,"angle":0},{"time":1.6,"angle":3.14},{"time":2,"angle":5.71},{"time":2.4,"angle":0}],"translate":[{"time":0,"x":0,"y":0,"curve":"stepped"},{"time":0.4,"x":0,"y":0,"curve":"stepped"},{"time":0.8,"x":0,"y":0,"curve":"stepped"},{"time":1.2,"x":0,"y":0,"curve":"stepped"},{"time":1.6,"x":0,"y":0,"curve":"stepped"},{"time":2,"x":0,"y":0,"curve":"stepped"},{"time":2.4,"x":0,"y":0}],"scale":[{"time":0,"x":1,"y":1,"curve":"stepped"},{"time":0.4,"x":1,"y":1,"curve":"stepped"},{"time":0.8,"x":1,"y":1,"curve":"stepped"},{"time":1.2,"x":1,"y":1,"curve":"stepped"},{"time":1.6,"x":1,"y":1,"curve":"stepped"},{"time":2,"x":1,"y":1,"curve":"stepped"},{"time":2.4,"x":1,"y":1}]},"bone7":{"rotate":[{"time":0,"angle":0},{"time":0.4,"angle":9.12},{"time":0.8,"angle":0.09},{"time":1.2,"angle":0},{"time":1.6,"angle":9.12},{"time":2,"angle":0.09},{"time":2.4,"angle":0}],"translate":[{"time":0,"x":0,"y":0,"curve":"stepped"},{"time":0.4,"x":0,"y":0,"curve":"stepped"},{"time":0.8,"x":0,"y":0,"curve":"stepped"},{"time":1.2,"x":0,"y":0,"curve":"stepped"},{"time":1.6,"x":0,"y":0,"curve":"stepped"},{"time":2,"x":0,"y":0,"curve":"stepped"},{"time":2.4,"x":0,"y":0}],"scale":[{"time":0,"x":1,"y":1,"curve":"stepped"},{"time":0.4,"x":1,"y":1,"curve":"stepped"},{"time":0.8,"x":1,"y":1,"curve":"stepped"},{"time":1.2,"x":1,"y":1,"curve":"stepped"},{"time":1.6,"x":1,"y":1,"curve":"stepped"},{"time":2,"x":1,"y":1,"curve":"stepped"},{"time":2.4,"x":1,"y":1}]},"bone8":{"rotate":[{"time":0,"angle":0},{"time":0.4,"angle":-1.54},{"time":0.8,"angle":-1.14},{"time":1.2,"angle":0},{"time":1.6,"angle":-1.54},{"time":2,"angle":-1.14},{"time":2.4,"angle":0}],"translate":[{"time":0,"x":0,"y":0,"curve":"stepped"},{"time":0.4,"x":0,"y":0,"curve":"stepped"},{"time":0.8,"x":0,"y":0,"curve":"stepped"},{"time":1.2,"x":0,"y":0,"curve":"stepped"},{"time":1.6,"x":0,"y":0,"curve":"stepped"},{"time":2,"x":0,"y":0,"curve":"stepped"},{"time":2.4,"x":0,"y":0}],"scale":[{"time":0,"x":1,"y":1,"curve":"stepped"},{"time":0.4,"x":1,"y":1,"curve":"stepped"},{"time":0.8,"x":1,"y":1,"curve":"stepped"},{"time":1.2,"x":1,"y":1,"curve":"stepped"},{"time":1.6,"x":1,"y":1,"curve":"stepped"},{"time":2,"x":1,"y":1,"curve":"stepped"},{"time":2.4,"x":1,"y":1}]},"bone9":{"rotate":[{"time":0,"angle":0},{"time":0.4,"angle":0.07},{"time":0.8,"angle":13.06},{"time":1.2,"angle":0},{"time":1.6,"angle":0.07},{"time":2,"angle":13.06},{"time":2.4,"angle":0}],"translate":[{"time":0,"x":0,"y":0,"curve":"stepped"},{"time":0.4,"x":0,"y":0,"curve":"stepped"},{"time":0.8,"x":0,"y":0,"curve":"stepped"},{"time":1.2,"x":0,"y":0,"curve":"stepped"},{"time":1.6,"x":0,"y":0,"curve":"stepped"},{"time":2,"x":0,"y":0,"curve":"stepped"},{"time":2.4,"x":0,"y":0}],"scale":[{"time":0,"x":1,"y":1,"curve":"stepped"},{"time":0.4,"x":1,"y":1,"curve":"stepped"},{"time":0.8,"x":1,"y":1,"curve":"stepped"},{"time":1.2,"x":1,"y":1,"curve":"stepped"},{"time":1.6,"x":1,"y":1,"curve":"stepped"},{"time":2,"x":1,"y":1,"curve":"stepped"},{"time":2.4,"x":1,"y":1}]},"bone10":{"rotate":[{"time":0,"angle":0},{"time":0.4,"angle":8.35},{"time":0.8,"angle":24.69},{"time":1.2,"angle":0},{"time":1.6,"angle":8.35},{"time":2,"angle":24.69},{"time":2.4,"angle":0}],"translate":[{"time":0,"x":0,"y":0,"curve":"stepped"},{"time":0.4,"x":0,"y":0,"curve":"stepped"},{"time":0.8,"x":0,"y":0,"curve":"stepped"},{"time":1.2,"x":0,"y":0,"curve":"stepped"},{"time":1.6,"x":0,"y":0,"curve":"stepped"},{"time":2,"x":0,"y":0,"curve":"stepped"},{"time":2.4,"x":0,"y":0}],"scale":[{"time":0,"x":1,"y":1,"curve":"stepped"},{"time":0.4,"x":1,"y":1,"curve":"stepped"},{"time":0.8,"x":1,"y":1,"curve":"stepped"},{"time":1.2,"x":1,"y":1,"curve":"stepped"},{"time":1.6,"x":1,"y":1,"curve":"stepped"},{"time":2,"x":1,"y":1,"curve":"stepped"},{"time":2.4,"x":1,"y":1}]},"MON20079_DL_21":{"rotate":[{"time":0,"angle":0},{"time":0.6,"angle":-15.74},{"time":1.2,"angle":0},{"time":1.8,"angle":-15.74},{"time":2.4,"angle":0}],"translate":[{"time":0,"x":0,"y":0,"curve":"stepped"},{"time":0.6,"x":0,"y":0,"curve":"stepped"},{"time":1.2,"x":0,"y":0,"curve":"stepped"},{"time":1.8,"x":0,"y":0,"curve":"stepped"},{"time":2.4,"x":0,"y":0}],"scale":[{"time":0,"x":1,"y":1,"curve":"stepped"},{"time":0.6,"x":1,"y":1,"curve":"stepped"},{"time":1.2,"x":1,"y":1,"curve":"stepped"},{"time":1.8,"x":1,"y":1,"curve":"stepped"},{"time":2.4,"x":1,"y":1}]},"bone11":{"rotate":[{"time":0,"angle":0},{"time":0.6,"angle":15.9},{"time":1.2,"angle":0},{"time":1.8,"angle":15.9},{"time":2.4,"angle":0}],"translate":[{"time":0,"x":0,"y":0,"curve":"stepped"},{"time":0.6,"x":0,"y":0,"curve":"stepped"},{"time":1.2,"x":0,"y":0,"curve":"stepped"},{"time":1.8,"x":0,"y":0,"curve":"stepped"},{"time":2.4,"x":0,"y":0}],"scale":[{"time":0,"x":1,"y":1,"curve":"stepped"},{"time":0.6,"x":1,"y":1,"curve":"stepped"},{"time":1.2,"x":1,"y":1,"curve":"stepped"},{"time":1.8,"x":1,"y":1,"curve":"stepped"},{"time":2.4,"x":1,"y":1}]},"bone12":{"rotate":[{"time":0,"angle":0},{"time":0.2333,"angle":18.43},{"time":0.6,"angle":40.6},{"time":0.8,"angle":20.97},{"time":1.2,"angle":0},{"time":1.4333,"angle":18.43},{"time":1.8,"angle":40.6},{"time":2,"angle":20.97},{"time":2.4,"angle":0}],"translate":[{"time":0,"x":0,"y":0,"curve":"stepped"},{"time":0.6,"x":0,"y":0,"curve":"stepped"},{"time":1.2,"x":0,"y":0,"curve":"stepped"},{"time":1.8,"x":0,"y":0,"curve":"stepped"},{"time":2.4,"x":0,"y":0}],"scale":[{"time":0,"x":1,"y":1,"curve":"stepped"},{"time":0.6,"x":1,"y":1,"curve":"stepped"},{"time":1.2,"x":1,"y":1,"curve":"stepped"},{"time":1.8,"x":1,"y":1,"curve":"stepped"},{"time":2.4,"x":1,"y":1}]},"bone13":{"rotate":[{"time":0,"angle":0},{"time":0.2333,"angle":6.41},{"time":0.6,"angle":26.97},{"time":0.8,"angle":15.99},{"time":1.2,"angle":0},{"time":1.4333,"angle":6.41},{"time":1.8,"angle":26.97},{"time":2,"angle":15.99},{"time":2.4,"angle":0}],"translate":[{"time":0,"x":0,"y":0,"curve":"stepped"},{"time":0.6,"x":0,"y":0,"curve":"stepped"},{"time":1.2,"x":0,"y":0,"curve":"stepped"},{"time":1.8,"x":0,"y":0,"curve":"stepped"},{"time":2.4,"x":0,"y":0}],"scale":[{"time":0,"x":1,"y":1,"curve":"stepped"},{"time":0.6,"x":1,"y":1,"curve":"stepped"},{"time":1.2,"x":1,"y":1,"curve":"stepped"},{"time":1.8,"x":1,"y":1,"curve":"stepped"},{"time":2.4,"x":1,"y":1}]},"bone14":{"rotate":[{"time":0,"angle":0},{"time":0.2333,"angle":-8.46},{"time":0.6,"angle":-5.46},{"time":0.8,"angle":9.85},{"time":1.2,"angle":0},{"time":1.4333,"angle":-8.46},{"time":1.8,"angle":-5.46},{"time":2,"angle":9.85},{"time":2.4,"angle":0}],"translate":[{"time":0,"x":0,"y":0,"curve":"stepped"},{"time":0.6,"x":0,"y":0,"curve":"stepped"},{"time":1.2,"x":0,"y":0,"curve":"stepped"},{"time":1.8,"x":0,"y":0,"curve":"stepped"},{"time":2.4,"x":0,"y":0}],"scale":[{"time":0,"x":1,"y":1,"curve":"stepped"},{"time":0.6,"x":1,"y":1,"curve":"stepped"},{"time":1.2,"x":1,"y":1,"curve":"stepped"},{"time":1.8,"x":1,"y":1,"curve":"stepped"},{"time":2.4,"x":1,"y":1}]},"bone15":{"rotate":[{"time":0,"angle":0},{"time":0.2333,"angle":-24.01},{"time":0.6,"angle":-21.5},{"time":0.8,"angle":0.45},{"time":1.2,"angle":0},{"time":1.4333,"angle":-24.01},{"time":1.8,"angle":-21.5},{"time":2,"angle":0.45},{"time":2.4,"angle":0}],"translate":[{"time":0,"x":0,"y":0,"curve":"stepped"},{"time":0.6,"x":0,"y":0,"curve":"stepped"},{"time":1.2,"x":0,"y":0,"curve":"stepped"},{"time":1.8,"x":0,"y":0,"curve":"stepped"},{"time":2.4,"x":0,"y":0}],"scale":[{"time":0,"x":1,"y":1,"curve":"stepped"},{"time":0.6,"x":1,"y":1,"curve":"stepped"},{"time":1.2,"x":1,"y":1,"curve":"stepped"},{"time":1.8,"x":1,"y":1,"curve":"stepped"},{"time":2.4,"x":1,"y":1}]},"bone16":{"rotate":[{"time":0,"angle":0},{"time":0.2333,"angle":-27.86},{"time":0.6,"angle":-29.91},{"time":0.8,"angle":-0.61},{"time":1.2,"angle":0},{"time":1.4333,"angle":-27.86},{"time":1.8,"angle":-29.91},{"time":2,"angle":-0.61},{"time":2.4,"angle":0}],"translate":[{"time":0,"x":0,"y":0,"curve":"stepped"},{"time":0.6,"x":0,"y":0,"curve":"stepped"},{"time":1.2,"x":0,"y":0,"curve":"stepped"},{"time":1.8,"x":0,"y":0,"curve":"stepped"},{"time":2.4,"x":0,"y":0}],"scale":[{"time":0,"x":1,"y":1,"curve":"stepped"},{"time":0.6,"x":1,"y":1,"curve":"stepped"},{"time":1.2,"x":1,"y":1,"curve":"stepped"},{"time":1.8,"x":1,"y":1,"curve":"stepped"},{"time":2.4,"x":1,"y":1}]},"bone17":{"rotate":[{"time":0,"angle":0},{"time":0.2333,"angle":-31.32},{"time":0.6,"angle":-24.54},{"time":0.8,"angle":-7.96},{"time":1.2,"angle":0},{"time":1.4333,"angle":-31.32},{"time":1.8,"angle":-24.54},{"time":2,"angle":-7.96},{"time":2.4,"angle":0}],"translate":[{"time":0,"x":0,"y":0,"curve":"stepped"},{"time":0.6,"x":0,"y":0,"curve":"stepped"},{"time":1.2,"x":0,"y":0,"curve":"stepped"},{"time":1.8,"x":0,"y":0,"curve":"stepped"},{"time":2.4,"x":0,"y":0}],"scale":[{"time":0,"x":1,"y":1,"curve":"stepped"},{"time":0.6,"x":1,"y":1,"curve":"stepped"},{"time":1.2,"x":1,"y":1,"curve":"stepped"},{"time":1.8,"x":1,"y":1,"curve":"stepped"},{"time":2.4,"x":1,"y":1}]},"MON20079_DL_9":{"rotate":[{"time":0,"angle":0,"curve":"stepped"},{"time":1.2,"angle":0,"curve":"stepped"},{"time":2.4,"angle":0}],"translate":[{"time":0,"x":0,"y":0},{"time":0.8,"x":-1.27,"y":-0.74},{"time":1.2,"x":0,"y":0},{"time":2,"x":-1.27,"y":-0.74},{"time":2.4,"x":0,"y":0}],"scale":[{"time":0,"x":1,"y":1},{"time":0.4666,"x":1.125,"y":1.181},{"time":0.8,"x":0.973,"y":1.242},{"time":1.2,"x":1,"y":1},{"time":1.6666,"x":1.125,"y":1.181},{"time":2,"x":0.973,"y":1.242},{"time":2.4,"x":1,"y":1}]},"MON20079_DL_6":{"rotate":[{"time":0,"angle":0},{"time":0.6,"angle":11.53},{"time":1.2,"angle":0},{"time":1.8,"angle":11.53},{"time":2.4,"angle":0}],"translate":[{"time":0,"x":0,"y":0,"curve":"stepped"},{"time":1.2,"x":0,"y":0,"curve":"stepped"},{"time":2.4,"x":0,"y":0}],"scale":[{"time":0,"x":1,"y":1,"curve":"stepped"},{"time":1.2,"x":1,"y":1,"curve":"stepped"},{"time":2.4,"x":1,"y":1}]},"MON20079_DL_14":{"rotate":[{"time":0,"angle":0},{"time":0.6,"angle":-9.79},{"time":1.2,"angle":0},{"time":1.8,"angle":-9.79},{"time":2.4,"angle":0}],"translate":[{"time":0,"x":0,"y":0,"curve":"stepped"},{"time":1.2,"x":0,"y":0,"curve":"stepped"},{"time":2.4,"x":0,"y":0}],"scale":[{"time":0,"x":1,"y":1,"curve":"stepped"},{"time":1.2,"x":1,"y":1,"curve":"stepped"},{"time":2.4,"x":1,"y":1}]},"MON20079_DL_8":{"rotate":[{"time":0,"angle":0},{"time":0.6,"angle":17},{"time":0.8333,"angle":7.94},{"time":1.2,"angle":0},{"time":1.8,"angle":17},{"time":2.0333,"angle":7.94},{"time":2.4,"angle":0}],"translate":[{"time":0,"x":0,"y":0,"curve":"stepped"},{"time":0.6,"x":0,"y":0,"curve":"stepped"},{"time":1.2,"x":0,"y":0,"curve":"stepped"},{"time":1.8,"x":0,"y":0,"curve":"stepped"},{"time":2.4,"x":0,"y":0}],"scale":[{"time":0,"x":1,"y":1,"curve":"stepped"},{"time":0.6,"x":1,"y":1,"curve":"stepped"},{"time":1.2,"x":1,"y":1,"curve":"stepped"},{"time":1.8,"x":1,"y":1,"curve":"stepped"},{"time":2.4,"x":1,"y":1}]},"MON20079_DL_7":{"rotate":[{"time":0,"angle":0},{"time":0.1666,"angle":-12.18},{"time":0.6,"angle":2.54},{"time":0.8333,"angle":12.26},{"time":1.2,"angle":0},{"time":1.3666,"angle":-12.18},{"time":1.8,"angle":2.54},{"time":2.0333,"angle":12.26},{"time":2.4,"angle":0}],"translate":[{"time":0,"x":0,"y":0,"curve":"stepped"},{"time":0.6,"x":0,"y":0,"curve":"stepped"},{"time":1.2,"x":0,"y":0,"curve":"stepped"},{"time":1.8,"x":0,"y":0,"curve":"stepped"},{"time":2.4,"x":0,"y":0}],"scale":[{"time":0,"x":1,"y":1,"curve":"stepped"},{"time":0.6,"x":1,"y":1,"curve":"stepped"},{"time":1.2,"x":1,"y":1,"curve":"stepped"},{"time":1.8,"x":1,"y":1,"curve":"stepped"},{"time":2.4,"x":1,"y":1}]},"MON20079_DL_10":{"rotate":[{"time":0,"angle":0},{"time":0.1666,"angle":-12.19},{"time":0.6,"angle":-7.07},{"time":0.8333,"angle":20.29},{"time":1.2,"angle":0},{"time":1.3666,"angle":-12.19},{"time":1.8,"angle":-7.07},{"time":2.0333,"angle":20.29},{"time":2.4,"angle":0}],"translate":[{"time":0,"x":0,"y":0,"curve":"stepped"},{"time":0.6,"x":0,"y":0,"curve":"stepped"},{"time":1.2,"x":0,"y":0,"curve":"stepped"},{"time":1.8,"x":0,"y":0,"curve":"stepped"},{"time":2.4,"x":0,"y":0}],"scale":[{"time":0,"x":1,"y":1,"curve":"stepped"},{"time":0.6,"x":1,"y":1,"curve":"stepped"},{"time":1.2,"x":1,"y":1,"curve":"stepped"},{"time":1.8,"x":1,"y":1,"curve":"stepped"},{"time":2.4,"x":1,"y":1}]},"MON20079_DL_15":{"rotate":[{"time":0,"angle":0},{"time":0.4666,"angle":-29.67},{"time":0.7333,"angle":-15.52},{"time":1.2,"angle":0},{"time":1.6666,"angle":-29.67},{"time":1.9333,"angle":-15.52},{"time":2.4,"angle":0}],"translate":[{"time":0,"x":0,"y":0,"curve":"stepped"},{"time":0.4666,"x":0,"y":0,"curve":"stepped"},{"time":0.7333,"x":0,"y":0,"curve":"stepped"},{"time":1.2,"x":0,"y":0,"curve":"stepped"},{"time":1.6666,"x":0,"y":0,"curve":"stepped"},{"time":1.9333,"x":0,"y":0,"curve":"stepped"},{"time":2.4,"x":0,"y":0}],"scale":[{"time":0,"x":1,"y":1},{"time":0.4666,"x":0.997,"y":1},{"time":0.7333,"x":0.998,"y":1},{"time":1.2,"x":1,"y":1},{"time":1.6666,"x":0.997,"y":1},{"time":1.9333,"x":0.998,"y":1},{"time":2.4,"x":1,"y":1}]},"MON20079_DL_13":{"rotate":[{"time":0,"angle":0},{"time":0.4666,"angle":-7.71},{"time":0.7333,"angle":2.81},{"time":1.2,"angle":0},{"time":1.6666,"angle":-7.71},{"time":1.9333,"angle":2.81},{"time":2.4,"angle":0}],"translate":[{"time":0,"x":0,"y":0,"curve":"stepped"},{"time":0.4666,"x":0,"y":0,"curve":"stepped"},{"time":0.7333,"x":0,"y":0,"curve":"stepped"},{"time":1.2,"x":0,"y":0,"curve":"stepped"},{"time":1.6666,"x":0,"y":0,"curve":"stepped"},{"time":1.9333,"x":0,"y":0,"curve":"stepped"},{"time":2.4,"x":0,"y":0}],"scale":[{"time":0,"x":1,"y":1,"curve":"stepped"},{"time":0.4666,"x":1,"y":1,"curve":"stepped"},{"time":0.7333,"x":1,"y":1,"curve":"stepped"},{"time":1.2,"x":1,"y":1,"curve":"stepped"},{"time":1.6666,"x":1,"y":1,"curve":"stepped"},{"time":1.9333,"x":1,"y":1,"curve":"stepped"},{"time":2.4,"x":1,"y":1}]},"MON20079_DL_16":{"rotate":[{"time":0,"angle":0},{"time":0.4666,"angle":23.64},{"time":0.7333,"angle":-9.03},{"time":1.2,"angle":0},{"time":1.6666,"angle":23.64},{"time":1.9333,"angle":-9.03},{"time":2.4,"angle":0}],"translate":[{"time":0,"x":0,"y":0,"curve":"stepped"},{"time":0.4666,"x":0,"y":0,"curve":"stepped"},{"time":0.7333,"x":0,"y":0,"curve":"stepped"},{"time":1.2,"x":0,"y":0,"curve":"stepped"},{"time":1.6666,"x":0,"y":0,"curve":"stepped"},{"time":1.9333,"x":0,"y":0,"curve":"stepped"},{"time":2.4,"x":0,"y":0}],"scale":[{"time":0,"x":1,"y":1,"curve":"stepped"},{"time":0.4666,"x":1,"y":1,"curve":"stepped"},{"time":0.7333,"x":1,"y":1,"curve":"stepped"},{"time":1.2,"x":1,"y":1,"curve":"stepped"},{"time":1.6666,"x":1,"y":1,"curve":"stepped"},{"time":1.9333,"x":1,"y":1,"curve":"stepped"},{"time":2.4,"x":1,"y":1}]},"MON20079_DL_22":{"rotate":[{"time":0,"angle":0,"curve":"stepped"},{"time":0.4666,"angle":0,"curve":"stepped"},{"time":0.7333,"angle":0,"curve":"stepped"},{"time":1.2,"angle":0,"curve":"stepped"},{"time":1.6666,"angle":0,"curve":"stepped"},{"time":1.9333,"angle":0,"curve":"stepped"},{"time":2.4,"angle":0}],"translate":[{"time":0,"x":0,"y":0,"curve":"stepped"},{"time":0.4666,"x":0,"y":0,"curve":"stepped"},{"time":0.7333,"x":0,"y":0,"curve":"stepped"},{"time":1.2,"x":0,"y":0,"curve":"stepped"},{"time":1.6666,"x":0,"y":0,"curve":"stepped"},{"time":1.9333,"x":0,"y":0,"curve":"stepped"},{"time":2.4,"x":0,"y":0}],"scale":[{"time":0,"x":1,"y":1},{"time":0.4666,"x":1,"y":0.698},{"time":0.7333,"x":1,"y":0.808},{"time":1.2,"x":1,"y":1},{"time":1.6666,"x":1,"y":0.698},{"time":1.9333,"x":1,"y":0.808},{"time":2.4,"x":1,"y":1}]},"MON20079_DL_17":{"rotate":[{"time":0,"angle":0},{"time":0.4,"angle":12.44},{"time":0.8333,"angle":-9.59},{"time":1.2,"angle":0},{"time":1.6,"angle":12.44},{"time":2.0333,"angle":-9.59},{"time":2.4,"angle":0}],"translate":[{"time":0,"x":0,"y":0,"curve":"stepped"},{"time":1.2,"x":0,"y":0,"curve":"stepped"},{"time":2.4,"x":0,"y":0}],"scale":[{"time":0,"x":1,"y":1},{"time":0.8333,"x":1.1,"y":1},{"time":1.2,"x":1,"y":1},{"time":2.0333,"x":1.1,"y":1},{"time":2.4,"x":1,"y":1}]},"MON20079_DL_18":{"rotate":[{"time":0,"angle":0},{"time":0.4,"angle":-22.26},{"time":0.8333,"angle":-3.66},{"time":1.2,"angle":0},{"time":1.6,"angle":-22.26},{"time":2.0333,"angle":-3.66},{"time":2.4,"angle":0}],"translate":[{"time":0,"x":0,"y":0,"curve":"stepped"},{"time":1.2,"x":0,"y":0,"curve":"stepped"},{"time":2.4,"x":0,"y":0}],"scale":[{"time":0,"x":1,"y":1},{"time":0.8333,"x":1.076,"y":1},{"time":1.2,"x":1,"y":1},{"time":2.0333,"x":1.076,"y":1},{"time":2.4,"x":1,"y":1}]},"MON20079_DL_19":{"rotate":[{"time":0,"angle":0},{"time":0.4666,"angle":345.67},{"time":0.9333,"angle":-7.3},{"time":1.2,"angle":0},{"time":1.6666,"angle":345.67},{"time":2.1333,"angle":-7.3},{"time":2.4,"angle":0}],"translate":[{"time":0,"x":0,"y":0,"curve":"stepped"},{"time":0.4666,"x":0,"y":0,"curve":"stepped"},{"time":1.2,"x":0,"y":0,"curve":"stepped"},{"time":1.6666,"x":0,"y":0,"curve":"stepped"},{"time":2.4,"x":0,"y":0}],"scale":[{"time":0,"x":1,"y":1},{"time":0.4666,"x":0.681,"y":1.047},{"time":0.6666,"x":0.654,"y":1.178},{"time":0.9333,"x":0.995,"y":1.033},{"time":1.2,"x":1,"y":1},{"time":1.6666,"x":0.681,"y":1.047},{"time":1.8666,"x":0.654,"y":1.178},{"time":2.1333,"x":0.995,"y":1.033},{"time":2.4,"x":1,"y":1}]},"MON20079_DL_20":{"rotate":[{"time":0,"angle":0},{"time":0.6,"angle":-5.91},{"time":1.2,"angle":0},{"time":1.8,"angle":-5.91},{"time":2.4,"angle":0}],"translate":[{"time":0,"x":0,"y":0},{"time":0.6,"x":0.46,"y":-5.79},{"time":1.2,"x":0,"y":0},{"time":1.8,"x":0.46,"y":-5.79},{"time":2.4,"x":0,"y":0}],"scale":[{"time":0,"x":1,"y":1,"curve":"stepped"},{"time":1.2,"x":1,"y":1,"curve":"stepped"},{"time":2.4,"x":1,"y":1}]},"MON20079_DL_23":{"rotate":[{"time":0,"angle":0},{"time":0.6,"angle":13.25},{"time":1.2,"angle":0},{"time":1.8,"angle":13.25},{"time":2.4,"angle":0}],"translate":[{"time":0,"x":0,"y":0},{"time":0.6,"x":-5.8,"y":-0.53},{"time":1.2,"x":0,"y":0},{"time":1.8,"x":-5.8,"y":-0.53},{"time":2.4,"x":0,"y":0}],"scale":[{"time":0,"x":1,"y":1,"curve":"stepped"},{"time":1.2,"x":1,"y":1,"curve":"stepped"},{"time":2.4,"x":1,"y":1}]},"MON20079_DL_24":{"rotate":[{"time":0,"angle":0},{"time":0.6,"angle":-13.95},{"time":1.2,"angle":0},{"time":1.8,"angle":-13.95},{"time":2.4,"angle":0}],"translate":[{"time":0,"x":0,"y":0},{"time":0.6,"x":0.23,"y":-6.08},{"time":1.2,"x":0,"y":0},{"time":1.8,"x":0.23,"y":-6.08},{"time":2.4,"x":0,"y":0}],"scale":[{"time":0,"x":1,"y":1,"curve":"stepped"},{"time":1.2,"x":1,"y":1,"curve":"stepped"},{"time":2.4,"x":1,"y":1}]},"MON20079_DL_25":{"rotate":[{"time":0,"angle":0},{"time":0.6,"angle":25.33},{"time":1.2,"angle":0},{"time":1.8,"angle":25.33},{"time":2.4,"angle":0}],"translate":[{"time":0,"x":0,"y":0},{"time":0.6,"x":-5.39,"y":-0.79},{"time":1.2,"x":0,"y":0},{"time":1.8,"x":-5.39,"y":-0.79},{"time":2.4,"x":0,"y":0}],"scale":[{"time":0,"x":1,"y":1,"curve":"stepped"},{"time":1.2,"x":1,"y":1,"curve":"stepped"},{"time":2.4,"x":1,"y":1}]},"shadow":{"rotate":[{"time":0,"angle":0,"curve":"stepped"},{"time":1.2,"angle":0,"curve":"stepped"},{"time":2.4,"angle":0}],"translate":[{"time":0,"x":0,"y":0,"curve":"stepped"},{"time":1.2,"x":0,"y":0,"curve":"stepped"},{"time":2.4,"x":0,"y":0}],"scale":[{"time":0,"x":1,"y":1},{"time":0.6,"x":1.056,"y":1.09},{"time":1.2,"x":1,"y":1},{"time":1.8,"x":1.056,"y":1.09},{"time":2.4,"x":1,"y":1}]},"MON20079_DL_26":{"rotate":[{"time":0,"angle":0},{"time":0.4666,"angle":19.44},{"time":0.7666,"angle":8.93},{"time":1.2,"angle":0},{"time":1.6666,"angle":19.44},{"time":1.9666,"angle":8.93},{"time":2.4,"angle":0}],"translate":[{"time":0,"x":0,"y":0,"curve":"stepped"},{"time":0.4666,"x":0,"y":0,"curve":"stepped"},{"time":0.7666,"x":0,"y":0,"curve":"stepped"},{"time":1.2,"x":0,"y":0,"curve":"stepped"},{"time":1.6666,"x":0,"y":0,"curve":"stepped"},{"time":1.9666,"x":0,"y":0,"curve":"stepped"},{"time":2.4,"x":0,"y":0}],"scale":[{"time":0,"x":1,"y":1},{"time":0.4666,"x":0.789,"y":1},{"time":0.7666,"x":0.799,"y":1},{"time":1.2,"x":1,"y":1},{"time":1.6666,"x":0.789,"y":1},{"time":1.9666,"x":0.799,"y":1},{"time":2.4,"x":1,"y":1}]},"MON20079_DL_27":{"rotate":[{"time":0,"angle":0},{"time":0.4666,"angle":32.19},{"time":0.7666,"angle":11.19},{"time":1.2,"angle":0},{"time":1.6666,"angle":32.19},{"time":1.9666,"angle":11.19},{"time":2.4,"angle":0}],"translate":[{"time":0,"x":0,"y":0},{"time":0.4666,"x":2.39,"y":-0.05},{"time":0.7666,"x":0,"y":0,"curve":"stepped"},{"time":1.2,"x":0,"y":0},{"time":1.6666,"x":2.39,"y":-0.05},{"time":1.9666,"x":0,"y":0,"curve":"stepped"},{"time":2.4,"x":0,"y":0}],"scale":[{"time":0,"x":1,"y":1},{"time":0.4666,"x":0.954,"y":1},{"time":0.7666,"x":0.955,"y":1},{"time":1.2,"x":1,"y":1},{"time":1.6666,"x":0.954,"y":1},{"time":1.9666,"x":0.955,"y":1},{"time":2.4,"x":1,"y":1}]},"MON20079_DL_28":{"rotate":[{"time":0,"angle":0},{"time":0.4666,"angle":21.75},{"time":0.7666,"angle":-3.18},{"time":1.2,"angle":0},{"time":1.6666,"angle":21.75},{"time":1.9666,"angle":-3.18},{"time":2.4,"angle":0}],"translate":[{"time":0,"x":0,"y":0,"curve":"stepped"},{"time":0.4666,"x":0,"y":0,"curve":"stepped"},{"time":0.7666,"x":0,"y":0,"curve":"stepped"},{"time":1.2,"x":0,"y":0,"curve":"stepped"},{"time":1.6666,"x":0,"y":0,"curve":"stepped"},{"time":1.9666,"x":0,"y":0,"curve":"stepped"},{"time":2.4,"x":0,"y":0}],"scale":[{"time":0,"x":1,"y":1},{"time":0.4666,"x":0.792,"y":1},{"time":0.7666,"x":0.824,"y":1},{"time":1.2,"x":1,"y":1},{"time":1.6666,"x":0.792,"y":1},{"time":1.9666,"x":0.824,"y":1},{"time":2.4,"x":1,"y":1}]},"bone22":{"rotate":[{"time":0,"angle":0},{"time":0.4666,"angle":2.33},{"time":0.7666,"angle":9.19},{"time":1.2,"angle":0},{"time":1.6666,"angle":2.33},{"time":1.9666,"angle":9.19},{"time":2.4,"angle":0}],"translate":[{"time":0,"x":0,"y":0,"curve":"stepped"},{"time":0.4666,"x":0,"y":0,"curve":"stepped"},{"time":0.7666,"x":0,"y":0,"curve":"stepped"},{"time":1.2,"x":0,"y":0,"curve":"stepped"},{"time":1.6666,"x":0,"y":0,"curve":"stepped"},{"time":1.9666,"x":0,"y":0,"curve":"stepped"},{"time":2.4,"x":0,"y":0}],"scale":[{"time":0,"x":1,"y":1,"curve":"stepped"},{"time":0.4666,"x":1,"y":1,"curve":"stepped"},{"time":0.7666,"x":1,"y":1,"curve":"stepped"},{"time":1.2,"x":1,"y":1,"curve":"stepped"},{"time":1.6666,"x":1,"y":1,"curve":"stepped"},{"time":1.9666,"x":1,"y":1,"curve":"stepped"},{"time":2.4,"x":1,"y":1}]},"bone23":{"rotate":[{"time":0,"angle":0},{"time":0.4666,"angle":-6.94},{"time":0.7666,"angle":10.39},{"time":1.2,"angle":0},{"time":1.6666,"angle":-6.94},{"time":1.9666,"angle":10.39},{"time":2.4,"angle":0}],"translate":[{"time":0,"x":0,"y":0,"curve":"stepped"},{"time":0.4666,"x":0,"y":0,"curve":"stepped"},{"time":0.7666,"x":0,"y":0,"curve":"stepped"},{"time":1.2,"x":0,"y":0,"curve":"stepped"},{"time":1.6666,"x":0,"y":0,"curve":"stepped"},{"time":1.9666,"x":0,"y":0,"curve":"stepped"},{"time":2.4,"x":0,"y":0}],"scale":[{"time":0,"x":1,"y":1,"curve":"stepped"},{"time":0.4666,"x":1,"y":1,"curve":"stepped"},{"time":0.7666,"x":1,"y":1,"curve":"stepped"},{"time":1.2,"x":1,"y":1,"curve":"stepped"},{"time":1.6666,"x":1,"y":1,"curve":"stepped"},{"time":1.9666,"x":1,"y":1,"curve":"stepped"},{"time":2.4,"x":1,"y":1}]},"bone24":{"rotate":[{"time":0,"angle":0},{"time":0.4666,"angle":0.18},{"time":0.7666,"angle":7.49},{"time":1.2,"angle":0},{"time":1.6666,"angle":0.18},{"time":1.9666,"angle":7.49},{"time":2.4,"angle":0}],"translate":[{"time":0,"x":0,"y":0,"curve":"stepped"},{"time":0.4666,"x":0,"y":0,"curve":"stepped"},{"time":0.7666,"x":0,"y":0,"curve":"stepped"},{"time":1.2,"x":0,"y":0,"curve":"stepped"},{"time":1.6666,"x":0,"y":0,"curve":"stepped"},{"time":1.9666,"x":0,"y":0,"curve":"stepped"},{"time":2.4,"x":0,"y":0}],"scale":[{"time":0,"x":1,"y":1,"curve":"stepped"},{"time":0.4666,"x":1,"y":1,"curve":"stepped"},{"time":0.7666,"x":1,"y":1,"curve":"stepped"},{"time":1.2,"x":1,"y":1,"curve":"stepped"},{"time":1.6666,"x":1,"y":1,"curve":"stepped"},{"time":1.9666,"x":1,"y":1,"curve":"stepped"},{"time":2.4,"x":1,"y":1}]},"bone25":{"rotate":[{"time":0,"angle":0,"curve":"stepped"},{"time":0.4666,"angle":0},{"time":0.7666,"angle":11.27},{"time":1.2,"angle":0,"curve":"stepped"},{"time":1.6666,"angle":0},{"time":1.9666,"angle":11.27},{"time":2.4,"angle":0}],"translate":[{"time":0,"x":0,"y":0,"curve":"stepped"},{"time":0.4666,"x":0,"y":0,"curve":"stepped"},{"time":0.7666,"x":0,"y":0,"curve":"stepped"},{"time":1.2,"x":0,"y":0,"curve":"stepped"},{"time":1.6666,"x":0,"y":0,"curve":"stepped"},{"time":1.9666,"x":0,"y":0,"curve":"stepped"},{"time":2.4,"x":0,"y":0}],"scale":[{"time":0,"x":1,"y":1,"curve":"stepped"},{"time":0.4666,"x":1,"y":1,"curve":"stepped"},{"time":0.7666,"x":1,"y":1,"curve":"stepped"},{"time":1.2,"x":1,"y":1,"curve":"stepped"},{"time":1.6666,"x":1,"y":1,"curve":"stepped"},{"time":1.9666,"x":1,"y":1,"curve":"stepped"},{"time":2.4,"x":1,"y":1}]},"bone19":{"rotate":[{"time":0,"angle":0},{"time":0.4666,"angle":-3.56},{"time":0.7666,"angle":4.88},{"time":1.2,"angle":0},{"time":1.6666,"angle":-3.56},{"time":1.9666,"angle":4.88},{"time":2.4,"angle":0}],"translate":[{"time":0,"x":0,"y":0,"curve":"stepped"},{"time":0.4666,"x":0,"y":0,"curve":"stepped"},{"time":0.7666,"x":0,"y":0,"curve":"stepped"},{"time":1.2,"x":0,"y":0,"curve":"stepped"},{"time":1.6666,"x":0,"y":0,"curve":"stepped"},{"time":1.9666,"x":0,"y":0,"curve":"stepped"},{"time":2.4,"x":0,"y":0}],"scale":[{"time":0,"x":1,"y":1,"curve":"stepped"},{"time":0.4666,"x":1,"y":1,"curve":"stepped"},{"time":0.7666,"x":1,"y":1,"curve":"stepped"},{"time":1.2,"x":1,"y":1,"curve":"stepped"},{"time":1.6666,"x":1,"y":1,"curve":"stepped"},{"time":1.9666,"x":1,"y":1,"curve":"stepped"},{"time":2.4,"x":1,"y":1}]},"bone20":{"rotate":[{"time":0,"angle":0},{"time":0.4666,"angle":-6.66},{"time":0.7666,"angle":13.44},{"time":1.2,"angle":0},{"time":1.6666,"angle":-6.66},{"time":1.9666,"angle":13.44},{"time":2.4,"angle":0}],"translate":[{"time":0,"x":0,"y":0,"curve":"stepped"},{"time":0.4666,"x":0,"y":0,"curve":"stepped"},{"time":0.7666,"x":0,"y":0,"curve":"stepped"},{"time":1.2,"x":0,"y":0,"curve":"stepped"},{"time":1.6666,"x":0,"y":0,"curve":"stepped"},{"time":1.9666,"x":0,"y":0,"curve":"stepped"},{"time":2.4,"x":0,"y":0}],"scale":[{"time":0,"x":1,"y":1,"curve":"stepped"},{"time":0.4666,"x":1,"y":1,"curve":"stepped"},{"time":0.7666,"x":1,"y":1,"curve":"stepped"},{"time":1.2,"x":1,"y":1,"curve":"stepped"},{"time":1.6666,"x":1,"y":1,"curve":"stepped"},{"time":1.9666,"x":1,"y":1,"curve":"stepped"},{"time":2.4,"x":1,"y":1}]},"bone21":{"rotate":[{"time":0,"angle":0,"curve":"stepped"},{"time":0.4666,"angle":0},{"time":0.7666,"angle":26.75},{"time":1.2,"angle":0,"curve":"stepped"},{"time":1.6666,"angle":0},{"time":1.9666,"angle":26.75},{"time":2.4,"angle":0}],"translate":[{"time":0,"x":0,"y":0,"curve":"stepped"},{"time":0.4666,"x":0,"y":0,"curve":"stepped"},{"time":0.7666,"x":0,"y":0,"curve":"stepped"},{"time":1.2,"x":0,"y":0,"curve":"stepped"},{"time":1.6666,"x":0,"y":0,"curve":"stepped"},{"time":1.9666,"x":0,"y":0,"curve":"stepped"},{"time":2.4,"x":0,"y":0}],"scale":[{"time":0,"x":1,"y":1,"curve":"stepped"},{"time":0.4666,"x":1,"y":1,"curve":"stepped"},{"time":0.7666,"x":1,"y":1,"curve":"stepped"},{"time":1.2,"x":1,"y":1,"curve":"stepped"},{"time":1.6666,"x":1,"y":1,"curve":"stepped"},{"time":1.9666,"x":1,"y":1,"curve":"stepped"},{"time":2.4,"x":1,"y":1}]},"bone18":{"rotate":[{"time":0,"angle":0},{"time":0.4666,"angle":-8.57},{"time":0.7666,"angle":0.39},{"time":1.2,"angle":0},{"time":1.6666,"angle":-8.57},{"time":1.9666,"angle":0.39},{"time":2.4,"angle":0}],"translate":[{"time":0,"x":0,"y":0,"curve":"stepped"},{"time":0.4666,"x":0,"y":0,"curve":"stepped"},{"time":0.7666,"x":0,"y":0,"curve":"stepped"},{"time":1.2,"x":0,"y":0,"curve":"stepped"},{"time":1.6666,"x":0,"y":0,"curve":"stepped"},{"time":1.9666,"x":0,"y":0,"curve":"stepped"},{"time":2.4,"x":0,"y":0}],"scale":[{"time":0,"x":1,"y":1,"curve":"stepped"},{"time":0.4666,"x":1,"y":1,"curve":"stepped"},{"time":0.7666,"x":1,"y":1,"curve":"stepped"},{"time":1.2,"x":1,"y":1,"curve":"stepped"},{"time":1.6666,"x":1,"y":1,"curve":"stepped"},{"time":1.9666,"x":1,"y":1,"curve":"stepped"},{"time":2.4,"x":1,"y":1}]}}}}}