{"skeleton":{"hash":"HyYaBucUGxI8hrKSLmYg161UHQE","spine":"3.1.03","width":205.06,"height":232.73},"bones":[{"name":"root"},{"name":"MON40055_12","parent":"root","length":20.14,"x":6.21,"y":38.77,"rotation":89.09},{"name":"bone","parent":"MON40055_12","length":32.46,"x":20.14,"y":-0.09,"rotation":0.9},{"name":"MON40055_3","parent":"bone","length":26.57,"x":32.19,"y":0.54,"rotation":0.45},{"name":"MON40055_1","parent":"MON40055_3","length":8.03,"x":29.08,"y":43.95,"rotation":-88.64},{"name":"MON40055_6","parent":"bone","length":38.33,"x":35.11,"y":-41.6,"rotation":-155.45},{"name":"MON40055_5","parent":"MON40055_6","length":28.12,"x":37.01,"y":-0.14,"rotation":-29.4},{"name":"MON40055_4","parent":"MON40055_5","length":12.53,"x":27.3,"y":-0.14,"rotation":-19.1},{"name":"MON40055_7","parent":"root","length":17.87,"x":-7.76,"y":45.96,"rotation":-90},{"name":"MON40055_8","parent":"MON40055_7","length":18.96,"x":13.23,"y":36.74,"rotation":-29.2},{"name":"MON40055_9","parent":"MON40055_8","length":12.04,"x":18.39,"y":-0.34,"rotation":45.22},{"name":"MON40055_10","parent":"MON40055_7","length":14.98,"x":13.9,"y":-4.96,"rotation":-43.13},{"name":"MON40055_11","parent":"MON40055_10","length":14.69,"x":14.74,"y":-0.24,"rotation":65.82},{"name":"MON40055_15","parent":"bone","length":34.67,"x":34.28,"y":29.65,"rotation":160.34},{"name":"MON40055_14","parent":"MON40055_15","length":21.3,"x":33.64,"y":-0.4,"rotation":5.39},{"name":"MON40055_13","parent":"MON40055_14","length":11.84,"x":20.71,"y":0.21,"rotation":-17.48},{"name":"MON40055_16","parent":"MON40055_13","length":26.92,"x":11.15,"y":-0.45,"rotation":-81.49},{"name":"bone2","parent":"MON40055_7","length":6.29,"x":17.87,"rotation":2.7},{"name":"bone3","parent":"bone2","length":5.29,"x":6.29,"y":0.03,"rotation":-2.7},{"name":"bone4","parent":"MON40055_3","length":24.42,"x":46.87,"y":45.14,"rotation":37.08},{"name":"bone5","parent":"bone4","length":22.21,"x":24.42,"y":0.08,"rotation":-11.56},{"name":"bone6","parent":"bone5","length":20.44,"x":22.21,"y":-0.07,"rotation":-8.94},{"name":"bone7","parent":"MON40055_3","length":28.49,"x":59.84,"y":17.39,"rotation":-3.6},{"name":"bone8","parent":"bone7","length":22.41,"x":28.49,"y":-0.15,"rotation":4.05},{"name":"bone9","parent":"bone8","length":19.69,"x":22.41,"y":0.08,"rotation":8.94},{"name":"bone13","parent":"MON40055_3","length":20.39,"x":22.92,"y":-12.42,"rotation":-48.84},{"name":"bone14","parent":"bone13","length":14.64,"x":20.39,"y":0.02,"rotation":2.7},{"name":"bone15","parent":"bone14","length":13.92,"x":14.64,"rotation":12.43},{"name":"bone16","parent":"bone15","length":15.82,"x":13.92,"y":0.02,"rotation":12.09},{"name":"fx_yinbo","parent":"root","length":33.17,"x":49.28,"y":21.26,"rotation":90},{"name":"shadow","parent":"root","x":-7.47,"y":4.31}],"slots":[{"name":"shadow","bone":"shadow","attachment":"shadow"},{"name":"MON40055_16","bone":"MON40055_16","attachment":"MON40055_16"},{"name":"MON40055_15","bone":"MON40055_15","attachment":"MON40055_15"},{"name":"MON40055_14","bone":"MON40055_14","attachment":"MON40055_14"},{"name":"MON40055_13","bone":"MON40055_13","attachment":"MON40055_13"},{"name":"MON40055_12","bone":"MON40055_12","attachment":"MON40055_12"},{"name":"MON40055_11","bone":"MON40055_11","attachment":"MON40055_11"},{"name":"MON40055_10","bone":"MON40055_10","attachment":"MON40055_10"},{"name":"MON40055_9","bone":"MON40055_9","attachment":"MON40055_9"},{"name":"MON40055_8","bone":"MON40055_8","attachment":"MON40055_8"},{"name":"MON40055_7","bone":"MON40055_7","attachment":"MON40055_7"},{"name":"MON40055_6","bone":"MON40055_6","attachment":"MON40055_6"},{"name":"MON40055_5","bone":"MON40055_5","attachment":"MON40055_5"},{"name":"MON40055_4","bone":"MON40055_4","attachment":"MON40055_4"},{"name":"MON40055_3","bone":"MON40055_3","attachment":"MON40055_3"},{"name":"MON40055_1","bone":"MON40055_1"},{"name":"yinbo","bone":"fx_yinbo"}],"skins":{"default":{"MON40055_1":{"MON40055_1":{"x":11.76,"y":-0.47,"rotation":-1.79,"width":54,"height":16}},"MON40055_10":{"MON40055_10":{"x":6.04,"y":0.12,"rotation":133.13,"width":33,"height":29}},"MON40055_11":{"MON40055_11":{"x":10.22,"y":1.38,"rotation":67.3,"width":27,"height":25}},"MON40055_12":{"MON40055_12":{"type":"weightedmesh","uvs":[0.45856,0.00392,0.40315,0,0,0.2271,0,0.56932,0.12196,0.69584,0.14918,0.69821,0.15498,0.71626,0.2831,0.98378,0.4631,1,0.66033,0.99544,0.7893,0.77264,0.79129,0.75165,0.79852,0.73721,1,0.5331,1,0.25646,0.58294,0.01274,0.45459,0.34542,0.46031,0.64044,0.45651,0.82785],"triangles":[7,18,8,8,18,9,9,18,10,7,6,18,10,18,11,18,6,17,11,18,17,11,17,12,6,5,17,13,12,16,17,5,16,3,16,5,5,4,3,12,17,16,3,2,16,16,14,13,2,1,16,16,15,14,16,0,15,16,1,0],"vertices":[2,2,70.54,-0.21,0.99975,1,90.68,0.82,2.4E-4,2,2,70.96,4.98999,0.99978,1,91.02,6.03,2.1E-4,2,2,46.44,42.89,0.99719,1,65.89,43.53,0.0028,2,2,9.47999,42.89,0.81556,1,28.94,42.95,0.18443,2,2,-4.17999,31.43,0.54628,1,15.46,31.26,0.4537,2,2,-4.42999,28.87,0.49001,1,15.24,28.7,0.50998,2,2,-6.38,28.32,0.42065,1,13.3,28.13,0.57934,1,1,-15.39,15.62,1,1,1,-16.87,-1.30999,1,1,1,-16.08,-19.84,1,2,2,-12.47,-31.29,0.25299,1,8.16,-31.58,0.747,2,2,-10.21,-31.48,0.30398,1,10.43,-31.73,0.69601,2,2,-8.64999,-32.16,0.3551,1,12,-32.39,0.64489,2,2,13.39,-51.1,0.84165,1,34.34,-50.97,0.15834,2,2,43.27,-51.1,0.9817,1,64.22,-50.5,0.01829,1,2,69.58999,-11.9,1,1,2,33.66,0.16,1,2,2,1.8,-0.37,0.5,1,21.94,-0.43,0.5,1,1,1.7,-0.4,1],"hull":16}},"MON40055_13":{"MON40055_13":{"x":11.37,"y":-1.37,"rotation":121.74,"width":31,"height":29}},"MON40055_14":{"MON40055_14":{"x":11.97,"y":-0.09,"rotation":104.26,"width":33,"height":38}},"MON40055_15":{"MON40055_15":{"x":14.87,"y":1.86,"rotation":109.66,"width":34,"height":51}},"MON40055_16":{"MON40055_16":{"x":37.02,"y":-5.4,"rotation":-156.76,"width":95,"height":58}},"MON40055_3":{"MON40055_3":{"type":"weightedmesh","uvs":[1,0.22111,1,0.2908,1,0.59181,0.76996,0.78858,0.48113,1,0.13069,1,0,0.70585,0,0.33434,0,0,0.22232,0,0.43663,0,0.71255,0,0.05434,0.46176,0.1387,0.52549,0.27155,0.592,0.45595,0.48405,0.72917,0.49244,0.07753,0.3162,0.14177,0.42891,0.25691,0.54389,0.46598,0.28477,0.46336,0.1518,0.89135,0.32997,0.80781,0.41366,0.25819,0.23922,0.29532,0.36065,0.36444,0.53762,0.59157,0.48822,0.65465,0.35591,0.69206,0.247,0.63317,0.56865,0.62316,0.67754,0.6754,0.75504,0.64347,0.70767,0.78524,0.61121,0.86395,0.54654,0.91943,0.46832,0.77277,0.49084,0.86938,0.41865,0.70775,0.50945,0.89527,0.68139,0.96533,0.62147],"triangles":[7,8,17,24,8,9,24,17,8,6,7,12,12,17,18,12,7,17,18,17,25,17,24,25,25,26,19,19,13,18,19,18,25,13,12,18,29,21,11,21,9,10,21,24,9,21,10,11,25,24,20,28,20,29,24,21,20,20,21,29,36,1,2,35,38,36,35,37,38,23,37,16,37,23,38,23,16,28,36,38,1,38,22,1,38,23,22,22,23,29,23,28,29,1,22,0,22,29,0,29,11,0,41,35,2,35,36,2,34,35,40,40,35,41,34,37,35,28,27,20,6,12,13,14,19,26,39,16,37,16,27,28,27,15,20,34,39,37,3,32,34,32,33,34,14,5,6,30,15,27,39,27,16,4,33,32,33,31,34,30,39,34,5,14,4,4,14,31,4,31,33,34,31,30,4,32,3,30,31,15,15,31,26,30,27,39,31,14,26,26,25,15,14,6,13,13,19,14,3,34,40,15,25,20],"vertices":[4,28,42.59,4.19,0.70199,22,44.05,-72.57,0.00889,23,10.39,-73.33,0.1252,24,-23.3,-70.65,0.1639,4,28,32.00999,0.09,0.83064,22,32.72,-73.19999,0.00851,23,-0.95,-73.16,0.07436,24,-34.48,-68.71,0.08646,4,25,44.34,-17.54,0.14226,26,23.09,-18.68,0.29576,27,4.21999,-20.07,0.56196,22,-16.21999,-75.9,0,1,3,7.09,-25.59,1,1,3,-27.03,14.23,1,1,3,-26.67,62.24,1,1,3,21.35,79.78,1,2,20,22.37,10.8,0.69328,21,-1.53,10.77,0.30671,2,24,35.59,58.17,0.1427,21,50.52,-5.17,0.85729,3,23,48.05,32.63,0.01835,24,30.39,28.16,0.46093,21,41.59999,-34.29,0.52071,1,24,25.37,-0.76,1,3,28,61.94,53.93,0.29628,23,47.01,-34.52,0.19965,24,18.9,-38.00999,0.50405,4,3,61.04,72.04,0.00853,22,-2.22,54.62,5.3E-4,19,27.52,12.91,0.66789,20,0.46,13.19,0.32302,1,3,50.57,60.56,1,1,3,39.61,42.44,1,1,3,57,17.04999,1,8,3,55.35,-20.36,0.04232,25,27.33,19.19,0.02094,26,7.83,18.81,0.21608,27,-2.59999,19.82,0.20075,28,-12.01,22.82,0.16762,22,-2.10999,-37.96,0.29938,23,-33.2,-35.55,0.04689,24,-60.49,-26.54,0.00597,2,20,20.37999,-0.03,0.5,21,-1.82,-0.24,0.5,2,19,24.47,0.15,0.5,20,0.02,0.08,0.5,1,19,0.01,-0.95,1,2,22,29.66,-0.09,0.5,23,1.16,-0.02,0.5,2,23,22.82,0,0.5,24,0.38,-0.14,0.5,5,27,31.71,15.77,0.00851,28,20.68,11.66,0.82999,22,25.53,-58.69,0.04504,23,-7.09,-58.18,0.06617,24,-38.22,-52.95,0.05026,7,3,68.1,-31.23,0.00424,26,24.5,20.46999,0.03692,27,14.03,17.86,0.13912,28,3.84,17.41,0.53534,22,11.29,-48.01,0.17134,23,-20.54,-46.52,0.08491,24,-49.69,-39.34999,0.02808,6,22,35.49,28.73,0.12624,23,9.02,28.32,0.31191,24,-8.83,29.98,0.11441,19,39.25999,-31.3,0.00353,20,20.81,-27.78,0.15601,21,2.91,-27.58,0.28786,6,22,16.03,22.56,0.25929,23,-10.82,23.54,0.1827,24,-29.18,28.35,0.00916,19,20.48,-23.29,0.08158,20,0.81,-23.69,0.35815,21,-17.46999,-26.66,0.10909,1,3,48.37,29.65,1,1,3,56.18,-1.52,1,8,3,77.66,-10.32,0.00309,25,34.45,42.6,3.3E-4,26,16.04999,41.86,0.03808,27,10.38,40.56,0.04547,28,5.02,40.38,0.23262,22,19.52,-26.54,0.39231,23,-10.81,-25.69,0.23567,24,-36.83,-20.28,0.05239,6,26,32.09999,50.97,0.00883,27,28.02,46.01,0.01468,28,23.41,42.01,0.22744,22,37.50999,-30.68,0.19256,23,6.83,-31.09,0.3949,24,-20.24,-28.36,0.16155,1,3,43.04,-7.12,1,1,3,25.32,-5.61,1,1,3,12.65,-12.68,1,1,3,20.39,-8.35999,1,2,25,20.23,-0.37,0.5,26,-0.17,-0.39,0.5,2,26,14.89,-0.38,0.5,27,0.16,-0.44,0.5,2,27,14.98,0.19,0.5,28,1.05999,-0.06,0.5,8,3,55.57,-26.34,0.04232,25,31.97,15.42,0.02094,26,12.29,14.82,0.21608,27,0.89,14.97,0.20075,28,-9.60999,17.35,0.16762,22,-1.52,-43.91,0.29938,23,-33.03,-41.53,0.04689,24,-61.25,-32.47,0.00597,7,3,67.22,-39.66,5.1E-4,26,29.97,13.99,0.00327,27,17.98,10.35999,0.08678,28,6.13,9.25,0.84566,22,10.94,-56.48,0.03839,23,-21.48,-54.94,0.01895,24,-51.93,-47.52,0.00639,1,3,52.6,-17.41,1,4,25,23.93,-18.93,0.469,26,2.63,-19.1,0.40171,27,-15.84,-16.08,0.12928,22,-31.57,-62.38,0,4,25,37.58,-18,0.30342,26,16.31,-18.82,0.43421,27,-2.41,-18.75,0.26235,22,-21.3,-71.43,0],"hull":12}},"MON40055_4":{"MON40055_4":{"x":10.44,"y":-0.05,"rotation":113.97,"width":36,"height":33}},"MON40055_5":{"MON40055_5":{"x":14.85,"y":-0.98,"rotation":94.86,"width":37,"height":41}},"MON40055_6":{"MON40055_6":{"x":19.23,"y":-1.09,"rotation":65.46,"width":41,"height":52}},"MON40055_7":{"MON40055_7":{"type":"mesh","uvs":[1,1,0,1,0,0,1,0],"triangles":[1,2,3,1,3,0],"vertices":[33.61,49.3,33.61,-17.69,-8.38,-17.69,-8.38,49.3],"hull":4}},"MON40055_8":{"MON40055_8":{"x":8.8,"y":-1.09,"rotation":119.2,"width":30,"height":31}},"MON40055_9":{"MON40055_9":{"x":8.09,"y":1.85,"rotation":73.98,"width":30,"height":31}},"shadow":{"shadow":{"x":10.67,"y":-4.18,"scaleX":1.5,"scaleY":1.5,"width":85,"height":42}},"yinbo":{"yinbo":{"scaleX":3,"scaleY":3,"rotation":-90,"width":64,"height":64}}}},"animations":{"wait":{"slots":{"MON40055_1":{"attachment":[{"time":0,"name":null},{"time":0.8666,"name":"MON40055_1"},{"time":1,"name":null}]}},"bones":{"MON40055_12":{"rotate":[{"time":0,"angle":0,"curve":"stepped"},{"time":0.5,"angle":0,"curve":"stepped"},{"time":1,"angle":0}],"translate":[{"time":0,"x":0,"y":0},{"time":0.5,"x":0,"y":-9.86},{"time":1,"x":0,"y":0}],"scale":[{"time":0,"x":1,"y":1},{"time":0.5,"x":0.959,"y":1.035},{"time":1,"x":1,"y":1}]},"MON40055_7":{"rotate":[{"time":0,"angle":0,"curve":"stepped"},{"time":0.5,"angle":0,"curve":"stepped"},{"time":1,"angle":0}],"translate":[{"time":0,"x":0,"y":0,"curve":"stepped"},{"time":0.5,"x":0,"y":0,"curve":"stepped"},{"time":1,"x":0,"y":0}],"scale":[{"time":0,"x":1,"y":1,"curve":"stepped"},{"time":0.5,"x":1,"y":1,"curve":"stepped"},{"time":1,"x":1,"y":1}]},"MON40055_10":{"rotate":[{"time":0,"angle":0},{"time":0.5,"angle":-7.8},{"time":1,"angle":0}],"translate":[{"time":0,"x":0,"y":0},{"time":0.5,"x":4.4,"y":0},{"time":1,"x":0,"y":0}],"scale":[{"time":0,"x":1,"y":1,"curve":"stepped"},{"time":0.5,"x":1,"y":1,"curve":"stepped"},{"time":1,"x":1,"y":1}]},"MON40055_8":{"rotate":[{"time":0,"angle":0},{"time":0.5,"angle":-8.95},{"time":1,"angle":0}],"translate":[{"time":0,"x":0,"y":0},{"time":0.5,"x":3.59,"y":0},{"time":1,"x":0,"y":0}],"scale":[{"time":0,"x":1,"y":1,"curve":"stepped"},{"time":0.5,"x":1,"y":1,"curve":"stepped"},{"time":1,"x":1,"y":1}]},"bone":{"rotate":[{"time":0,"angle":0},{"time":0.5,"angle":2.14},{"time":1,"angle":0}],"translate":[{"time":0,"x":0,"y":0,"curve":"stepped"},{"time":0.5,"x":0,"y":0,"curve":"stepped"},{"time":1,"x":0,"y":0}],"scale":[{"time":0,"x":1,"y":1,"curve":"stepped"},{"time":0.5,"x":1,"y":1,"curve":"stepped"},{"time":1,"x":1,"y":1}]},"bone2":{"rotate":[{"time":0,"angle":0,"curve":"stepped"},{"time":0.5,"angle":0,"curve":"stepped"},{"time":1,"angle":0}],"translate":[{"time":0,"x":0,"y":0,"curve":"stepped"},{"time":0.5,"x":0,"y":0,"curve":"stepped"},{"time":1,"x":0,"y":0}],"scale":[{"time":0,"x":1,"y":1,"curve":"stepped"},{"time":0.5,"x":1,"y":1,"curve":"stepped"},{"time":1,"x":1,"y":1}]},"MON40055_11":{"rotate":[{"time":0,"angle":0},{"time":0.5,"angle":8.06},{"time":1,"angle":0}],"translate":[{"time":0,"x":0,"y":0},{"time":0.5,"x":-2.71,"y":-1.17},{"time":1,"x":0,"y":0}],"scale":[{"time":0,"x":1,"y":1,"curve":"stepped"},{"time":0.5,"x":1,"y":1,"curve":"stepped"},{"time":1,"x":1,"y":1}]},"MON40055_15":{"rotate":[{"time":0,"angle":0},{"time":0.5,"angle":-17.7},{"time":1,"angle":0}],"translate":[{"time":0,"x":0,"y":0,"curve":"stepped"},{"time":0.5,"x":0,"y":0,"curve":"stepped"},{"time":1,"x":0,"y":0}],"scale":[{"time":0,"x":1,"y":1,"curve":"stepped"},{"time":0.5,"x":1,"y":1,"curve":"stepped"},{"time":1,"x":1,"y":1}]},"MON40055_3":{"rotate":[{"time":0,"angle":0},{"time":0.5,"angle":6.62},{"time":1,"angle":0}],"translate":[{"time":0,"x":0,"y":0},{"time":0.5,"x":-10.7,"y":3.18},{"time":1,"x":0,"y":0}],"scale":[{"time":0,"x":1,"y":1,"curve":"stepped"},{"time":0.5,"x":1,"y":1,"curve":"stepped"},{"time":1,"x":1,"y":1}]},"MON40055_6":{"rotate":[{"time":0,"angle":0},{"time":0.2,"angle":-1.91},{"time":0.5,"angle":26.64},{"time":0.7,"angle":15.5},{"time":1,"angle":0}],"translate":[{"time":0,"x":0,"y":0},{"time":0.5,"x":0.23,"y":5.86},{"time":1,"x":0,"y":0}],"scale":[{"time":0,"x":1,"y":1,"curve":"stepped"},{"time":0.5,"x":1,"y":1,"curve":"stepped"},{"time":1,"x":1,"y":1}]},"MON40055_9":{"rotate":[{"time":0,"angle":0},{"time":0.5,"angle":11.05},{"time":1,"angle":0}],"translate":[{"time":0,"x":0,"y":0},{"time":0.5,"x":-2.52,"y":0.62},{"time":1,"x":0,"y":0}],"scale":[{"time":0,"x":1,"y":1,"curve":"stepped"},{"time":0.5,"x":1,"y":1,"curve":"stepped"},{"time":1,"x":1,"y":1}]},"bone3":{"rotate":[{"time":0,"angle":0},{"time":0.5,"angle":-12.83},{"time":1,"angle":0}],"translate":[{"time":0,"x":0,"y":0},{"time":0.5,"x":-0.12,"y":-2.6},{"time":1,"x":0,"y":0}],"scale":[{"time":0,"x":1,"y":1,"curve":"stepped"},{"time":0.5,"x":1,"y":1,"curve":"stepped"},{"time":1,"x":1,"y":1}]},"MON40055_1":{"rotate":[{"time":0,"angle":0,"curve":"stepped"},{"time":0.5,"angle":0,"curve":"stepped"},{"time":1,"angle":0}],"translate":[{"time":0,"x":0,"y":0,"curve":"stepped"},{"time":0.5,"x":0,"y":0,"curve":"stepped"},{"time":1,"x":0,"y":0}],"scale":[{"time":0,"x":1,"y":1,"curve":"stepped"},{"time":0.5,"x":1,"y":1,"curve":"stepped"},{"time":1,"x":1,"y":1}]},"MON40055_14":{"rotate":[{"time":0,"angle":0},{"time":0.2,"angle":10.67},{"time":0.5,"angle":10.11},{"time":0.7,"angle":-2.01},{"time":1,"angle":0}],"translate":[{"time":0,"x":0,"y":0},{"time":0.5,"x":-7.17,"y":-2.78},{"time":1,"x":0,"y":0}],"scale":[{"time":0,"x":1,"y":1,"curve":"stepped"},{"time":0.5,"x":1,"y":1,"curve":"stepped"},{"time":1,"x":1,"y":1}]},"MON40055_5":{"rotate":[{"time":0,"angle":0},{"time":0.2,"angle":-9.77},{"time":0.5,"angle":-43.49},{"time":0.7,"angle":-24.98},{"time":1,"angle":0}],"translate":[{"time":0,"x":0,"y":0},{"time":0.5,"x":-2.45,"y":1.72},{"time":1,"x":0,"y":0}],"scale":[{"time":0,"x":1,"y":1},{"time":0.5,"x":0.914,"y":1},{"time":1,"x":1,"y":1}]},"bone13":{"rotate":[{"time":0,"angle":0,"curve":"stepped"},{"time":0.5,"angle":0,"curve":"stepped"},{"time":1,"angle":0}],"translate":[{"time":0,"x":0,"y":0,"curve":"stepped"},{"time":0.5,"x":0,"y":0,"curve":"stepped"},{"time":1,"x":0,"y":0}],"scale":[{"time":0,"x":1,"y":1,"curve":"stepped"},{"time":0.5,"x":1,"y":1,"curve":"stepped"},{"time":1,"x":1,"y":1}]},"bone4":{"rotate":[{"time":0,"angle":0},{"time":0.3333,"angle":-1.56,"curve":"stepped"},{"time":0.6666,"angle":-1.56},{"time":1,"angle":0}],"translate":[{"time":0,"x":0,"y":0,"curve":"stepped"},{"time":0.3333,"x":0,"y":0,"curve":"stepped"},{"time":0.6666,"x":0,"y":0,"curve":"stepped"},{"time":1,"x":0,"y":0}],"scale":[{"time":0,"x":1,"y":1,"curve":"stepped"},{"time":0.3333,"x":1,"y":1,"curve":"stepped"},{"time":0.6666,"x":1,"y":1,"curve":"stepped"},{"time":1,"x":1,"y":1}]},"MON40055_13":{"rotate":[{"time":0,"angle":0},{"time":0.2,"angle":7.27},{"time":0.5,"angle":-8.95},{"time":0.7,"angle":-11.68},{"time":1,"angle":0}],"translate":[{"time":0,"x":0,"y":0,"curve":"stepped"},{"time":0.5,"x":0,"y":0,"curve":"stepped"},{"time":1,"x":0,"y":0}],"scale":[{"time":0,"x":1,"y":1,"curve":"stepped"},{"time":0.5,"x":1,"y":1,"curve":"stepped"},{"time":1,"x":1,"y":1}]},"MON40055_4":{"rotate":[{"time":0,"angle":0},{"time":0.2,"angle":-8.45},{"time":0.5,"angle":-29.19},{"time":0.7,"angle":-24.28},{"time":1,"angle":0}],"translate":[{"time":0,"x":0,"y":0,"curve":"stepped"},{"time":0.5,"x":0,"y":0,"curve":"stepped"},{"time":1,"x":0,"y":0}],"scale":[{"time":0,"x":1,"y":1,"curve":"stepped"},{"time":0.5,"x":1,"y":1,"curve":"stepped"},{"time":1,"x":1,"y":1}]},"bone14":{"rotate":[{"time":0,"angle":0,"curve":"stepped"},{"time":0.5,"angle":0,"curve":"stepped"},{"time":1,"angle":0}],"translate":[{"time":0,"x":0,"y":0,"curve":"stepped"},{"time":0.5,"x":0,"y":0,"curve":"stepped"},{"time":1,"x":0,"y":0}],"scale":[{"time":0,"x":1,"y":1,"curve":"stepped"},{"time":0.5,"x":1,"y":1,"curve":"stepped"},{"time":1,"x":1,"y":1}]},"bone5":{"rotate":[{"time":0,"angle":0},{"time":0.3333,"angle":-6.91},{"time":0.6666,"angle":6.73},{"time":1,"angle":0}],"translate":[{"time":0,"x":0,"y":0,"curve":"stepped"},{"time":0.3333,"x":0,"y":0,"curve":"stepped"},{"time":0.6666,"x":0,"y":0,"curve":"stepped"},{"time":1,"x":0,"y":0}],"scale":[{"time":0,"x":1,"y":1,"curve":"stepped"},{"time":0.3333,"x":1,"y":1,"curve":"stepped"},{"time":0.6666,"x":1,"y":1,"curve":"stepped"},{"time":1,"x":1,"y":1}]},"MON40055_16":{"rotate":[{"time":0,"angle":0,"curve":"stepped"},{"time":0.5,"angle":0,"curve":"stepped"},{"time":1,"angle":0}],"translate":[{"time":0,"x":0,"y":0,"curve":"stepped"},{"time":0.5,"x":0,"y":0,"curve":"stepped"},{"time":1,"x":0,"y":0}],"scale":[{"time":0,"x":1,"y":1},{"time":0.5,"x":1.042,"y":0.965},{"time":1,"x":1,"y":1}]},"bone15":{"rotate":[{"time":0,"angle":0},{"time":0.5,"angle":-9.87},{"time":1,"angle":0}],"translate":[{"time":0,"x":0,"y":0,"curve":"stepped"},{"time":0.5,"x":0,"y":0,"curve":"stepped"},{"time":1,"x":0,"y":0}],"scale":[{"time":0,"x":1,"y":1,"curve":"stepped"},{"time":0.5,"x":1,"y":1,"curve":"stepped"},{"time":1,"x":1,"y":1}]},"bone6":{"rotate":[{"time":0,"angle":0},{"time":0.3333,"angle":-12.56},{"time":0.6666,"angle":-1},{"time":1,"angle":0}],"translate":[{"time":0,"x":0,"y":0,"curve":"stepped"},{"time":0.3333,"x":0,"y":0,"curve":"stepped"},{"time":0.6666,"x":0,"y":0,"curve":"stepped"},{"time":1,"x":0,"y":0}],"scale":[{"time":0,"x":1,"y":1,"curve":"stepped"},{"time":0.3333,"x":1,"y":1,"curve":"stepped"},{"time":0.6666,"x":1,"y":1,"curve":"stepped"},{"time":1,"x":1,"y":1}]},"bone16":{"rotate":[{"time":0,"angle":0},{"time":0.5,"angle":-14.83},{"time":1,"angle":0}],"translate":[{"time":0,"x":0,"y":0,"curve":"stepped"},{"time":0.5,"x":0,"y":0,"curve":"stepped"},{"time":1,"x":0,"y":0}],"scale":[{"time":0,"x":1,"y":1,"curve":"stepped"},{"time":0.5,"x":1,"y":1,"curve":"stepped"},{"time":1,"x":1,"y":1}]},"bone8":{"rotate":[{"time":0,"angle":0},{"time":0.3333,"angle":-7.15},{"time":0.6666,"angle":1.25},{"time":1,"angle":0}],"translate":[{"time":0,"x":0,"y":0,"curve":"stepped"},{"time":0.3333,"x":0,"y":0,"curve":"stepped"},{"time":0.6666,"x":0,"y":0,"curve":"stepped"},{"time":1,"x":0,"y":0}],"scale":[{"time":0,"x":1,"y":1,"curve":"stepped"},{"time":0.3333,"x":1,"y":1,"curve":"stepped"},{"time":0.6666,"x":1,"y":1,"curve":"stepped"},{"time":1,"x":1,"y":1}]},"bone9":{"rotate":[{"time":0,"angle":0},{"time":0.3333,"angle":-16.1},{"time":0.6666,"angle":-14.69},{"time":1,"angle":0}],"translate":[{"time":0,"x":0,"y":0,"curve":"stepped"},{"time":0.3333,"x":0,"y":0,"curve":"stepped"},{"time":0.6666,"x":0,"y":0,"curve":"stepped"},{"time":1,"x":0,"y":0}],"scale":[{"time":0,"x":1,"y":1,"curve":"stepped"},{"time":0.3333,"x":1,"y":1,"curve":"stepped"},{"time":0.6666,"x":1,"y":1,"curve":"stepped"},{"time":1,"x":1,"y":1}]},"bone7":{"rotate":[{"time":0,"angle":0},{"time":0.3333,"angle":-4.31},{"time":0.6666,"angle":3.24},{"time":1,"angle":0}],"translate":[{"time":0,"x":0,"y":0,"curve":"stepped"},{"time":0.3333,"x":0,"y":0,"curve":"stepped"},{"time":0.6666,"x":0,"y":0,"curve":"stepped"},{"time":1,"x":0,"y":0}],"scale":[{"time":0,"x":1,"y":1,"curve":"stepped"},{"time":0.3333,"x":1,"y":1,"curve":"stepped"},{"time":0.6666,"x":1,"y":1,"curve":"stepped"},{"time":1,"x":1,"y":1}]},"shadow":{"scale":[{"time":0,"x":1,"y":1},{"time":0.5,"x":1.1,"y":1.1},{"time":1,"x":1,"y":1}]}},"ffd":{"default":{"MON40055_3":{"MON40055_3":[{"time":0},{"time":0.3333,"offset":36,"vertices":[-3.88159,-3.55837,-4.61392,-2.53951,0.17778,-2.1456,0.44271,-2.10699,-0.06832,-2.15225,0.44276,-2.107,-0.12017,-6.12181,-2.89404,-5.39525,-2.2022,-5.71292,0,0,0,0,0,0,0,0,0,0,0,0,0,0,0,0,0,0,0,0,0,0,0,0,0,0,0,0,0,0,0,0,0,0,0,0,0,0,0,0,-2.87655,1.53698,-2.95549,1.37982,0,0,0,0,0,0,0,0,0,0,0,0,0,0,0,0,0,0,0,0,0,0,0,0,0,0,0,0,0,0,0,0,0,0,0,0,0,0,0,0,0,0,0,0,0,0,0,0,0,0,0,0,0,0,0,0,0.2582,2.35945,-1.60693,1.74753,-1.52238,1.82155,-1.32863,1.96745,-1.25173,2.01718,-0.06834,2.3727,-0.19621,2.36559,-0.48841,2.3231,-0.76123,0.91064,-0.66443,0.98371,-0.62585,1.00856,-0.03407,1.18633,-0.09822,1.18275,-0.2445,1.16155]},{"time":0.6666,"vertices":[-6.24421,10.06265,1.21748,11.77759,2.30308,11.61424,1.13281,11.78666,0,0,0,0,0,0,0,0,0,0,0,0,0,0,0,0,0,0,0,0,0,0,0,0,0.32339,0.4301,0.24438,0.47956,-6.29631,11.43114,-1.66651,12.94432,-2.0751,7.00109,-2.76338,6.75956,-0.09248,7.30235,0.72084,7.50058,-4.82514,7.77572,1.77951,8.97471,0.87533,9.10788,-0.05872,-0.53498,-0.05567,-0.53531,-0.3585,-0.40137,-0.32356,-0.4302,0,0,0,0,0,0,0,0,0,0,0,0,0,0,0,0,0,0,0,0,0,0,-0.06663,-1.97262,0.27511,-1.9546,-2.50946,-2.80995,-2.26461,-3.01113,0,0,-3.25903,-3.98681,-3.61317,-3.66843,-2.29347,-2.83455,-1.99951,-3.04924,-2.10885,3.12281,-1.98681,3.20175,0.38746,3.74742,0.73275,3.69546,0.36041,3.7503,0,0,0,0,0,0,0,0,0,0,0,0,0,0,-3.03752,-1.84542,-3.19448,-1.55672,-3.02351,-1.86757,-3.54249,0.28348,-3.55412,-0.01544,-3.49812,-0.62889,-0.27725,-2.67671,-0.52316,-2.63968,-0.25738,-2.67875,-1.79249,-2.00709,-1.61755,-2.15085,-1.2218,-2.39795,0,0,0,0,-0.23434,-2.14,1.45738,-1.58498,1.38072,-1.65226,1.20492,-1.78446,1.13531,-1.82957,-0.22164,-2.14136,-0.41859,-2.11171,-0.20591,-2.14299,1.03553,-1.23925,0.90364,-1.33834,0.8515,-1.37217,-0.16638,-1.60601,-0.31387,-1.58379,-0.15446,-1.60723]},{"time":1}]},"MON40055_7":{"MON40055_7":[{"time":0},{"time":0.5,"vertices":[1.50323,-1.01752,2.54381,-1.00944,6.17765,-1.66175,5.13708,-1.66982]},{"time":1}]},"MON40055_12":{"MON40055_12":[{"time":0},{"time":0.5,"vertices":[-5.20728,0.01509,-5.20686,-0.06777,-5.24939,0.04238,-5.2494,-0.04115,-2.81414,0.24084,-2.81762,0.19603,0.85519,0.24067,0.85124,0.25425,2.21172,0.18054,2.20857,0.21571,2.23703,0.16713,2.23409,0.20271,2.43065,0.16427,2.42773,0.20293,5.29661,0.18535,5.47177,0.09946,5.42449,0.00156,3.03481,-0.14818,3.03678,-0.09986,2.80978,-0.14914,2.8118,-0.1044,5.10416,-0.15558,5.10599,-0.07433,2.91556,-0.25471,2.91925,-0.20828,-2.49984,-0.25169,-2.49552,-0.29144,-5.11283,-0.04616,-5.74237,0.02116,1.62152,-3.11445,1.67087,-3.08825,3.62621,0.07342]},{"time":1}]}}}},"wait_special_DL":{"slots":{"MON40055_1":{"attachment":[{"time":0,"name":null},{"time":0.7,"name":"MON40055_1"},{"time":0.8666,"name":null},{"time":1.3,"name":null},{"time":1.4666,"name":null},{"time":1.6333,"name":null},{"time":1.8,"name":null},{"time":1.9666,"name":null},{"time":2.4,"name":null},{"time":2.9,"name":null}]},"yinbo":{"attachment":[{"time":0,"name":null},{"time":1.4,"name":"yinbo"},{"time":1.6,"name":null},{"time":1.7666,"name":"yinbo"},{"time":1.9666,"name":null},{"time":2.0666,"name":"yinbo"},{"time":2.2666,"name":null}],"color":[{"time":1.4,"color":"ffffffff"},{"time":1.6,"color":"ffffff00"},{"time":1.7666,"color":"ffffffff"},{"time":1.9666,"color":"ffffff00"},{"time":2.0666,"color":"ffffffff"},{"time":2.2666,"color":"ffffff00"}]}},"bones":{"MON40055_12":{"rotate":[{"time":0,"angle":0},{"time":0.5,"angle":2.54},{"time":0.6,"angle":26.57},{"time":1,"angle":-9.33},{"time":1.1666,"angle":-39.43},{"time":1.3,"angle":-29.39},{"time":1.4666,"angle":-38.83},{"time":1.6333,"angle":12.37},{"time":1.8,"angle":-23.92},{"time":1.9666,"angle":14.02},{"time":2.1333,"angle":-19.36},{"time":2.4,"angle":-24.84},{"time":2.9,"angle":0}],"translate":[{"time":0,"x":0,"y":0},{"time":0.5,"x":0,"y":-9.86},{"time":0.6,"x":-26.25,"y":-9.97},{"time":1,"x":-22.86,"y":10.97},{"time":1.1666,"x":6.8,"y":-3.05},{"time":1.3,"x":11.49,"y":-5.32},{"time":1.4666,"x":11.49,"y":-12.74},{"time":1.6333,"x":11.49,"y":-5.32},{"time":1.8,"x":11.49,"y":-13.73},{"time":1.9666,"x":11.49,"y":-5.32},{"time":2.1333,"x":11.49,"y":-14.49},{"time":2.4,"x":11.49,"y":-13.65},{"time":2.9,"x":0,"y":0}],"scale":[{"time":0,"x":1,"y":1},{"time":0.5,"x":0.959,"y":1.035},{"time":0.6,"x":1.064,"y":0.983},{"time":1,"x":1.09,"y":0.969},{"time":1.1666,"x":0.994,"y":1.007},{"time":1.3,"x":0.975,"y":1.015,"curve":"stepped"},{"time":1.4666,"x":0.975,"y":1.015},{"time":1.6333,"x":1.018,"y":0.977},{"time":1.8,"x":0.975,"y":1.015},{"time":1.9666,"x":1.018,"y":0.977},{"time":2.1333,"x":0.984,"y":1.007},{"time":2.4,"x":0.975,"y":1.015},{"time":2.9,"x":1,"y":1}]},"MON40055_7":{"rotate":[{"time":0,"angle":0,"curve":"stepped"},{"time":0.5,"angle":0,"curve":"stepped"},{"time":0.6,"angle":0,"curve":"stepped"},{"time":1,"angle":0,"curve":"stepped"},{"time":1.1666,"angle":0,"curve":"stepped"},{"time":1.3,"angle":0,"curve":"stepped"},{"time":1.4666,"angle":0,"curve":"stepped"},{"time":1.6333,"angle":0,"curve":"stepped"},{"time":1.8,"angle":0,"curve":"stepped"},{"time":1.9666,"angle":0,"curve":"stepped"},{"time":2.1333,"angle":0,"curve":"stepped"},{"time":2.4,"angle":0,"curve":"stepped"},{"time":2.9,"angle":0}],"translate":[{"time":0,"x":0,"y":0,"curve":"stepped"},{"time":0.5,"x":0,"y":0},{"time":0.6,"x":-27.23,"y":-4.48},{"time":1,"x":-24.29,"y":4.51},{"time":1.1666,"x":10.31,"y":-5.45},{"time":1.3,"x":11.49,"y":-7.44},{"time":1.4666,"x":11.49,"y":-12.02},{"time":1.6333,"x":11.49,"y":-5.97},{"time":1.8,"x":11.49,"y":-11.82},{"time":1.9666,"x":11.49,"y":-5.97},{"time":2.1333,"x":11.49,"y":-10.51},{"time":2.4,"x":11.49,"y":-11.38},{"time":2.9,"x":0,"y":0}],"scale":[{"time":0,"x":1,"y":1,"curve":"stepped"},{"time":0.5,"x":1,"y":1},{"time":0.6,"x":0.981,"y":0.957},{"time":1,"x":1.045,"y":0.947},{"time":1.1666,"x":0.941,"y":1.013},{"time":1.3,"x":0.92,"y":1.026},{"time":1.4666,"x":0.854,"y":1.026},{"time":1.6333,"x":0.92,"y":1.026},{"time":1.8,"x":0.854,"y":1.026},{"time":1.9666,"x":0.92,"y":1.026},{"time":2.1333,"x":0.854,"y":1.026,"curve":"stepped"},{"time":2.4,"x":0.854,"y":1.026},{"time":2.9,"x":1,"y":1}]},"MON40055_10":{"rotate":[{"time":0,"angle":0},{"time":0.5,"angle":-7.8},{"time":0.6,"angle":-14.07},{"time":1,"angle":28.53},{"time":1.1666,"angle":1.57},{"time":1.3,"angle":-12.63},{"time":1.4666,"angle":-16.75},{"time":1.6333,"angle":-0.67},{"time":1.8,"angle":-15.23},{"time":1.9666,"angle":-0.18},{"time":2.4,"angle":-11.27},{"time":2.9,"angle":0}],"translate":[{"time":0,"x":0,"y":0},{"time":0.5,"x":4.4,"y":0},{"time":0.6,"x":0.88,"y":0},{"time":1,"x":-2.1,"y":0},{"time":1.1666,"x":0,"y":0},{"time":1.3,"x":1.38,"y":0},{"time":1.4666,"x":0,"y":0},{"time":1.6333,"x":0,"y":-0.95},{"time":1.8,"x":0,"y":0},{"time":1.9666,"x":0,"y":-0.95},{"time":2.4,"x":0,"y":0,"curve":"stepped"},{"time":2.9,"x":0,"y":0}],"scale":[{"time":0,"x":1,"y":1,"curve":"stepped"},{"time":0.5,"x":1,"y":1,"curve":"stepped"},{"time":0.6,"x":1,"y":1,"curve":"stepped"},{"time":1,"x":1,"y":1,"curve":"stepped"},{"time":1.1666,"x":1,"y":1,"curve":"stepped"},{"time":1.3,"x":1,"y":1,"curve":"stepped"},{"time":1.4666,"x":1,"y":1,"curve":"stepped"},{"time":1.6333,"x":1,"y":1,"curve":"stepped"},{"time":1.8,"x":1,"y":1,"curve":"stepped"},{"time":1.9666,"x":1,"y":1,"curve":"stepped"},{"time":2.4,"x":1,"y":1,"curve":"stepped"},{"time":2.9,"x":1,"y":1}]},"MON40055_8":{"rotate":[{"time":0,"angle":0},{"time":0.5,"angle":-8.95},{"time":0.6,"angle":59.8},{"time":1,"angle":55.13},{"time":1.1666,"angle":-5.9},{"time":1.3,"angle":60.02},{"time":1.4666,"angle":66.26},{"time":1.6333,"angle":57.82},{"time":1.8,"angle":62.6},{"time":1.9666,"angle":57.82},{"time":2.4,"angle":62.6},{"time":2.9,"angle":0}],"translate":[{"time":0,"x":0,"y":0},{"time":0.5,"x":3.59,"y":0},{"time":0.6,"x":0.71,"y":0},{"time":1,"x":0,"y":0,"curve":"stepped"},{"time":1.1666,"x":0,"y":0,"curve":"stepped"},{"time":1.3,"x":0,"y":0},{"time":1.4666,"x":5.92,"y":0},{"time":1.6333,"x":1.88,"y":0},{"time":1.8,"x":2.95,"y":0},{"time":1.9666,"x":1.88,"y":0,"curve":"stepped"},{"time":2.4,"x":1.88,"y":0},{"time":2.9,"x":0,"y":0}],"scale":[{"time":0,"x":1,"y":1,"curve":"stepped"},{"time":0.5,"x":1,"y":1,"curve":"stepped"},{"time":0.6,"x":1,"y":1,"curve":"stepped"},{"time":1,"x":1,"y":1,"curve":"stepped"},{"time":1.1666,"x":1,"y":1,"curve":"stepped"},{"time":1.3,"x":1,"y":1,"curve":"stepped"},{"time":1.4666,"x":1,"y":1,"curve":"stepped"},{"time":1.6333,"x":1,"y":1,"curve":"stepped"},{"time":1.8,"x":1,"y":1,"curve":"stepped"},{"time":1.9666,"x":1,"y":1,"curve":"stepped"},{"time":2.4,"x":1,"y":1,"curve":"stepped"},{"time":2.9,"x":1,"y":1}]},"bone":{"rotate":[{"time":0,"angle":0},{"time":0.5,"angle":9.35},{"time":0.6,"angle":2.34},{"time":1,"angle":-2.23},{"time":1.1666,"angle":41.55},{"time":1.3,"angle":9.64,"curve":"stepped"},{"time":1.4666,"angle":9.64},{"time":1.6333,"angle":-7.68},{"time":1.8,"angle":9.64},{"time":1.9666,"angle":-7.68},{"time":2.1333,"angle":6.17},{"time":2.4,"angle":9.64},{"time":2.9,"angle":0}],"translate":[{"time":0,"x":0,"y":0,"curve":"stepped"},{"time":0.5,"x":0,"y":0},{"time":0.6,"x":5.55,"y":12.49},{"time":1,"x":0,"y":0,"curve":"stepped"},{"time":1.1666,"x":0,"y":0,"curve":"stepped"},{"time":1.3,"x":0,"y":0,"curve":"stepped"},{"time":1.4666,"x":0,"y":0,"curve":"stepped"},{"time":1.6333,"x":0,"y":0,"curve":"stepped"},{"time":1.8,"x":0,"y":0,"curve":"stepped"},{"time":1.9666,"x":0,"y":0,"curve":"stepped"},{"time":2.1333,"x":0,"y":0,"curve":"stepped"},{"time":2.4,"x":0,"y":0,"curve":"stepped"},{"time":2.9,"x":0,"y":0}],"scale":[{"time":0,"x":1,"y":1,"curve":"stepped"},{"time":0.5,"x":1,"y":1,"curve":"stepped"},{"time":0.6,"x":1,"y":1,"curve":"stepped"},{"time":1,"x":1,"y":1,"curve":"stepped"},{"time":1.1666,"x":1,"y":1,"curve":"stepped"},{"time":1.3,"x":1,"y":1,"curve":"stepped"},{"time":1.4666,"x":1,"y":1,"curve":"stepped"},{"time":1.6333,"x":1,"y":1,"curve":"stepped"},{"time":1.8,"x":1,"y":1,"curve":"stepped"},{"time":1.9666,"x":1,"y":1,"curve":"stepped"},{"time":2.1333,"x":1,"y":1,"curve":"stepped"},{"time":2.4,"x":1,"y":1,"curve":"stepped"},{"time":2.9,"x":1,"y":1}]},"bone2":{"rotate":[{"time":0,"angle":0,"curve":"stepped"},{"time":0.5,"angle":0,"curve":"stepped"},{"time":0.6,"angle":0,"curve":"stepped"},{"time":1,"angle":0,"curve":"stepped"},{"time":1.1666,"angle":0,"curve":"stepped"},{"time":1.3,"angle":0,"curve":"stepped"},{"time":1.4666,"angle":0,"curve":"stepped"},{"time":1.6333,"angle":0,"curve":"stepped"},{"time":1.8,"angle":0,"curve":"stepped"},{"time":1.9666,"angle":0,"curve":"stepped"},{"time":2.1333,"angle":0,"curve":"stepped"},{"time":2.4,"angle":0,"curve":"stepped"},{"time":2.9,"angle":0}],"translate":[{"time":0,"x":0,"y":0,"curve":"stepped"},{"time":0.5,"x":0,"y":0,"curve":"stepped"},{"time":0.6,"x":0,"y":0,"curve":"stepped"},{"time":1,"x":0,"y":0,"curve":"stepped"},{"time":1.1666,"x":0,"y":0,"curve":"stepped"},{"time":1.3,"x":0,"y":0,"curve":"stepped"},{"time":1.4666,"x":0,"y":0,"curve":"stepped"},{"time":1.6333,"x":0,"y":0,"curve":"stepped"},{"time":1.8,"x":0,"y":0,"curve":"stepped"},{"time":1.9666,"x":0,"y":0,"curve":"stepped"},{"time":2.1333,"x":0,"y":0,"curve":"stepped"},{"time":2.4,"x":0,"y":0,"curve":"stepped"},{"time":2.9,"x":0,"y":0}],"scale":[{"time":0,"x":1,"y":1,"curve":"stepped"},{"time":0.5,"x":1,"y":1,"curve":"stepped"},{"time":0.6,"x":1,"y":1,"curve":"stepped"},{"time":1,"x":1,"y":1,"curve":"stepped"},{"time":1.1666,"x":1,"y":1,"curve":"stepped"},{"time":1.3,"x":1,"y":1,"curve":"stepped"},{"time":1.4666,"x":1,"y":1,"curve":"stepped"},{"time":1.6333,"x":1,"y":1,"curve":"stepped"},{"time":1.8,"x":1,"y":1,"curve":"stepped"},{"time":1.9666,"x":1,"y":1,"curve":"stepped"},{"time":2.1333,"x":1,"y":1,"curve":"stepped"},{"time":2.4,"x":1,"y":1,"curve":"stepped"},{"time":2.9,"x":1,"y":1}]},"MON40055_11":{"rotate":[{"time":0,"angle":0},{"time":0.5,"angle":8.06},{"time":0.6,"angle":14.41},{"time":1,"angle":-34.55},{"time":1.1666,"angle":-4.11},{"time":1.3,"angle":14.6},{"time":1.4666,"angle":20.15},{"time":1.6333,"angle":-0.37},{"time":1.8,"angle":16.3},{"time":1.9666,"angle":-0.37},{"time":2.4,"angle":12.98},{"time":2.9,"angle":0}],"translate":[{"time":0,"x":0,"y":0},{"time":0.5,"x":-2.71,"y":-1.17},{"time":0.6,"x":-0.54,"y":-0.23},{"time":1,"x":2.03,"y":0.52},{"time":1.1666,"x":0,"y":0,"curve":"stepped"},{"time":1.3,"x":0,"y":0,"curve":"stepped"},{"time":1.4666,"x":0,"y":0,"curve":"stepped"},{"time":1.6333,"x":0,"y":0,"curve":"stepped"},{"time":1.8,"x":0,"y":0,"curve":"stepped"},{"time":1.9666,"x":0,"y":0,"curve":"stepped"},{"time":2.4,"x":0,"y":0,"curve":"stepped"},{"time":2.9,"x":0,"y":0}],"scale":[{"time":0,"x":1,"y":1,"curve":"stepped"},{"time":0.5,"x":1,"y":1,"curve":"stepped"},{"time":0.6,"x":1,"y":1,"curve":"stepped"},{"time":1,"x":1,"y":1,"curve":"stepped"},{"time":1.1666,"x":1,"y":1,"curve":"stepped"},{"time":1.3,"x":1,"y":1,"curve":"stepped"},{"time":1.4666,"x":1,"y":1,"curve":"stepped"},{"time":1.6333,"x":1,"y":1,"curve":"stepped"},{"time":1.8,"x":1,"y":1,"curve":"stepped"},{"time":1.9666,"x":1,"y":1,"curve":"stepped"},{"time":2.4,"x":1,"y":1,"curve":"stepped"},{"time":2.9,"x":1,"y":1}]},"MON40055_15":{"rotate":[{"time":0,"angle":0},{"time":0.5,"angle":-320.73},{"time":0.6,"angle":-30.44},{"time":1,"angle":-44.67},{"time":1.1666,"angle":-1.1},{"time":1.3,"angle":7.73},{"time":1.4666,"angle":5.39},{"time":1.6333,"angle":7.73},{"time":1.8,"angle":-12.9},{"time":1.9666,"angle":7.73},{"time":2.1333,"angle":-12.9},{"time":2.4,"angle":-10.6},{"time":2.5,"angle":-8.61},{"time":2.5666,"angle":-18.27},{"time":2.9,"angle":0}],"translate":[{"time":0,"x":0,"y":0,"curve":"stepped"},{"time":0.5,"x":0,"y":0},{"time":0.6,"x":-4.29,"y":1.89},{"time":1,"x":-2.79,"y":7},{"time":1.1666,"x":0,"y":0},{"time":1.3,"x":-14.29,"y":0.63},{"time":1.4666,"x":-1.38,"y":-3.02},{"time":1.6333,"x":-14.29,"y":0.63},{"time":1.8,"x":-1.38,"y":-3.02},{"time":1.9666,"x":-14.29,"y":0.63},{"time":2.1333,"x":-1.38,"y":-3.02},{"time":2.4,"x":2.74,"y":0.23},{"time":2.5,"x":2.23,"y":0.18},{"time":2.9,"x":0,"y":0}],"scale":[{"time":0,"x":1,"y":1,"curve":"stepped"},{"time":0.5,"x":1,"y":1,"curve":"stepped"},{"time":0.6,"x":1,"y":1,"curve":"stepped"},{"time":1,"x":1,"y":1,"curve":"stepped"},{"time":1.1666,"x":1,"y":1,"curve":"stepped"},{"time":1.3,"x":1,"y":1,"curve":"stepped"},{"time":1.4666,"x":1,"y":1,"curve":"stepped"},{"time":1.6333,"x":1,"y":1,"curve":"stepped"},{"time":1.8,"x":1,"y":1,"curve":"stepped"},{"time":1.9666,"x":1,"y":1,"curve":"stepped"},{"time":2.1333,"x":1,"y":1,"curve":"stepped"},{"time":2.4,"x":1,"y":1,"curve":"stepped"},{"time":2.5,"x":1,"y":1,"curve":"stepped"},{"time":2.9,"x":1,"y":1}]},"MON40055_3":{"rotate":[{"time":0,"angle":0},{"time":0.5,"angle":6.62},{"time":0.6,"angle":5.93},{"time":1,"angle":-13.55},{"time":1.1666,"angle":11.54},{"time":1.3,"angle":16.42},{"time":1.4666,"angle":33.83},{"time":1.6333,"angle":-12.87},{"time":1.8,"angle":31.87},{"time":1.9666,"angle":-6.77},{"time":2.1333,"angle":27.84},{"time":2.4,"angle":26.93},{"time":2.9,"angle":0}],"translate":[{"time":0,"x":0,"y":0},{"time":0.5,"x":-10.7,"y":3.18},{"time":0.6,"x":2.3,"y":-2.53},{"time":1,"x":5.55,"y":-3.96},{"time":1.1666,"x":0.92,"y":-0.66},{"time":1.3,"x":0,"y":0,"curve":"stepped"},{"time":1.4666,"x":0,"y":0},{"time":1.6333,"x":1.28,"y":0.01},{"time":1.8,"x":0,"y":0},{"time":1.9666,"x":1.28,"y":0.01},{"time":2.1333,"x":0.25,"y":0},{"time":2.4,"x":0,"y":0,"curve":"stepped"},{"time":2.9,"x":0,"y":0}],"scale":[{"time":0,"x":1,"y":1,"curve":"stepped"},{"time":0.5,"x":1,"y":1,"curve":"stepped"},{"time":0.6,"x":1,"y":1,"curve":"stepped"},{"time":1,"x":1,"y":1,"curve":"stepped"},{"time":1.1666,"x":1,"y":1,"curve":"stepped"},{"time":1.3,"x":1,"y":1,"curve":"stepped"},{"time":1.4666,"x":1,"y":1,"curve":"stepped"},{"time":1.6333,"x":1,"y":1,"curve":"stepped"},{"time":1.8,"x":1,"y":1,"curve":"stepped"},{"time":1.9666,"x":1,"y":1,"curve":"stepped"},{"time":2.1333,"x":1,"y":1,"curve":"stepped"},{"time":2.4,"x":1,"y":1,"curve":"stepped"},{"time":2.9,"x":1,"y":1}]},"MON40055_6":{"rotate":[{"time":0,"angle":0},{"time":0.2,"angle":-1.91},{"time":0.5,"angle":26.64},{"time":0.6,"angle":37.6},{"time":0.6666,"angle":25.35},{"time":1,"angle":0},{"time":1.1666,"angle":316.63},{"time":1.3,"angle":308.2},{"time":1.4666,"angle":-16.21},{"time":1.6333,"angle":305},{"time":1.8,"angle":327.52},{"time":1.9666,"angle":314.87},{"time":2.1333,"angle":22.27},{"time":2.4,"angle":39.12},{"time":2.9,"angle":0}],"translate":[{"time":0,"x":0,"y":0},{"time":0.5,"x":0.23,"y":5.86},{"time":0.6,"x":0.04,"y":1.17},{"time":1,"x":0,"y":0,"curve":"stepped"},{"time":1.1666,"x":0,"y":0,"curve":"stepped"},{"time":1.3,"x":0,"y":0,"curve":"stepped"},{"time":1.4666,"x":0,"y":0},{"time":1.6333,"x":1.61,"y":4.07},{"time":1.8,"x":0,"y":0},{"time":1.9666,"x":1.81,"y":3.78},{"time":2.1333,"x":-1.43,"y":0.97},{"time":2.4,"x":0,"y":0,"curve":"stepped"},{"time":2.9,"x":0,"y":0}],"scale":[{"time":0,"x":1,"y":1,"curve":"stepped"},{"time":0.5,"x":1,"y":1,"curve":"stepped"},{"time":0.6,"x":1,"y":1,"curve":"stepped"},{"time":1,"x":1,"y":1,"curve":"stepped"},{"time":1.1666,"x":1,"y":1,"curve":"stepped"},{"time":1.3,"x":1,"y":1,"curve":"stepped"},{"time":1.4666,"x":1,"y":1,"curve":"stepped"},{"time":1.6333,"x":1,"y":1,"curve":"stepped"},{"time":1.8,"x":1,"y":1,"curve":"stepped"},{"time":1.9666,"x":1,"y":1,"curve":"stepped"},{"time":2.1333,"x":1,"y":1,"curve":"stepped"},{"time":2.4,"x":1,"y":1,"curve":"stepped"},{"time":2.9,"x":1,"y":1}]},"MON40055_9":{"rotate":[{"time":0,"angle":0},{"time":0.5,"angle":11.05},{"time":0.6,"angle":-26.27},{"time":1,"angle":-26.48},{"time":1.1666,"angle":0.46},{"time":1.3,"angle":8.38},{"time":1.4666,"angle":26.59},{"time":1.6333,"angle":17.55},{"time":1.8,"angle":23.81},{"time":1.9666,"angle":17.55},{"time":2.4,"angle":21.2},{"time":2.9,"angle":0}],"translate":[{"time":0,"x":0,"y":0},{"time":0.5,"x":-2.52,"y":0.62},{"time":0.6,"x":-0.5,"y":0.12},{"time":1,"x":0,"y":0,"curve":"stepped"},{"time":1.1666,"x":0,"y":0,"curve":"stepped"},{"time":1.3,"x":0,"y":0,"curve":"stepped"},{"time":1.4666,"x":0,"y":0,"curve":"stepped"},{"time":1.6333,"x":0,"y":0,"curve":"stepped"},{"time":1.8,"x":0,"y":0,"curve":"stepped"},{"time":1.9666,"x":0,"y":0,"curve":"stepped"},{"time":2.4,"x":0,"y":0,"curve":"stepped"},{"time":2.9,"x":0,"y":0}],"scale":[{"time":0,"x":1,"y":1,"curve":"stepped"},{"time":0.5,"x":1,"y":1,"curve":"stepped"},{"time":0.6,"x":1,"y":1,"curve":"stepped"},{"time":1,"x":1,"y":1,"curve":"stepped"},{"time":1.1666,"x":1,"y":1,"curve":"stepped"},{"time":1.3,"x":1,"y":1,"curve":"stepped"},{"time":1.4666,"x":1,"y":1,"curve":"stepped"},{"time":1.6333,"x":1,"y":1,"curve":"stepped"},{"time":1.8,"x":1,"y":1,"curve":"stepped"},{"time":1.9666,"x":1,"y":1,"curve":"stepped"},{"time":2.4,"x":1,"y":1,"curve":"stepped"},{"time":2.9,"x":1,"y":1}]},"bone3":{"rotate":[{"time":0,"angle":0},{"time":0.5,"angle":-12.83},{"time":0.6,"angle":-2.56},{"time":1,"angle":0,"curve":"stepped"},{"time":1.1666,"angle":0,"curve":"stepped"},{"time":1.3,"angle":0,"curve":"stepped"},{"time":1.4666,"angle":0,"curve":"stepped"},{"time":1.6333,"angle":0,"curve":"stepped"},{"time":1.8,"angle":0,"curve":"stepped"},{"time":1.9666,"angle":0,"curve":"stepped"},{"time":2.1333,"angle":0,"curve":"stepped"},{"time":2.4,"angle":0,"curve":"stepped"},{"time":2.9,"angle":0}],"translate":[{"time":0,"x":0,"y":0},{"time":0.5,"x":-0.12,"y":-2.6},{"time":0.6,"x":-0.02,"y":-0.52},{"time":1,"x":0,"y":0,"curve":"stepped"},{"time":1.1666,"x":0,"y":0,"curve":"stepped"},{"time":1.3,"x":0,"y":0,"curve":"stepped"},{"time":1.4666,"x":0,"y":0,"curve":"stepped"},{"time":1.6333,"x":0,"y":0,"curve":"stepped"},{"time":1.8,"x":0,"y":0,"curve":"stepped"},{"time":1.9666,"x":0,"y":0,"curve":"stepped"},{"time":2.1333,"x":0,"y":0,"curve":"stepped"},{"time":2.4,"x":0,"y":0,"curve":"stepped"},{"time":2.9,"x":0,"y":0}],"scale":[{"time":0,"x":1,"y":1,"curve":"stepped"},{"time":0.5,"x":1,"y":1,"curve":"stepped"},{"time":0.6,"x":1,"y":1,"curve":"stepped"},{"time":1,"x":1,"y":1,"curve":"stepped"},{"time":1.1666,"x":1,"y":1,"curve":"stepped"},{"time":1.3,"x":1,"y":1,"curve":"stepped"},{"time":1.4666,"x":1,"y":1,"curve":"stepped"},{"time":1.6333,"x":1,"y":1,"curve":"stepped"},{"time":1.8,"x":1,"y":1,"curve":"stepped"},{"time":1.9666,"x":1,"y":1,"curve":"stepped"},{"time":2.1333,"x":1,"y":1,"curve":"stepped"},{"time":2.4,"x":1,"y":1,"curve":"stepped"},{"time":2.9,"x":1,"y":1}]},"MON40055_1":{"rotate":[{"time":0,"angle":0,"curve":"stepped"},{"time":0.5,"angle":0,"curve":"stepped"},{"time":0.6,"angle":0,"curve":"stepped"},{"time":1,"angle":0,"curve":"stepped"},{"time":1.1666,"angle":0,"curve":"stepped"},{"time":1.3,"angle":0,"curve":"stepped"},{"time":1.4666,"angle":0,"curve":"stepped"},{"time":1.6333,"angle":0,"curve":"stepped"},{"time":1.8,"angle":0,"curve":"stepped"},{"time":1.9666,"angle":0,"curve":"stepped"},{"time":2.1333,"angle":0,"curve":"stepped"},{"time":2.4,"angle":0,"curve":"stepped"},{"time":2.9,"angle":0}],"translate":[{"time":0,"x":0,"y":0,"curve":"stepped"},{"time":0.5,"x":0,"y":0,"curve":"stepped"},{"time":0.6,"x":0,"y":0,"curve":"stepped"},{"time":1,"x":0,"y":0,"curve":"stepped"},{"time":1.1666,"x":0,"y":0,"curve":"stepped"},{"time":1.3,"x":0,"y":0,"curve":"stepped"},{"time":1.4666,"x":0,"y":0,"curve":"stepped"},{"time":1.6333,"x":0,"y":0,"curve":"stepped"},{"time":1.8,"x":0,"y":0,"curve":"stepped"},{"time":1.9666,"x":0,"y":0,"curve":"stepped"},{"time":2.1333,"x":0,"y":0,"curve":"stepped"},{"time":2.4,"x":0,"y":0,"curve":"stepped"},{"time":2.9,"x":0,"y":0}],"scale":[{"time":0,"x":1,"y":1,"curve":"stepped"},{"time":0.5,"x":1,"y":1,"curve":"stepped"},{"time":0.6,"x":1,"y":1,"curve":"stepped"},{"time":1,"x":1,"y":1,"curve":"stepped"},{"time":1.1666,"x":1,"y":1,"curve":"stepped"},{"time":1.3,"x":1,"y":1,"curve":"stepped"},{"time":1.4666,"x":1,"y":1,"curve":"stepped"},{"time":1.6333,"x":1,"y":1,"curve":"stepped"},{"time":1.8,"x":1,"y":1,"curve":"stepped"},{"time":1.9666,"x":1,"y":1,"curve":"stepped"},{"time":2.1333,"x":1,"y":1,"curve":"stepped"},{"time":2.4,"x":1,"y":1,"curve":"stepped"},{"time":2.9,"x":1,"y":1}]},"MON40055_14":{"rotate":[{"time":0,"angle":0},{"time":0.2,"angle":-3.07},{"time":0.5,"angle":-26.17},{"time":0.6,"angle":22.75},{"time":0.6666,"angle":23.12},{"time":1,"angle":-58.38},{"time":1.1666,"angle":-97.23},{"time":1.3,"angle":-11.48},{"time":1.4666,"angle":-57.41},{"time":1.6333,"angle":-11.48},{"time":1.8,"angle":-45.88},{"time":1.9666,"angle":-11.48},{"time":2.1333,"angle":-45.88},{"time":2.4,"angle":-64.9},{"time":2.5,"angle":-52.73},{"time":2.9,"angle":0}],"translate":[{"time":0,"x":0,"y":0},{"time":0.5,"x":0.08,"y":0.6},{"time":0.6,"x":0.01,"y":0.12},{"time":1,"x":0,"y":0,"curve":"stepped"},{"time":1.1666,"x":0,"y":0,"curve":"stepped"},{"time":1.3,"x":0,"y":0,"curve":"stepped"},{"time":1.4666,"x":0,"y":0,"curve":"stepped"},{"time":1.6333,"x":0,"y":0,"curve":"stepped"},{"time":1.8,"x":0,"y":0,"curve":"stepped"},{"time":1.9666,"x":0,"y":0,"curve":"stepped"},{"time":2.1333,"x":0,"y":0,"curve":"stepped"},{"time":2.4,"x":0,"y":0,"curve":"stepped"},{"time":2.5,"x":0,"y":0,"curve":"stepped"},{"time":2.9,"x":0,"y":0}],"scale":[{"time":0,"x":1,"y":1,"curve":"stepped"},{"time":0.5,"x":1,"y":1,"curve":"stepped"},{"time":0.6,"x":1,"y":1,"curve":"stepped"},{"time":1,"x":1,"y":1,"curve":"stepped"},{"time":1.1666,"x":1,"y":1,"curve":"stepped"},{"time":1.3,"x":1,"y":1,"curve":"stepped"},{"time":1.4666,"x":1,"y":1,"curve":"stepped"},{"time":1.6333,"x":1,"y":1,"curve":"stepped"},{"time":1.8,"x":1,"y":1,"curve":"stepped"},{"time":1.9666,"x":1,"y":1,"curve":"stepped"},{"time":2.1333,"x":1,"y":1,"curve":"stepped"},{"time":2.4,"x":1,"y":1,"curve":"stepped"},{"time":2.5,"x":1,"y":1,"curve":"stepped"},{"time":2.9,"x":1,"y":1}]},"MON40055_5":{"rotate":[{"time":0,"angle":0},{"time":0.2,"angle":-9.77},{"time":0.5,"angle":-43.49},{"time":0.6,"angle":-32.88},{"time":0.6666,"angle":-2.95},{"time":1,"angle":-42.07},{"time":1.1666,"angle":-32.66},{"time":1.3,"angle":-36.31},{"time":1.4666,"angle":26.16},{"time":1.6333,"angle":-31.52},{"time":1.8,"angle":24.63},{"time":1.9666,"angle":-42.56},{"time":2.1333,"angle":14.83},{"time":2.4,"angle":24.63},{"time":2.9,"angle":0}],"translate":[{"time":0,"x":0,"y":0},{"time":0.5,"x":-2.45,"y":1.72},{"time":0.6,"x":-0.49,"y":0.34},{"time":1,"x":0,"y":0,"curve":"stepped"},{"time":1.1666,"x":0,"y":0,"curve":"stepped"},{"time":1.3,"x":0,"y":0,"curve":"stepped"},{"time":1.4666,"x":0,"y":0,"curve":"stepped"},{"time":1.6333,"x":0,"y":0,"curve":"stepped"},{"time":1.8,"x":0,"y":0,"curve":"stepped"},{"time":1.9666,"x":0,"y":0,"curve":"stepped"},{"time":2.1333,"x":0,"y":0,"curve":"stepped"},{"time":2.4,"x":0,"y":0,"curve":"stepped"},{"time":2.9,"x":0,"y":0}],"scale":[{"time":0,"x":1,"y":1},{"time":0.5,"x":0.914,"y":1},{"time":0.6,"x":0.982,"y":1},{"time":1,"x":1,"y":1,"curve":"stepped"},{"time":1.1666,"x":1,"y":1,"curve":"stepped"},{"time":1.3,"x":1,"y":1,"curve":"stepped"},{"time":1.4666,"x":1,"y":1,"curve":"stepped"},{"time":1.6333,"x":1,"y":1,"curve":"stepped"},{"time":1.8,"x":1,"y":1,"curve":"stepped"},{"time":1.9666,"x":1,"y":1,"curve":"stepped"},{"time":2.1333,"x":1,"y":1,"curve":"stepped"},{"time":2.4,"x":1,"y":1,"curve":"stepped"},{"time":2.9,"x":1,"y":1}]},"bone13":{"rotate":[{"time":0,"angle":0,"curve":"stepped"},{"time":0.5,"angle":0,"curve":"stepped"},{"time":0.6,"angle":0,"curve":"stepped"},{"time":1,"angle":0,"curve":"stepped"},{"time":1.1666,"angle":0,"curve":"stepped"},{"time":1.3,"angle":0,"curve":"stepped"},{"time":1.4666,"angle":0,"curve":"stepped"},{"time":1.6333,"angle":0,"curve":"stepped"},{"time":1.8,"angle":0,"curve":"stepped"},{"time":1.9666,"angle":0,"curve":"stepped"},{"time":2.1333,"angle":0,"curve":"stepped"},{"time":2.4,"angle":0,"curve":"stepped"},{"time":2.9,"angle":0}],"translate":[{"time":0,"x":0,"y":0,"curve":"stepped"},{"time":0.5,"x":0,"y":0,"curve":"stepped"},{"time":0.6,"x":0,"y":0,"curve":"stepped"},{"time":1,"x":0,"y":0,"curve":"stepped"},{"time":1.1666,"x":0,"y":0,"curve":"stepped"},{"time":1.3,"x":0,"y":0,"curve":"stepped"},{"time":1.4666,"x":0,"y":0,"curve":"stepped"},{"time":1.6333,"x":0,"y":0,"curve":"stepped"},{"time":1.8,"x":0,"y":0,"curve":"stepped"},{"time":1.9666,"x":0,"y":0,"curve":"stepped"},{"time":2.1333,"x":0,"y":0,"curve":"stepped"},{"time":2.4,"x":0,"y":0,"curve":"stepped"},{"time":2.9,"x":0,"y":0}],"scale":[{"time":0,"x":1,"y":1,"curve":"stepped"},{"time":0.5,"x":1,"y":1,"curve":"stepped"},{"time":0.6,"x":1,"y":1,"curve":"stepped"},{"time":1,"x":1,"y":1,"curve":"stepped"},{"time":1.1666,"x":1,"y":1,"curve":"stepped"},{"time":1.3,"x":1,"y":1,"curve":"stepped"},{"time":1.4666,"x":1,"y":1,"curve":"stepped"},{"time":1.6333,"x":1,"y":1,"curve":"stepped"},{"time":1.8,"x":1,"y":1,"curve":"stepped"},{"time":1.9666,"x":1,"y":1,"curve":"stepped"},{"time":2.1333,"x":1,"y":1,"curve":"stepped"},{"time":2.4,"x":1,"y":1,"curve":"stepped"},{"time":2.9,"x":1,"y":1}]},"bone4":{"rotate":[{"time":0,"angle":0},{"time":0.3333,"angle":-1.56},{"time":0.6,"angle":6.45},{"time":1,"angle":0},{"time":1.0666,"angle":-2.99},{"time":1.1666,"angle":-7.81},{"time":1.3,"angle":0},{"time":1.4666,"angle":3.65},{"time":1.6333,"angle":3.8},{"time":1.8,"angle":-4.41},{"time":1.9666,"angle":-0.24},{"time":2.1333,"angle":0,"curve":"stepped"},{"time":2.4,"angle":0,"curve":"stepped"},{"time":2.9,"angle":0}],"translate":[{"time":0,"x":0,"y":0,"curve":"stepped"},{"time":0.3333,"x":0,"y":0,"curve":"stepped"},{"time":0.6,"x":0,"y":0,"curve":"stepped"},{"time":1,"x":0,"y":0,"curve":"stepped"},{"time":1.0666,"x":0,"y":0,"curve":"stepped"},{"time":1.1666,"x":0,"y":0,"curve":"stepped"},{"time":1.3,"x":0,"y":0,"curve":"stepped"},{"time":1.4666,"x":0,"y":0,"curve":"stepped"},{"time":1.6333,"x":0,"y":0,"curve":"stepped"},{"time":1.8,"x":0,"y":0,"curve":"stepped"},{"time":1.9666,"x":0,"y":0,"curve":"stepped"},{"time":2.1333,"x":0,"y":0,"curve":"stepped"},{"time":2.4,"x":0,"y":0,"curve":"stepped"},{"time":2.9,"x":0,"y":0}],"scale":[{"time":0,"x":1,"y":1,"curve":"stepped"},{"time":0.3333,"x":1,"y":1,"curve":"stepped"},{"time":0.6,"x":1,"y":1,"curve":"stepped"},{"time":1,"x":1,"y":1,"curve":"stepped"},{"time":1.0666,"x":1,"y":1,"curve":"stepped"},{"time":1.1666,"x":1,"y":1,"curve":"stepped"},{"time":1.3,"x":1,"y":1,"curve":"stepped"},{"time":1.4666,"x":1,"y":1,"curve":"stepped"},{"time":1.6333,"x":1,"y":1,"curve":"stepped"},{"time":1.8,"x":1,"y":1,"curve":"stepped"},{"time":1.9666,"x":1,"y":1,"curve":"stepped"},{"time":2.1333,"x":1,"y":1,"curve":"stepped"},{"time":2.4,"x":1,"y":1,"curve":"stepped"},{"time":2.9,"x":1,"y":1}]},"MON40055_13":{"rotate":[{"time":0,"angle":0},{"time":0.2,"angle":-27.07},{"time":0.5,"angle":-19.23},{"time":0.6,"angle":18.67},{"time":0.6666,"angle":29.05},{"time":1,"angle":-0.53},{"time":1.1666,"angle":68.14},{"time":1.3,"angle":28.15},{"time":1.4666,"angle":50.23},{"time":1.6333,"angle":28.15},{"time":1.8,"angle":65.27},{"time":1.9666,"angle":28.15},{"time":2.1333,"angle":65.27},{"time":2.4,"angle":75.45},{"time":2.5,"angle":61.3},{"time":2.5666,"angle":21.94},{"time":2.9,"angle":0}],"translate":[{"time":0,"x":0,"y":0,"curve":"stepped"},{"time":0.5,"x":0,"y":0,"curve":"stepped"},{"time":0.6,"x":0,"y":0,"curve":"stepped"},{"time":1,"x":0,"y":0},{"time":1.1666,"x":-4.11,"y":-8.28},{"time":1.3,"x":-4.93,"y":-9.94},{"time":1.4666,"x":-4.77,"y":-9.11},{"time":1.6333,"x":-4.93,"y":-9.94},{"time":1.8,"x":-4.77,"y":-9.11},{"time":1.9666,"x":-4.93,"y":-9.94},{"time":2.1333,"x":-4.77,"y":-9.11},{"time":2.4,"x":-3.94,"y":-6.02},{"time":2.5,"x":-3.2,"y":-4.89},{"time":2.9,"x":0,"y":0}],"scale":[{"time":0,"x":1,"y":1,"curve":"stepped"},{"time":0.5,"x":1,"y":1,"curve":"stepped"},{"time":0.6,"x":1,"y":1,"curve":"stepped"},{"time":1,"x":1,"y":1,"curve":"stepped"},{"time":1.1666,"x":1,"y":1,"curve":"stepped"},{"time":1.3,"x":1,"y":1,"curve":"stepped"},{"time":1.4666,"x":1,"y":1,"curve":"stepped"},{"time":1.6333,"x":1,"y":1,"curve":"stepped"},{"time":1.8,"x":1,"y":1,"curve":"stepped"},{"time":1.9666,"x":1,"y":1,"curve":"stepped"},{"time":2.1333,"x":1,"y":1,"curve":"stepped"},{"time":2.4,"x":1,"y":1,"curve":"stepped"},{"time":2.5,"x":1,"y":1,"curve":"stepped"},{"time":2.9,"x":1,"y":1}]},"MON40055_4":{"rotate":[{"time":0,"angle":0},{"time":0.2,"angle":-8.45},{"time":0.5,"angle":-29.19},{"time":0.6,"angle":-5.83},{"time":1,"angle":-36.25},{"time":1.1666,"angle":-39.14},{"time":1.3,"angle":-39.99},{"time":1.4666,"angle":-1.23},{"time":1.6333,"angle":-36.97},{"time":1.8,"angle":-14.98},{"time":1.9666,"angle":-43.37},{"time":2.1333,"angle":-19.38},{"time":2.4,"angle":-14.98},{"time":2.9,"angle":0}],"translate":[{"time":0,"x":0,"y":0,"curve":"stepped"},{"time":0.5,"x":0,"y":0,"curve":"stepped"},{"time":0.6,"x":0,"y":0,"curve":"stepped"},{"time":1,"x":0,"y":0,"curve":"stepped"},{"time":1.1666,"x":0,"y":0,"curve":"stepped"},{"time":1.3,"x":0,"y":0,"curve":"stepped"},{"time":1.4666,"x":0,"y":0,"curve":"stepped"},{"time":1.6333,"x":0,"y":0,"curve":"stepped"},{"time":1.8,"x":0,"y":0,"curve":"stepped"},{"time":1.9666,"x":0,"y":0,"curve":"stepped"},{"time":2.1333,"x":0,"y":0,"curve":"stepped"},{"time":2.4,"x":0,"y":0,"curve":"stepped"},{"time":2.9,"x":0,"y":0}],"scale":[{"time":0,"x":1,"y":1,"curve":"stepped"},{"time":0.5,"x":1,"y":1,"curve":"stepped"},{"time":0.6,"x":1,"y":1,"curve":"stepped"},{"time":1,"x":1,"y":1,"curve":"stepped"},{"time":1.1666,"x":1,"y":1,"curve":"stepped"},{"time":1.3,"x":1,"y":1,"curve":"stepped"},{"time":1.4666,"x":1,"y":1,"curve":"stepped"},{"time":1.6333,"x":1,"y":1,"curve":"stepped"},{"time":1.8,"x":1,"y":1,"curve":"stepped"},{"time":1.9666,"x":1,"y":1,"curve":"stepped"},{"time":2.1333,"x":1,"y":1,"curve":"stepped"},{"time":2.4,"x":1,"y":1,"curve":"stepped"},{"time":2.9,"x":1,"y":1}]},"bone14":{"rotate":[{"time":0,"angle":0},{"time":0.5,"angle":6.61},{"time":0.6,"angle":0,"curve":"stepped"},{"time":1,"angle":0},{"time":1.1666,"angle":-4.19},{"time":1.3,"angle":0,"curve":"stepped"},{"time":1.4666,"angle":0,"curve":"stepped"},{"time":1.6333,"angle":0,"curve":"stepped"},{"time":1.8,"angle":0,"curve":"stepped"},{"time":1.9666,"angle":0,"curve":"stepped"},{"time":2.1333,"angle":0,"curve":"stepped"},{"time":2.4,"angle":0,"curve":"stepped"},{"time":2.9,"angle":0}],"translate":[{"time":0,"x":0,"y":0,"curve":"stepped"},{"time":0.5,"x":0,"y":0,"curve":"stepped"},{"time":0.6,"x":0,"y":0,"curve":"stepped"},{"time":1,"x":0,"y":0,"curve":"stepped"},{"time":1.1666,"x":0,"y":0,"curve":"stepped"},{"time":1.3,"x":0,"y":0,"curve":"stepped"},{"time":1.4666,"x":0,"y":0,"curve":"stepped"},{"time":1.6333,"x":0,"y":0,"curve":"stepped"},{"time":1.8,"x":0,"y":0,"curve":"stepped"},{"time":1.9666,"x":0,"y":0,"curve":"stepped"},{"time":2.1333,"x":0,"y":0,"curve":"stepped"},{"time":2.4,"x":0,"y":0,"curve":"stepped"},{"time":2.9,"x":0,"y":0}],"scale":[{"time":0,"x":1,"y":1,"curve":"stepped"},{"time":0.5,"x":1,"y":1,"curve":"stepped"},{"time":0.6,"x":1,"y":1,"curve":"stepped"},{"time":1,"x":1,"y":1,"curve":"stepped"},{"time":1.1666,"x":1,"y":1,"curve":"stepped"},{"time":1.3,"x":1,"y":1,"curve":"stepped"},{"time":1.4666,"x":1,"y":1,"curve":"stepped"},{"time":1.6333,"x":1,"y":1,"curve":"stepped"},{"time":1.8,"x":1,"y":1,"curve":"stepped"},{"time":1.9666,"x":1,"y":1,"curve":"stepped"},{"time":2.1333,"x":1,"y":1,"curve":"stepped"},{"time":2.4,"x":1,"y":1,"curve":"stepped"},{"time":2.9,"x":1,"y":1}]},"bone5":{"rotate":[{"time":0,"angle":0},{"time":0.3333,"angle":-6.91},{"time":0.6,"angle":26.25},{"time":1,"angle":18.25},{"time":1.0666,"angle":-5.76},{"time":1.1666,"angle":-12.47},{"time":1.3,"angle":0},{"time":1.4666,"angle":17.26},{"time":1.6333,"angle":-5.33},{"time":1.8,"angle":-9.51},{"time":1.9666,"angle":10.9},{"time":2.1333,"angle":-9.08},{"time":2.4,"angle":9.21},{"time":2.9,"angle":0}],"translate":[{"time":0,"x":0,"y":0,"curve":"stepped"},{"time":0.3333,"x":0,"y":0,"curve":"stepped"},{"time":0.6,"x":0,"y":0,"curve":"stepped"},{"time":1,"x":0,"y":0,"curve":"stepped"},{"time":1.0666,"x":0,"y":0,"curve":"stepped"},{"time":1.1666,"x":0,"y":0,"curve":"stepped"},{"time":1.3,"x":0,"y":0,"curve":"stepped"},{"time":1.4666,"x":0,"y":0,"curve":"stepped"},{"time":1.6333,"x":0,"y":0,"curve":"stepped"},{"time":1.8,"x":0,"y":0,"curve":"stepped"},{"time":1.9666,"x":0,"y":0,"curve":"stepped"},{"time":2.1333,"x":0,"y":0,"curve":"stepped"},{"time":2.4,"x":0,"y":0,"curve":"stepped"},{"time":2.9,"x":0,"y":0}],"scale":[{"time":0,"x":1,"y":1,"curve":"stepped"},{"time":0.3333,"x":1,"y":1,"curve":"stepped"},{"time":0.6,"x":1,"y":1,"curve":"stepped"},{"time":1,"x":1,"y":1,"curve":"stepped"},{"time":1.0666,"x":1,"y":1,"curve":"stepped"},{"time":1.1666,"x":1,"y":1,"curve":"stepped"},{"time":1.3,"x":1,"y":1,"curve":"stepped"},{"time":1.4666,"x":1,"y":1,"curve":"stepped"},{"time":1.6333,"x":1,"y":1,"curve":"stepped"},{"time":1.8,"x":1,"y":1,"curve":"stepped"},{"time":1.9666,"x":1,"y":1,"curve":"stepped"},{"time":2.1333,"x":1,"y":1,"curve":"stepped"},{"time":2.4,"x":1,"y":1,"curve":"stepped"},{"time":2.9,"x":1,"y":1}]},"MON40055_16":{"rotate":[{"time":0,"angle":0,"curve":"stepped"},{"time":0.5,"angle":0},{"time":0.6,"angle":27.27},{"time":0.6666,"angle":0},{"time":0.7333,"angle":-8.29},{"time":0.8,"angle":-25.49},{"time":0.8666,"angle":-86.76},{"time":0.9333,"angle":198.11},{"time":1,"angle":126.53},{"time":1.0666,"angle":39.66},{"time":1.1333,"angle":-42.46},{"time":1.2,"angle":-97.52},{"time":1.3,"angle":184.54,"curve":"stepped"},{"time":1.4666,"angle":184.54,"curve":"stepped"},{"time":1.6333,"angle":184.54,"curve":"stepped"},{"time":1.8,"angle":184.54,"curve":"stepped"},{"time":1.9666,"angle":184.54},{"time":2.1333,"angle":-175.45},{"time":2.4,"angle":184.54},{"time":2.5,"angle":-175.45},{"time":2.5666,"angle":163.12},{"time":2.6333,"angle":77.28},{"time":2.7,"angle":-47.07},{"time":2.7666,"angle":191.11},{"time":2.8333,"angle":49.26},{"time":2.9,"angle":0}],"translate":[{"time":0,"x":0,"y":0,"curve":"stepped"},{"time":0.5,"x":0,"y":0,"curve":"stepped"},{"time":0.6,"x":0,"y":0,"curve":"stepped"},{"time":0.6666,"x":0,"y":0,"curve":"stepped"},{"time":1,"x":0,"y":0,"curve":"stepped"},{"time":1.1666,"x":0,"y":0,"curve":"stepped"},{"time":1.3,"x":0,"y":0,"curve":"stepped"},{"time":1.4666,"x":0,"y":0,"curve":"stepped"},{"time":1.6333,"x":0,"y":0,"curve":"stepped"},{"time":1.8,"x":0,"y":0,"curve":"stepped"},{"time":1.9666,"x":0,"y":0,"curve":"stepped"},{"time":2.1333,"x":0,"y":0,"curve":"stepped"},{"time":2.4,"x":0,"y":0,"curve":"stepped"},{"time":2.5,"x":0,"y":0,"curve":"stepped"},{"time":2.5666,"x":0,"y":0,"curve":"stepped"},{"time":2.9,"x":0,"y":0}],"scale":[{"time":0,"x":1,"y":1},{"time":0.5,"x":1.042,"y":0.965},{"time":0.6,"x":1.008,"y":0.993},{"time":1,"x":1,"y":1},{"time":1.1666,"x":1.491,"y":1},{"time":1.3,"x":1.589,"y":1,"curve":"stepped"},{"time":1.4666,"x":1.589,"y":1,"curve":"stepped"},{"time":1.6333,"x":1.589,"y":1,"curve":"stepped"},{"time":1.8,"x":1.589,"y":1,"curve":"stepped"},{"time":1.9666,"x":1.589,"y":1,"curve":"stepped"},{"time":2.1333,"x":1.589,"y":1,"curve":"stepped"},{"time":2.4,"x":1.589,"y":1,"curve":"stepped"},{"time":2.5,"x":1.589,"y":1,"curve":"stepped"},{"time":2.5666,"x":1.589,"y":1},{"time":2.9,"x":1,"y":1}]},"bone15":{"rotate":[{"time":0,"angle":0},{"time":0.5,"angle":-3.83},{"time":0.6,"angle":-1.97},{"time":1,"angle":0},{"time":1.1666,"angle":-3.71},{"time":1.3,"angle":0,"curve":"stepped"},{"time":1.4666,"angle":0,"curve":"stepped"},{"time":1.6333,"angle":0,"curve":"stepped"},{"time":1.8,"angle":0,"curve":"stepped"},{"time":1.9666,"angle":0,"curve":"stepped"},{"time":2.1333,"angle":0,"curve":"stepped"},{"time":2.4,"angle":0,"curve":"stepped"},{"time":2.9,"angle":0}],"translate":[{"time":0,"x":0,"y":0,"curve":"stepped"},{"time":0.5,"x":0,"y":0,"curve":"stepped"},{"time":0.6,"x":0,"y":0,"curve":"stepped"},{"time":1,"x":0,"y":0,"curve":"stepped"},{"time":1.1666,"x":0,"y":0,"curve":"stepped"},{"time":1.3,"x":0,"y":0,"curve":"stepped"},{"time":1.4666,"x":0,"y":0,"curve":"stepped"},{"time":1.6333,"x":0,"y":0,"curve":"stepped"},{"time":1.8,"x":0,"y":0,"curve":"stepped"},{"time":1.9666,"x":0,"y":0,"curve":"stepped"},{"time":2.1333,"x":0,"y":0,"curve":"stepped"},{"time":2.4,"x":0,"y":0,"curve":"stepped"},{"time":2.9,"x":0,"y":0}],"scale":[{"time":0,"x":1,"y":1,"curve":"stepped"},{"time":0.5,"x":1,"y":1,"curve":"stepped"},{"time":0.6,"x":1,"y":1,"curve":"stepped"},{"time":1,"x":1,"y":1,"curve":"stepped"},{"time":1.1666,"x":1,"y":1,"curve":"stepped"},{"time":1.3,"x":1,"y":1,"curve":"stepped"},{"time":1.4666,"x":1,"y":1,"curve":"stepped"},{"time":1.6333,"x":1,"y":1,"curve":"stepped"},{"time":1.8,"x":1,"y":1,"curve":"stepped"},{"time":1.9666,"x":1,"y":1,"curve":"stepped"},{"time":2.1333,"x":1,"y":1,"curve":"stepped"},{"time":2.4,"x":1,"y":1,"curve":"stepped"},{"time":2.9,"x":1,"y":1}]},"bone6":{"rotate":[{"time":0,"angle":0},{"time":0.3333,"angle":-12.56},{"time":0.6,"angle":23.06},{"time":1,"angle":13.66},{"time":1.0666,"angle":-9.99},{"time":1.1666,"angle":-17.61},{"time":1.3,"angle":0},{"time":1.4666,"angle":21.02},{"time":1.6333,"angle":-4.99},{"time":1.8,"angle":-6.6},{"time":1.9666,"angle":11.45},{"time":2.1333,"angle":-9.53},{"time":2.4,"angle":20.08},{"time":2.9,"angle":0}],"translate":[{"time":0,"x":0,"y":0,"curve":"stepped"},{"time":0.3333,"x":0,"y":0,"curve":"stepped"},{"time":0.6,"x":0,"y":0,"curve":"stepped"},{"time":1,"x":0,"y":0,"curve":"stepped"},{"time":1.0666,"x":0,"y":0,"curve":"stepped"},{"time":1.1666,"x":0,"y":0,"curve":"stepped"},{"time":1.3,"x":0,"y":0,"curve":"stepped"},{"time":1.4666,"x":0,"y":0,"curve":"stepped"},{"time":1.6333,"x":0,"y":0,"curve":"stepped"},{"time":1.8,"x":0,"y":0,"curve":"stepped"},{"time":1.9666,"x":0,"y":0,"curve":"stepped"},{"time":2.1333,"x":0,"y":0,"curve":"stepped"},{"time":2.4,"x":0,"y":0,"curve":"stepped"},{"time":2.9,"x":0,"y":0}],"scale":[{"time":0,"x":1,"y":1,"curve":"stepped"},{"time":0.3333,"x":1,"y":1,"curve":"stepped"},{"time":0.6,"x":1,"y":1,"curve":"stepped"},{"time":1,"x":1,"y":1,"curve":"stepped"},{"time":1.0666,"x":1,"y":1,"curve":"stepped"},{"time":1.1666,"x":1,"y":1,"curve":"stepped"},{"time":1.3,"x":1,"y":1,"curve":"stepped"},{"time":1.4666,"x":1,"y":1,"curve":"stepped"},{"time":1.6333,"x":1,"y":1,"curve":"stepped"},{"time":1.8,"x":1,"y":1,"curve":"stepped"},{"time":1.9666,"x":1,"y":1,"curve":"stepped"},{"time":2.1333,"x":1,"y":1,"curve":"stepped"},{"time":2.4,"x":1,"y":1,"curve":"stepped"},{"time":2.9,"x":1,"y":1}]},"bone16":{"rotate":[{"time":0,"angle":0},{"time":0.5,"angle":-4.84},{"time":0.6,"angle":-2.96},{"time":1,"angle":0},{"time":1.1666,"angle":-5.52},{"time":1.3,"angle":0,"curve":"stepped"},{"time":1.4666,"angle":0,"curve":"stepped"},{"time":1.6333,"angle":0,"curve":"stepped"},{"time":1.8,"angle":0,"curve":"stepped"},{"time":1.9666,"angle":0,"curve":"stepped"},{"time":2.1333,"angle":0,"curve":"stepped"},{"time":2.4,"angle":0,"curve":"stepped"},{"time":2.9,"angle":0}],"translate":[{"time":0,"x":0,"y":0,"curve":"stepped"},{"time":0.5,"x":0,"y":0,"curve":"stepped"},{"time":0.6,"x":0,"y":0,"curve":"stepped"},{"time":1,"x":0,"y":0,"curve":"stepped"},{"time":1.1666,"x":0,"y":0,"curve":"stepped"},{"time":1.3,"x":0,"y":0,"curve":"stepped"},{"time":1.4666,"x":0,"y":0,"curve":"stepped"},{"time":1.6333,"x":0,"y":0,"curve":"stepped"},{"time":1.8,"x":0,"y":0,"curve":"stepped"},{"time":1.9666,"x":0,"y":0,"curve":"stepped"},{"time":2.1333,"x":0,"y":0,"curve":"stepped"},{"time":2.4,"x":0,"y":0,"curve":"stepped"},{"time":2.9,"x":0,"y":0}],"scale":[{"time":0,"x":1,"y":1,"curve":"stepped"},{"time":0.5,"x":1,"y":1,"curve":"stepped"},{"time":0.6,"x":1,"y":1,"curve":"stepped"},{"time":1,"x":1,"y":1,"curve":"stepped"},{"time":1.1666,"x":1,"y":1,"curve":"stepped"},{"time":1.3,"x":1,"y":1,"curve":"stepped"},{"time":1.4666,"x":1,"y":1,"curve":"stepped"},{"time":1.6333,"x":1,"y":1,"curve":"stepped"},{"time":1.8,"x":1,"y":1,"curve":"stepped"},{"time":1.9666,"x":1,"y":1,"curve":"stepped"},{"time":2.1333,"x":1,"y":1,"curve":"stepped"},{"time":2.4,"x":1,"y":1,"curve":"stepped"},{"time":2.9,"x":1,"y":1}]},"bone8":{"rotate":[{"time":0,"angle":0},{"time":0.3333,"angle":-7.15},{"time":0.6,"angle":17.62},{"time":1,"angle":11.54},{"time":1.0666,"angle":-15.63},{"time":1.1666,"angle":-21.92},{"time":1.3,"angle":0},{"time":1.4666,"angle":16.95},{"time":1.6333,"angle":-15.3},{"time":1.8,"angle":-13.57},{"time":1.9666,"angle":6.69},{"time":2.1333,"angle":-18.63},{"time":2.4,"angle":4.4},{"time":2.9,"angle":0}],"translate":[{"time":0,"x":0,"y":0,"curve":"stepped"},{"time":0.3333,"x":0,"y":0,"curve":"stepped"},{"time":0.6,"x":0,"y":0,"curve":"stepped"},{"time":1,"x":0,"y":0,"curve":"stepped"},{"time":1.0666,"x":0,"y":0,"curve":"stepped"},{"time":1.1666,"x":0,"y":0,"curve":"stepped"},{"time":1.3,"x":0,"y":0,"curve":"stepped"},{"time":1.4666,"x":0,"y":0,"curve":"stepped"},{"time":1.6333,"x":0,"y":0,"curve":"stepped"},{"time":1.8,"x":0,"y":0,"curve":"stepped"},{"time":1.9666,"x":0,"y":0,"curve":"stepped"},{"time":2.1333,"x":0,"y":0,"curve":"stepped"},{"time":2.4,"x":0,"y":0,"curve":"stepped"},{"time":2.9,"x":0,"y":0}],"scale":[{"time":0,"x":1,"y":1,"curve":"stepped"},{"time":0.3333,"x":1,"y":1,"curve":"stepped"},{"time":0.6,"x":1,"y":1,"curve":"stepped"},{"time":1,"x":1,"y":1,"curve":"stepped"},{"time":1.0666,"x":1,"y":1,"curve":"stepped"},{"time":1.1666,"x":1,"y":1,"curve":"stepped"},{"time":1.3,"x":1,"y":1,"curve":"stepped"},{"time":1.4666,"x":1,"y":1,"curve":"stepped"},{"time":1.6333,"x":1,"y":1,"curve":"stepped"},{"time":1.8,"x":1,"y":1,"curve":"stepped"},{"time":1.9666,"x":1,"y":1,"curve":"stepped"},{"time":2.1333,"x":1,"y":1,"curve":"stepped"},{"time":2.4,"x":1,"y":1,"curve":"stepped"},{"time":2.9,"x":1,"y":1}]},"bone9":{"rotate":[{"time":0,"angle":0},{"time":0.3333,"angle":-16.1},{"time":0.6,"angle":21.91},{"time":1,"angle":12.64},{"time":1.0666,"angle":-25.37},{"time":1.1666,"angle":-23.98},{"time":1.3,"angle":0},{"time":1.4666,"angle":15.6},{"time":1.6333,"angle":-18.51},{"time":1.8,"angle":-14.28},{"time":1.9666,"angle":5.95},{"time":2.1333,"angle":-17.56},{"time":2.4,"angle":9.2},{"time":2.9,"angle":0}],"translate":[{"time":0,"x":0,"y":0,"curve":"stepped"},{"time":0.3333,"x":0,"y":0,"curve":"stepped"},{"time":0.6,"x":0,"y":0,"curve":"stepped"},{"time":1,"x":0,"y":0,"curve":"stepped"},{"time":1.0666,"x":0,"y":0,"curve":"stepped"},{"time":1.1666,"x":0,"y":0,"curve":"stepped"},{"time":1.3,"x":0,"y":0,"curve":"stepped"},{"time":1.4666,"x":0,"y":0,"curve":"stepped"},{"time":1.6333,"x":0,"y":0,"curve":"stepped"},{"time":1.8,"x":0,"y":0,"curve":"stepped"},{"time":1.9666,"x":0,"y":0,"curve":"stepped"},{"time":2.1333,"x":0,"y":0,"curve":"stepped"},{"time":2.4,"x":0,"y":0,"curve":"stepped"},{"time":2.9,"x":0,"y":0}],"scale":[{"time":0,"x":1,"y":1,"curve":"stepped"},{"time":0.3333,"x":1,"y":1,"curve":"stepped"},{"time":0.6,"x":1,"y":1,"curve":"stepped"},{"time":1,"x":1,"y":1,"curve":"stepped"},{"time":1.0666,"x":1,"y":1,"curve":"stepped"},{"time":1.1666,"x":1,"y":1,"curve":"stepped"},{"time":1.3,"x":1,"y":1,"curve":"stepped"},{"time":1.4666,"x":1,"y":1,"curve":"stepped"},{"time":1.6333,"x":1,"y":1,"curve":"stepped"},{"time":1.8,"x":1,"y":1,"curve":"stepped"},{"time":1.9666,"x":1,"y":1,"curve":"stepped"},{"time":2.1333,"x":1,"y":1,"curve":"stepped"},{"time":2.4,"x":1,"y":1,"curve":"stepped"},{"time":2.9,"x":1,"y":1}]},"bone7":{"rotate":[{"time":0,"angle":0},{"time":0.3333,"angle":-4.31},{"time":0.6,"angle":6.28},{"time":1,"angle":0},{"time":1.0666,"angle":-3.98},{"time":1.1666,"angle":-15.93},{"time":1.3,"angle":0,"curve":"stepped"},{"time":1.4666,"angle":0},{"time":1.6333,"angle":-0.46},{"time":1.8,"angle":-7.7},{"time":1.9666,"angle":-4.41},{"time":2.1333,"angle":-9.33},{"time":2.4,"angle":0,"curve":"stepped"},{"time":2.9,"angle":0}],"translate":[{"time":0,"x":0,"y":0,"curve":"stepped"},{"time":0.3333,"x":0,"y":0,"curve":"stepped"},{"time":0.6,"x":0,"y":0,"curve":"stepped"},{"time":1,"x":0,"y":0,"curve":"stepped"},{"time":1.0666,"x":0,"y":0,"curve":"stepped"},{"time":1.1666,"x":0,"y":0,"curve":"stepped"},{"time":1.3,"x":0,"y":0,"curve":"stepped"},{"time":1.4666,"x":0,"y":0,"curve":"stepped"},{"time":1.6333,"x":0,"y":0,"curve":"stepped"},{"time":1.8,"x":0,"y":0,"curve":"stepped"},{"time":1.9666,"x":0,"y":0,"curve":"stepped"},{"time":2.1333,"x":0,"y":0,"curve":"stepped"},{"time":2.4,"x":0,"y":0,"curve":"stepped"},{"time":2.9,"x":0,"y":0}],"scale":[{"time":0,"x":1,"y":1,"curve":"stepped"},{"time":0.3333,"x":1,"y":1,"curve":"stepped"},{"time":0.6,"x":1,"y":1,"curve":"stepped"},{"time":1,"x":1,"y":1,"curve":"stepped"},{"time":1.0666,"x":1,"y":1,"curve":"stepped"},{"time":1.1666,"x":1,"y":1,"curve":"stepped"},{"time":1.3,"x":1,"y":1,"curve":"stepped"},{"time":1.4666,"x":1,"y":1,"curve":"stepped"},{"time":1.6333,"x":1,"y":1,"curve":"stepped"},{"time":1.8,"x":1,"y":1,"curve":"stepped"},{"time":1.9666,"x":1,"y":1,"curve":"stepped"},{"time":2.1333,"x":1,"y":1,"curve":"stepped"},{"time":2.4,"x":1,"y":1,"curve":"stepped"},{"time":2.9,"x":1,"y":1}]},"shadow":{"rotate":[{"time":0,"angle":0,"curve":"stepped"},{"time":0.5,"angle":0,"curve":"stepped"},{"time":1,"angle":0,"curve":"stepped"},{"time":1.4666,"angle":0,"curve":"stepped"},{"time":1.6333,"angle":0,"curve":"stepped"},{"time":1.8,"angle":0,"curve":"stepped"},{"time":2.9,"angle":0}],"translate":[{"time":0,"x":0,"y":0,"curve":"stepped"},{"time":0.5,"x":0,"y":0},{"time":0.6,"x":-18.7,"y":0},{"time":1,"x":-15.45,"y":0},{"time":1.1666,"x":10.96,"y":0},{"time":1.4666,"x":21.06,"y":0,"curve":"stepped"},{"time":1.6333,"x":21.06,"y":0,"curve":"stepped"},{"time":1.8,"x":21.06,"y":0,"curve":"stepped"},{"time":1.9666,"x":21.06,"y":0,"curve":"stepped"},{"time":2.4,"x":21.06,"y":0},{"time":2.9,"x":0,"y":0}],"scale":[{"time":0,"x":1,"y":1},{"time":0.5,"x":1.1,"y":1.1},{"time":0.6,"x":1.095,"y":1.095},{"time":1,"x":0.9,"y":0.9},{"time":1.1666,"x":1,"y":1},{"time":1.4666,"x":1.2,"y":1.2},{"time":1.6333,"x":1.1,"y":1.1},{"time":1.8,"x":1.2,"y":1.2},{"time":1.9666,"x":1.1,"y":1.1},{"time":2.4,"x":1.2,"y":1.2},{"time":2.9,"x":1,"y":1}]},"fx_yinbo":{"scale":[{"time":0,"x":1,"y":1,"curve":"stepped"},{"time":1.4,"x":1,"y":1},{"time":1.6,"x":1.5,"y":1.5},{"time":1.7666,"x":1,"y":1},{"time":1.9666,"x":1.5,"y":1.5},{"time":2.0666,"x":1,"y":1},{"time":2.2666,"x":1.5,"y":1.5}]}},"ffd":{"default":{"MON40055_7":{"MON40055_7":[{"time":0},{"time":0.5,"vertices":[-1.21516,2.51956,7.24362,1.51228,14.57248,-4.17887,6.1137,-3.17161]},{"time":0.6,"vertices":[-11.26394,4.94923,13.03504,12.50978,12.6315,-7.63834,-2.61496,-10.58818]},{"time":1,"vertices":[-4.14409,10.28548,-3.42047,1.80729,-6.34917,7.25861,-4.03413,5.32682]},{"time":1.1666,"vertices":[-1.80104,8.81694,-1.9868,2.51344,-0.88872,5.39186,3.5871,6.41414]},{"time":1.4666,"vertices":[10.53952,0.68793,-9.78793,-0.16424,-0.16523,8.10392,15.4927,11.78651]},{"time":1.6333},{"time":1.8,"vertices":[10.53952,0.68793,-9.78793,-0.16424,-0.16523,8.10392,15.4927,11.78651]},{"time":1.9666},{"time":2.4,"vertices":[10.53952,0.68793,-9.78793,-0.16424,-0.16523,8.10392,15.4927,11.78651]},{"time":2.9}]},"MON40055_12":{"MON40055_12":[{"time":0},{"time":0.5,"vertices":[-5.20728,0.01509,-5.20686,-0.06777,-5.24939,0.04238,-5.2494,-0.04115,-2.81414,0.24084,-2.81762,0.19603,0.85519,0.24067,0.85124,0.25425,2.21172,0.18054,2.20857,0.21571,2.23703,0.16713,2.23409,0.20271,2.43065,0.16427,2.42773,0.20293,5.29661,0.18535,5.47177,0.09946,5.42449,0.00156,3.03481,-0.14818,3.03678,-0.09986,2.80978,-0.14914,2.8118,-0.1044,5.10416,-0.15558,5.10599,-0.07433,2.91556,-0.25471,2.91925,-0.20828,-2.49984,-0.25169,-2.49552,-0.29144,-5.11283,-0.04616,-5.74237,0.02116,1.62152,-3.11445,1.67087,-3.08825,3.62621,0.07342]},{"time":1,"curve":"stepped"},{"time":1.3,"curve":"stepped"},{"time":1.4666,"curve":"stepped"},{"time":1.6333,"curve":"stepped"},{"time":1.8,"curve":"stepped"},{"time":1.9666,"curve":"stepped"},{"time":2.4,"curve":"stepped"},{"time":2.9}]}}},"drawOrder":[{"time":0.8,"offsets":[{"slot":"MON40055_16","offset":10},{"slot":"MON40055_13","offset":8},{"slot":"MON40055_3","offset":-5},{"slot":"MON40055_1","offset":-5}]}]}}}