{"skeleton":{"hash":"piDRwmef2UDibAV/8yFP/iWaoCM","spine":"3.1.03","width":197.67,"height":228.79},"bones":[{"name":"root"},{"name":"bone","parent":"root","x":2.13,"y":50.57},{"name":"MON20065_DL_7","parent":"bone","length":17.82,"x":-7.62,"y":-1.8,"rotation":87.03},{"name":"bone2","parent":"MON20065_DL_7","length":23.2,"x":17.82,"rotation":-23.08},{"name":"MON20065_DL_8","parent":"bone2","length":8.9,"x":23.61,"y":-0.08,"rotation":26.21},{"name":"MON20065_DL_2","parent":"MON20065_DL_8","length":61.32,"x":8.37,"y":2.1,"rotation":0.78},{"name":"MON20065_DL_0","parent":"MON20065_DL_2","length":12.46,"x":21.79,"y":9.85,"rotation":5.05},{"name":"MON20065_DL_4","parent":"bone2","length":26.9,"x":27.38,"y":-10.07,"rotation":-98.07},{"name":"MON20065_DL_6","parent":"bone2","length":18.56,"x":25.19,"y":-19.87,"rotation":-132.1},{"name":"MON20065_DL_5","parent":"MON20065_DL_6","length":25.92,"x":17.16,"y":-0.1,"rotation":13.24},{"name":"MON20065_DL_9","parent":"bone2","length":18.69,"x":18.3,"y":9.05,"scaleX":1.077,"scaleY":0.962,"rotation":155.07},{"name":"MON20065_DL_10","parent":"MON20065_DL_5","length":12.23,"x":25.29,"y":0.17,"rotation":20.47},{"name":"MON20065_DL_30","parent":"bone2","length":21.15,"x":10.89,"y":7.34,"rotation":-178},{"name":"MON20065_DL_11","parent":"MON20065_DL_30","length":27.39,"x":20.83,"y":-0.83,"rotation":-54.66},{"name":"MON20065_DL_12","parent":"MON20065_DL_11","length":9.79,"x":26.5,"y":0.05,"rotation":-11.36},{"name":"MON20065_DL_13","parent":"MON20065_DL_12","length":41.76,"x":9.4,"y":-0.39,"rotation":-74.99},{"name":"MON20065_DL_14","parent":"MON20065_DL_7","length":13.77,"x":-0.1,"y":0.03,"rotation":-179.72},{"name":"MON20065_DL_15","parent":"MON20065_DL_14","length":15.48,"x":13.99,"y":-0.21,"rotation":1.06},{"name":"MON20065_DL_16","parent":"MON20065_DL_14","length":19.11,"x":4.76,"y":18.3,"rotation":27.17},{"name":"MON20065_DL_17","parent":"MON20065_DL_14","length":15.13,"x":7.9,"y":-8.92,"rotation":-12.43},{"name":"MON20065_DL_18","parent":"bone2","length":28.66,"x":19.32,"y":-2.81,"scaleX":1.018,"rotation":-154.92},{"name":"MON20065_DL_19","parent":"bone2","length":17.03,"x":25.92,"y":-35.89,"rotation":-139.52},{"name":"MON20065_DL_20","parent":"bone2","length":22.05,"x":-0.79,"y":17.35,"rotation":-168.64},{"name":"MON20065_DL_21","parent":"MON20065_DL_5","length":7.54,"x":20.84,"y":-5.19,"rotation":-35.4},{"name":"MON20065_DL_22","parent":"MON20065_DL_11","length":7.08,"x":15.08,"y":6.38,"rotation":87.63},{"name":"bone8","parent":"MON20065_DL_15","length":13.86,"x":15.42,"y":-0.12,"rotation":0.81},{"name":"bone9","parent":"bone8","length":11.61,"x":13.86,"rotation":-0.15},{"name":"bone10","parent":"MON20065_DL_16","length":14.71,"x":19.11,"y":-0.06,"rotation":-2.84},{"name":"bone11","parent":"bone10","length":15.08,"x":14.71,"rotation":3.28},{"name":"bone12","parent":"MON20065_DL_17","length":14.67,"x":15.13,"rotation":1.04},{"name":"bone13","parent":"bone12","length":14.77,"x":14.67,"rotation":-1.4},{"name":"bone14","parent":"MON20065_DL_18","length":25.1,"x":28.66,"y":-0.1,"rotation":0.91},{"name":"bone15","parent":"bone14","length":24.16,"x":25.1,"rotation":0.89},{"name":"bone16","parent":"MON20065_DL_19","length":20.16,"x":17.03,"y":-0.01,"rotation":5.11},{"name":"bone17","parent":"bone16","length":17.85,"x":20.16,"rotation":13.24},{"name":"bone18","parent":"bone17","length":19.95,"x":17.85,"rotation":11.99},{"name":"bone19","parent":"MON20065_DL_20","length":17.08,"x":22.05,"rotation":-6.7},{"name":"bone20","parent":"bone19","length":16.89,"x":17.08,"rotation":-14.96},{"name":"bone21","parent":"bone20","length":16.26,"x":16.89,"y":0.01,"rotation":-16.41},{"name":"bone22","parent":"MON20065_DL_21","length":6.81,"x":7.54,"y":0.03,"rotation":0.26},{"name":"bone23","parent":"bone22","length":5.34,"x":6.81,"rotation":-1.96},{"name":"bone24","parent":"MON20065_DL_22","length":6.14,"x":6.89,"y":0.02,"rotation":-0.36},{"name":"bone25","parent":"bone24","length":5.38,"x":6.14,"rotation":-0.78},{"name":"fx_baoshi","parent":"MON20065_DL_13","length":27.7,"x":118.38,"y":-3.36,"rotation":-0.64},{"name":"fx_skill_huan","parent":"MON20065_DL_13","length":13.2,"x":118.97,"y":-4.03,"rotation":174.09},{"name":"shadow","parent":"root","length":27.61,"x":0.02,"y":-3.59,"scaleX":0.955,"scaleY":0.955,"rotation":-90.25}],"slots":[{"name":"BG3","bone":"root","color":"ffffff4d"},{"name":"shadow","bone":"shadow"},{"name":"MON20065_DL_13","bone":"MON20065_DL_20","attachment":"MON20065_DL_13"},{"name":"MON20065_DL_12","bone":"MON20065_DL_13","attachment":"MON20065_DL_12"},{"name":"MON20065_DL_30","bone":"MON20065_DL_30","attachment":"MON20065_DL_30"},{"name":"MON20065_DL_11","bone":"MON20065_DL_22","attachment":"MON20065_DL_11"},{"name":"MON20065_DL_10","bone":"MON20065_DL_12","attachment":"MON20065_DL_10"},{"name":"MON20065_DL_9","bone":"MON20065_DL_17","attachment":"MON20065_DL_9"},{"name":"MON20065_DL_8","bone":"MON20065_DL_9","attachment":"MON20065_DL_8"},{"name":"MON20065_DL_7","bone":"MON20065_DL_8","attachment":"MON20065_DL_7"},{"name":"MON20065_DL_6","bone":"MON20065_DL_6","attachment":"MON20065_DL_6"},{"name":"MON20065_DL_5","bone":"MON20065_DL_21","attachment":"MON20065_DL_5"},{"name":"MON20065_DL_4","bone":"MON20065_DL_10","attachment":"MON20065_DL_4"},{"name":"MON20065_DL_3","bone":"MON20065_DL_4","attachment":"MON20065_DL_3"},{"name":"MON20065_DL_2","bone":"MON20065_DL_2","attachment":"MON20065_DL_2"},{"name":"MON20065_DL_0","bone":"MON20065_DL_0"},{"name":"fx_baoshi","bone":"fx_baoshi","attachment":"baoshi_00000","blend":"additive"},{"name":"fx_skill_huan","bone":"fx_skill_huan","blend":"additive"}],"skins":{"default":{"MON20065_DL_0":{"MON20065_DL_0":{"x":3.5,"y":-4.27,"rotation":-99.95,"width":48,"height":19}},"MON20065_DL_10":{"MON20065_DL_10":{"x":6.18,"y":-1.5,"rotation":-179.99,"width":16,"height":13}},"MON20065_DL_11":{"MON20065_DL_11":{"type":"weightedmesh","uvs":[1,0.15242,1,0.31444,1,0.4468,0.84346,0.62936,0.68439,0.79367,0.48935,1,0.41635,1,0.34354,1,0.28863,0.87354,0.24886,0.6887,0.21667,0.52439,0,0.53352,0,0.23001,0.29052,0.13188,0.4476,0.06264,0.58971,0,1,0,0.35033,0.46913,0.37783,0.66102,0.39435,0.81653,0.27348,0.46734,0.3568,0.20718,0.39088,0.42626,0.72416,0.2939,0.56773,0.35603,0.43444,0.62936,0.46266,0.81987,0.62413,0.56762,0.78665,0.46049],"triangles":[7,8,19,6,7,19,26,6,19,5,26,4,6,26,5,26,19,18,25,26,18,9,18,19,4,26,25,8,9,19,18,17,25,10,18,9,25,27,4,25,22,27,17,20,22,17,10,20,22,24,27,15,16,0,21,13,14,23,15,0,23,0,1,24,14,15,24,15,23,21,14,24,22,21,24,28,23,1,2,28,1,24,23,28,21,20,12,21,12,13,11,12,10,27,24,28,3,28,2,27,28,3,4,27,3,20,21,22,10,12,20,17,22,25,18,10,17],"vertices":[3,13,-17.26,-0.4,0.99311,24,-8.10999,32.04,1.0E-4,41,-15.2,31.92,0.00677,1,13,-16.02,5.79,1,1,13,-15,10.85,1,1,13,-6.39,16.37999,1,4,13,2.19,21.19,0.17918,24,14.26,13.48,0.12898,41,7.28,13.49,0.37966,42,0.96,13.51,0.31213,3,13,12.77,27.27,2.1E-4,41,13.85,3.22,0.01366,42,7.67,3.32,0.98612,2,24,20.23,-0.21,0,42,7.2,-0.06,0.99999,1,42,6.73,-3.45,1,3,24,14.42,-5.37,0.01901,41,7.56,-5.35,0.3509,42,1.49,-5.33,0.63008,4,13,21.46,13.14,9.7E-4,24,7.01,-6.09,0.54909,41,0.15,-6.12,0.43995,42,-5.9,-6.19,0.00997,1,13,21.68,6.56,1,4,13,31.73,4.91,0.99827,24,-0.78,-16.7,0.00171,41,-7.58,-16.77,0,42,-13.5,-16.95,0,2,13,29.4,-6.69,1,41,-19.29,-14.99,0,2,13,15.26,-7.75,0.99999,41,-21.01,-0.91,0,2,13,7.49,-8.93999,0.99999,41,-22.57,6.78,0,2,13,0.46,-10.02,1,41,-23.98,13.75,0,2,13,-18.44,-6.22,0.99996,41,-21.08,32.82,3.0E-5,1,13,15.09,5.69,1,2,24,6.89,0.06,0.5,41,0,0.03,0.5,2,41,6.11,-0.11,0.5,42,-0.02,-0.11,0.5,1,13,18.62,4.91,1,2,13,12.78,-4.26,0.99999,41,-17.64,1.72,0,1,13,12.9,4.42999,1,1,13,-3.47,2.45,1,1,13,4.21,3.38,1,4,13,12.45,12.59,0.03611,24,6.09,2.88,0.65462,41,-0.82,2.84,0.29944,42,-7,2.75,0.0098,4,13,12.61,20.14,0.01741,24,13.64,3.03,0.03633,41,6.72,3.04,0.48548,42,0.54,3.05,0.46074,4,13,3.23,11.99,0.30414,24,5.11,12.06,0.34287,41,-1.85,12.02,0.27537,42,-8.16,11.92,0.07757,1,13,-5.07,9.39999,1],"hull":17}},"MON20065_DL_12":{"MON20065_DL_12":{"x":38.7,"y":3.87,"scaleX":0.962,"scaleY":0.958,"rotation":-107,"width":73,"height":213}},"MON20065_DL_13":{"MON20065_DL_13":{"type":"weightedmesh","uvs":[0.76075,0.05103,0.79959,0.26574,0.84953,0.4406,0.92445,0.60661,1,0.70179,1,0.94064,1,1,0.93416,0.94527,0.90641,1,0.80514,0.94306,0.66383,0.94637,0.47073,0.94981,0.23517,0.94303,0.15032,0.96519,0.11148,0.9497,0.0657,1,0.04073,0.88994,0,0.92978,0,0.84541,0,0.77484,0.02408,0.67523,0.09761,0.61546,0.15449,0.48266,0.18501,0.3255,0.21969,0.09308,0.29581,0,0.37633,0,0.47322,0,0.56912,0,0.68761,0,0.47229,0.35389,0.47154,0.64183,0.7316,0.30147,0.77886,0.51835,0.84938,0.68371,0.24404,0.35484,0.20191,0.53914,0.13056,0.69125,0.59996,0.32703,0.35474,0.35164,0.62957,0.61415,0.30301,0.60751,0.26535,0.79377,0.47109,0.81254,0.64727,0.7858,0.27954,0.11153,0.69895,0.07772],"triangles":[20,21,37,37,18,19,37,19,20,16,18,37,37,15,16,17,18,16,37,42,14,12,14,42,13,14,12,14,15,37,21,22,36,37,21,36,37,36,41,42,37,41,22,23,35,36,22,35,39,36,35,41,36,39,45,24,25,23,24,45,26,45,25,35,23,45,26,39,45,39,35,45,34,3,4,34,4,5,9,44,34,34,8,9,5,7,34,7,8,34,7,5,6,33,2,3,34,33,3,40,33,34,44,40,34,32,1,2,33,32,2,33,40,38,33,38,32,46,29,0,46,0,1,32,46,1,46,38,28,46,28,29,38,46,32,31,40,44,42,41,31,43,42,31,43,31,44,10,44,9,43,44,10,11,42,43,11,43,10,12,42,11,41,39,30,30,38,40,31,41,30,40,31,30,26,27,39,27,28,38,27,30,39,38,30,27],"vertices":[1,21,-3.7,9.21,1,2,21,16.16,9.85,0.53601,33,0.01,9.89999,0.46398,2,33,17.70999,10.37,0.53116,34,0,10.65,0.46883,3,33,34.50999,16.58,0.00116,34,17.76,12.84,0.41947,35,2.58,12.59,0.57936,2,34,30.68,17.32,0.02591,35,16.15,14.28,0.97408,1,35,31.28,-0.64,1,1,35,35.04,-4.35,1,3,32,27.15,64.35,0.01206,34,42.49,-2.96,0.01134,35,23.48,-8.01,0.97658,3,32,32.65,59.37,0.02984,34,44.61,-10.16,0.03149,35,24.05,-15.49,0.93865,3,32,27.76,50.16,0.08913,34,35.52,-15.33,0.13125,35,14.08,-18.66,0.77959,5,31,52.26,27.77,0.01441,32,27.59,27.34,0.52169,33,50.77,-28.35,0.00547,34,23.3,-34.61,0.2632,35,-1.87,-34.98,0.19519,1,32,27.57,-0.07,1,3,32,26.58,-33.50999,0.31395,37,25.94,25.32,0.29097,38,1.52,26.84,0.39506,3,32,28.38,-45.58,0.11999,37,34.68999,16.82,0.15403,38,12.33,21.15,0.72597,3,32,25.99,-51.07,0.05748,37,36.08,10.97,0.06064,38,15.31,15.94,0.88186,3,32,31.28,-57.63,0.03207,37,44.34,9,0.01415,38,23.79,16.37999,0.95377,2,32,21.62,-61.07,0.00915,38,20.70999,6.42,0.99084,2,32,25.04,-66.89,0.00106,38,27.47,5.77,0.99893,1,38,22.94,-0.22,1,1,38,19.15,-5.23,1,2,37,26.09,-11.61,0.0218,38,12.11,-8.55,0.97819,3,36,28.74,-11.11,0.01336,37,14.14,-7.72,0.58277,38,-0.45,-8.2,0.40385,3,22,35.81,-9.60999,0.01887,36,14.78,-7.95,0.56601,37,-0.16,-8.27,0.4151,2,22,21.18,-9.02,0.50549,36,0.18,-9.06,0.4945,1,22,-0.07,-9.57,1,2,20,-1.15,-25.44,0.10141,22,-10.85,-1.25,0.89858,2,20,-1.37,-14.01,0.54366,22,-13.79,9.79,0.45633,2,20,-1.65,-0.26,0.9964,22,-17.32,23.08,0.00359,2,20,-1.92,13.35,0.66672,21,-14.8,-16.04,0.33327,2,20,-2.25,30.17,0.08237,21,-10.66,0.26,0.91762,2,20,29.26,0.24,0.5,31,0.6,0.33,0.5,2,31,25.76,0.34,0.5,32,0.66,0.33,0.5,2,21,16.87,-0.28,0.5,33,-0.18,-0.25,0.5,2,33,20.25,-0.32,0.5,34,0.01,-0.33,0.5,2,34,17.79999,0.17,0.5,35,-0.01,0.18,0.5,2,22,21.55,-0.25,0.5,36,-0.46,-0.31,0.5,2,36,16.98,0.15,0.5,37,-0.13,0.13,0.5,2,37,16.77,0.04,0.5,38,-0.12,0,0.5,6,20,26.56,18.31,0.39054,31,-1.81,18.45,0.2726,32,-26.62,18.86,0.00275,21,14.47,-18.95999,0.1921,33,-4.23,-18.64,0.13974,34,-28.01,-12.56,0.00224,4,20,29.39,-16.45,0.23765,31,0.47,-16.35,0.22171,22,17.24,14.86,0.39804,36,-6.51,14.2,0.14258,7,20,51.56,23.03,0.00699,31,23.25,22.77,0.31649,32,-1.49,22.79,0.27289,21,40.28,-21.17,0.00336,33,21.27,-23.14,0.20754,34,-4.21999,-22.78,0.18085,35,-26.33,-17.68,0.01184,7,20,51.89,-23.33,2.5E-4,31,22.85,-23.6,0.193,32,-2.60999,-23.56,0.17904,22,41.13,13.61,0.00459,36,17.36,15.74,0.32937,37,-3.79,15.29,0.28573,38,-24.16,8.81,0.00798,5,31,39.15,-28.87,0.01605,32,13.59,-29.08,0.3212,36,34.74,16.87,0.02462,37,12.71,20.86,0.39922,38,-9.89,18.82,0.23888,1,32,15.57,0.1,1,5,31,38.24,25.35,0.0739,32,13.53,25.14,0.49647,33,36.50999,-25.83,0.04567,34,10,-28.9,0.27134,35,-13.69,-26.62,0.11259,1,22,-0.66,-0.94,1,2,20,4.5,31.92,0.00846,21,-3.56,0.12,0.99153],"hull":30}},"MON20065_DL_2":{"MON20065_DL_2":{"x":39.18,"y":-6.29,"rotation":-94.87,"width":112,"height":114}},"MON20065_DL_3":{"MON20065_DL_3":{"x":14.11,"y":4.68,"rotation":34.08,"width":42,"height":41}},"MON20065_DL_30":{"MON20065_DL_30":{"x":10,"y":0.74,"rotation":114.17,"width":18,"height":27}},"MON20065_DL_4":{"MON20065_DL_4":{"x":8.7,"y":-0.37,"rotation":34.68,"width":21,"height":19}},"MON20065_DL_5":{"MON20065_DL_5":{"type":"weightedmesh","uvs":[0.79085,0.07665,0.84085,0.17231,0.93085,0.25405,0.93752,0.34448,1,0.38448,1,0.66419,1,0.76333,1,0.86767,0.81752,1,0.59439,1,0.36418,1,0.21085,0.86072,0.08752,0.67144,0.07311,0.51831,0.06085,0.38796,0,0.3097,0,0,0.17752,0,0.62752,0,0.60422,0.49939,0.60095,0.69423,0.59767,0.84559,0.87418,0.66593,0.41085,0.40506,0.48418,0.26941,0.32658,0.13095,0.39408,0.50687],"triangles":[21,6,7,7,8,21,8,9,21,9,10,21,10,11,21,21,11,20,20,11,12,12,26,20,20,26,19,12,13,26,13,14,26,22,5,6,23,24,19,14,25,23,14,15,25,22,3,4,3,1,2,3,19,1,19,24,1,23,25,24,15,17,25,15,16,17,24,0,1,24,25,0,25,18,0,25,17,18,22,19,3,4,5,22,20,19,22,20,22,6,26,23,19,26,14,23,21,20,6],"vertices":[4,9,6.04,10.6,0.99994,23,-21.21,4.31,4.0E-5,39,-28.74,4.4,0,40,-35.68,3.19,0,4,9,10.33,9.05,0.99994,23,-16.82,5.53,3.0E-5,39,-24.34,5.6,1.0E-5,40,-31.32,4.54,0,4,9,14.64,8.64999,0.99991,23,-13.07,7.7,3.0E-5,39,-20.58,7.76,4.0E-5,40,-27.64,6.82,0,4,9,18.14,6.39,0.99989,23,-8.91,7.88,0,39,-16.42,7.92,9.0E-5,40,-23.49,7.13,0,4,9,20.51,6.56,0.99982,23,-7.08,9.39,1.0E-5,39,-14.58,9.42,1.4E-4,40,-21.7,8.68999,1.0E-5,1,9,31.02,-0.84,1,1,9,34.75,-3.46,1,2,39,7.64,9.42,0.49964,40,0.51,9.43999,0.50035,1,40,6.74,5.27,1,1,40,6.92,-0.07,1,2,9,34.87,-22.2,0,40,7.11,-5.59,0.99999,4,9,27.52,-21.52,0,23,14.9,-9.43999,0.23006,39,7.32,-9.51,0.42857,40,0.83,-9.49,0.34136,3,23,6.21,-12.44,0.73175,39,-1.38,-12.47,0.25279,40,-7.76,-12.74,0.01545,2,9,12.74,-15.16,0.08002,23,-0.82,-12.82,0.91997,1,9,7.66,-11.95,1,1,9,3.88,-11.07,1,3,9,-7.76,-2.88,0.99999,39,-32.27,-14.57,0,40,-38.56,-15.89,0,1,9,-5.3,0.6,1,4,9,0.9,9.43,0.99994,23,-24.72,0.37,5.0E-5,39,-32.27,0.48,0,40,-39.07,-0.84,0,1,9,19.36,-4.23999,1,2,23,7.21,-0.11,0.5,39,-0.33,-0.15,0.5,2,39,6.62,-0.23,0.5,40,-0.17,-0.23,0.5,1,9,29.35,-3.35,1,1,9,13.14,-5.54,1,1,9,9.05,-0.51,1,1,9,1.67,0.06,1,2,9,16.74,-8.56,0.04458,23,-1.38,-5.12,0.95541],"hull":19}},"MON20065_DL_6":{"MON20065_DL_6":{"x":9.89,"y":-0.23,"rotation":67.97,"width":18,"height":26}},"MON20065_DL_7":{"MON20065_DL_7":{"type":"weightedmesh","uvs":[0.86064,0.08318,0.86349,0.19648,1,0.253,1,0.63853,0.81147,0.84038,0.71734,0.94938,0.61577,1,0.33088,1,0.16738,1,0.08068,0.92314,0.06582,0.8101,0,0.72936,0,0.6022,0,0.45485,0.17729,0.34988,0.40892,0.16418,0.46263,0.09299,0.53278,0,0.63187,0,0.85854,0,0.3064,0.69038,0.42997,0.74147,0.58604,0.73946,0.66531,0.69505,0.66284,0.48311,0.47209,0.4165,0.34327,0.49522,0.30116,0.57192,0.21941,0.73744,0.32249,0.89389,0.11536,0.57192,0.50677,0.55779,0.66404,0.58585,0.50429,0.30144,0.4597,0.23281,0.61205,0.15005],"triangles":[35,17,18,16,17,35,0,35,18,0,18,19,35,0,1,34,16,35,33,34,35,33,35,1,34,15,16,22,21,31,27,26,31,14,15,34,2,24,1,33,26,34,26,14,34,33,25,26,30,13,14,27,30,14,26,27,14,2,32,24,31,24,32,12,13,30,3,32,2,23,32,3,28,30,27,22,32,23,4,23,3,4,22,23,25,33,24,31,25,24,24,33,1,26,25,31,22,31,32,31,21,27,21,20,27,11,12,30,28,27,20,11,30,28,10,11,28,29,20,21,28,20,29,9,10,28,9,28,29,29,21,22,5,29,22,8,9,29,6,7,29,8,29,7,5,22,4,5,6,29],"vertices":[1,4,9.8,-10.69,1,2,3,31.44,-8.06,0.06999,4,3.49,-10.61,0.93,2,3,31.77,-14.94,0.49932,4,0.75,-16.93,0.50067,2,2,20.42,-27.28,0.14041,3,13.07,-24.08,0.85958,2,2,9.1,-19.56,0.5292,3,-0.36,-21.42,0.47078,1,2,3.01,-15.73,1,1,2,0.05,-11.41,1,1,2,-0.58999,1.1,1,1,2,-0.96,8.28,1,1,2,2.97,12.3,1,2,2,9.03,13.27,0.89681,3,-13.29,8.77,0.10318,2,2,13.24,16.39,0.73565,3,-10.64,13.29,0.26434,2,2,20.09,16.75,0.47832,3,-4.46999,16.29999,0.52167,2,2,28.04,17.16,0.2516,3,2.67,19.79,0.74839,1,3,10.79,14.59,1,2,3,25.54,10.22,0.06999,4,6.28,8.39,0.93,1,4,9.84,6.3,1,1,4,14.48,3.57,1,1,4,14.46,-0.78,1,1,4,14.43,-10.75,1,2,2,16.04,3.04,0.62583,3,-2.83,2.09999,0.37416,2,2,13.56,-2.52,0.88746,3,-2.93,-3.99,0.11253,2,2,14.03,-9.37,0.58139,3,0.18,-10.10999,0.41859,3,2,16.6,-12.73,0.29931,3,3.86,-12.19,0.70004,4,-23.06,-2.13,6.4E-4,1,3,14.1,-7.07,1,1,3,13.65,2.04,1,1,3,7.34,5.27,1,2,2,22.41,3.6,0.21581,3,2.8,5.11,0.78418,2,2,13.3,6.73,0.77174,3,-6.8,4.42,0.22825,1,2,5.1,1.76,1,2,2,21.99,11.76,0.4004,3,-0.78,12.46,0.59959,1,3,7.46,-2.67,1,2,2,22.49,-12.37,0.1118,3,9.14,-9.55,0.88819,2,3,19.85,3.49,0.79434,4,-1.79,4.88,0.20565,2,3,22.32,6.88,0.49536,4,1.92,6.83,0.50463,1,4,6.32,0.15,1],"hull":20}},"MON20065_DL_8":{"MON20065_DL_8":{"x":10.74,"y":-5.55,"scaleY":0.979,"rotation":147.23,"width":33,"height":37}},"MON20065_DL_9":{"MON20065_DL_9":{"type":"weightedmesh","uvs":[0.70482,0.13626,0.82666,0.34834,1,0.58379,1,0.68137,0.95388,0.68123,1,0.75561,1,0.92815,0.90794,1,0.6303,1,0.35853,1,0.19934,1,0.08971,1,0,0.9462,0,0.76408,0.02263,0.69408,0,0.69376,0,0.56575,0.10711,0.34607,0.19939,0.15106,0.2103,0,0.30134,0,0.38257,0,0.47598,0,0.56252,0,0.70548,0,0.36343,0.79627,0.36795,0.60825,0.37377,0.36609,0.60497,0.19992,0.71833,0.4859,0.79416,0.71098,0.27137,0.24003,0.21277,0.47864,0.15815,0.74348,0.48848,0.26985,0.37762,0.20586,0.27603,0.08087,0.47915,0.1447,0.42154,0.32601,0.46848,0.55834,0.59939,0.76833,0.34723,0.33342,0.29575,0.52864,0.24778,0.7632,0.30065,0.11116,0.56564,0.08941],"triangles":[13,14,33,12,13,33,11,12,33,10,33,43,11,33,10,14,15,16,32,14,16,33,14,32,33,32,42,43,33,42,31,32,17,16,17,32,5,30,4,8,40,30,5,7,30,6,7,5,8,30,7,4,29,2,4,2,3,30,29,4,40,39,29,40,29,30,29,28,1,29,1,2,10,43,25,9,10,25,25,40,8,9,25,8,26,43,42,25,43,26,25,26,40,26,42,27,39,26,27,26,39,40,31,41,32,34,28,29,31,44,35,27,41,35,38,27,35,38,35,34,37,35,21,35,37,34,35,44,21,41,31,35,39,38,34,45,23,24,0,45,24,45,37,22,45,22,23,28,45,0,37,45,28,37,21,22,34,37,28,36,19,20,44,36,20,18,19,36,31,18,36,21,44,20,44,31,36,27,42,41,27,38,39,28,0,1,39,34,29,17,18,31,42,32,41],"vertices":[1,16,-1.29,24.27,1,5,17,-1.53,34.81,0,25,-16.45999,35.16999,0,18,13.7,11.24,0.76647,27,-5.96,11.03,0.23226,28,-20,12.2,0.00125,5,17,13.61,48.59,0,25,-1.11,48.74,0,18,33.37,16.95,0.03712,27,13.4,17.7,0.57031,28,-0.29,17.75,0.39255,5,17,20.04999,48.78,0,25,5.32,48.83,0,18,39.23,14.29,0.01176,27,19.37999,15.33,0.47943,28,5.54,15.04,0.50879,5,17,18.9,44.63,0,25,4.12,44.71,0,18,36.38,11.07,0.01397,27,16.7,11.98,0.4448,28,2.67,11.85,0.54121,4,17,24.94,48.92,0,25,10.22,48.9,0,27,23.94,13.52,0.1022,28,9.97999,12.97,0.89779,2,17,36.33,49.24,0,28,20.31,8.18,1,4,17,41.27,42.29,0,25,26.45,42.04,2.9E-4,26,12.48,42.07,0.0034,28,21.62,-0.24,0.99629,4,25,26.75,20.67,0.10149,26,12.84,20.7,0.40512,27,28.43,-18.87999,0.05424,28,12.61,-19.62999,0.43913,2,26,13.19,-0.21,0.99483,30,15.47,19.56,0.00516,4,26,13.39,-12.47,0.33325,27,16.19,-49.72,0,28,-1.36,-49.72,0,30,18.74,7.74,0.66674,4,26,13.53,-20.91,0.02085,27,13.08,-57.56,0,28,-4.92,-57.37,0,30,20.99,-0.38,0.97914,1,30,18.6,-8.21,1,3,19,37.56,-10.96,0.00141,29,22.22,-11.37,0.14475,30,7.82,-11.19,0.85383,3,19,30.73,-9.71,0.02895,29,15.42,-9.99,0.52644,30,0.99,-9.97,0.44459,3,19,33.08,-12.17,0.0319,29,17.71999,-12.5,0.55891,30,3.35,-12.43,0.40917,3,19,24.92,-14.38,0.10521,29,9.53,-14.56,0.68179,30,-4.79,-14.68,0.21298,2,19,8.52,-8.71,0.8416,29,-6.76,-8.59,0.15839,1,16,1.08,-14.28,1,1,16,-8.89999,-13.91,1,1,16,-9.24,-6.91,1,1,16,-9.53,-0.67,1,1,16,-9.88,6.82,1,1,16,-10.21,13.76,1,1,16,-10.75,25.23,1,2,25,13.6,-0.06,0.5,26,-0.25,-0.06,0.5,2,17,16.61,0,0.5,25,1.19,0.1,0.5,2,16,14.63,-0.2,0.5,17,0.63,0,0.5,1,16,3.23,17.49,1,2,18,18.51,-0.1,0.5,27,-0.6,-0.06,0.5,2,27,15.36,-0.11,0.5,28,0.63,-0.15,0.5,1,16,6.69,-8.47,1,2,19,15.1,-0.06,0.5,29,-0.03,-0.07,0.5,2,29,15.03,-0.01,0.5,30,0.35,0,0.5,1,16,7.86,8.31,1,2,16,4.05,-0.41,0.84241,19,-5.58,7.48,0.15758,1,16,-3.81,-8.60999,1,1,16,-0.34,7.2,1,1,16,11.81,3.34,1,7,16,26.95,7.67,0.02395,17,13.1,7.64,0.58801,25,-2.21,7.8,0.16535,26,-16.09,7.76,0.00338,18,14.89,-19.59,0.14519,27,-3.25,-19.70999,0.07278,28,-19.06,-18.64,0.00131,6,17,26.66,18.11,0.03939,25,11.5,18.07,0.24787,26,-2.4,18.07,0.28671,18,31.68,-16.16,0.00779,27,13.34,-15.45,0.18859,28,-2.24,-15.34,0.22962,1,16,12.57,-2.34999,1,4,17,11.52,-5.7,0.48916,25,-3.98,-5.52,0.13067,19,16.62,6.96,0.10933,29,1.61,6.92,0.2708,4,25,11.54,-8.99,0.36823,26,-2.29,-9,0.30798,29,17.53,7.11,0.06493,30,2.68,7.17,0.25883,1,16,-1.9,-6.62,1,1,16,-4.32,14.09,1],"hull":25}},"fx_baoshi":{"baoshi_00000":{"scaleX":1.765,"scaleY":1.765,"rotation":-104.4,"width":43,"height":53}},"fx_skill_huan":{"WEAPON5":{"x":22.13,"y":-0.03,"scaleX":2,"scaleY":2,"rotation":90.89,"width":82,"height":27}},"shadow":{"shadow":{"x":-2.14,"y":-0.25,"scaleX":1.526,"scaleY":1.509,"rotation":90.26,"width":85,"height":42}}}},"animations":{"wait_DL":{"slots":{"MON20065_DL_0":{"attachment":[{"time":0,"name":null},{"time":1,"name":"MON20065_DL_0"},{"time":1.2666,"name":null},{"time":2.6666,"name":null}]},"MON20065_DL_12":{"attachment":[{"time":0,"name":"MON20065_DL_12"},{"time":1.3333,"name":"MON20065_DL_12"},{"time":2.6666,"name":"MON20065_DL_12"}]},"fx_baoshi":{"attachment":[{"time":0,"name":"baoshi_00000"},{"time":2.6666,"name":"baoshi_00000"}],"color":[{"time":0,"color":"ffffff00"},{"time":0.1666,"color":"ffffff81"},{"time":0.6666,"color":"ffffff00","curve":"stepped"},{"time":1.3333,"color":"ffffff00"},{"time":1.5,"color":"ffffff81"},{"time":2,"color":"ffffff00","curve":"stepped"},{"time":2.6666,"color":"ffffff00"}]},"fx_skill_huan":{"attachment":[{"time":0,"name":null},{"time":0.1666,"name":"WEAPON5"},{"time":0.6666,"name":null},{"time":1.3333,"name":null},{"time":1.5,"name":"WEAPON5"},{"time":2,"name":null},{"time":2.6666,"name":null}],"color":[{"time":0,"color":"ffffff00"},{"time":0.1666,"color":"ffffff39"},{"time":0.2666,"color":"ffffffff"},{"time":0.6666,"color":"1b1bff00"},{"time":1.3333,"color":"ffffff00"},{"time":1.5,"color":"ffffff39"},{"time":1.6,"color":"ffffffff"},{"time":2,"color":"1b1bff00","curve":"stepped"},{"time":2.6666,"color":"1b1bff00"}]}},"bones":{"root":{"rotate":[{"time":0,"angle":0,"curve":"stepped"},{"time":1.3333,"angle":0,"curve":"stepped"},{"time":2.6666,"angle":0}],"translate":[{"time":0,"x":0,"y":0,"curve":"stepped"},{"time":1.3333,"x":0,"y":0,"curve":"stepped"},{"time":2.6666,"x":0,"y":0}],"scale":[{"time":0,"x":1,"y":1,"curve":"stepped"},{"time":1.3333,"x":1,"y":1,"curve":"stepped"},{"time":2.6666,"x":1,"y":1}]},"bone":{"rotate":[{"time":0,"angle":0,"curve":"stepped"},{"time":1.3333,"angle":0,"curve":"stepped"},{"time":2.6666,"angle":0}],"translate":[{"time":0,"x":0,"y":0,"curve":"stepped"},{"time":1.3333,"x":0,"y":0,"curve":"stepped"},{"time":2.6666,"x":0,"y":0}],"scale":[{"time":0,"x":1,"y":1,"curve":"stepped"},{"time":1.3333,"x":1,"y":1,"curve":"stepped"},{"time":2.6666,"x":1,"y":1}]},"MON20065_DL_7":{"rotate":[{"time":0,"angle":0,"curve":"stepped"},{"time":1.3333,"angle":0,"curve":"stepped"},{"time":2.6666,"angle":0}],"translate":[{"time":0,"x":0,"y":0,"curve":[0.25,0,0.75,1]},{"time":0.6666,"x":0,"y":-7.3,"curve":[0.25,0,0.75,1]},{"time":1.3333,"x":0,"y":0,"curve":[0.25,0,0.75,1]},{"time":2,"x":0,"y":-7.3,"curve":[0.25,0,0.75,1]},{"time":2.6666,"x":0,"y":0}],"scale":[{"time":0,"x":1,"y":1,"curve":"stepped"},{"time":1.3333,"x":1,"y":1,"curve":"stepped"},{"time":2.6666,"x":1,"y":1}]},"bone2":{"rotate":[{"time":0,"angle":0},{"time":0.6666,"angle":0.97},{"time":1.3333,"angle":0},{"time":2,"angle":0.97},{"time":2.6666,"angle":0}],"translate":[{"time":0,"x":0,"y":0},{"time":0.6666,"x":-1.8,"y":0.16},{"time":1.3333,"x":0,"y":0},{"time":2,"x":-1.8,"y":0.16},{"time":2.6666,"x":0,"y":0}],"scale":[{"time":0,"x":1,"y":1,"curve":"stepped"},{"time":1.3333,"x":1,"y":1,"curve":"stepped"},{"time":2.6666,"x":1,"y":1}]},"MON20065_DL_8":{"rotate":[{"time":0,"angle":0,"curve":"stepped"},{"time":1.3333,"angle":0,"curve":"stepped"},{"time":2.6666,"angle":0}],"translate":[{"time":0,"x":0,"y":0,"curve":"stepped"},{"time":1.3333,"x":0,"y":0,"curve":"stepped"},{"time":2.6666,"x":0,"y":0}],"scale":[{"time":0,"x":1,"y":1,"curve":"stepped"},{"time":1.3333,"x":1,"y":1,"curve":"stepped"},{"time":2.6666,"x":1,"y":1}]},"MON20065_DL_2":{"rotate":[{"time":0,"angle":0},{"time":0.4,"angle":-4.18},{"time":0.8333,"angle":1.12},{"time":1.3333,"angle":0},{"time":1.7333,"angle":-4.18},{"time":2.1666,"angle":1.12},{"time":2.6666,"angle":0}],"translate":[{"time":0,"x":0,"y":0},{"time":0.4,"x":-0.2,"y":-0.44},{"time":0.8333,"x":-2.31,"y":0.04},{"time":1.3333,"x":0,"y":0},{"time":1.7333,"x":-0.2,"y":-0.44},{"time":2.1666,"x":-2.31,"y":0.04},{"time":2.6666,"x":0,"y":0}],"scale":[{"time":0,"x":1,"y":1,"curve":"stepped"},{"time":1.3333,"x":1,"y":1,"curve":"stepped"},{"time":2.6666,"x":1,"y":1}]},"MON20065_DL_0":{"rotate":[{"time":0,"angle":0,"curve":"stepped"},{"time":1.3333,"angle":0,"curve":"stepped"},{"time":2.6666,"angle":0}],"translate":[{"time":0,"x":0,"y":0,"curve":"stepped"},{"time":1.3333,"x":0,"y":0,"curve":"stepped"},{"time":2.6666,"x":0,"y":0}],"scale":[{"time":0,"x":1,"y":1,"curve":"stepped"},{"time":1.3333,"x":1,"y":1,"curve":"stepped"},{"time":2.6666,"x":1,"y":1}]},"MON20065_DL_4":{"rotate":[{"time":0,"angle":0},{"time":0.6666,"angle":17.18},{"time":1.3333,"angle":0},{"time":2,"angle":17.18},{"time":2.6666,"angle":0}],"translate":[{"time":0,"x":0,"y":0,"curve":"stepped"},{"time":1.3333,"x":0,"y":0,"curve":"stepped"},{"time":2.6666,"x":0,"y":0}],"scale":[{"time":0,"x":1,"y":1,"curve":"stepped"},{"time":1.3333,"x":1,"y":1,"curve":"stepped"},{"time":2.6666,"x":1,"y":1}]},"MON20065_DL_9":{"rotate":[{"time":0,"angle":0},{"time":0.3333,"angle":-21.77},{"time":0.6666,"angle":-32.17},{"time":1,"angle":-33.12},{"time":1.3333,"angle":0},{"time":1.6666,"angle":-21.77},{"time":2,"angle":-32.17},{"time":2.3333,"angle":-33.12},{"time":2.6666,"angle":0}],"translate":[{"time":0,"x":0,"y":0},{"time":0.3333,"x":0.69,"y":-1.45},{"time":1.3333,"x":0,"y":0},{"time":1.6666,"x":0.69,"y":-1.45},{"time":2.6666,"x":0,"y":0}],"scale":[{"time":0,"x":1,"y":1,"curve":"stepped"},{"time":1.3333,"x":1,"y":1,"curve":"stepped"},{"time":2.6666,"x":1,"y":1}]},"MON20065_DL_6":{"rotate":[{"time":0,"angle":0},{"time":0.4666,"angle":21.95},{"time":1.3333,"angle":0},{"time":1.8,"angle":21.95},{"time":2.6666,"angle":0}],"translate":[{"time":0,"x":0,"y":0,"curve":"stepped"},{"time":1.3333,"x":0,"y":0,"curve":"stepped"},{"time":2.6666,"x":0,"y":0}],"scale":[{"time":0,"x":1,"y":1,"curve":"stepped"},{"time":1.3333,"x":1,"y":1,"curve":"stepped"},{"time":2.6666,"x":1,"y":1}]},"MON20065_DL_5":{"rotate":[{"time":0,"angle":0},{"time":0.4666,"angle":25.64},{"time":0.8333,"angle":12.58},{"time":1.3333,"angle":0},{"time":1.8,"angle":25.64},{"time":2.1666,"angle":12.58},{"time":2.6666,"angle":0}],"translate":[{"time":0,"x":0,"y":0,"curve":"stepped"},{"time":1.3333,"x":0,"y":0,"curve":"stepped"},{"time":2.6666,"x":0,"y":0}],"scale":[{"time":0,"x":1,"y":1,"curve":"stepped"},{"time":1.3333,"x":1,"y":1,"curve":"stepped"},{"time":2.6666,"x":1,"y":1}]},"MON20065_DL_10":{"rotate":[{"time":0,"angle":0},{"time":0.1666,"angle":-16.83},{"time":0.4666,"angle":-13.37},{"time":0.8333,"angle":22},{"time":1.3333,"angle":0},{"time":1.5,"angle":-16.83},{"time":1.8,"angle":-13.37},{"time":2.1666,"angle":22},{"time":2.6666,"angle":0}],"translate":[{"time":0,"x":0,"y":0,"curve":"stepped"},{"time":1.3333,"x":0,"y":0,"curve":"stepped"},{"time":2.6666,"x":0,"y":0}],"scale":[{"time":0,"x":1,"y":1,"curve":"stepped"},{"time":1.3333,"x":1,"y":1,"curve":"stepped"},{"time":2.6666,"x":1,"y":1}]},"MON20065_DL_30":{"rotate":[{"time":0,"angle":0},{"time":0.3333,"angle":325.82},{"time":0.6666,"angle":306.98},{"time":1,"angle":308.15},{"time":1.3333,"angle":0},{"time":1.6666,"angle":325.82},{"time":2,"angle":306.98},{"time":2.3333,"angle":308.15},{"time":2.6666,"angle":0}],"translate":[{"time":0,"x":0,"y":0,"curve":"stepped"},{"time":0.3333,"x":0,"y":0,"curve":"stepped"},{"time":0.6666,"x":0,"y":0,"curve":"stepped"},{"time":1,"x":0,"y":0,"curve":"stepped"},{"time":1.3333,"x":0,"y":0,"curve":"stepped"},{"time":1.6666,"x":0,"y":0,"curve":"stepped"},{"time":2,"x":0,"y":0,"curve":"stepped"},{"time":2.3333,"x":0,"y":0,"curve":"stepped"},{"time":2.6666,"x":0,"y":0}],"scale":[{"time":0,"x":1,"y":1,"curve":"stepped"},{"time":0.3333,"x":1,"y":1,"curve":"stepped"},{"time":0.6666,"x":1,"y":1,"curve":"stepped"},{"time":1,"x":1,"y":1,"curve":"stepped"},{"time":1.3333,"x":1,"y":1,"curve":"stepped"},{"time":1.6666,"x":1,"y":1,"curve":"stepped"},{"time":2,"x":1,"y":1,"curve":"stepped"},{"time":2.3333,"x":1,"y":1,"curve":"stepped"},{"time":2.6666,"x":1,"y":1}]},"MON20065_DL_11":{"rotate":[{"time":0,"angle":0},{"time":0.3333,"angle":12.9},{"time":0.6666,"angle":50.56},{"time":1,"angle":50.8},{"time":1.3333,"angle":0},{"time":1.6666,"angle":12.9},{"time":2,"angle":50.56},{"time":2.3333,"angle":50.8},{"time":2.6666,"angle":0}],"translate":[{"time":0,"x":0,"y":0,"curve":"stepped"},{"time":0.3333,"x":0,"y":0,"curve":"stepped"},{"time":0.6666,"x":0,"y":0,"curve":"stepped"},{"time":1,"x":0,"y":0,"curve":"stepped"},{"time":1.3333,"x":0,"y":0,"curve":"stepped"},{"time":1.6666,"x":0,"y":0,"curve":"stepped"},{"time":2,"x":0,"y":0,"curve":"stepped"},{"time":2.3333,"x":0,"y":0,"curve":"stepped"},{"time":2.6666,"x":0,"y":0}],"scale":[{"time":0,"x":1,"y":1,"curve":"stepped"},{"time":0.3333,"x":1,"y":1,"curve":"stepped"},{"time":0.6666,"x":1,"y":1,"curve":"stepped"},{"time":1,"x":1,"y":1,"curve":"stepped"},{"time":1.3333,"x":1,"y":1,"curve":"stepped"},{"time":1.6666,"x":1,"y":1,"curve":"stepped"},{"time":2,"x":1,"y":1,"curve":"stepped"},{"time":2.3333,"x":1,"y":1,"curve":"stepped"},{"time":2.6666,"x":1,"y":1}]},"MON20065_DL_12":{"rotate":[{"time":0,"angle":0},{"time":0.3333,"angle":-4.43},{"time":0.6666,"angle":-6.98},{"time":1,"angle":9.58},{"time":1.3333,"angle":0},{"time":1.6666,"angle":-4.43},{"time":2,"angle":-6.98},{"time":2.3333,"angle":9.58},{"time":2.6666,"angle":0}],"translate":[{"time":0,"x":0,"y":0,"curve":"stepped"},{"time":0.3333,"x":0,"y":0,"curve":"stepped"},{"time":0.6666,"x":0,"y":0,"curve":"stepped"},{"time":1,"x":0,"y":0,"curve":"stepped"},{"time":1.3333,"x":0,"y":0,"curve":"stepped"},{"time":1.6666,"x":0,"y":0,"curve":"stepped"},{"time":2,"x":0,"y":0,"curve":"stepped"},{"time":2.3333,"x":0,"y":0,"curve":"stepped"},{"time":2.6666,"x":0,"y":0}],"scale":[{"time":0,"x":1,"y":1,"curve":"stepped"},{"time":0.3333,"x":1,"y":1,"curve":"stepped"},{"time":0.6666,"x":1,"y":1,"curve":"stepped"},{"time":1,"x":1,"y":1,"curve":"stepped"},{"time":1.3333,"x":1,"y":1,"curve":"stepped"},{"time":1.6666,"x":1,"y":1,"curve":"stepped"},{"time":2,"x":1,"y":1,"curve":"stepped"},{"time":2.3333,"x":1,"y":1,"curve":"stepped"},{"time":2.6666,"x":1,"y":1}]},"MON20065_DL_13":{"rotate":[{"time":0,"angle":0,"curve":"stepped"},{"time":1.3333,"angle":0,"curve":"stepped"},{"time":2.6666,"angle":0}],"translate":[{"time":0,"x":0,"y":0,"curve":"stepped"},{"time":1.3333,"x":0,"y":0,"curve":"stepped"},{"time":2.6666,"x":0,"y":0}],"scale":[{"time":0,"x":1,"y":1,"curve":"stepped"},{"time":1.3333,"x":1,"y":1,"curve":"stepped"},{"time":2.6666,"x":1,"y":1}]},"MON20065_DL_14":{"rotate":[{"time":0,"angle":0,"curve":"stepped"},{"time":1.3333,"angle":0,"curve":"stepped"},{"time":2.6666,"angle":0}],"translate":[{"time":0,"x":0,"y":0,"curve":"stepped"},{"time":1.3333,"x":0,"y":0,"curve":"stepped"},{"time":2.6666,"x":0,"y":0}],"scale":[{"time":0,"x":1,"y":1},{"time":0.6666,"x":0.863,"y":1.067},{"time":1.3333,"x":1,"y":1},{"time":2,"x":0.863,"y":1.067},{"time":2.6666,"x":1,"y":1}]},"MON20065_DL_15":{"rotate":[{"time":0,"angle":0,"curve":"stepped"},{"time":1.3333,"angle":0,"curve":"stepped"},{"time":2.6666,"angle":0}],"translate":[{"time":0,"x":0,"y":0,"curve":"stepped"},{"time":1.3333,"x":0,"y":0,"curve":"stepped"},{"time":2.6666,"x":0,"y":0}],"scale":[{"time":0,"x":1,"y":1},{"time":0.5,"x":0.972,"y":1},{"time":1.3333,"x":1,"y":1},{"time":1.8333,"x":0.972,"y":1},{"time":2.6666,"x":1,"y":1}]},"bone8":{"rotate":[{"time":0,"angle":0,"curve":"stepped"},{"time":1.3333,"angle":0,"curve":"stepped"},{"time":2.6666,"angle":0}],"translate":[{"time":0,"x":0,"y":0,"curve":"stepped"},{"time":1.3333,"x":0,"y":0,"curve":"stepped"},{"time":2.6666,"x":0,"y":0}],"scale":[{"time":0,"x":1,"y":1},{"time":0.5,"x":0.914,"y":1},{"time":1.3333,"x":1,"y":1},{"time":1.8333,"x":0.914,"y":1},{"time":2.6666,"x":1,"y":1}]},"bone9":{"rotate":[{"time":0,"angle":0,"curve":"stepped"},{"time":1.3333,"angle":0,"curve":"stepped"},{"time":2.6666,"angle":0}],"translate":[{"time":0,"x":0,"y":0,"curve":"stepped"},{"time":1.3333,"x":0,"y":0,"curve":"stepped"},{"time":2.6666,"x":0,"y":0}],"scale":[{"time":0,"x":1,"y":1,"curve":"stepped"},{"time":1.3333,"x":1,"y":1,"curve":"stepped"},{"time":2.6666,"x":1,"y":1}]},"MON20065_DL_16":{"rotate":[{"time":0,"angle":0},{"time":0.5,"angle":4.55},{"time":0.9333,"angle":-0.19},{"time":1.3333,"angle":0},{"time":1.8333,"angle":4.55},{"time":2.2666,"angle":-0.19},{"time":2.6666,"angle":0}],"translate":[{"time":0,"x":0,"y":0,"curve":"stepped"},{"time":0.5,"x":0,"y":0,"curve":"stepped"},{"time":0.9333,"x":0,"y":0,"curve":"stepped"},{"time":1.3333,"x":0,"y":0,"curve":"stepped"},{"time":1.8333,"x":0,"y":0,"curve":"stepped"},{"time":2.2666,"x":0,"y":0,"curve":"stepped"},{"time":2.6666,"x":0,"y":0}],"scale":[{"time":0,"x":1,"y":1},{"time":0.5,"x":0.964,"y":1},{"time":0.9333,"x":1,"y":1,"curve":"stepped"},{"time":1.3333,"x":1,"y":1},{"time":1.8333,"x":0.964,"y":1},{"time":2.2666,"x":1,"y":1,"curve":"stepped"},{"time":2.6666,"x":1,"y":1}]},"bone10":{"rotate":[{"time":0,"angle":0},{"time":0.5,"angle":-1.22},{"time":0.9333,"angle":5.32},{"time":1.3333,"angle":0},{"time":1.8333,"angle":-1.22},{"time":2.2666,"angle":5.32},{"time":2.6666,"angle":0}],"translate":[{"time":0,"x":0,"y":0,"curve":"stepped"},{"time":0.5,"x":0,"y":0,"curve":"stepped"},{"time":0.9333,"x":0,"y":0,"curve":"stepped"},{"time":1.3333,"x":0,"y":0,"curve":"stepped"},{"time":1.8333,"x":0,"y":0,"curve":"stepped"},{"time":2.2666,"x":0,"y":0,"curve":"stepped"},{"time":2.6666,"x":0,"y":0}],"scale":[{"time":0,"x":1,"y":1},{"time":0.5,"x":0.939,"y":1},{"time":0.9333,"x":1,"y":1,"curve":"stepped"},{"time":1.3333,"x":1,"y":1},{"time":1.8333,"x":0.939,"y":1},{"time":2.2666,"x":1,"y":1,"curve":"stepped"},{"time":2.6666,"x":1,"y":1}]},"bone11":{"rotate":[{"time":0,"angle":0},{"time":0.5,"angle":-7.57},{"time":0.9333,"angle":8.26},{"time":1.3333,"angle":0},{"time":1.8333,"angle":-7.57},{"time":2.2666,"angle":8.26},{"time":2.6666,"angle":0}],"translate":[{"time":0,"x":0,"y":0,"curve":"stepped"},{"time":0.5,"x":0,"y":0,"curve":"stepped"},{"time":0.9333,"x":0,"y":0,"curve":"stepped"},{"time":1.3333,"x":0,"y":0,"curve":"stepped"},{"time":1.8333,"x":0,"y":0,"curve":"stepped"},{"time":2.2666,"x":0,"y":0,"curve":"stepped"},{"time":2.6666,"x":0,"y":0}],"scale":[{"time":0,"x":1,"y":1,"curve":"stepped"},{"time":0.5,"x":1,"y":1,"curve":"stepped"},{"time":0.9333,"x":1,"y":1,"curve":"stepped"},{"time":1.3333,"x":1,"y":1,"curve":"stepped"},{"time":1.8333,"x":1,"y":1,"curve":"stepped"},{"time":2.2666,"x":1,"y":1,"curve":"stepped"},{"time":2.6666,"x":1,"y":1}]},"MON20065_DL_17":{"rotate":[{"time":0,"angle":0},{"time":0.5,"angle":-7.35},{"time":0.9333,"angle":-1.28},{"time":1.3333,"angle":0},{"time":1.8333,"angle":-7.35},{"time":2.2666,"angle":-1.28},{"time":2.6666,"angle":0}],"translate":[{"time":0,"x":0,"y":0,"curve":"stepped"},{"time":0.5,"x":0,"y":0,"curve":"stepped"},{"time":0.9333,"x":0,"y":0,"curve":"stepped"},{"time":1.3333,"x":0,"y":0,"curve":"stepped"},{"time":1.8333,"x":0,"y":0,"curve":"stepped"},{"time":2.2666,"x":0,"y":0,"curve":"stepped"},{"time":2.6666,"x":0,"y":0}],"scale":[{"time":0,"x":1,"y":1},{"time":0.5,"x":0.992,"y":1},{"time":0.9333,"x":1,"y":1,"curve":"stepped"},{"time":1.3333,"x":1,"y":1},{"time":1.8333,"x":0.992,"y":1},{"time":2.2666,"x":1,"y":1,"curve":"stepped"},{"time":2.6666,"x":1,"y":1}]},"bone12":{"rotate":[{"time":0,"angle":0},{"time":0.5,"angle":3.34},{"time":0.9333,"angle":-3.1},{"time":1.3333,"angle":0},{"time":1.8333,"angle":3.34},{"time":2.2666,"angle":-3.1},{"time":2.6666,"angle":0}],"translate":[{"time":0,"x":0,"y":0,"curve":"stepped"},{"time":0.5,"x":0,"y":0,"curve":"stepped"},{"time":0.9333,"x":0,"y":0,"curve":"stepped"},{"time":1.3333,"x":0,"y":0,"curve":"stepped"},{"time":1.8333,"x":0,"y":0,"curve":"stepped"},{"time":2.2666,"x":0,"y":0,"curve":"stepped"},{"time":2.6666,"x":0,"y":0}],"scale":[{"time":0,"x":1,"y":1},{"time":0.5,"x":0.943,"y":1},{"time":0.9333,"x":1,"y":1,"curve":"stepped"},{"time":1.3333,"x":1,"y":1},{"time":1.8333,"x":0.943,"y":1},{"time":2.2666,"x":1,"y":1,"curve":"stepped"},{"time":2.6666,"x":1,"y":1}]},"bone13":{"rotate":[{"time":0,"angle":0},{"time":0.5,"angle":5.34},{"time":0.9333,"angle":-1.9},{"time":1.3333,"angle":0},{"time":1.8333,"angle":5.34},{"time":2.2666,"angle":-1.9},{"time":2.6666,"angle":0}],"translate":[{"time":0,"x":0,"y":0,"curve":"stepped"},{"time":0.5,"x":0,"y":0,"curve":"stepped"},{"time":0.9333,"x":0,"y":0,"curve":"stepped"},{"time":1.3333,"x":0,"y":0,"curve":"stepped"},{"time":1.8333,"x":0,"y":0,"curve":"stepped"},{"time":2.2666,"x":0,"y":0,"curve":"stepped"},{"time":2.6666,"x":0,"y":0}],"scale":[{"time":0,"x":1,"y":1,"curve":"stepped"},{"time":0.5,"x":1,"y":1,"curve":"stepped"},{"time":0.9333,"x":1,"y":1,"curve":"stepped"},{"time":1.3333,"x":1,"y":1,"curve":"stepped"},{"time":1.8333,"x":1,"y":1,"curve":"stepped"},{"time":2.2666,"x":1,"y":1,"curve":"stepped"},{"time":2.6666,"x":1,"y":1}]},"MON20065_DL_18":{"rotate":[{"time":0,"angle":0},{"time":0.6666,"angle":3.68},{"time":1.3333,"angle":0},{"time":2,"angle":3.68},{"time":2.6666,"angle":0}],"translate":[{"time":0,"x":0,"y":0,"curve":"stepped"},{"time":0.6666,"x":0,"y":0,"curve":"stepped"},{"time":1.3333,"x":0,"y":0,"curve":"stepped"},{"time":2,"x":0,"y":0,"curve":"stepped"},{"time":2.6666,"x":0,"y":0}],"scale":[{"time":0,"x":1,"y":1},{"time":0.6666,"x":0.534,"y":1},{"time":1.3333,"x":1,"y":1},{"time":2,"x":0.534,"y":1},{"time":2.6666,"x":1,"y":1}]},"bone14":{"rotate":[{"time":0,"angle":0},{"time":0.6666,"angle":-1.4},{"time":1.3333,"angle":0},{"time":2,"angle":-1.4},{"time":2.6666,"angle":0}],"translate":[{"time":0,"x":0,"y":0,"curve":"stepped"},{"time":0.6666,"x":0,"y":0,"curve":"stepped"},{"time":1.3333,"x":0,"y":0,"curve":"stepped"},{"time":2,"x":0,"y":0,"curve":"stepped"},{"time":2.6666,"x":0,"y":0}],"scale":[{"time":0,"x":1,"y":1,"curve":"stepped"},{"time":0.6666,"x":1,"y":1,"curve":"stepped"},{"time":1.3333,"x":1,"y":1,"curve":"stepped"},{"time":2,"x":1,"y":1,"curve":"stepped"},{"time":2.6666,"x":1,"y":1}]},"bone15":{"rotate":[{"time":0,"angle":0},{"time":0.6666,"angle":-1.17},{"time":1.3333,"angle":0},{"time":2,"angle":-1.17},{"time":2.6666,"angle":0}],"translate":[{"time":0,"x":0,"y":0,"curve":"stepped"},{"time":0.6666,"x":0,"y":0,"curve":"stepped"},{"time":1.3333,"x":0,"y":0,"curve":"stepped"},{"time":2,"x":0,"y":0,"curve":"stepped"},{"time":2.6666,"x":0,"y":0}],"scale":[{"time":0,"x":1,"y":1,"curve":"stepped"},{"time":0.6666,"x":1,"y":1,"curve":"stepped"},{"time":1.3333,"x":1,"y":1,"curve":"stepped"},{"time":2,"x":1,"y":1,"curve":"stepped"},{"time":2.6666,"x":1,"y":1}]},"MON20065_DL_19":{"rotate":[{"time":0,"angle":0},{"time":0.6666,"angle":23.32},{"time":1.3333,"angle":0},{"time":2,"angle":23.32},{"time":2.6666,"angle":0}],"translate":[{"time":0,"x":0,"y":0,"curve":"stepped"},{"time":0.6666,"x":0,"y":0,"curve":"stepped"},{"time":1.3333,"x":0,"y":0,"curve":"stepped"},{"time":2,"x":0,"y":0,"curve":"stepped"},{"time":2.6666,"x":0,"y":0}],"scale":[{"time":0,"x":1,"y":1},{"time":0.6666,"x":0.857,"y":1},{"time":1.3333,"x":1,"y":1},{"time":2,"x":0.857,"y":1},{"time":2.6666,"x":1,"y":1}]},"bone16":{"rotate":[{"time":0,"angle":0},{"time":0.6666,"angle":10.33},{"time":1.3333,"angle":0},{"time":2,"angle":10.33},{"time":2.6666,"angle":0}],"translate":[{"time":0,"x":0,"y":0,"curve":"stepped"},{"time":0.6666,"x":0,"y":0,"curve":"stepped"},{"time":1.3333,"x":0,"y":0,"curve":"stepped"},{"time":2,"x":0,"y":0,"curve":"stepped"},{"time":2.6666,"x":0,"y":0}],"scale":[{"time":0,"x":1,"y":1,"curve":"stepped"},{"time":0.6666,"x":1,"y":1,"curve":"stepped"},{"time":1.3333,"x":1,"y":1,"curve":"stepped"},{"time":2,"x":1,"y":1,"curve":"stepped"},{"time":2.6666,"x":1,"y":1}]},"bone17":{"rotate":[{"time":0,"angle":0},{"time":0.2,"angle":-11.04},{"time":0.6666,"angle":-3.6},{"time":0.8666,"angle":5.55},{"time":1.3333,"angle":0},{"time":1.5333,"angle":-11.04},{"time":2,"angle":-3.6},{"time":2.2,"angle":5.55},{"time":2.6666,"angle":0}],"translate":[{"time":0,"x":0,"y":0,"curve":"stepped"},{"time":0.6666,"x":0,"y":0,"curve":"stepped"},{"time":1.3333,"x":0,"y":0,"curve":"stepped"},{"time":2,"x":0,"y":0,"curve":"stepped"},{"time":2.6666,"x":0,"y":0}],"scale":[{"time":0,"x":1,"y":1,"curve":"stepped"},{"time":0.6666,"x":1,"y":1,"curve":"stepped"},{"time":1.3333,"x":1,"y":1,"curve":"stepped"},{"time":2,"x":1,"y":1,"curve":"stepped"},{"time":2.6666,"x":1,"y":1}]},"bone18":{"rotate":[{"time":0,"angle":0},{"time":0.2,"angle":-17.95},{"time":0.6666,"angle":1.69},{"time":0.8666,"angle":18.88},{"time":1.3333,"angle":0},{"time":1.5333,"angle":-17.95},{"time":2,"angle":1.69},{"time":2.2,"angle":18.88},{"time":2.6666,"angle":0}],"translate":[{"time":0,"x":0,"y":0,"curve":"stepped"},{"time":0.6666,"x":0,"y":0,"curve":"stepped"},{"time":1.3333,"x":0,"y":0,"curve":"stepped"},{"time":2,"x":0,"y":0,"curve":"stepped"},{"time":2.6666,"x":0,"y":0}],"scale":[{"time":0,"x":1,"y":1,"curve":"stepped"},{"time":0.6666,"x":1,"y":1,"curve":"stepped"},{"time":1.3333,"x":1,"y":1,"curve":"stepped"},{"time":2,"x":1,"y":1,"curve":"stepped"},{"time":2.6666,"x":1,"y":1}]},"MON20065_DL_20":{"rotate":[{"time":0,"angle":0},{"time":0.6666,"angle":332.79},{"time":1.3333,"angle":0},{"time":2,"angle":332.79},{"time":2.6666,"angle":0}],"translate":[{"time":0,"x":0,"y":0,"curve":"stepped"},{"time":0.6666,"x":0,"y":0,"curve":"stepped"},{"time":1.3333,"x":0,"y":0,"curve":"stepped"},{"time":2,"x":0,"y":0,"curve":"stepped"},{"time":2.6666,"x":0,"y":0}],"scale":[{"time":0,"x":1,"y":1},{"time":0.6666,"x":0.756,"y":1},{"time":1.3333,"x":1,"y":1},{"time":2,"x":0.756,"y":1},{"time":2.6666,"x":1,"y":1}]},"bone19":{"rotate":[{"time":0,"angle":0},{"time":0.6666,"angle":-5.76},{"time":1.3333,"angle":0},{"time":2,"angle":-5.76},{"time":2.6666,"angle":0}],"translate":[{"time":0,"x":0,"y":0,"curve":"stepped"},{"time":0.6666,"x":0,"y":0,"curve":"stepped"},{"time":1.3333,"x":0,"y":0,"curve":"stepped"},{"time":2,"x":0,"y":0,"curve":"stepped"},{"time":2.6666,"x":0,"y":0}],"scale":[{"time":0,"x":1,"y":1,"curve":"stepped"},{"time":0.6666,"x":1,"y":1,"curve":"stepped"},{"time":1.3333,"x":1,"y":1,"curve":"stepped"},{"time":2,"x":1,"y":1,"curve":"stepped"},{"time":2.6666,"x":1,"y":1}]},"bone20":{"rotate":[{"time":0,"angle":0},{"time":0.2,"angle":14.03},{"time":0.6666,"angle":7.52},{"time":0.8666,"angle":-5.32},{"time":1.3333,"angle":0},{"time":1.5333,"angle":14.03},{"time":2,"angle":7.52},{"time":2.2,"angle":-5.32},{"time":2.6666,"angle":0}],"translate":[{"time":0,"x":0,"y":0,"curve":"stepped"},{"time":0.6666,"x":0,"y":0,"curve":"stepped"},{"time":1.3333,"x":0,"y":0,"curve":"stepped"},{"time":2,"x":0,"y":0,"curve":"stepped"},{"time":2.6666,"x":0,"y":0}],"scale":[{"time":0,"x":1,"y":1,"curve":"stepped"},{"time":0.6666,"x":1,"y":1,"curve":"stepped"},{"time":1.3333,"x":1,"y":1,"curve":"stepped"},{"time":2,"x":1,"y":1,"curve":"stepped"},{"time":2.6666,"x":1,"y":1}]},"bone21":{"rotate":[{"time":0,"angle":0},{"time":0.2,"angle":27.68},{"time":0.6666,"angle":6.68},{"time":0.8666,"angle":-4.79},{"time":1.3333,"angle":0},{"time":1.5333,"angle":27.68},{"time":2,"angle":6.68},{"time":2.2,"angle":-4.79},{"time":2.6666,"angle":0}],"translate":[{"time":0,"x":0,"y":0,"curve":"stepped"},{"time":0.6666,"x":0,"y":0,"curve":"stepped"},{"time":1.3333,"x":0,"y":0,"curve":"stepped"},{"time":2,"x":0,"y":0,"curve":"stepped"},{"time":2.6666,"x":0,"y":0}],"scale":[{"time":0,"x":1,"y":1,"curve":"stepped"},{"time":0.6666,"x":1,"y":1,"curve":"stepped"},{"time":1.3333,"x":1,"y":1,"curve":"stepped"},{"time":2,"x":1,"y":1,"curve":"stepped"},{"time":2.6666,"x":1,"y":1}]},"shadow":{"rotate":[{"time":0,"angle":0,"curve":"stepped"},{"time":1.3333,"angle":0,"curve":"stepped"},{"time":2.6666,"angle":0}],"translate":[{"time":0,"x":0,"y":0,"curve":"stepped"},{"time":1.3333,"x":0,"y":0,"curve":"stepped"},{"time":2.6666,"x":0,"y":0}],"scale":[{"time":0,"x":1,"y":1},{"time":0.6666,"x":1.022,"y":1.093},{"time":1.3333,"x":1,"y":1},{"time":2,"x":1.022,"y":1.093},{"time":2.6666,"x":1,"y":1}]},"MON20065_DL_21":{"rotate":[{"time":0,"angle":0},{"time":0.4666,"angle":-17.6},{"time":1.3333,"angle":0},{"time":1.8,"angle":-17.6},{"time":2.6666,"angle":0}],"translate":[{"time":0,"x":0,"y":0,"curve":"stepped"},{"time":1.3333,"x":0,"y":0,"curve":"stepped"},{"time":2.6666,"x":0,"y":0}],"scale":[{"time":0,"x":1,"y":1,"curve":"stepped"},{"time":1.3333,"x":1,"y":1,"curve":"stepped"},{"time":2.6666,"x":1,"y":1}]},"bone22":{"rotate":[{"time":0,"angle":0},{"time":0.4666,"angle":-10.31},{"time":0.8333,"angle":30.6},{"time":1.3333,"angle":0},{"time":1.8,"angle":-10.31},{"time":2.1666,"angle":30.6},{"time":2.6666,"angle":0}],"translate":[{"time":0,"x":0,"y":0,"curve":"stepped"},{"time":1.3333,"x":0,"y":0,"curve":"stepped"},{"time":2.6666,"x":0,"y":0}],"scale":[{"time":0,"x":1,"y":1,"curve":"stepped"},{"time":1.3333,"x":1,"y":1,"curve":"stepped"},{"time":2.6666,"x":1,"y":1}]},"bone23":{"rotate":[{"time":0,"angle":0},{"time":0.4666,"angle":-8.88},{"time":0.8333,"angle":35.24},{"time":1.3333,"angle":0},{"time":1.8,"angle":-8.88},{"time":2.1666,"angle":35.24},{"time":2.6666,"angle":0}],"translate":[{"time":0,"x":0,"y":0,"curve":"stepped"},{"time":1.3333,"x":0,"y":0,"curve":"stepped"},{"time":2.6666,"x":0,"y":0}],"scale":[{"time":0,"x":1,"y":1,"curve":"stepped"},{"time":1.3333,"x":1,"y":1,"curve":"stepped"},{"time":2.6666,"x":1,"y":1}]},"MON20065_DL_22":{"rotate":[{"time":0,"angle":0},{"time":0.3333,"angle":26.11},{"time":0.6666,"angle":-26.02},{"time":1,"angle":-10.72},{"time":1.3333,"angle":0},{"time":1.6666,"angle":26.11},{"time":2,"angle":-26.02},{"time":2.3333,"angle":-10.72},{"time":2.6666,"angle":0}],"translate":[{"time":0,"x":0,"y":0,"curve":"stepped"},{"time":1.3333,"x":0,"y":0,"curve":"stepped"},{"time":2.6666,"x":0,"y":0}],"scale":[{"time":0,"x":1,"y":1,"curve":"stepped"},{"time":1.3333,"x":1,"y":1,"curve":"stepped"},{"time":2.6666,"x":1,"y":1}]},"bone24":{"rotate":[{"time":0,"angle":0},{"time":0.3333,"angle":11.19},{"time":0.6666,"angle":5.95},{"time":1,"angle":-19.57},{"time":1.3333,"angle":0},{"time":1.6666,"angle":11.19},{"time":2,"angle":5.95},{"time":2.3333,"angle":-19.57},{"time":2.6666,"angle":0}],"translate":[{"time":0,"x":0,"y":0,"curve":"stepped"},{"time":1.3333,"x":0,"y":0,"curve":"stepped"},{"time":2.6666,"x":0,"y":0}],"scale":[{"time":0,"x":1,"y":1,"curve":"stepped"},{"time":1.3333,"x":1,"y":1,"curve":"stepped"},{"time":2.6666,"x":1,"y":1}]},"bone25":{"rotate":[{"time":0,"angle":0},{"time":0.3333,"angle":19.28},{"time":0.6666,"angle":13.79},{"time":1,"angle":-11.06},{"time":1.3333,"angle":0},{"time":1.6666,"angle":19.28},{"time":2,"angle":13.79},{"time":2.3333,"angle":-11.06},{"time":2.6666,"angle":0}],"translate":[{"time":0,"x":0,"y":0,"curve":"stepped"},{"time":1.3333,"x":0,"y":0,"curve":"stepped"},{"time":2.6666,"x":0,"y":0}],"scale":[{"time":0,"x":1,"y":1,"curve":"stepped"},{"time":1.3333,"x":1,"y":1,"curve":"stepped"},{"time":2.6666,"x":1,"y":1}]},"fx_skill_huan":{"scale":[{"time":0,"x":0.5,"y":0.5,"curve":"stepped"},{"time":0.1666,"x":0.5,"y":0.5,"curve":[0.055,0.83,0.75,1]},{"time":0.6666,"x":1,"y":1},{"time":1.3333,"x":0.5,"y":0.5,"curve":"stepped"},{"time":1.5,"x":0.5,"y":0.5,"curve":[0.055,0.83,0.75,1]},{"time":2,"x":1,"y":1,"curve":"stepped"},{"time":2.6666,"x":1,"y":1}]}},"ffd":{"default":{"MON20065_DL_5":{"MON20065_DL_5":[{"time":0},{"time":0.4666,"offset":42,"vertices":[1.07039,0.54843,0,0,0,0,0,0,0,0,0,0,0,0,0,0,0,0,0,0,0,0,-0.158,1.39898,-0.39931,1.35018,-0.64576,1.25125]},{"time":0.8333,"offset":42,"vertices":[-0.82479,-1.41938,4.27277,1.25095,4.25869,-1.29864,3.79221,0.62171,1.74868,1.00277,-0.52659,2.12082,-0.10701,2.18299,0.56556,1.59784,-0.93592,1.41355,-0.07836,1.69348,0.86373,1.45877,1.03537,0.27885,1.03179,-0.29172,0.70256,-0.81003,-0.31089,-3.22579,2.3896,-2.18994,-1.6577,-1.07496,-0.51843,0.35708,0,0,0,0,0,0,0,0,0,0,0,0,0,0,0,0,0,0,0,0,0,0,0,0,0,0,-1.19006,-0.17406,0,0,0,0,0,0,-1.46649,-1.13027,0.02016,-1.85174]},{"time":1.3333},{"time":1.8,"offset":42,"vertices":[1.07039,0.54843,0,0,0,0,0,0,0,0,0,0,0,0,0,0,0,0,0,0,0,0,-0.158,1.39898,-0.39931,1.35018,-0.64576,1.25125]},{"time":2.1666,"offset":42,"vertices":[-0.82479,-1.41938,4.27277,1.25095,4.25869,-1.29864,3.79221,0.62171,1.74868,1.00277,-0.52659,2.12082,-0.10701,2.18299,0.56556,1.59784,-0.93592,1.41355,-0.07836,1.69348,0.86373,1.45877,1.03537,0.27885,1.03179,-0.29172,0.70256,-0.81003,-0.31089,-3.22579,2.3896,-2.18994,-1.6577,-1.07496,-0.51843,0.35708,0,0,0,0,0,0,0,0,0,0,0,0,0,0,0,0,0,0,0,0,0,0,0,0,0,0,-1.19006,-0.17406,0,0,0,0,0,0,-1.46649,-1.13027,0.02016,-1.85174]},{"time":2.6666}]},"MON20065_DL_7":{"MON20065_DL_7":[{"time":0},{"time":0.4666,"offset":32,"vertices":[0.82938,0.04281,0.75071,0.35545,1.52807,0.31648,1.29264,0.87463,2.18159,-0.83777,2.33662,0.05607,0.69425,0.19744,0,0,0,0,0,0,0,0,0,0,0,0,0.94174,0.16741,0.80717,0.51347,0,0,0,0,0.7109,0.0367,0.64347,0.30467,0.37991,-0.45557,0.52485,-0.27662,0.34857,-0.48007,1.36008,-0.93144,0.68856,-0.06783,0.8015,0.24822,2.1511,-0.24533,2.0828,0.59233,0.70479,0.15517,0.5927,0.41192,0,0,2.03868,-0.36994,2.02627,0.43428,2.60759,0.31566,1.18246,-2.19613,1.92995,-1.58062]},{"time":0.9333,"offset":32,"vertices":[-1.13587,-1.00902,-0.66407,-1.36676,-1.16642,-0.4166,-0.91876,-0.83091,-0.79266,-0.7537,-0.44447,-0.9996,-0.69915,-0.46375,0,0,0,0,0,0,0,0,0,0,0,0,-0.8232,-0.16129,-0.69916,-0.46375,-0.69865,-0.27366,-0.54109,-0.52,-0.36156,0.10013,-0.37243,-0.04567,0,0,0,0,0,0,-0.37769,-0.31094,-0.48483,-0.36186,0,0,-1.05405,-0.292,-0.86255,-0.6728,-0.82933,-0.0428,-0.75012,-0.35659,0,0,-1.52799,-0.31647,-1.29121,-0.8766,-1.12782,-0.66754,-0.58624,-0.14905,-0.48484,-0.36186]},{"time":1.3333},{"time":1.8,"offset":32,"vertices":[0.82938,0.04281,0.75071,0.35545,1.52807,0.31648,1.29264,0.87463,2.18159,-0.83777,2.33662,0.05607,0.69425,0.19744,0,0,0,0,0,0,0,0,0,0,0,0,0.94174,0.16741,0.80717,0.51347,0,0,0,0,0.7109,0.0367,0.64347,0.30467,0.37991,-0.45557,0.52485,-0.27662,0.34857,-0.48007,1.36008,-0.93144,0.68856,-0.06783,0.8015,0.24822,2.1511,-0.24533,2.0828,0.59233,0.70479,0.15517,0.5927,0.41192,0,0,2.03868,-0.36994,2.02627,0.43428,2.60759,0.31566,1.18246,-2.19613,1.92995,-1.58062]},{"time":2.2666,"offset":32,"vertices":[-1.13587,-1.00902,-0.66407,-1.36676,-1.16642,-0.4166,-0.91876,-0.83091,-0.79266,-0.7537,-0.44447,-0.9996,-0.69915,-0.46375,0,0,0,0,0,0,0,0,0,0,0,0,-0.8232,-0.16129,-0.69916,-0.46375,-0.69865,-0.27366,-0.54109,-0.52,-0.36156,0.10013,-0.37243,-0.04567,0,0,0,0,0,0,-0.37769,-0.31094,-0.48483,-0.36186,0,0,-1.05405,-0.292,-0.86255,-0.6728,-0.82933,-0.0428,-0.75012,-0.35659,0,0,-1.52799,-0.31647,-1.29121,-0.8766,-1.12782,-0.66754,-0.58624,-0.14905,-0.48484,-0.36186]},{"time":2.6666}]},"MON20065_DL_11":{"MON20065_DL_11":[{"time":0},{"time":0.3333,"offset":6,"vertices":[-0.35713,-0.68808,-0.30628,-0.994,-1.09725,-2.85442,-1.91017,3.92627,4.36306,0.16775,4.31668,-0.65603,3.88583,-1.99119,0,0,0,0,0,0,0,0,0,0,0,0,0,0,0,0,0,0,0,0,0,0,0,0,0,0,0,0,0,0,0,0,0,0,0,0,0,0,0,0,0,0,0,0,0,0,0,0,0,0,0,0,0,0,0,0,0,0,0,0,0,0,0,0,0,0,0,0,0,0,0,0,0,0,0,0,0,0,-1.7079,-0.12673,0.5716,1.61437,0.86506,1.47805,1.28919,1.12735,-0.48428,0.07667,0.26515,0.41242,0.33801,0.35518,0.4332,0.22964,-1.24826,1.83582,2.18299,0.40349,2.21988,-0.01438,2.10078,-0.7177,-0.48505,-1.80961]},{"time":0.6666,"offset":12,"vertices":[0.55072,-1.35489,-0.92985,-1.12882,-1.03542,-1.03284,-1.24121,-0.77352,0,0,0,0,0,0,0,0,0,0,0,0,0,0,0,0,0,0,0,0,0,0,0,0,0,0,0,0,0,0,0,0,0,0,0,0,0,0,0,0,0,0,0,0,-0.19902,0.03466,-0.04518,0.1969,-3.50412,2.25102,0.71687,4.10285,-0.84737,2.19833,1.69804,1.63331,0,0,0,0,0,0,0,0,0,0,0,0,0,0,0,0,0,0,0,0,0,0,0,0,0,0,0,0,0,0,0,0,0,0,0,0,0,0,0.44428,-1.96585,-1.51785,-1.32574,-1.63981,-1.17152,-1.86132,-0.77272]},{"time":1,"vertices":[-0.13172,1.46484,1.39701,0.45992,1.15686,0.90851,0,0,0,0,0,0,0.27536,-0.67744,-0.46492,-0.56441,-0.51771,-0.51642,-0.6206,-0.38676,0,0,0,0,0,0,0,0,0,0,-0.50733,-1.46521,-2.11331,-1.48036,-1.48261,-2.1121,-1.01801,-2.37139,0.12319,-0.18137,-0.14878,-0.16106,-0.085,-0.20215,-0.04173,-0.21528,0,0,0,0,0,0,0,0,0,0,0,0,0,0,0,0,0,0,0,0,0,0,-2.22989,1.24826,-0.16783,2.55028,-0.45287,1.93746,1.37831,1.43533,0,0,0,0,0,0,0,0,0,0,0,0,0,0,0,0,0,0,0,0,0,0,0,0,0,0,0,0,0,0,0,0,0,0,0,0,0,0,-0.31498,-2.14307,-2.01055,-0.40234,-2.08554,-0.76731,-2.13222,-0.8236,-0.39871,0.3917]},{"time":1.3333},{"time":1.6666,"offset":6,"vertices":[-0.35713,-0.68808,-0.30628,-0.994,-1.09725,-2.85442,-1.91017,3.92627,4.36306,0.16775,4.31668,-0.65603,3.88583,-1.99119,0,0,0,0,0,0,0,0,0,0,0,0,0,0,0,0,0,0,0,0,0,0,0,0,0,0,0,0,0,0,0,0,0,0,0,0,0,0,0,0,0,0,0,0,0,0,0,0,0,0,0,0,0,0,0,0,0,0,0,0,0,0,0,0,0,0,0,0,0,0,0,0,0,0,0,0,0,0,-1.7079,-0.12673,0.5716,1.61437,0.86506,1.47805,1.28919,1.12735,-0.48428,0.07667,0.26515,0.41242,0.33801,0.35518,0.4332,0.22964,-1.24826,1.83582,2.18299,0.40349,2.21988,-0.01438,2.10078,-0.7177,-0.48505,-1.80961]},{"time":2,"offset":12,"vertices":[0.55072,-1.35489,-0.92985,-1.12882,-1.03542,-1.03284,-1.24121,-0.77352,0,0,0,0,0,0,0,0,0,0,0,0,0,0,0,0,0,0,0,0,0,0,0,0,0,0,0,0,0,0,0,0,0,0,0,0,0,0,0,0,0,0,0,0,-0.19902,0.03466,-0.04518,0.1969,-3.50412,2.25102,0.71687,4.10285,-0.84737,2.19833,1.69804,1.63331,0,0,0,0,0,0,0,0,0,0,0,0,0,0,0,0,0,0,0,0,0,0,0,0,0,0,0,0,0,0,0,0,0,0,0,0,0,0,0.44428,-1.96585,-1.51785,-1.32574,-1.63981,-1.17152,-1.86132,-0.77272]},{"time":2.3333,"vertices":[-0.13172,1.46484,1.39701,0.45992,1.15686,0.90851,0,0,0,0,0,0,0.27536,-0.67744,-0.46492,-0.56441,-0.51771,-0.51642,-0.6206,-0.38676,0,0,0,0,0,0,0,0,0,0,-0.50733,-1.46521,-2.11331,-1.48036,-1.48261,-2.1121,-1.01801,-2.37139,0.12319,-0.18137,-0.14878,-0.16106,-0.085,-0.20215,-0.04173,-0.21528,0,0,0,0,0,0,0,0,0,0,0,0,0,0,0,0,0,0,0,0,0,0,-2.22989,1.24826,-0.16783,2.55028,-0.45287,1.93746,1.37831,1.43533,0,0,0,0,0,0,0,0,0,0,0,0,0,0,0,0,0,0,0,0,0,0,0,0,0,0,0,0,0,0,0,0,0,0,0,0,0,0,-0.31498,-2.14307,-2.01055,-0.40234,-2.08554,-0.76731,-2.13222,-0.8236,-0.39871,0.3917]},{"time":2.6666}]}}}},"wait_special_DL":{}}}