{"skeleton":{"hash":"/az7/RiX8cDSaDB1ndj2fdsoHOs","spine":"3.1.03","width":182.39,"height":208.86},"bones":[{"name":"root"},{"name":"bone","parent":"root","x":-10.71,"y":66.05},{"name":"MON20076_DL_13","parent":"bone","length":17.5,"x":-6.44,"y":-5.53,"rotation":86.22},{"name":"bone2","parent":"MON20076_DL_13","length":21,"x":17.5,"rotation":-18.9},{"name":"MON20076_DL_8","parent":"bone2","length":16.77,"x":20.39,"y":-0.01,"rotation":17.47},{"name":"MON20076_DL_1","parent":"MON20076_DL_8","length":13.32,"x":51.08,"y":22.14,"rotation":6.45},{"name":"MON20076_DL_0","parent":"MON20076_DL_1","length":17.76,"x":-9.04,"y":-47.47,"rotation":177.77},{"name":"MON20076_DL_2","parent":"MON20076_DL_1","length":12.59,"x":12.33,"y":8.9,"rotation":22.42},{"name":"MON20076_DL_3","parent":"MON20076_DL_1","length":19.75,"x":13.52,"y":-17.47,"rotation":-61.39},{"name":"MON20076_DL_4","parent":"MON20076_DL_1","length":19.99,"x":6.7,"y":-31.53,"rotation":-118.83},{"name":"MON20076_DL_5","parent":"MON20076_DL_1","length":10.08,"x":6.37,"y":20.28,"rotation":138.41},{"name":"MON20076_DL_6","parent":"MON20076_DL_8","length":5.91,"x":3.42,"y":9.03,"rotation":95.17},{"name":"MON20076_DL_7","parent":"MON20076_DL_8","length":5.71,"x":23.57,"y":16.2,"rotation":95.17},{"name":"MON20076_DL_9","parent":"MON20076_DL_1","length":18.25,"x":-3.1,"y":20.2,"rotation":-172.87},{"name":"MON20076_DL_12","parent":"bone2","length":21.06,"x":16.26,"y":-19.24,"rotation":-134.41},{"name":"MON20076_DL_11","parent":"MON20076_DL_12","length":15.63,"x":19.82,"y":-0.15,"rotation":-16.9},{"name":"MON20076_DL_10","parent":"MON20076_DL_11","length":6.66,"x":14.5,"y":-0.05,"rotation":-6.06},{"name":"MON20076_DL_16","parent":"bone2","length":24.09,"x":7.17,"y":6.83,"rotation":166.36},{"name":"MON20076_DL_15","parent":"MON20076_DL_16","length":17.53,"x":22.71,"y":-0.3,"rotation":-7},{"name":"MON20076_DL_14","parent":"MON20076_DL_15","length":7.33,"x":16.75,"y":0.01,"rotation":-3.77},{"name":"bone3","parent":"bone","length":5.98,"x":-9.84,"y":-7.56,"rotation":-93.65},{"name":"MON20076_DL_17","parent":"bone3","length":19.68,"x":6.7,"y":1.23,"rotation":2.87},{"name":"MON20076_DL_18","parent":"MON20076_DL_14","length":21.62,"x":3.38,"y":-3.15,"rotation":-91.08},{"name":"MON20076_DL_110","parent":"MON20076_DL_1","length":15.09,"x":-40.76,"y":-35.81,"rotation":-152.98},{"name":"MON20076_DL_112","parent":"bone2","length":16.9,"x":23.97,"y":-14.72,"rotation":-66.46},{"name":"MON20076_DL_113","parent":"bone2","length":15.19,"x":9.66,"y":11.77,"rotation":112.8},{"name":"bone4","parent":"bone3","length":8.55,"x":2.06,"y":13.62,"rotation":44.25},{"name":"bone5","parent":"bone4","length":10.71,"x":8.55,"y":0.02,"rotation":-4.27},{"name":"bone6","parent":"bone3","length":7.44,"x":4.41,"y":-7.35,"rotation":-21.74},{"name":"bone7","parent":"bone6","length":6.77,"x":7.44,"y":0.01,"rotation":2.16},{"name":"bone8","parent":"MON20076_DL_17","length":16.07,"x":18.72,"y":-0.16,"rotation":4.91},{"name":"bone9","parent":"bone8","length":17.48,"x":16.07,"rotation":2.41},{"name":"bone10","parent":"MON20076_DL_17","length":15.67,"x":4.29,"y":-8.2,"rotation":-13.47},{"name":"bone11","parent":"bone10","length":14.77,"x":15.67,"rotation":8.37},{"name":"bone12","parent":"bone11","length":13.07,"x":14.77,"rotation":-19.2},{"name":"bone13","parent":"MON20076_DL_17","length":15.75,"x":1.52,"y":12.47,"rotation":22},{"name":"bone14","parent":"bone13","length":16.59,"x":15.91,"y":-0.09,"rotation":7.63},{"name":"bone15","parent":"bone14","length":15.97,"x":16.73,"y":-0.08,"rotation":12.32},{"name":"bone16","parent":"MON20076_DL_3","length":17.09,"x":20.27,"y":-0.37,"rotation":-15.89},{"name":"bone17","parent":"bone16","length":12.85,"x":17.09,"y":0.01,"rotation":-6.05},{"name":"bone18","parent":"MON20076_DL_4","length":15.17,"x":20.25,"y":0.21,"rotation":22.08},{"name":"bone19","parent":"bone18","length":10.61,"x":15.17,"y":-0.03,"rotation":35.88},{"name":"bone20","parent":"bone19","length":8.6,"x":10.5,"y":0.35,"rotation":33.29},{"name":"bone21","parent":"MON20076_DL_0","length":14.07,"x":17.76,"rotation":-13.7},{"name":"bone22","parent":"bone21","length":12.86,"x":14.07,"rotation":-8.39},{"name":"bone23","parent":"MON20076_DL_9","length":14.11,"x":18.25,"rotation":1.23},{"name":"bone24","parent":"bone23","length":13.71,"x":14.11,"rotation":4.07},{"name":"bone25","parent":"MON20076_DL_110","length":9.66,"x":15.09,"y":-0.06,"rotation":21.79},{"name":"bone26","parent":"bone25","length":9.51,"x":9.89,"y":0.16,"rotation":34.82},{"name":"bone27","parent":"bone15","length":14.99,"x":15.74,"y":-0.02,"rotation":41.21},{"name":"fx_weapon","parent":"MON20076_DL_18","length":25.83,"x":67.51,"y":-11.76,"scaleX":1.073,"scaleY":1.073,"rotation":-14.38},{"name":"shadow","parent":"root","length":8.77,"x":-2.06,"y":-1.36}],"slots":[{"name":"shadow","bone":"shadow","attachment":"shadow"},{"name":"MON20076_DL_110","bone":"MON20076_DL_110","attachment":"MON20076_DL_110"},{"name":"MON20076_DL_18","bone":"MON20076_DL_18","attachment":"MON20076_DL_18"},{"name":"MON20076_DL_16","bone":"MON20076_DL_16","attachment":"MON20076_DL_16"},{"name":"MON20076_DL_113","bone":"MON20076_DL_113","attachment":"MON20076_DL_113"},{"name":"MON20076_DL_17","bone":"MON20076_DL_17","attachment":"MON20076_DL_17"},{"name":"MON20076_DL_13","bone":"MON20076_DL_13","attachment":"MON20076_DL_13"},{"name":"MON20076_DL_9","bone":"MON20076_DL_9","attachment":"MON20076_DL_9"},{"name":"MON20076_DL_12","bone":"MON20076_DL_12","attachment":"MON20076_DL_12"},{"name":"MON20076_DL_15","bone":"MON20076_DL_15","attachment":"MON20076_DL_15"},{"name":"MON20076_DL_112","bone":"MON20076_DL_112","attachment":"MON20076_DL_112"},{"name":"MON20076_DL_8","bone":"MON20076_DL_8","attachment":"MON20076_DL_8"},{"name":"MON20076_DL_7","bone":"MON20076_DL_7"},{"name":"MON20076_DL_14","bone":"MON20076_DL_14","attachment":"MON20076_DL_14"},{"name":"MON20076_DL_11","bone":"MON20076_DL_11","attachment":"MON20076_DL_11"},{"name":"MON20076_DL_10","bone":"MON20076_DL_10","attachment":"MON20076_DL_10"},{"name":"MON20076_DL_6","bone":"MON20076_DL_6"},{"name":"MON20076_DL_0","bone":"MON20076_DL_0","attachment":"MON20076_DL_0"},{"name":"MON20076_DL_2","bone":"MON20076_DL_2","attachment":"MON20076_DL_2"},{"name":"MON20076_DL_3","bone":"MON20076_DL_3","attachment":"MON20076_DL_3"},{"name":"MON20076_DL_4","bone":"MON20076_DL_4","attachment":"MON20076_DL_4"},{"name":"MON20076_DL_5","bone":"MON20076_DL_5","attachment":"MON20076_DL_5"},{"name":"MON20076_DL_1","bone":"MON20076_DL_1","attachment":"MON20076_DL_1"},{"name":"fx_weapon","bone":"fx_weapon","attachment":"wuqi_00000","blend":"additive"}],"skins":{"default":{"MON20076_DL_0":{"MON20076_DL_0":{"type":"weightedmesh","uvs":[1,0.20535,1,0.29823,1,0.50979,0.89494,0.73168,0.6654,1,0.31873,1,0.19693,1,0.2297,0.66203,0.24374,0.45563,0.21092,0.18989,0.35145,0,1,0,0.7492,0.12594,0.68877,0.23632,0.67474,0.50722,0.57169,0.70072],"triangles":[12,10,11,12,11,0,13,10,12,9,10,13,13,12,0,1,13,0,8,9,13,14,8,13,14,13,1,14,1,2,15,7,8,14,15,8,3,14,2,15,14,3,5,6,7,15,5,7,4,15,3,5,15,4],"vertices":[1,6,-2.81,12.04,1,2,43,-16.64,8.46,0.00335,6,3.59,12.15,0.99664,2,43,-2.51,12.15,0.44802,6,18.19,12.4,0.55197,3,44,-2.53,11.91,0.33713,43,13.3,12.15,0.66059,6,33.56,8.66,0.00226,1,44,17.92,11.12,1,2,44,23.07,-1,0.99999,43,36.75,-4.35,0,2,44,24.88,-5.26,0.99998,43,37.91999,-8.83,1.0E-5,3,44,2.93,-13.23,0.54606,43,15.04,-13.51,0.41179,6,29.18,-16.69,0.04214,3,44,-10.38,-18.31,0.01723,43,1.12,-16.6,0.38049,6,14.93,-16.39,0.60227,2,43,-16.29,-22.44,0.00461,6,-3.37,-17.94,0.99538,1,6,-16.56,-12.82,1,1,6,-16.96999,11.81,1,1,6,-8.12,2.42,1,1,6,-0.47,0.26,1,2,43,0.43,0.14,0.5,6,18.21999,0.03,0.5,2,44,0.3,-0.23,0.5,43,14.34,-0.27,0.5],"hull":12}},"MON20076_DL_1":{"MON20076_DL_1":{"x":7.66,"y":-7.38,"rotation":-91.27,"width":71,"height":41}},"MON20076_DL_10":{"MON20076_DL_10":{"x":6.55,"y":0.05,"rotation":89.97,"width":13,"height":16}},"MON20076_DL_11":{"MON20076_DL_11":{"x":7.16,"y":-0.39,"rotation":83.93,"width":16,"height":26}},"MON20076_DL_110":{"MON20076_DL_110":{"type":"weightedmesh","uvs":[1,0.56419,1,0.77874,1,1,0.68586,1,0.36453,0.92288,0.11364,0.71395,0,0.46598,0,0,0.59407,0,0.43805,0.56251,0.63887,0.75452,0.68299,0.33856,0.76284,0.50109],"triangles":[0,12,11,12,0,1,10,12,1,3,10,1,3,1,2,10,9,12,4,5,9,4,9,10,4,10,3,0,11,8,9,6,7,8,9,7,11,9,8,9,11,12,5,6,9],"vertices":[3,23,25.06,18.07,0.01904,47,15.98,13.14,0.03052,48,12.41,7.17,0.95043,1,48,13.04,-0.3,1,2,23,38.45,10.78,0,48,13.69,-8.02,1,2,47,17.01,-5.81,0.1726,48,2.42,-8.97,0.82739,3,23,25.15,-8.01,0.08051,47,6.38,-11.11,0.86228,48,-9.32,-7.26,0.05718,3,23,14.41,-12.45,0.62115,47,-5.23,-11.25,0.37883,48,-18.93,-0.73,0,3,23,4.83,-11.89,0.95043,47,-13.92,-7.18,0.04955,48,-23.74,7.57,0,2,23,-9.49,-4.1,0.99985,48,-25.11,23.82,1.4E-4,3,23,0.73,14.68,0.97036,47,-7.86,19.02,0.01239,48,-3.8,25.62,0.01724,2,23,15.34,0.33,0.5,47,0.37,0.28,0.5,2,47,10.22,-0.27,0.5,48,0.02,-0.55,0.5,3,23,12.67,11.83,0.56818,47,2.15,11.94,0.21612,48,0.37,14.08,0.21568,3,23,19.04,11.63,0.15662,47,8,9.39,0.29055,48,3.72,8.64999,0.55281],"hull":9}},"MON20076_DL_112":{"MON20076_DL_112":{"x":9.05,"y":-1.93,"rotation":-0.89,"width":43,"height":23}},"MON20076_DL_113":{"MON20076_DL_113":{"x":10.4,"y":-0.5,"rotation":179.85,"width":34,"height":20}},"MON20076_DL_12":{"MON20076_DL_12":{"x":9.05,"y":0.09,"rotation":66.9,"width":20,"height":31}},"MON20076_DL_13":{"MON20076_DL_13":{"type":"weightedmesh","uvs":[0.75447,0.08573,1,0.12124,1,0.27684,0.89866,0.35653,0.75916,0.46625,0.70022,0.52639,0.74094,0.55713,0.75063,0.6186,0.87278,0.73176,0.93288,0.96228,0.90927,0.98827,0.85726,1,0.57032,0.88824,0.3842,0.7639,0.29501,0.8114,0.23103,0.7611,0.1853,0.81947,0.07013,0.96647,0,0.96228,0,0.83375,0.04558,0.76346,0.1112,0.66227,0.12552,0.61756,0.12128,0.57331,0.167,0.53076,0.13649,0.47495,0,0.43944,0,0.3278,0,0.27539,0.27698,0.15837,0.39232,0.10965,0.4017,0,0.58931,0,0.74508,0,0.38961,0.61385,0.31052,0.69245,0.4544,0.68804,0.3206,0.63843,0.46203,0.6441,0.17802,0.67239,0.10594,0.79612,0.57787,0.6591,0.71514,0.77626,0.32887,0.60467,0.18642,0.62408,0.1946,0.58439,0.45216,0.59624,0.51506,0.15404,0.29963,0.34654,0.30953,0.47666,0.51165,0.3933,0.68002,0.34315,0.76982,0.16844,0.14479,0.33686],"triangles":[41,38,6,41,6,7,36,38,41,42,41,7,42,7,8,12,36,41,12,41,42,42,8,9,10,42,9,11,42,10,12,42,11,40,18,19,40,19,20,17,18,40,17,40,16,23,24,45,22,23,45,44,22,45,39,22,44,21,22,39,40,20,21,40,21,39,40,39,15,16,40,15,37,45,43,44,45,37,36,37,38,35,44,37,35,37,36,39,44,35,15,39,35,13,35,36,14,15,35,14,35,13,13,36,12,53,27,28,26,27,53,25,26,53,25,53,48,49,48,50,25,48,49,5,51,4,50,51,5,24,25,49,45,24,49,46,49,50,46,50,5,34,43,49,45,49,43,46,34,49,38,46,5,34,46,38,37,43,34,38,37,34,38,5,6,47,31,32,30,31,47,52,0,1,32,33,0,47,32,0,47,0,52,52,1,2,29,53,28,51,47,52,48,29,30,53,29,48,48,30,47,3,52,2,51,52,3,50,48,47,50,47,51,4,51,3],"vertices":[4,3,24.66,-7.7,0.97764,2,38.34,-15.27,0.01308,28,-51.39,7.49,0,26,-27.03,33.31,0.00927,4,3,27.07,-19.74,0.91999,2,36.73,-27.43,0.04963,28,-54.36,19.4,0,26,-17.36,40.88,0.03036,4,3,17.29999,-23.81,0.84485,2,26.17,-28.13,0.10374,28,-44.8,23.93,0,26,-9.33,33.99,0.05139,4,3,10.39,-21.32,0.71604,2,20.43,-23.53,0.19586,28,-37.77,21.77,0,26,-8.45,26.69,0.08808,4,3,0.87,-17.87999,0.32204,2,12.54,-17.2,0.42799,28,-28.1,18.79,0,26,-7.23,16.65,0.24995,4,3,-4.01,-16.79,0.10109,2,8.27,-14.59,0.43826,28,-23.17,17.93,0,26,-6.01,11.79,0.46063,5,3,-5.17,-19.44,0.04829,2,6.32,-16.71999,0.31748,28,-22.14,20.62999,0,27,-12.53,11.02,0.00131,26,-3.12,11.95,0.6329,5,3,-8.84,-21.49,0.01248,2,2.18,-17.45999,0.1388,28,-18.56,22.84,0,27,-8.88,8.93,0.0354,26,0.35,9.59,0.81329,3,28,-14.17,31.55,0,27,0.85,9.18999,0.61184,26,10.09,9.12,0.38815,3,28,-1.27,40.93,0,27,15.22,2.27,0.99982,26,23.9,1.16,1.7E-4,3,28,0.82,40.64,0,27,15.96,0.29,0.99988,26,24.49,-0.86,1.1E-4,2,28,2.63,38.68,0,27,15.09,-2.23,1,3,20,14.48,13.08,0.10617,27,0.64,-9.05,0.5098,26,8.52,-9.04,0.384,4,2,-8.85,-0.2,0.03785,20,6.62,3.44,0.77237,27,-11.57,-11.38,0.0071,26,-3.82,-10.46,0.18265,2,20,10.12,-0.7,0.96653,28,2.84,8.28,0.03345,3,20,6.9,-4.05,0.53491,28,1.09,3.99,0.44123,29,-6.19,4.21,0.02384,3,20,11.01,-6.03,0.05053,28,5.64,3.66,0.51002,29,-1.66,3.71,0.43942,3,20,21.34,-11.03,8.0E-5,28,17.09,2.84,0.0013,29,9.75,2.46,0.9986,3,20,21.27,-14.48,1.0E-5,28,18.29999,-0.37,5.6E-4,29,10.84,-0.8,0.99941,1,29,2.8,-4.23999,1,2,28,5.13,-4.15,0.56866,29,-2.46,-4.07,0.43133,3,2,-2.84,13.59,0.01318,20,0.57,-10.33,0.02033,28,-2.46,-4.19,0.96646,4,3,-20.58,6.8,5.5E-4,2,0.23,13.09,0.09812,20,-2.5,-9.83,0.21241,28,-5.51,-4.86,0.6889,4,3,-17.87999,8.14999,0.00618,2,3.22,13.5,0.22838,20,-5.49,-10.22,0.26742,28,-8.14,-6.33,0.49801,4,3,-14.35,7.2,0.0305,2,6.26,11.45,0.4718,20,-8.52,-8.17,0.23687,28,-11.71,-5.55,0.2608,4,3,-11.42,10.04,0.13748,2,9.93999,13.19,0.65733,20,-12.21,-9.91,0.10221,28,-14.5,-8.52,0.10295,4,3,-11.77,17.14,0.26187,2,11.91,20.03,0.65159,20,-14.2,-16.73,0.0408,28,-13.82,-15.6,0.04573,4,3,-4.76,20.07,0.38014,2,19.49,20.53,0.57503,20,-21.77,-17.20999,0.0194,28,-20.68,-18.86,0.0254,4,3,-1.47,21.44,0.42711,2,23.05,20.76,0.53955,20,-25.33,-17.44,0.01361,28,-23.9,-20.37999,0.01971,4,3,11.09,11.98,0.83076,2,31.88,7.74,0.15943,20,-34.13,-4.4,0.004,28,-36.9,-11.52,0.00579,2,3,16.32,8.04,0.99884,2,35.55,2.32,0.00115,2,3,23.38,10.49,1,28,-49.25,-10.61,0,1,3,26.92,2,1,2,3,29.86,-5.03,0.99966,26,-31.75,36.75999,3.3E-4,1,2,1.34,0.2,1,1,20,2,-0.46,1,3,2,-3.48,-3.29,0.36225,20,1.25,6.55,0.25057,26,-5.5,-4.48999,0.38717,1,20,-1.69,-0.2,1,3,2,-0.47,-3.47,0.73634,20,-1.75,6.73,0.10465,26,-7.53,-2.27,0.15899,3,2,-3.31,10.28,0.02145,20,1.04999,-7.02,0.28024,28,-3.24,-0.94,0.6983,2,28,5.87,-0.52,0.5,29,-1.58,-0.48,0.5,1,26,-3.06,1.37,1,2,27,-1.28,1.16999,0.5,26,7.36,1.29,0.5,3,2,1.76,3.21,0.66926,20,-4.01,0.05,0.31806,28,-10.57,3.76,0.01267,3,2,0,10.09,0.02145,20,-2.25,-6.82,0.28024,28,-6.38,-1.97,0.6983,4,3,-17.19,4.54,0.00268,2,2.71,9.85999,0.22868,20,-4.96999,-6.59,0.36819,28,-8.99,-2.76,0.40044,2,2,2.73,-2.77,0.90999,26,-10.31,-0.52,0.09,2,3,15.85,1.33,0.78241,2,32.93999,-3.87,0.21758,4,3,-0.28,6.03,0.46591,2,19.18,5.79,0.52133,20,-21.43,-2.48,0.00552,28,-25.81,-5.04,0.00722,4,3,-8.26,2.17,0.21786,2,10.39,4.73,0.70925,20,-12.63,-1.44,0.0363,28,-18.03,-0.81,0.03657,4,3,0.77,-4.78,0.35618,2,16.69,-4.77,0.54562,28,-27.39,5.7,0,26,-18.89,10.67,0.09818,4,3,7.1,-11.08,0.50531,2,20.64,-12.78,0.35583,28,-34.00999,11.7,0,26,-16.11,19.15,0.13884,4,3,19.76,-10.56,0.8674,2,32.78,-16.39,0.09183,28,-46.63,10.58,0,26,-22.27,30.22,0.04075,4,3,-2.59999,13.28,0.42159,2,19.34,13.41,0.54908,20,-21.61,-10.1,0.01269,28,-23.16,-12.18,0.01662],"hull":34}},"MON20076_DL_14":{"MON20076_DL_14":{"x":4.19,"y":-2.46,"rotation":137.06,"width":17,"height":16}},"MON20076_DL_15":{"MON20076_DL_15":{"x":6.23,"y":-1.16,"rotation":133.21,"width":24,"height":23}},"MON20076_DL_16":{"MON20076_DL_16":{"x":10.67,"y":0.62,"rotation":126.55,"width":24,"height":30}},"MON20076_DL_17":{"MON20076_DL_17":{"type":"weightedmesh","uvs":[0.62874,0.31477,0.72579,0.51895,0.81933,0.66599,0.89382,0.70083,1,0.7505,1,0.85393,1,0.92469,0.8627,0.94112,0.64153,0.96758,0.37066,1,0.24622,0.97441,0,0.92378,0,0.80404,0.1059,0.6327,0.11835,0.39051,0.18208,0,0.26859,0,0.33747,0,0.43991,0,0.54939,0,0.33732,0.4152,0.34605,0.67917,0.2084,0.42597,0.19595,0.65999,0.12628,0.94975,0.53159,0.37727,0.6198,0.62227,0.72745,0.81013,0.26974,0.42084,0.26772,0.66916,0.44074,0.39501,0.48162,0.65099,0.56468,0.97678,0.8774,0.83423],"triangles":[8,27,7,7,33,6,7,27,33,33,5,6,33,4,5,27,2,33,33,3,4,33,2,3,8,32,27,27,32,31,27,31,26,27,26,2,26,1,2,31,25,26,31,30,25,26,25,1,25,0,1,30,18,25,0,18,19,0,25,18,10,21,9,9,31,32,9,21,31,10,29,21,31,21,20,20,21,29,29,28,20,20,30,31,28,16,20,20,17,30,17,18,30,20,16,17,28,22,16,16,14,15,22,14,16,23,22,29,29,22,28,23,13,22,13,14,22,10,24,29,24,23,29,23,24,12,23,12,13,24,11,12],"vertices":[3,35,15.55,9.72999,0.46361,36,0.95,9.79,0.53513,37,-13.31,13.01,0.00123,3,36,16.26,11.77,0.45821,37,2.06,11.68,0.50482,49,-2.57,17.81,0.03695,3,36,28.36,15.14,0.0237,37,14.6,12.39,0.32795,49,7.32,10.09,0.64834,2,37,20.81,16.26,0.03005,49,14.54,8.91,0.96994,1,49,24.84,7.23,1,1,49,25.67,0.97,1,1,49,26.25,-3.3,1,1,49,13.59,-6,1,3,31,20.77,25.41,0.17984,37,17.44,-12.29,0.66389,49,-6.8,-10.35,0.15626,1,31,19.83,-0.1,1,2,34,15.02,12.33,0.44742,31,16.94,-11.55,0.55257,2,34,22.02,-9.93999,0.99995,31,11.23,-34.18999,4.0E-5,2,34,15.4,-13.03,0.9883,33,25.03,-17.37,0.01169,3,34,1.71,-8.43,0.51143,33,13.62,-8.53,0.48713,32,30.39,-6.45,0.00142,3,33,-1.19,-8.87,0.44274,32,15.79,-8.95,0.55716,35,2.49,-36.65,7.0E-5,2,32,-8.77,-9,0.93761,21,-6.32,-14.91,0.06238,4,32,-10.77,-1.12,0.5198,21,-6.44,-6.78,0.46447,35,-14.6,-14.86,0.01571,36,-32.2,-10.58,0,4,32,-12.36,5.15,0.11363,21,-6.52,-0.31,0.85536,35,-12.25,-8.83,0.031,36,-29.07,-4.91,0,3,21,-6.65,9.31,0.29727,35,-8.76,0.14,0.7027,36,-24.42,3.51,1.0E-5,1,35,-5.04,9.72999,1,2,21,18.79,0.01,0.5,30,0.08,0.17,0.5,2,30,16.2,-0.16,0.5,31,0.12,-0.17,0.5,2,33,0.09,-0.23,0.5,32,15.8,-0.21,0.5,2,34,-0.35,-0.06,0.5,33,14.41,0.05,0.5,2,34,18.43,1.48,0.9852,31,14.16,-22.58,0.01479,2,35,15.8,-0.15,0.5,36,-0.11,-0.04,0.5,2,36,16.96999,0,0.5,37,0.24,0.03,0.5,2,37,15.53,0.1,0.5,49,-0.06,0.23,0.5,4,33,-0.8,5.46,0.20173,32,14.08,5.29,0.25009,21,19.21999,-6.32,0.24704,30,-0.02,-6.18,0.30111,4,34,-2.7,6.28,0.10692,33,14.28,6.82,0.22976,30,15.06,-7.46,0.46287,31,-1.32,-7.41,0.20043,5,21,17.43,9.72,0.23994,30,-0.44,9.96,0.29782,31,-16.07,10.65,0.00599,35,13.71,-8.5,0.20935,36,-3.28,-8.04,0.24688,6,21,32.99,13.77,0.00577,30,15.41,12.66,0.32974,31,-0.12,12.68,0.23141,35,29.66,-10.58,0.00301,36,12.24,-12.21,0.34172,37,-6.98,-10.89,0.08832,4,31,20.5,18.17,0.37937,36,33.41,-14.97,0.00418,37,13.11,-18.1,0.5856,49,-13.88,-11.87,0.0308,1,49,14.09,0.64,1],"hull":20}},"MON20076_DL_18":{"MON20076_DL_18":{"x":37.87,"y":-4.03,"rotation":-131.95,"width":92,"height":128}},"MON20076_DL_2":{"MON20076_DL_2":{"x":12.86,"y":-0.37,"rotation":-113.85,"width":20,"height":37}},"MON20076_DL_3":{"MON20076_DL_3":{"type":"weightedmesh","uvs":[0.94862,0.24335,1,0.35143,1,0.67762,0.76448,0.72715,0.53075,0.78357,0.29736,1,0,1,0,0.83594,0.12726,0.41366,0.37998,0.1126,0.60374,0,0.78576,0,0.2059,0.75251,0.46191,0.4718,0.70521,0.33381],"triangles":[2,3,1,1,3,14,14,0,1,14,11,0,14,10,11,4,13,3,13,14,3,13,9,14,9,10,14,6,12,5,5,12,4,6,7,12,7,8,12,12,13,4,12,8,13,8,9,13],"vertices":[1,39,17.59,0.57,1,1,39,20.59,-3.46,1,1,39,19.06,-14.11,1,2,38,18.41,-13.61,0.31658,39,2.74,-13.41,0.68341,3,8,19.37,-12.02,0.3759,38,2.32,-11.45,0.61668,39,-13.48,-12.95,0.00741,1,8,1.86,-10.12,1,3,8,-15.88,0.17,0.99997,38,-34.91999,-9.35999,2.0E-5,39,-50.74,-14.79,0,3,8,-13.16,4.85,0.99997,38,-33.59,-4.11,2.0E-5,39,-49.97,-9.43,0,2,8,1.41,12.49,1,39,-39.29,3.1,0,3,8,21.48,12.34,0.49391,38,-2.31,12.56,0.50528,39,-20.61,10.43999,7.8E-4,3,8,36.7,7.8,7.7E-4,38,13.56,12.37,0.82279,39,-4.8,11.92,0.17643,2,38,25.73,9.28,0.09685,39,7.62,10.12,0.90314,1,8,0.5,0.1,1,2,8,20.42,-0.74,0.36943,38,0.25,-0.31,0.63056,2,38,17.64,-0.02,0.5,39,0.55,0.01,0.5],"hull":12}},"MON20076_DL_4":{"MON20076_DL_4":{"type":"weightedmesh","uvs":[1,0.55458,0.95083,0.7805,0.70321,1,0.41037,1,0.08781,0.56924,0,0.4146,0,0,0.21101,0,0.44879,0.15492,0.64722,0.1099,0.80008,0,1,0,0.17085,0.27659,0.47233,0.54084,0.72856,0.57334,0.88147,0.42001],"triangles":[15,11,0,9,10,15,15,10,11,2,14,1,0,1,15,1,14,15,15,14,9,3,13,2,2,13,14,14,13,9,3,4,13,4,12,13,4,5,12,12,8,13,13,8,9,5,6,12,12,7,8,12,6,7],"vertices":[2,41,14.43,-7.43,0.62304,42,-0.99,-8.66,0.37694,3,40,29.11,-5.74,0.03966,41,7.94,-12.8,0.9088,42,-9.35999,-9.59,0.05152,3,9,40.04,-7.77,0.00236,40,15.34,-14.84,0.71615,41,-8.54,-12.09,0.28148,2,9,24.76,-15.82,0.3217,40,-1.85,-16.54999,0.67829,1,9,0.89,-11.34,1,1,9,-6.2,-8.97,1,1,9,-12.96,3.86,1,1,9,-1.95,9.66,1,4,9,12.98,11.4,0.7776,40,-2.52,13.1,0.19901,41,-6.63,21.01,0.00198,42,-2.98,26.68,0.02138,4,9,22.61,18.25,0.10536,40,8.96,15.83,0.43653,41,4.27,16.48,0.11885,42,3.64,16.9,0.33923,4,9,28.8,25.85,0.00165,40,17.54999,20.54999,0.09398,41,14,15.27,0.0472,42,11.11,10.55,0.85715,1,42,16.37,0,1,1,9,0.46,0,1,2,9,20.5,0.09,0.5,40,0.19,-0.2,0.5,2,40,15.34,0.16,0.5,41,0.26,0.05,0.5,2,41,10.75,0.15,0.5,42,0.1,-0.3,0.5],"hull":12}},"MON20076_DL_5":{"MON20076_DL_5":{"x":7.37,"y":0.92,"rotation":130.45,"width":17,"height":31}},"MON20076_DL_6":{"MON20076_DL_6":{"x":1.54,"y":-1.24,"rotation":-179.99,"width":21,"height":13}},"MON20076_DL_7":{"MON20076_DL_7":{"x":-4.59,"y":-7.73,"rotation":-179.99,"width":57,"height":26}},"MON20076_DL_8":{"MON20076_DL_8":{"x":52.14,"y":-1.06,"rotation":-84.82,"width":105,"height":115}},"MON20076_DL_9":{"MON20076_DL_9":{"type":"weightedmesh","uvs":[0.65311,0.24269,0.81316,0.47738,0.86119,0.68029,1,0.86609,1,1,0.76522,1,0.43718,1,0.29915,0.87374,0.14111,0.72919,0,0.53606,0,0.26225,0,0,0.23702,0,0.64508,0,0.30107,0.25247,0.40511,0.50917,0.51715,0.69741,0.6491,0.85836],"triangles":[9,14,15,9,10,14,15,0,1,15,14,0,10,12,14,10,11,12,14,13,0,14,12,13,8,15,16,8,9,15,16,1,2,16,15,1,5,3,4,6,17,5,5,17,3,6,7,17,7,16,17,7,8,16,17,2,3,17,16,2],"vertices":[1,13,0.09,7.99,1,2,45,-0.73,9.02,0.43779,13,17.32,8.99,0.5622,2,46,0.27,7.61,0.46894,45,13.84,7.61,0.53105,1,46,13.99,7.4,1,1,46,23.35,5.11,1,1,46,22.13,0.09,1,1,46,20.41,-6.91,1,2,46,10.86,-7.7,0.76387,45,25.49,-6.91,0.23612,2,46,-0.07,-8.6,0.49352,45,14.65,-8.59,0.50647,2,45,0.42,-9.31,0.60972,13,18.87999,-9.31,0.39027,1,13,-0.62,-6.42,1,1,13,-19.29,-3.66,1,1,13,-18.53,1.49,1,1,13,-17.21999,10.37,1,1,13,-0.34,0.22,1,2,45,0.01,-0.2,0.5,13,18.27,-0.21,0.5,2,46,-0.32,-0.02,0.5,45,13.78,-0.05,0.5,2,46,11.61,0.03,0.76595,45,25.69,0.86,0.23404],"hull":14}},"fx_weapon":{"wuqi_00000":{"scaleX":1.272,"scaleY":1.272,"rotation":-116.73,"width":60,"height":64}},"shadow":{"shadow":{"x":7.5,"y":10.43,"scaleX":1.6,"scaleY":1.6,"width":85,"height":42}}}},"animations":{"wait_DL":{"slots":{"MON20076_DL_7":{"attachment":[{"time":0,"name":null},{"time":1,"name":null},{"time":1.8,"name":"MON20076_DL_7"},{"time":1.9,"name":null},{"time":2,"name":null}]}},"bones":{"bone":{"rotate":[{"time":0,"angle":0,"curve":"stepped"},{"time":0.5,"angle":0,"curve":"stepped"},{"time":1,"angle":0,"curve":"stepped"},{"time":1.5,"angle":0,"curve":"stepped"},{"time":2,"angle":0}],"translate":[{"time":0,"x":0,"y":-1.25},{"time":0.5,"x":0,"y":-8.13},{"time":1,"x":0,"y":-1.25},{"time":1.5,"x":0,"y":-8.13},{"time":2,"x":0,"y":-1.25}],"scale":[{"time":0,"x":1,"y":1},{"time":0.5,"x":1.021,"y":0.978},{"time":1,"x":1,"y":1},{"time":1.5,"x":1.021,"y":0.978},{"time":2,"x":1,"y":1}]},"MON20076_DL_13":{"rotate":[{"time":0,"angle":0},{"time":0.3333,"angle":2.43},{"time":0.6666,"angle":2.07},{"time":1,"angle":0},{"time":1.3333,"angle":2.43},{"time":1.6666,"angle":2.07},{"time":2,"angle":0}],"translate":[{"time":0,"x":0,"y":0},{"time":0.5,"x":0,"y":-0.53},{"time":1,"x":0,"y":0},{"time":1.5,"x":0,"y":-0.53},{"time":2,"x":0,"y":0}],"scale":[{"time":0,"x":1,"y":1,"curve":"stepped"},{"time":0.5,"x":1,"y":1,"curve":"stepped"},{"time":1,"x":1,"y":1,"curve":"stepped"},{"time":1.5,"x":1,"y":1,"curve":"stepped"},{"time":2,"x":1,"y":1}]},"bone2":{"rotate":[{"time":0,"angle":0},{"time":0.3333,"angle":2.1},{"time":0.6666,"angle":1.86},{"time":1,"angle":0},{"time":1.3333,"angle":2.1},{"time":1.6666,"angle":1.86},{"time":2,"angle":0}],"translate":[{"time":0,"x":0,"y":0},{"time":0.5,"x":-1.6,"y":-0.1},{"time":1,"x":0,"y":0},{"time":1.5,"x":-1.6,"y":-0.1},{"time":2,"x":0,"y":0}],"scale":[{"time":0,"x":1,"y":1,"curve":"stepped"},{"time":0.5,"x":1,"y":1,"curve":"stepped"},{"time":1,"x":1,"y":1,"curve":"stepped"},{"time":1.5,"x":1,"y":1,"curve":"stepped"},{"time":2,"x":1,"y":1}]},"MON20076_DL_8":{"rotate":[{"time":0,"angle":0},{"time":0.3333,"angle":-7.04},{"time":0.6666,"angle":-7.3},{"time":1,"angle":0},{"time":1.3333,"angle":-7.04},{"time":1.6666,"angle":-7.3},{"time":2,"angle":0}],"translate":[{"time":0,"x":0,"y":0},{"time":0.5,"x":-2.19,"y":-0.08},{"time":1,"x":0,"y":0},{"time":1.5,"x":-2.19,"y":-0.08},{"time":2,"x":0,"y":0}],"scale":[{"time":0,"x":1,"y":1,"curve":"stepped"},{"time":0.5,"x":1,"y":1,"curve":"stepped"},{"time":1,"x":1,"y":1,"curve":"stepped"},{"time":1.5,"x":1,"y":1,"curve":"stepped"},{"time":2,"x":1,"y":1}]},"bone3":{"rotate":[{"time":0,"angle":0,"curve":"stepped"},{"time":0.5,"angle":0,"curve":"stepped"},{"time":1,"angle":0,"curve":"stepped"},{"time":1.5,"angle":0,"curve":"stepped"},{"time":2,"angle":0}],"translate":[{"time":0,"x":0,"y":0,"curve":"stepped"},{"time":0.5,"x":0,"y":0,"curve":"stepped"},{"time":1,"x":0,"y":0,"curve":"stepped"},{"time":1.5,"x":0,"y":0,"curve":"stepped"},{"time":2,"x":0,"y":0}],"scale":[{"time":0,"x":1,"y":1,"curve":"stepped"},{"time":0.5,"x":1,"y":1,"curve":"stepped"},{"time":1,"x":1,"y":1,"curve":"stepped"},{"time":1.5,"x":1,"y":1,"curve":"stepped"},{"time":2,"x":1,"y":1}]},"bone4":{"rotate":[{"time":0,"angle":0},{"time":0.3333,"angle":15.3},{"time":0.6666,"angle":-2.51},{"time":1,"angle":0},{"time":1.3333,"angle":15.3},{"time":1.6666,"angle":-2.51},{"time":2,"angle":0}],"translate":[{"time":0,"x":0,"y":0,"curve":"stepped"},{"time":0.3333,"x":0,"y":0,"curve":"stepped"},{"time":0.6666,"x":0,"y":0,"curve":"stepped"},{"time":1,"x":0,"y":0,"curve":"stepped"},{"time":1.3333,"x":0,"y":0,"curve":"stepped"},{"time":1.6666,"x":0,"y":0,"curve":"stepped"},{"time":2,"x":0,"y":0}],"scale":[{"time":0,"x":1,"y":1,"curve":"stepped"},{"time":0.3333,"x":1,"y":1,"curve":"stepped"},{"time":0.6666,"x":1,"y":1,"curve":"stepped"},{"time":1,"x":1,"y":1,"curve":"stepped"},{"time":1.3333,"x":1,"y":1,"curve":"stepped"},{"time":1.6666,"x":1,"y":1,"curve":"stepped"},{"time":2,"x":1,"y":1}]},"bone5":{"rotate":[{"time":0,"angle":0},{"time":0.3333,"angle":-4.6},{"time":0.6666,"angle":13.11},{"time":1,"angle":0},{"time":1.3333,"angle":-4.6},{"time":1.6666,"angle":13.11},{"time":2,"angle":0}],"translate":[{"time":0,"x":0,"y":0,"curve":"stepped"},{"time":0.3333,"x":0,"y":0,"curve":"stepped"},{"time":0.6666,"x":0,"y":0,"curve":"stepped"},{"time":1,"x":0,"y":0,"curve":"stepped"},{"time":1.3333,"x":0,"y":0,"curve":"stepped"},{"time":1.6666,"x":0,"y":0,"curve":"stepped"},{"time":2,"x":0,"y":0}],"scale":[{"time":0,"x":1,"y":1,"curve":"stepped"},{"time":0.3333,"x":1,"y":1,"curve":"stepped"},{"time":0.6666,"x":1,"y":1,"curve":"stepped"},{"time":1,"x":1,"y":1,"curve":"stepped"},{"time":1.3333,"x":1,"y":1,"curve":"stepped"},{"time":1.6666,"x":1,"y":1,"curve":"stepped"},{"time":2,"x":1,"y":1}]},"bone6":{"rotate":[{"time":0,"angle":0},{"time":0.3333,"angle":-17.97},{"time":0.6666,"angle":1.98},{"time":1,"angle":0},{"time":1.3333,"angle":-17.97},{"time":1.6666,"angle":1.98},{"time":2,"angle":0}],"translate":[{"time":0,"x":0,"y":0,"curve":"stepped"},{"time":0.3333,"x":0,"y":0,"curve":"stepped"},{"time":0.6666,"x":0,"y":0,"curve":"stepped"},{"time":1,"x":0,"y":0,"curve":"stepped"},{"time":1.3333,"x":0,"y":0,"curve":"stepped"},{"time":1.6666,"x":0,"y":0,"curve":"stepped"},{"time":2,"x":0,"y":0}],"scale":[{"time":0,"x":1,"y":1,"curve":"stepped"},{"time":0.3333,"x":1,"y":1,"curve":"stepped"},{"time":0.6666,"x":1,"y":1,"curve":"stepped"},{"time":1,"x":1,"y":1,"curve":"stepped"},{"time":1.3333,"x":1,"y":1,"curve":"stepped"},{"time":1.6666,"x":1,"y":1,"curve":"stepped"},{"time":2,"x":1,"y":1}]},"bone7":{"rotate":[{"time":0,"angle":0},{"time":0.3333,"angle":8.74},{"time":0.6666,"angle":-21.31},{"time":1,"angle":0},{"time":1.3333,"angle":8.74},{"time":1.6666,"angle":-21.31},{"time":2,"angle":0}],"translate":[{"time":0,"x":0,"y":0,"curve":"stepped"},{"time":0.3333,"x":0,"y":0,"curve":"stepped"},{"time":0.6666,"x":0,"y":0,"curve":"stepped"},{"time":1,"x":0,"y":0,"curve":"stepped"},{"time":1.3333,"x":0,"y":0,"curve":"stepped"},{"time":1.6666,"x":0,"y":0,"curve":"stepped"},{"time":2,"x":0,"y":0}],"scale":[{"time":0,"x":1,"y":1,"curve":"stepped"},{"time":0.3333,"x":1,"y":1,"curve":"stepped"},{"time":0.6666,"x":1,"y":1,"curve":"stepped"},{"time":1,"x":1,"y":1,"curve":"stepped"},{"time":1.3333,"x":1,"y":1,"curve":"stepped"},{"time":1.6666,"x":1,"y":1,"curve":"stepped"},{"time":2,"x":1,"y":1}]},"MON20076_DL_17":{"rotate":[{"time":0,"angle":0,"curve":"stepped"},{"time":1,"angle":0,"curve":"stepped"},{"time":2,"angle":0}],"translate":[{"time":0,"x":0,"y":0},{"time":0.5,"x":0.4,"y":0.02},{"time":1,"x":0,"y":0},{"time":1.5,"x":0.4,"y":0.02},{"time":2,"x":0,"y":0}],"scale":[{"time":0,"x":1,"y":1},{"time":0.5,"x":0.891,"y":1.073},{"time":1,"x":1,"y":1},{"time":1.5,"x":0.891,"y":1.073},{"time":2,"x":1,"y":1}]},"MON20076_DL_12":{"rotate":[{"time":0,"angle":0},{"time":0.1666,"angle":-4.08},{"time":0.5,"angle":13.38},{"time":0.6666,"angle":13.59},{"time":1,"angle":0},{"time":1.1666,"angle":-4.08},{"time":1.5,"angle":13.38},{"time":1.6666,"angle":13.59},{"time":2,"angle":0}],"translate":[{"time":0,"x":0,"y":0},{"time":0.5,"x":-1.15,"y":-0.48},{"time":1,"x":0,"y":0},{"time":1.5,"x":-1.15,"y":-0.48},{"time":2,"x":0,"y":0}],"scale":[{"time":0,"x":1,"y":1,"curve":"stepped"},{"time":0.5,"x":1,"y":1,"curve":"stepped"},{"time":1,"x":1,"y":1,"curve":"stepped"},{"time":1.5,"x":1,"y":1,"curve":"stepped"},{"time":2,"x":1,"y":1}]},"MON20076_DL_11":{"rotate":[{"time":0,"angle":0},{"time":0.1666,"angle":-7.51},{"time":0.5,"angle":11.34},{"time":0.6666,"angle":16.03},{"time":1,"angle":0},{"time":1.1666,"angle":-7.51},{"time":1.5,"angle":11.34},{"time":1.6666,"angle":16.03},{"time":2,"angle":0}],"translate":[{"time":0,"x":0,"y":0,"curve":"stepped"},{"time":0.5,"x":0,"y":0,"curve":"stepped"},{"time":1,"x":0,"y":0,"curve":"stepped"},{"time":1.5,"x":0,"y":0,"curve":"stepped"},{"time":2,"x":0,"y":0}],"scale":[{"time":0,"x":1,"y":1,"curve":"stepped"},{"time":0.5,"x":1,"y":1,"curve":"stepped"},{"time":1,"x":1,"y":1,"curve":"stepped"},{"time":1.5,"x":1,"y":1,"curve":"stepped"},{"time":2,"x":1,"y":1}]},"MON20076_DL_10":{"rotate":[{"time":0,"angle":0},{"time":0.1666,"angle":-11.75},{"time":0.5,"angle":-15.07},{"time":0.6666,"angle":14.61},{"time":1,"angle":0},{"time":1.1666,"angle":-11.75},{"time":1.5,"angle":-15.07},{"time":1.6666,"angle":14.61},{"time":2,"angle":0}],"translate":[{"time":0,"x":0,"y":0,"curve":"stepped"},{"time":0.5,"x":0,"y":0,"curve":"stepped"},{"time":1,"x":0,"y":0,"curve":"stepped"},{"time":1.5,"x":0,"y":0,"curve":"stepped"},{"time":2,"x":0,"y":0}],"scale":[{"time":0,"x":1,"y":1,"curve":"stepped"},{"time":0.5,"x":1,"y":1,"curve":"stepped"},{"time":1,"x":1,"y":1,"curve":"stepped"},{"time":1.5,"x":1,"y":1,"curve":"stepped"},{"time":2,"x":1,"y":1}]},"MON20076_DL_16":{"rotate":[{"time":0,"angle":0},{"time":0.1666,"angle":-2.83},{"time":0.5,"angle":4.32},{"time":0.6666,"angle":4.28},{"time":1,"angle":0},{"time":1.1666,"angle":-2.83},{"time":1.5,"angle":4.32},{"time":1.6666,"angle":4.28},{"time":2,"angle":0}],"translate":[{"time":0,"x":0,"y":0},{"time":0.5,"x":2.45,"y":0.72},{"time":1,"x":0,"y":0},{"time":1.5,"x":2.45,"y":0.72},{"time":2,"x":0,"y":0}],"scale":[{"time":0,"x":1,"y":1,"curve":"stepped"},{"time":0.5,"x":1,"y":1,"curve":"stepped"},{"time":1,"x":1,"y":1,"curve":"stepped"},{"time":1.5,"x":1,"y":1,"curve":"stepped"},{"time":2,"x":1,"y":1}]},"MON20076_DL_15":{"rotate":[{"time":0,"angle":0},{"time":0.1666,"angle":-5.93},{"time":0.5,"angle":-6.97},{"time":0.6666,"angle":-1.85},{"time":1,"angle":0},{"time":1.1666,"angle":-5.93},{"time":1.5,"angle":-6.97},{"time":1.6666,"angle":-1.85},{"time":2,"angle":0}],"translate":[{"time":0,"x":0,"y":0,"curve":"stepped"},{"time":0.5,"x":0,"y":0,"curve":"stepped"},{"time":1,"x":0,"y":0,"curve":"stepped"},{"time":1.5,"x":0,"y":0,"curve":"stepped"},{"time":2,"x":0,"y":0}],"scale":[{"time":0,"x":1,"y":1,"curve":"stepped"},{"time":0.5,"x":1,"y":1,"curve":"stepped"},{"time":1,"x":1,"y":1,"curve":"stepped"},{"time":1.5,"x":1,"y":1,"curve":"stepped"},{"time":2,"x":1,"y":1}]},"MON20076_DL_14":{"rotate":[{"time":0,"angle":0},{"time":0.1666,"angle":-1.23},{"time":0.5,"angle":0.03},{"time":0.6666,"angle":1.73},{"time":1,"angle":0},{"time":1.1666,"angle":-1.23},{"time":1.5,"angle":0.03},{"time":1.6666,"angle":1.73},{"time":2,"angle":0}],"translate":[{"time":0,"x":0,"y":0,"curve":"stepped"},{"time":0.5,"x":0,"y":0,"curve":"stepped"},{"time":1,"x":0,"y":0,"curve":"stepped"},{"time":1.5,"x":0,"y":0,"curve":"stepped"},{"time":2,"x":0,"y":0}],"scale":[{"time":0,"x":1,"y":1,"curve":"stepped"},{"time":0.5,"x":1,"y":1,"curve":"stepped"},{"time":1,"x":1,"y":1,"curve":"stepped"},{"time":1.5,"x":1,"y":1,"curve":"stepped"},{"time":2,"x":1,"y":1}]},"MON20076_DL_18":{"rotate":[{"time":0,"angle":0,"curve":"stepped"},{"time":0.5,"angle":0,"curve":"stepped"},{"time":1,"angle":0,"curve":"stepped"},{"time":1.5,"angle":0,"curve":"stepped"},{"time":2,"angle":0}],"translate":[{"time":0,"x":0,"y":0,"curve":"stepped"},{"time":0.5,"x":0,"y":0,"curve":"stepped"},{"time":1,"x":0,"y":0,"curve":"stepped"},{"time":1.5,"x":0,"y":0,"curve":"stepped"},{"time":2,"x":0,"y":0}],"scale":[{"time":0,"x":1,"y":1,"curve":"stepped"},{"time":0.5,"x":1,"y":1,"curve":"stepped"},{"time":1,"x":1,"y":1,"curve":"stepped"},{"time":1.5,"x":1,"y":1,"curve":"stepped"},{"time":2,"x":1,"y":1}]},"MON20076_DL_6":{"rotate":[{"time":0,"angle":0,"curve":"stepped"},{"time":0.5,"angle":0,"curve":"stepped"},{"time":1,"angle":0,"curve":"stepped"},{"time":1.5,"angle":0,"curve":"stepped"},{"time":2,"angle":0}],"translate":[{"time":0,"x":0,"y":0,"curve":"stepped"},{"time":0.5,"x":0,"y":0,"curve":"stepped"},{"time":1,"x":0,"y":0,"curve":"stepped"},{"time":1.5,"x":0,"y":0,"curve":"stepped"},{"time":2,"x":0,"y":0}],"scale":[{"time":0,"x":1,"y":1,"curve":"stepped"},{"time":0.5,"x":1,"y":1,"curve":"stepped"},{"time":1,"x":1,"y":1,"curve":"stepped"},{"time":1.5,"x":1,"y":1,"curve":"stepped"},{"time":2,"x":1,"y":1}]},"MON20076_DL_7":{"rotate":[{"time":0,"angle":0,"curve":"stepped"},{"time":0.5,"angle":0,"curve":"stepped"},{"time":1,"angle":0,"curve":"stepped"},{"time":1.5,"angle":0,"curve":"stepped"},{"time":2,"angle":0}],"translate":[{"time":0,"x":0,"y":0,"curve":"stepped"},{"time":0.5,"x":0,"y":0,"curve":"stepped"},{"time":1,"x":0,"y":0,"curve":"stepped"},{"time":1.5,"x":0,"y":0,"curve":"stepped"},{"time":2,"x":0,"y":0}],"scale":[{"time":0,"x":1,"y":1,"curve":"stepped"},{"time":0.5,"x":1,"y":1,"curve":"stepped"},{"time":1,"x":1,"y":1,"curve":"stepped"},{"time":1.5,"x":1,"y":1,"curve":"stepped"},{"time":2,"x":1,"y":1}]},"MON20076_DL_112":{"rotate":[{"time":0,"angle":0},{"time":0.1666,"angle":-5.25},{"time":0.5,"angle":8.11},{"time":0.6666,"angle":8.92},{"time":1,"angle":0},{"time":1.1666,"angle":-5.25},{"time":1.5,"angle":8.11},{"time":1.6666,"angle":8.92},{"time":2,"angle":0}],"translate":[{"time":0,"x":0,"y":0},{"time":0.5,"x":-1.15,"y":-0.48},{"time":1,"x":0,"y":0},{"time":1.5,"x":-1.15,"y":-0.48},{"time":2,"x":0,"y":0}],"scale":[{"time":0,"x":1,"y":1,"curve":"stepped"},{"time":0.5,"x":1,"y":1,"curve":"stepped"},{"time":1,"x":1,"y":1,"curve":"stepped"},{"time":1.5,"x":1,"y":1,"curve":"stepped"},{"time":2,"x":1,"y":1}]},"MON20076_DL_113":{"rotate":[{"time":0,"angle":0},{"time":0.1666,"angle":-7.96},{"time":0.5,"angle":-5.62},{"time":0.6666,"angle":-4.4},{"time":1,"angle":0},{"time":1.1666,"angle":-7.96},{"time":1.5,"angle":-5.62},{"time":1.6666,"angle":-4.4},{"time":2,"angle":0}],"translate":[{"time":0,"x":0,"y":0,"curve":"stepped"},{"time":1,"x":0,"y":0,"curve":"stepped"},{"time":2,"x":0,"y":0}],"scale":[{"time":0,"x":1,"y":1,"curve":"stepped"},{"time":0.5,"x":1,"y":1,"curve":"stepped"},{"time":1,"x":1,"y":1,"curve":"stepped"},{"time":1.5,"x":1,"y":1,"curve":"stepped"},{"time":2,"x":1,"y":1}]},"shadow":{"scale":[{"time":0,"x":1,"y":1},{"time":0.5,"x":1.1,"y":1.1},{"time":1,"x":1,"y":1},{"time":1.5,"x":1.1,"y":1.1},{"time":2,"x":1,"y":1}]},"MON20076_DL_9":{"rotate":[{"time":0,"angle":0},{"time":0.3333,"angle":346.88},{"time":0.6666,"angle":-1.68},{"time":1,"angle":0},{"time":1.3333,"angle":346.88},{"time":1.6666,"angle":-1.68},{"time":2,"angle":0}],"translate":[{"time":0,"x":0,"y":0,"curve":"stepped"},{"time":0.3333,"x":0,"y":0,"curve":"stepped"},{"time":1,"x":0,"y":0,"curve":"stepped"},{"time":1.3333,"x":0,"y":0,"curve":"stepped"},{"time":2,"x":0,"y":0}],"scale":[{"time":0,"x":1,"y":1,"curve":"stepped"},{"time":0.3333,"x":1,"y":1,"curve":"stepped"},{"time":1,"x":1,"y":1,"curve":"stepped"},{"time":1.3333,"x":1,"y":1,"curve":"stepped"},{"time":2,"x":1,"y":1}]},"bone23":{"rotate":[{"time":0,"angle":0},{"time":0.3333,"angle":3.34},{"time":0.6666,"angle":-13.94},{"time":1,"angle":0},{"time":1.3333,"angle":3.34},{"time":1.6666,"angle":-13.94},{"time":2,"angle":0}],"translate":[{"time":0,"x":0,"y":0,"curve":"stepped"},{"time":0.3333,"x":0,"y":0,"curve":"stepped"},{"time":1,"x":0,"y":0,"curve":"stepped"},{"time":1.3333,"x":0,"y":0,"curve":"stepped"},{"time":2,"x":0,"y":0}],"scale":[{"time":0,"x":1,"y":1,"curve":"stepped"},{"time":0.3333,"x":1,"y":1,"curve":"stepped"},{"time":1,"x":1,"y":1,"curve":"stepped"},{"time":1.3333,"x":1,"y":1,"curve":"stepped"},{"time":2,"x":1,"y":1}]},"bone24":{"rotate":[{"time":0,"angle":0},{"time":0.3333,"angle":17.78},{"time":0.6666,"angle":-13.81},{"time":1,"angle":0},{"time":1.3333,"angle":17.78},{"time":1.6666,"angle":-13.81},{"time":2,"angle":0}],"translate":[{"time":0,"x":0,"y":0,"curve":"stepped"},{"time":0.3333,"x":0,"y":0,"curve":"stepped"},{"time":1,"x":0,"y":0,"curve":"stepped"},{"time":1.3333,"x":0,"y":0,"curve":"stepped"},{"time":2,"x":0,"y":0}],"scale":[{"time":0,"x":1,"y":1,"curve":"stepped"},{"time":0.3333,"x":1,"y":1,"curve":"stepped"},{"time":1,"x":1,"y":1,"curve":"stepped"},{"time":1.3333,"x":1,"y":1,"curve":"stepped"},{"time":2,"x":1,"y":1}]},"bone22":{"rotate":[{"time":0,"angle":0},{"time":0.3333,"angle":-15.97},{"time":0.6666,"angle":29.25},{"time":1,"angle":0},{"time":1.3333,"angle":-15.97},{"time":1.6666,"angle":29.25},{"time":2,"angle":0}],"translate":[{"time":0,"x":0,"y":0,"curve":"stepped"},{"time":0.3333,"x":0,"y":0,"curve":"stepped"},{"time":1,"x":0,"y":0,"curve":"stepped"},{"time":1.3333,"x":0,"y":0,"curve":"stepped"},{"time":2,"x":0,"y":0}],"scale":[{"time":0,"x":1,"y":1,"curve":"stepped"},{"time":0.3333,"x":1,"y":1,"curve":"stepped"},{"time":1,"x":1,"y":1,"curve":"stepped"},{"time":1.3333,"x":1,"y":1,"curve":"stepped"},{"time":2,"x":1,"y":1}]},"bone21":{"rotate":[{"time":0,"angle":0},{"time":0.3333,"angle":12.29},{"time":0.6666,"angle":14.06},{"time":1,"angle":0},{"time":1.3333,"angle":12.29},{"time":1.6666,"angle":14.06},{"time":2,"angle":0}],"translate":[{"time":0,"x":0,"y":0,"curve":"stepped"},{"time":0.3333,"x":0,"y":0,"curve":"stepped"},{"time":1,"x":0,"y":0,"curve":"stepped"},{"time":1.3333,"x":0,"y":0,"curve":"stepped"},{"time":2,"x":0,"y":0}],"scale":[{"time":0,"x":1,"y":1,"curve":"stepped"},{"time":0.3333,"x":1,"y":1,"curve":"stepped"},{"time":1,"x":1,"y":1,"curve":"stepped"},{"time":1.3333,"x":1,"y":1,"curve":"stepped"},{"time":2,"x":1,"y":1}]},"MON20076_DL_0":{"rotate":[{"time":0,"angle":0},{"time":0.3333,"angle":-348.56},{"time":0.6666,"angle":-2},{"time":1,"angle":0},{"time":1.3333,"angle":-348.56},{"time":1.6666,"angle":-2},{"time":2,"angle":0}],"translate":[{"time":0,"x":0,"y":0,"curve":"stepped"},{"time":0.3333,"x":0,"y":0,"curve":"stepped"},{"time":1,"x":0,"y":0,"curve":"stepped"},{"time":1.3333,"x":0,"y":0,"curve":"stepped"},{"time":2,"x":0,"y":0}],"scale":[{"time":0,"x":1,"y":1,"curve":"stepped"},{"time":0.3333,"x":1,"y":1,"curve":"stepped"},{"time":1,"x":1,"y":1,"curve":"stepped"},{"time":1.3333,"x":1,"y":1,"curve":"stepped"},{"time":2,"x":1,"y":1}]},"MON20076_DL_110":{"rotate":[{"time":0,"angle":0},{"time":0.3333,"angle":9.99},{"time":0.7,"angle":-10.33},{"time":1,"angle":0},{"time":1.3333,"angle":9.99},{"time":1.7,"angle":-10.33},{"time":2,"angle":0}],"translate":[{"time":0,"x":0,"y":0,"curve":"stepped"},{"time":0.3333,"x":0,"y":0,"curve":"stepped"},{"time":1,"x":0,"y":0,"curve":"stepped"},{"time":1.3333,"x":0,"y":0,"curve":"stepped"},{"time":2,"x":0,"y":0}],"scale":[{"time":0,"x":1,"y":1},{"time":0.5,"x":0.915,"y":1},{"time":1,"x":1,"y":1},{"time":1.5,"x":0.915,"y":1},{"time":2,"x":1,"y":1}]},"bone25":{"rotate":[{"time":0,"angle":0},{"time":0.3333,"angle":14.86},{"time":0.7,"angle":-4.41},{"time":1,"angle":0},{"time":1.3333,"angle":14.86},{"time":1.7,"angle":-4.41},{"time":2,"angle":0}],"translate":[{"time":0,"x":0,"y":0,"curve":"stepped"},{"time":0.3333,"x":0,"y":0,"curve":"stepped"},{"time":1,"x":0,"y":0,"curve":"stepped"},{"time":1.3333,"x":0,"y":0,"curve":"stepped"},{"time":2,"x":0,"y":0}],"scale":[{"time":0,"x":1,"y":1,"curve":"stepped"},{"time":0.3333,"x":1,"y":1,"curve":"stepped"},{"time":1,"x":1,"y":1,"curve":"stepped"},{"time":1.3333,"x":1,"y":1,"curve":"stepped"},{"time":2,"x":1,"y":1}]},"bone26":{"rotate":[{"time":0,"angle":0},{"time":0.3333,"angle":-53.2},{"time":0.7,"angle":4.42},{"time":1,"angle":0},{"time":1.3333,"angle":-53.2},{"time":1.7,"angle":4.42},{"time":2,"angle":0}],"translate":[{"time":0,"x":0,"y":0,"curve":"stepped"},{"time":0.3333,"x":0,"y":0,"curve":"stepped"},{"time":1,"x":0,"y":0,"curve":"stepped"},{"time":1.3333,"x":0,"y":0,"curve":"stepped"},{"time":2,"x":0,"y":0}],"scale":[{"time":0,"x":1,"y":1,"curve":"stepped"},{"time":0.3333,"x":1,"y":1,"curve":"stepped"},{"time":1,"x":1,"y":1,"curve":"stepped"},{"time":1.3333,"x":1,"y":1,"curve":"stepped"},{"time":2,"x":1,"y":1}]},"MON20076_DL_3":{"rotate":[{"time":0,"angle":0},{"time":0.3333,"angle":1.13},{"time":0.6666,"angle":-0.4},{"time":1,"angle":0},{"time":1.3333,"angle":1.13},{"time":1.6666,"angle":-0.4},{"time":2,"angle":0}],"translate":[{"time":0,"x":0,"y":0,"curve":"stepped"},{"time":0.3333,"x":0,"y":0,"curve":"stepped"},{"time":1,"x":0,"y":0,"curve":"stepped"},{"time":1.3333,"x":0,"y":0,"curve":"stepped"},{"time":2,"x":0,"y":0}],"scale":[{"time":0,"x":1,"y":1,"curve":"stepped"},{"time":0.3333,"x":1,"y":1,"curve":"stepped"},{"time":1,"x":1,"y":1,"curve":"stepped"},{"time":1.3333,"x":1,"y":1,"curve":"stepped"},{"time":2,"x":1,"y":1}]},"bone16":{"rotate":[{"time":0,"angle":0},{"time":0.3333,"angle":3.37},{"time":0.6666,"angle":-0.71},{"time":1,"angle":0},{"time":1.3333,"angle":3.37},{"time":1.6666,"angle":-0.71},{"time":2,"angle":0}],"translate":[{"time":0,"x":0,"y":0,"curve":"stepped"},{"time":0.3333,"x":0,"y":0,"curve":"stepped"},{"time":1,"x":0,"y":0,"curve":"stepped"},{"time":1.3333,"x":0,"y":0,"curve":"stepped"},{"time":2,"x":0,"y":0}],"scale":[{"time":0,"x":1,"y":1,"curve":"stepped"},{"time":0.3333,"x":1,"y":1,"curve":"stepped"},{"time":1,"x":1,"y":1,"curve":"stepped"},{"time":1.3333,"x":1,"y":1,"curve":"stepped"},{"time":2,"x":1,"y":1}]},"bone17":{"rotate":[{"time":0,"angle":0},{"time":0.3333,"angle":-9.92},{"time":0.6666,"angle":-0.44},{"time":1,"angle":0},{"time":1.3333,"angle":-9.92},{"time":1.6666,"angle":-0.44},{"time":2,"angle":0}],"translate":[{"time":0,"x":0,"y":0,"curve":"stepped"},{"time":0.3333,"x":0,"y":0},{"time":0.6666,"x":0.2,"y":1.2},{"time":1,"x":0,"y":0,"curve":"stepped"},{"time":1.3333,"x":0,"y":0},{"time":1.6666,"x":0.2,"y":1.2},{"time":2,"x":0,"y":0}],"scale":[{"time":0,"x":1,"y":1,"curve":"stepped"},{"time":0.3333,"x":1,"y":1,"curve":"stepped"},{"time":1,"x":1,"y":1,"curve":"stepped"},{"time":1.3333,"x":1,"y":1,"curve":"stepped"},{"time":2,"x":1,"y":1}]},"MON20076_DL_4":{"rotate":[{"time":0,"angle":0,"curve":"stepped"},{"time":0.3333,"angle":0},{"time":0.6666,"angle":-1.6},{"time":1,"angle":0,"curve":"stepped"},{"time":1.3333,"angle":0},{"time":1.6666,"angle":-1.6},{"time":2,"angle":0}],"translate":[{"time":0,"x":0,"y":0,"curve":"stepped"},{"time":0.3333,"x":0,"y":0,"curve":"stepped"},{"time":1,"x":0,"y":0,"curve":"stepped"},{"time":1.3333,"x":0,"y":0,"curve":"stepped"},{"time":2,"x":0,"y":0}],"scale":[{"time":0,"x":1,"y":1,"curve":"stepped"},{"time":0.3333,"x":1,"y":1,"curve":"stepped"},{"time":1,"x":1,"y":1,"curve":"stepped"},{"time":1.3333,"x":1,"y":1,"curve":"stepped"},{"time":2,"x":1,"y":1}]},"bone18":{"rotate":[{"time":0,"angle":0},{"time":0.3333,"angle":3.29},{"time":0.6666,"angle":-0.54},{"time":1,"angle":0},{"time":1.3333,"angle":3.29},{"time":1.6666,"angle":-0.54},{"time":2,"angle":0}],"translate":[{"time":0,"x":0,"y":0},{"time":0.3333,"x":-0.46,"y":0.79},{"time":0.6666,"x":0.26,"y":-0.37},{"time":1,"x":0,"y":0},{"time":1.3333,"x":-0.46,"y":0.79},{"time":1.6666,"x":0.26,"y":-0.37},{"time":2,"x":0,"y":0}],"scale":[{"time":0,"x":1,"y":1,"curve":"stepped"},{"time":0.3333,"x":1,"y":1,"curve":"stepped"},{"time":1,"x":1,"y":1,"curve":"stepped"},{"time":1.3333,"x":1,"y":1,"curve":"stepped"},{"time":2,"x":1,"y":1}]},"bone19":{"rotate":[{"time":0,"angle":0},{"time":0.3333,"angle":1.5},{"time":0.6666,"angle":-1.42},{"time":1,"angle":0},{"time":1.3333,"angle":1.5},{"time":1.6666,"angle":-1.42},{"time":2,"angle":0}],"translate":[{"time":0,"x":0,"y":0},{"time":0.3333,"x":-0.02,"y":0.3},{"time":0.6666,"x":0.1,"y":-0.44},{"time":1,"x":0,"y":0},{"time":1.3333,"x":-0.02,"y":0.3},{"time":1.6666,"x":0.1,"y":-0.44},{"time":2,"x":0,"y":0}],"scale":[{"time":0,"x":1,"y":1,"curve":"stepped"},{"time":0.3333,"x":1,"y":1,"curve":"stepped"},{"time":1,"x":1,"y":1,"curve":"stepped"},{"time":1.3333,"x":1,"y":1,"curve":"stepped"},{"time":2,"x":1,"y":1}]},"bone20":{"rotate":[{"time":0,"angle":0},{"time":0.3333,"angle":-8.77},{"time":0.6666,"angle":5.42},{"time":1,"angle":0},{"time":1.3333,"angle":-8.77},{"time":1.6666,"angle":5.42},{"time":2,"angle":0}],"translate":[{"time":0,"x":0,"y":0},{"time":0.3333,"x":-2.31,"y":-3.6},{"time":0.6666,"x":-0.06,"y":0.72},{"time":1,"x":0,"y":0},{"time":1.3333,"x":-2.31,"y":-3.6},{"time":1.6666,"x":-0.06,"y":0.72},{"time":2,"x":0,"y":0}],"scale":[{"time":0,"x":1,"y":1,"curve":"stepped"},{"time":0.3333,"x":1,"y":1,"curve":"stepped"},{"time":1,"x":1,"y":1,"curve":"stepped"},{"time":1.3333,"x":1,"y":1,"curve":"stepped"},{"time":2,"x":1,"y":1}]}},"ffd":{"default":{"MON20076_DL_9":{"MON20076_DL_9":[{"time":0},{"time":0.3333,"offset":40,"vertices":[0.19519,-1.79107,0.33763,-1.76974,-0.16368,-1.01641,0.11154,-1.02347]},{"time":0.6666,"offset":10,"vertices":[-1.22701,0.61579,-0.83872,-6.58219,-1.14176,-7.09888,-1.81186,-4.00357,-0.20438,-0.11704,-0.22998,-0.0506,1.15388,1.71521,1.61383,1.29158,0,0,0,0,0,0,0,0,0,0,0,0,0,0,0.09759,-0.89553,0.16881,-0.88487,0.5729,0.65756,1.02898,0.40484,0.2042,0.1169,0.22979,0.05047]},{"time":1},{"time":1.3333,"offset":40,"vertices":[0.19519,-1.79107,0.33763,-1.76974,-0.16368,-1.01641,0.11154,-1.02347]},{"time":1.6666,"offset":10,"vertices":[-1.22701,0.61579,-0.83872,-6.58219,-1.14176,-7.09888,-1.81186,-4.00357,-0.20438,-0.11704,-0.22998,-0.0506,1.15388,1.71521,1.61383,1.29158,0,0,0,0,0,0,0,0,0,0,0,0,0,0,0.09759,-0.89553,0.16881,-0.88487,0.5729,0.65756,1.02898,0.40484,0.2042,0.1169,0.22979,0.05047]},{"time":2}]},"MON20076_DL_13":{"MON20076_DL_13":[{"time":0},{"time":0.3333,"offset":168,"vertices":[0.66827,0.21854,0.70288,0.01632,-0.70162,-0.04459,-0.5114,-0.48261,0,0,0,0,0,0,0,0,1.30376,0.42636,1.37128,0.03184,-1.36884,-0.08701,-0.99774,-0.94153,1.30376,0.42636,1.37128,0.03184,-1.36884,-0.08701,-0.99774,-0.94153,1.64044,1.01584,1.86388,0.49898,-1.84212,-0.57357,-1.05106,-1.61835,0,0,0,0,0,0,0,0,0,0,0,0,0,0,0,0,0,0,0,0,0,0,0,0,0,0,0,0,0,0,0,0,0,0,0,0,0,0,0,0,0,0,0,0,0,0,0,0,0,0,0,0,0,0,0,0,0,0,0,0,0,0,0,0,0,0,0,0,0,0,0,0,0,0,0,0,-2.0E-5,1.0E-5,4.0E-5,0,0,0,0,0,0.44549,0.14572,0.46866,0.0109,-0.46775,-0.02974,-0.34093,-0.32174,2.78803,-0.4079,2.55168,-1.19525,-2.69627,-0.81959,-0.37506,2.79253,0.25894,-0.79197,0.01943,-0.83292,-0.57192,0.60607,0.69003,0.46687,0,0,0,0,0,0,0,0,1.14076,0.37307,1.19992,0.02787,-1.19775,-0.07614,-0.87302,-0.82384]},{"time":0.6666,"offset":176,"vertices":[0.29125,-0.85924,0.02695,-0.90674,-0.05748,0.90531,-0.36002,0.83272,-1.0291,-1.77115,-1.50233,-1.39218,1.45455,1.44208,0.88194,1.84885,0.52268,-2.07615,-0.10795,-2.13794,0.03583,2.14035,-0.68949,2.02677,0,0,0,0,0,0,0,0,0,0,0,0,0,0,0,0,0,0,0,0,0,0,0,0,0,0,0,0,0,0,0,0,0,0,0,0,0,0,0,0,0,0,0,0,0,0,0,0,0,0,0,0,0,0,0,0,0,0,0,0,0,0,0,0,0,0,0,0,0,0,0,0,0,0,0,0,0,0,0,0,0,0,0,0,-2.1812,-0.73931,-2.30188,-0.06847,2.29832,0.14608,2.11407,0.91397,-1.69403,-0.57418,-1.78774,-0.05316,1.78497,0.11344,1.64187,0.70985,-1.69053,0.38285,-1.50436,0.86085,1.7162,-0.24435,0.60461,-1.62434,0,0,0,0,0,0,0,0,0,0,0,0,0,0,0,0,-1.87409,-1.11425,-2.11805,-0.51679,2.09954,0.58792,1.77758,1.26265]},{"time":1},{"time":1.3333,"offset":168,"vertices":[0.66827,0.21854,0.70288,0.01632,-0.70162,-0.04459,-0.5114,-0.48261,0,0,0,0,0,0,0,0,1.30376,0.42636,1.37128,0.03184,-1.36884,-0.08701,-0.99774,-0.94153,1.30376,0.42636,1.37128,0.03184,-1.36884,-0.08701,-0.99774,-0.94153,1.64044,1.01584,1.86388,0.49898,-1.84212,-0.57357,-1.05106,-1.61835,0,0,0,0,0,0,0,0,0,0,0,0,0,0,0,0,0,0,0,0,0,0,0,0,0,0,0,0,0,0,0,0,0,0,0,0,0,0,0,0,0,0,0,0,0,0,0,0,0,0,0,0,0,0,0,0,0,0,0,0,0,0,0,0,0,0,0,0,0,0,0,0,0,0,0,0,-2.0E-5,1.0E-5,4.0E-5,0,0,0,0,0,0.44549,0.14572,0.46866,0.0109,-0.46775,-0.02974,-0.34093,-0.32174,2.78803,-0.4079,2.55168,-1.19525,-2.69627,-0.81959,-0.37506,2.79253,0.25894,-0.79197,0.01943,-0.83292,-0.57192,0.60607,0.69003,0.46687,0,0,0,0,0,0,0,0,1.14076,0.37307,1.19992,0.02787,-1.19775,-0.07614,-0.87302,-0.82384]},{"time":1.6666,"offset":176,"vertices":[0.29125,-0.85924,0.02695,-0.90674,-0.05748,0.90531,-0.36002,0.83272,-1.0291,-1.77115,-1.50233,-1.39218,1.45455,1.44208,0.88194,1.84885,0.52268,-2.07615,-0.10795,-2.13794,0.03583,2.14035,-0.68949,2.02677,0,0,0,0,0,0,0,0,0,0,0,0,0,0,0,0,0,0,0,0,0,0,0,0,0,0,0,0,0,0,0,0,0,0,0,0,0,0,0,0,0,0,0,0,0,0,0,0,0,0,0,0,0,0,0,0,0,0,0,0,0,0,0,0,0,0,0,0,0,0,0,0,0,0,0,0,0,0,0,0,0,0,0,0,-2.1812,-0.73931,-2.30188,-0.06847,2.29832,0.14608,2.11407,0.91397,-1.69403,-0.57418,-1.78774,-0.05316,1.78497,0.11344,1.64187,0.70985,-1.69053,0.38285,-1.50436,0.86085,1.7162,-0.24435,0.60461,-1.62434,0,0,0,0,0,0,0,0,0,0,0,0,0,0,0,0,-1.87409,-1.11425,-2.11805,-0.51679,2.09954,0.58792,1.77758,1.26265]},{"time":2}]}}}}}}