{"skeleton":{"hash":"YKhnIxGFYy1s4PAdIVCOxwRY3E0","spine":"3.1.03","width":72.55,"height":120.45},"bones":[{"name":"root"},{"name":"bone","parent":"root","x":-3.36,"y":26.46},{"name":"10","parent":"bone","length":10.29,"x":3.27,"y":-0.15,"rotation":92.6,"inheritRotation":false},{"name":"bone2","parent":"10","length":12.31,"x":10.29,"rotation":-12.09},{"name":"3","parent":"bone2","length":31.62,"x":12.38,"y":1.23,"rotation":10.33},{"name":"1","parent":"3","length":10.27,"x":13.87,"y":-9.7,"rotation":-178.39},{"name":"2","parent":"3","length":7.91,"x":7.62,"y":9.54,"rotation":9.34},{"name":"4","parent":"3","length":7.86,"x":13.58,"y":17.05,"rotation":179.99},{"name":"8","parent":"bone2","length":15.78,"x":10.93,"y":-8.54,"rotation":-152.93},{"name":"7","parent":"8","length":8.37,"x":15.41,"y":0.05,"scaleX":1.26,"scaleY":0.986,"rotation":45.61},{"name":"5","parent":"7","length":6.69,"x":8.14,"y":-0.14,"scaleX":0.688,"rotation":3.73},{"name":"6","parent":"7","length":10.11,"x":7.35,"y":1.44,"scaleX":0.984,"rotation":-67.52},{"name":"9","parent":"bone2","length":6.09,"x":-5.14,"y":2.44,"rotation":8.62},{"name":"11","parent":"bone","length":8.25,"x":2.75,"y":-24.21,"rotation":-1.82},{"name":"13","parent":"10","length":8.55,"x":-0.64,"y":-0.01,"rotation":174.41},{"name":"12","parent":"13","length":15.39,"x":8.41,"y":-0.05,"rotation":3.28},{"name":"16","parent":"bone2","length":14.2,"x":5.27,"y":6.72,"rotation":151.73},{"name":"15","parent":"16","length":7.88,"x":13.82,"y":-0.73,"scaleX":1.115,"rotation":69.73},{"name":"14","parent":"15","length":5.67,"x":7.52,"y":-0.06,"rotation":-25.54},{"name":"17","parent":"3","length":12.16,"x":42.35,"y":-22.97,"rotation":-175.36},{"name":"bone7","parent":"17","length":9.88,"x":12.16,"rotation":-1.44},{"name":"bone8","parent":"bone7","length":9.57,"x":9.88,"rotation":-0.03},{"name":"18","parent":"bone8","length":11.26,"x":9.42,"rotation":-3.11},{"name":"19","parent":"3","length":12.16,"x":45,"y":3.95,"rotation":179.96},{"name":"bone18","parent":"19","length":9.88,"x":12.16,"rotation":1.71},{"name":"bone19","parent":"bone18","length":9.57,"x":9.88,"rotation":-0.03},{"name":"20","parent":"bone19","length":11.26,"x":9.42,"rotation":-3.11},{"name":"2_1","parent":"3","length":11.36,"x":9.25,"y":-12.51,"rotation":-28.26},{"name":"3_1","parent":"3","length":10.27,"x":13.04,"y":17.62,"rotation":20.49},{"name":"bone3","parent":"1","length":7.08,"x":10.27,"rotation":4.94},{"name":"bone4","parent":"bone3","length":5.87,"x":7.08,"rotation":1.09},{"name":"bone5","parent":"4","length":7.25,"x":7.86,"rotation":3.12},{"name":"bone6","parent":"bone5","length":6.21,"x":7.25,"rotation":1.29},{"name":"bone9","parent":"18","length":9.27,"x":11.26,"rotation":1.18},{"name":"bone11","parent":"2_1","length":10.76,"x":11.36,"y":0.04,"rotation":0.18},{"name":"bone12","parent":"bone11","length":9.26,"x":10.76,"rotation":-5.49},{"name":"bone13","parent":"bone12","length":7.23,"x":9.26,"rotation":-6.21},{"name":"bone14","parent":"bone13","length":6.93,"x":7.23,"rotation":-3.52},{"name":"bone15","parent":"3_1","length":10.1,"x":10.27,"y":-0.01,"rotation":-12.29},{"name":"bone16","parent":"bone15","length":9.1,"x":9.81,"y":-0.08,"rotation":-15.85},{"name":"bone17","parent":"bone16","length":6.65,"x":9.1,"rotation":-9.52},{"name":"bone20","parent":"20","length":9.27,"x":11.26,"rotation":1.18},{"name":"shadow","parent":"root","length":17.55,"x":3.15,"y":0.06}],"slots":[{"name":"stage_sample","bone":"root","color":"ffffff33"},{"name":"shadow","bone":"shadow","attachment":"shadow"},{"name":"17","bone":"18","attachment":"17"},{"name":"18","bone":"20","attachment":"17"},{"name":"16","bone":"16","attachment":"16"},{"name":"15","bone":"15","attachment":"15"},{"name":"14","bone":"14","attachment":"14"},{"name":"13","bone":"13","attachment":"13"},{"name":"12","bone":"12","attachment":"12"},{"name":"11","bone":"11","attachment":"11"},{"name":"10","bone":"10","attachment":"10"},{"name":"9","bone":"9","attachment":"9"},{"name":"4","bone":"4","attachment":"4"},{"name":"3_1","bone":"3_1","attachment":"3_1"},{"name":"3","bone":"3","attachment":"3"},{"name":"2_1","bone":"2_1","attachment":"2_1"},{"name":"8","bone":"8","attachment":"8"},{"name":"7","bone":"7","attachment":"7"},{"name":"6","bone":"6","attachment":"6"},{"name":"5","bone":"5","attachment":"5"},{"name":"2","bone":"2"},{"name":"1","bone":"1","attachment":"1"}],"skins":{"default":{"1":{"1":{"type":"weightedmesh","uvs":[0.99999,0.34536,1,0.65576,1,1,0.46446,1,0,1,0,0.62655,0,0.34536,0.26745,0,0.62679,0,0.84494,0,0.51397,0.4257,0.46457,0.71055],"triangles":[3,11,2,3,4,11,11,1,2,4,5,11,11,10,1,11,5,10,10,0,1,5,6,10,0,8,9,0,10,8,6,7,10,10,7,8],"vertices":[2,5,7.11,6.53,0.57,29,-2.58,6.77,0.43,2,29,5.39,7.16,0.6,30,-1.55,7.19,0.4,1,30,7.73,7.47,1,1,30,7.95,-0.01,1,1,30,8.14999,-6.51,1,2,29,5.28,-6.85,0.6,30,-1.92,-6.81,0.4,2,5,8.60999,-7.39,0.52,29,-2.29,-7.22,0.48,1,5,-1.12,-4.94,1,1,5,-1.8,0.04,1,1,5,-2.21,3.07,1,2,5,9.79,0.02,0.45999,29,-0.47,0.06,0.54,2,29,7.23,-0.24,0.5,30,0.14,-0.25,0.5],"hull":10}},"10":{"10":{"type":"weightedmesh","uvs":[1,0.14492,1,0.29572,1,0.62332,0.92649,0.69783,0.87307,0.96134,0.68796,1,0.35388,1,0.16206,1,0,0.88592,0,0.46992,0,0.12152,0.18569,0,0.46659,0,0.8091,0,0.35707,0.46206,0.71455,0.54532,0.41264,0.22759],"triangles":[16,11,12,10,11,16,13,0,1,16,12,13,1,16,13,14,10,16,9,10,14,15,16,1,14,16,15,15,1,2,3,15,2,8,9,14,3,5,15,7,8,14,6,7,14,6,14,15,5,6,15,3,4,5],"vertices":[2,2,18.43,-14.57,0.07387,3,11.01,-12.54,0.92612,2,2,14.66,-14.4,0.17513,3,7.29,-13.16,0.82486,2,2,6.48,-14.03,0.60656,3,-0.78,-14.51,0.39343,2,2,4.69,-12.33,0.7334,3,-2.88,-13.23,0.26659,2,2,-1.82,-10.86,0.96729,3,-9.57,-13.15,0.03269,2,2,-2.60999,-6.75,0.99286,3,-11.2,-9.3,0.00713,1,2,-2.27,0.58999,1,1,2,-2.08,4.8,1,2,2,0.92,8.22999,0.99957,3,-10.88,6.09,4.2E-4,2,2,11.31,7.77,0.45235,3,-0.62,7.81,0.54764,2,2,20.01,7.37,0.00596,3,7.96,9.25,0.99403,1,3,11.63,5.72,1,1,3,12.65,-0.37,1,2,2,22.24,-10.54,0.01235,3,13.89,-7.8,0.98764,2,2,10.78,0.51,0.5,3,0.37,0.6,0.5,2,2,8.71,-7.84,0.4663,3,0.1,-8,0.53368,1,3,6.6,0.11,1],"hull":14}},"11":{"11":{"x":4.71,"y":0.9,"rotation":1.82,"width":37,"height":10}},"12":{"12":{"type":"mesh","uvs":[1,0.26922,1,0.63774,1,1,0.36785,1,0,1,0,0.66098,0,0.19618,0,0,0.24796,0,0.37092,0.15634,0.66603,0,1,0,0.36906,0.6676,0.36979,0.4652],"triangles":[6,7,8,6,8,9,10,11,0,13,6,9,13,9,10,13,10,0,13,0,1,5,6,13,12,5,13,12,13,1,4,5,12,3,4,12,12,1,2,3,12,2],"vertices":[-0.93,15.17,8.28,15.12,17.33,15.07,17.24,-1.99,17.18,-11.92,8.71,-11.87,-2.9,-11.81,-7.81,-11.78,-7.77,-5.08,-3.84,-1.78,-7.71,6.19,-7.66,15.21,8.93,-1.91,3.87,-1.86],"hull":12}},"13":{"13":{"x":2.06,"y":1.78,"rotation":92.96,"width":24,"height":19}},"14":{"14":{"x":2.97,"y":-0.27,"rotation":83.52,"width":12,"height":10}},"15":{"15":{"x":3.1,"y":0.41,"rotation":57.73,"width":12,"height":12}},"16":{"16":{"x":7.04,"y":-0.29,"rotation":127.97,"width":15,"height":17}},"17":{"17":{"type":"weightedmesh","uvs":[1,0.06189,1,0.2596,1,0.47487,1,0.60668,1,0.69235,0.85628,0.7912,0.84735,0.84392,0.63742,0.93619,0.69102,1,0.46323,1,0.27115,1,0.15502,0.94058,0.20415,0.88566,0.09248,0.81097,0,0.62206,0,0.48147,0,0.28156,0,0.08166,0.15948,0,0.46766,0,0.88755,0,0.47661,0.31054,0.48555,0.47751,0.47662,0.6269,0.46769,0.81364,0.92854,0.60944,0.46643,0.8665],"triangles":[24,12,13,7,26,24,26,12,24,6,7,24,11,12,26,10,11,26,9,10,26,9,26,7,9,7,8,5,23,25,5,25,4,13,14,23,24,13,23,24,23,5,6,24,5,25,22,2,3,25,2,23,14,15,22,23,15,23,22,25,25,3,4,22,21,2,15,16,21,15,21,22,21,20,0,21,16,17,21,19,20,1,21,0,18,19,21,21,17,18,21,1,2],"vertices":[2,19,-2.92,15.75,0.97968,20,-15.47,15.37,0.02031,3,19,9.12,15.44,0.65948,20,-3.41,15.37,0.29137,21,-13.3,15.37,0.04914,4,19,22.25,15.11,0.07817,20,9.71,15.36,0.40362,21,-0.17,15.37,0.43044,22,-10.41,14.83,0.08774,5,19,30.29,14.91,0.00278,20,17.75,15.36,0.14403,21,7.86,15.36,0.50001,22,-2.38,15.26,0.34531,33,-13.32,15.55,0.00785,4,20,22.97,15.35,0.05874,21,13.09,15.36,0.38914,22,2.83,15.54,0.51,33,-8.1,15.72,0.0421,4,20,29,11.04,0.00696,21,19.12,11.05,0.14004,22,9.08,11.56,0.58988,33,-1.93,11.61,0.26309,4,20,32.22,10.77,5.3E-4,21,22.33,10.78,0.06396,22,12.31,11.46,0.50989,33,1.28,11.44,0.42559,3,21,27.96,4.48,3.9E-4,22,18.27,5.47,0.0378,33,7.11,5.33,0.9618,1,33,10.95,7.07,1,1,33,11.17,0.24,1,2,22,22.74,-5.28,0.00152,33,11.36,-5.51,0.99847,2,22,19.31,-8.95,0.04222,33,7.85,-9.10999,0.95777,3,21,24.87,-8.51,0.00207,22,15.88,-7.66,0.18904,33,4.46,-7.75,0.80888,3,21,20.31,-11.86,0.05561,22,11.51,-11.25,0.56129,33,0.01,-11.25,0.38307,4,20,18.67,-14.63,0.09918,21,8.79,-14.63,0.45889,22,0.15,-14.64,0.42714,33,-11.41,-14.4,0.01477,4,19,21.89,-14.88,0.0652,20,10.09,-14.63,0.40296,21,0.21,-14.62,0.43365,22,-8.39999,-15.09,0.09817,3,19,9.7,-14.57,0.6138,20,-2.08999,-14.62,0.34058,21,-11.97,-14.62,0.0456,2,19,-2.48,-14.26,0.97553,20,-14.29,-14.62,0.02446,1,19,-7.34,-9.35,1,1,19,-7.1,-0.11,1,2,19,-6.78,12.47,0.99644,20,-19.25,12,0.00355,2,19,11.83,-0.32,0.5,20,-0.32,-0.33,0.5,2,20,9.85999,-0.06,0.5,21,-0.01,-0.06,0.5,2,21,9.09,-0.33,0.5,22,-0.31,-0.34,0.5,2,22,11.07,0,0.5,33,-0.18,0,0.5,5,19,30.4,12.76,8.0E-4,20,17.91,13.21,0.10859,21,8.03,13.22,0.48621,22,-2.08999,13.13,0.39128,33,-13.08,13.41,0.01311,1,33,3.03,0.07,1],"hull":21}},"18":{"17":{"type":"weightedmesh","uvs":[1,0.06189,1,0.2596,1,0.47487,1,0.60668,1,0.69235,0.85628,0.7912,0.84735,0.84392,0.63742,0.93619,0.69102,1,0.46323,1,0.27115,1,0.15502,0.94058,0.20415,0.88566,0.09248,0.81097,0,0.62206,0,0.48147,0,0.28156,0,0.08166,0.15948,0,0.46766,0,0.88755,0,0.47661,0.31054,0.48555,0.47751,0.47662,0.6269,0.46769,0.81364,0.92854,0.60944,0.46643,0.8665],"triangles":[24,12,13,7,26,24,26,12,24,6,7,24,11,12,26,10,11,26,9,10,26,9,26,7,9,7,8,5,23,25,5,25,4,13,14,23,24,13,23,24,23,5,6,24,5,25,22,2,3,25,2,23,14,15,22,23,15,23,22,25,25,3,4,22,21,2,15,16,21,15,21,22,21,20,0,21,16,17,21,19,20,1,21,0,18,19,21,21,17,18,21,1,2],"vertices":[2,23,-2.92,15.75,0.97968,24,-15.47,15.37,0.02031,3,23,9.12,15.44,0.65948,24,-3.41,15.37,0.29137,25,-13.3,15.37,0.04914,4,23,22.25,15.11,0.07817,24,9.71,15.36,0.40362,25,-0.17,15.37,0.43044,26,-10.41,14.83,0.08774,5,23,30.29,14.91,0.00278,24,17.75,15.36,0.14403,25,7.86,15.36,0.50001,26,-2.38,15.26,0.34531,41,-13.32,15.55,0.00785,4,24,22.97,15.35,0.05874,25,13.09,15.36,0.38914,26,2.83,15.54,0.51,41,-8.1,15.72,0.0421,4,24,29,11.04,0.00696,25,19.12,11.05,0.14004,26,9.08,11.56,0.58988,41,-1.93,11.61,0.26309,4,24,32.22,10.77,5.3E-4,25,22.33,10.78,0.06396,26,12.31,11.46,0.50989,41,1.28,11.44,0.42559,3,25,27.96,4.48,3.9E-4,26,18.27,5.47,0.0378,41,7.11,5.33,0.9618,1,41,10.95,7.07,1,1,41,11.17,0.24,1,2,26,22.74,-5.28,0.00152,41,11.36,-5.51,0.99847,2,26,19.31,-8.95,0.04222,41,7.85,-9.10999,0.95777,3,25,24.87,-8.51,0.00207,26,15.88,-7.66,0.18904,41,4.46,-7.75,0.80888,3,25,20.31,-11.86,0.05561,26,11.51,-11.25,0.56129,41,0.01,-11.25,0.38307,4,24,18.67,-14.63,0.09918,25,8.79,-14.63,0.45889,26,0.15,-14.64,0.42714,41,-11.41,-14.4,0.01477,4,23,21.89,-14.88,0.0652,24,10.09,-14.63,0.40296,25,0.21,-14.62,0.43365,26,-8.39999,-15.09,0.09817,3,23,9.7,-14.57,0.6138,24,-2.08999,-14.62,0.34058,25,-11.97,-14.62,0.0456,2,23,-2.48,-14.26,0.97553,24,-14.29,-14.62,0.02446,1,23,-7.34,-9.35,1,1,23,-7.1,-0.11,1,2,23,-6.78,12.47,0.99644,24,-19.25,12,0.00355,2,23,11.83,-0.32,0.5,24,-0.32,-0.33,0.5,2,24,9.85999,-0.06,0.5,25,-0.01,-0.06,0.5,2,25,9.09,-0.33,0.5,26,-0.31,-0.34,0.5,2,26,11.07,0,0.5,41,-0.18,0,0.5,5,23,30.4,12.76,8.0E-4,24,17.91,13.21,0.10859,25,8.03,13.22,0.48621,26,-2.08999,13.13,0.39128,41,-13.08,13.41,0.01311,1,41,3.03,0.07,1],"hull":21}},"2":{"2":{"x":4.18,"y":-3.97,"rotation":-100.23,"width":29,"height":11}},"2_1":{"2_1":{"type":"weightedmesh","uvs":[1,0.13624,0.93598,0.18259,0.71652,0.34151,0.65755,0.44548,0.51846,0.6907,0.39535,0.89386,0.26152,1,0,1,0,0.54891,0.33379,0.13624,0.51995,0.07588,0.75399,0,1,0,0.2802,0.60007,0.42894,0.37918,0.58948,0.22529,0.76939,0.12424,0.24002,0.25217],"triangles":[16,11,12,1,16,12,0,1,12,2,16,1,10,11,16,15,10,16,2,15,16,9,10,15,14,9,15,17,9,14,3,15,2,14,15,3,13,17,14,8,17,13,4,14,3,13,14,4,5,13,4,7,8,13,6,7,13,5,6,13],"vertices":[1,37,6.55,-4.5,1,2,36,10.57,-5.23,0.10059,37,3.65,-5.02,0.8994,4,34,17.4,-7.89,0.01806,35,8.13,-6.34,0.56203,36,0.52,-6.42,0.41159,37,-6.3,-6.82,0.00829,3,34,12.51,-8.17,0.28193,35,3.4,-7.63,0.66877,36,-3.71,-8.87,0.04928,3,27,12.37,-8.78,0.43803,34,0.98,-8.83,0.55342,35,-7.74,-10.67,0.00854,2,27,2.69,-9.12,0.97833,34,-8.68999,-9.13,0.02166,1,27,-3.45,-7.2,1,1,27,-7.57,0.67,1,2,27,9.6,9.64999,0.56953,34,-1.72,9.62,0.43046,3,34,19.24,7.72,0.03671,35,6.69,9.31,0.81955,36,-4.87,8.34,0.14372,3,35,12.71,6.07,0.3163,36,1.77,6.75,0.6744,37,-5.86,6.4,0.00928,3,34,31.02,-2.25,0,36,10.14,4.73999,0.22299,37,2.59999,4.91,0.77699,1,37,9.68,0.44,1,2,27,12.07,0.19,0.5,34,0.7,0.15,0.5,2,34,11.46,0.04,0.5,35,0.67,0.18,0.5,2,35,9.25,0.16,0.5,36,-0.05,0.15,0.5,2,36,7.44,0.1,0.5,37,0.19,0.11,0.5,3,34,13.35,8.25,0.26563,35,0.81,8.60999,0.71819,36,-10.37,6.16,0.01616],"hull":13}},"3":{"3":{"x":16.91,"y":2.21,"rotation":-90.86,"width":51,"height":57}},"3_1":{"3_1":{"type":"weightedmesh","uvs":[1,0.19734,1,0.39844,1,0.61612,1,1,0.26752,1,0,0.8732,0,0.70112,0,0.42332,0,0.17661,0.33707,0,0.63511,0,0.87798,0,0.46182,0.67213,0.30561,0.41718,0.3892,0.19944],"triangles":[0,10,11,0,14,10,8,9,14,14,9,10,7,8,13,13,14,1,13,8,14,14,0,1,6,13,12,6,7,13,2,12,1,12,13,1,4,12,3,12,2,3,4,5,12,5,6,12],"vertices":[3,38,17.92,-9.17,0.0027,39,10.27,-6.53,0.31549,40,2.22,-6.25,0.6818,3,38,9.78,-7.85,0.4039,39,2.08,-7.48,0.57201,40,-5.69,-8.54,0.02407,3,28,9.85,-6.51,0.37365,38,0.97,-6.43,0.61548,39,-6.78,-8.51,0.01086,1,28,-4.79,-0.75,1,1,28,-1.84,6.74,1,1,28,4.07,7.58,1,2,28,10.63,5,0.61571,38,-0.71,4.98,0.38427,2,38,10.53,3.16,0.51538,39,-0.2,3.32,0.4846,2,39,9.84,4.48999,0.45685,40,-0.01,4.54,0.54314,1,40,7.97,3,1,1,40,8.88,-0.14,1,1,40,9.62,-2.71,1,2,28,9.88,-0.16,0.5,38,-0.35,-0.22,0.5,2,38,10.24,-0.19,0.5,39,0.43,0.01,0.5,2,39,9.41,0.13,0.5,40,0.27,0.17,0.5],"hull":12}},"4":{"4":{"type":"weightedmesh","uvs":[0.87182,0.28676,1,0.58139,1,1,0.51129,1,0,1,0,0.64867,0,0.51411,0.08882,0.3378,0.09296,0,0.3278,0,0.71025,0,0.48992,0.35967,0.49707,0.65548],"triangles":[4,5,12,2,3,12,4,12,3,2,12,1,12,5,6,12,11,0,12,0,1,7,11,12,12,6,7,11,9,10,11,10,0,7,8,9,11,7,9],"vertices":[2,7,6.62,5.51,0.66196,31,-1.94,5.31,0.33803,3,7,14.17,6.15,0.00843,31,5.46,6.92,0.70574,32,-1.95,6.88,0.28581,1,32,8.51,6.88,1,1,32,8.5,0.03,1,2,31,15.58,-7.32,3.9E-4,32,8.5,-7.12,0.9996,3,7,13.67,-7.94,0.00976,31,6.8,-7.1,0.52441,32,-0.27,-7.11,0.46582,3,7,10.35,-7.42,0.10587,31,3.44,-7.02,0.74572,32,-3.64,-7.11,0.14839,3,7,6.19,-5.51,0.62243,31,-0.93,-5.67,0.37345,32,-8.05,-5.86,0.0041,1,7,-2.14,-4.14,1,1,7,-1.63,-0.9,1,1,7,-0.8,4.38,1,2,7,7.6,-0.04,0.5,31,-0.25,-0.07,0.5,2,31,7.14,-0.15,0.5,32,-0.1,-0.15,0.5],"hull":11}},"5":{"5":{"x":5.68,"y":0.43,"rotation":23.21,"width":18,"height":12}},"6":{"6":{"x":4.34,"y":-0.59,"rotation":94.31,"width":9,"height":15}},"7":{"7":{"x":4.38,"y":-0.45,"rotation":26.99,"width":15,"height":13}},"8":{"8":{"x":8.26,"y":-0.6,"rotation":72.31,"width":14,"height":21}},"9":{"9":{"type":"mesh","uvs":[1,0.10989,1,0.47649,1,0.78397,0.87484,0.93377,0.58806,1,0.29241,1,0.24511,0.92588,0.09433,0.89829,0,0.7209,0,0.48044,0,0.18084,0.09728,0,0.27763,0,0.45502,0,0.82162,0,0.93988,0,0.39293,0.24392,0.37519,0.46861,0.56145,0.2045,0.71815,0.1296,0.23624,0.19661,0.39885,0.65388,0.67084,0.58293,0.14812,0.54485],"triangles":[19,13,14,0,19,14,0,14,15,20,11,12,10,11,20,18,13,19,16,12,13,16,13,18,20,12,16,17,20,16,17,16,18,19,0,1,9,10,20,23,9,20,17,23,20,22,18,19,22,19,1,17,18,22,21,17,22,23,17,21,8,9,23,22,1,2,7,8,23,6,7,23,21,6,23,3,22,2,5,6,21,4,21,22,4,22,3,5,21,4],"vertices":[7.32,-14.33,0.72,-14.43,-4.81,-14.51,-7.55,-11.55,-8.84,-4.67999,-8.93999,2.4,-7.63,3.56,-7.18,7.18,-4.03,9.49,0.29,9.56,5.68,9.64,8.97,7.35,9.04,3.02,9.1,-1.23,9.22999,-10.02,9.27,-12.86,4.69,0.19,0.64,0.56,5.46,-3.83,6.86,-7.57,5.48,3.96,-2.68,-0.05,-1.29999,-6.56,-0.8,5.98],"hull":16}},"shadow":{"shadow":{"x":-1.5,"y":-0.22,"scaleX":0.788,"scaleY":0.911,"width":85,"height":42}}}},"animations":{"wait_DL":{"slots":{"2":{"attachment":[{"time":0,"name":null},{"time":1.3333,"name":"2"},{"time":1.6,"name":null},{"time":2.1333,"name":null}]}},"bones":{"root":{"rotate":[{"time":0,"angle":0,"curve":"stepped"},{"time":1.0666,"angle":0,"curve":"stepped"},{"time":2.1333,"angle":0}],"translate":[{"time":0,"x":0,"y":0,"curve":"stepped"},{"time":1.0666,"x":0,"y":0,"curve":"stepped"},{"time":2.1333,"x":0,"y":0}],"scale":[{"time":0,"x":1,"y":1,"curve":"stepped"},{"time":1.0666,"x":1,"y":1,"curve":"stepped"},{"time":2.1333,"x":1,"y":1}]},"bone":{"rotate":[{"time":0,"angle":0,"curve":"stepped"},{"time":1.0666,"angle":0,"curve":"stepped"},{"time":2.1333,"angle":0}],"translate":[{"time":0,"x":0,"y":0,"curve":"stepped"},{"time":1.0666,"x":0,"y":0,"curve":"stepped"},{"time":2.1333,"x":0,"y":0}],"scale":[{"time":0,"x":1,"y":1,"curve":"stepped"},{"time":1.0666,"x":1,"y":1,"curve":"stepped"},{"time":2.1333,"x":1,"y":1}]},"10":{"rotate":[{"time":0,"angle":0,"curve":[0.25,0,0.696,1]},{"time":0.5333,"angle":0.95,"curve":[0.25,0,0.75,1]},{"time":1.0666,"angle":0},{"time":1.6,"angle":0.95,"curve":[0.25,0,0.75,1]},{"time":2.1333,"angle":0}],"translate":[{"time":0,"x":0,"y":0,"curve":[0.25,0,0.696,1]},{"time":0.5333,"x":0.17,"y":-3.95,"curve":[0.25,0,0.75,1]},{"time":1.0666,"x":0,"y":0},{"time":1.6,"x":0.17,"y":-3.95,"curve":[0.25,0,0.75,1]},{"time":2.1333,"x":0,"y":0}],"scale":[{"time":0,"x":1,"y":1,"curve":"stepped"},{"time":1.0666,"x":1,"y":1,"curve":"stepped"},{"time":2.1333,"x":1,"y":1}]},"bone2":{"rotate":[{"time":0,"angle":0,"curve":"stepped"},{"time":1.0666,"angle":0,"curve":"stepped"},{"time":2.1333,"angle":0}],"translate":[{"time":0,"x":0,"y":0},{"time":0.5333,"x":-1.1,"y":0.06},{"time":1.0666,"x":0,"y":0},{"time":1.6,"x":-1.1,"y":0.06},{"time":2.1333,"x":0,"y":0}],"scale":[{"time":0,"x":1,"y":1,"curve":"stepped"},{"time":1.0666,"x":1,"y":1,"curve":"stepped"},{"time":2.1333,"x":1,"y":1}]},"3":{"rotate":[{"time":0,"angle":0},{"time":0.3333,"angle":-5.37},{"time":0.6666,"angle":1.83},{"time":1.0666,"angle":0},{"time":1.4,"angle":-5.37},{"time":1.7333,"angle":1.83},{"time":2.1333,"angle":0}],"translate":[{"time":0,"x":0,"y":0},{"time":0.3333,"x":1.04,"y":0.86},{"time":0.6666,"x":-2.39,"y":1.68},{"time":1.0666,"x":0,"y":0},{"time":1.4,"x":1.04,"y":0.86},{"time":1.7333,"x":-2.39,"y":1.68},{"time":2.1333,"x":0,"y":0}],"scale":[{"time":0,"x":1,"y":1,"curve":"stepped"},{"time":0.3333,"x":1,"y":1,"curve":"stepped"},{"time":0.6666,"x":1,"y":1,"curve":"stepped"},{"time":1.0666,"x":1,"y":1,"curve":"stepped"},{"time":1.4,"x":1,"y":1,"curve":"stepped"},{"time":1.7333,"x":1,"y":1,"curve":"stepped"},{"time":2.1333,"x":1,"y":1}]},"2":{"rotate":[{"time":0,"angle":0,"curve":"stepped"},{"time":1.0666,"angle":0,"curve":"stepped"},{"time":2.1333,"angle":0}],"translate":[{"time":0,"x":0,"y":0,"curve":"stepped"},{"time":1.0666,"x":0,"y":0,"curve":"stepped"},{"time":2.1333,"x":0,"y":0}],"scale":[{"time":0,"x":1,"y":1,"curve":"stepped"},{"time":1.0666,"x":1,"y":1,"curve":"stepped"},{"time":2.1333,"x":1,"y":1}]},"1":{"rotate":[{"time":0,"angle":0},{"time":0.2666,"angle":347.95},{"time":0.6666,"angle":4.71},{"time":1.0666,"angle":0},{"time":1.3333,"angle":347.95},{"time":1.7333,"angle":4.71},{"time":2.1333,"angle":0}],"translate":[{"time":0,"x":0,"y":0,"curve":"stepped"},{"time":0.2666,"x":0,"y":0,"curve":"stepped"},{"time":0.6666,"x":0,"y":0,"curve":"stepped"},{"time":1.0666,"x":0,"y":0,"curve":"stepped"},{"time":1.3333,"x":0,"y":0,"curve":"stepped"},{"time":1.7333,"x":0,"y":0,"curve":"stepped"},{"time":2.1333,"x":0,"y":0}],"scale":[{"time":0,"x":1,"y":1,"curve":"stepped"},{"time":0.2666,"x":1,"y":1,"curve":"stepped"},{"time":0.6666,"x":1,"y":1,"curve":"stepped"},{"time":1.0666,"x":1,"y":1,"curve":"stepped"},{"time":1.3333,"x":1,"y":1,"curve":"stepped"},{"time":1.7333,"x":1,"y":1,"curve":"stepped"},{"time":2.1333,"x":1,"y":1}]},"bone3":{"rotate":[{"time":0,"angle":0},{"time":0.2666,"angle":10.15},{"time":0.6666,"angle":-19.67},{"time":1.0666,"angle":0},{"time":1.3333,"angle":10.15},{"time":1.7333,"angle":-19.67},{"time":2.1333,"angle":0}],"translate":[{"time":0,"x":0,"y":0,"curve":"stepped"},{"time":0.2666,"x":0,"y":0,"curve":"stepped"},{"time":0.6666,"x":0,"y":0,"curve":"stepped"},{"time":1.0666,"x":0,"y":0,"curve":"stepped"},{"time":1.3333,"x":0,"y":0,"curve":"stepped"},{"time":1.7333,"x":0,"y":0,"curve":"stepped"},{"time":2.1333,"x":0,"y":0}],"scale":[{"time":0,"x":1,"y":1,"curve":"stepped"},{"time":0.2666,"x":1,"y":1,"curve":"stepped"},{"time":0.6666,"x":1,"y":1,"curve":"stepped"},{"time":1.0666,"x":1,"y":1,"curve":"stepped"},{"time":1.3333,"x":1,"y":1,"curve":"stepped"},{"time":1.7333,"x":1,"y":1,"curve":"stepped"},{"time":2.1333,"x":1,"y":1}]},"bone4":{"rotate":[{"time":0,"angle":0},{"time":0.2666,"angle":13.04},{"time":0.6666,"angle":-20.36},{"time":1.0666,"angle":0},{"time":1.3333,"angle":13.04},{"time":1.7333,"angle":-20.36},{"time":2.1333,"angle":0}],"translate":[{"time":0,"x":0,"y":0,"curve":"stepped"},{"time":0.2666,"x":0,"y":0,"curve":"stepped"},{"time":0.6666,"x":0,"y":0,"curve":"stepped"},{"time":1.0666,"x":0,"y":0,"curve":"stepped"},{"time":1.3333,"x":0,"y":0,"curve":"stepped"},{"time":1.7333,"x":0,"y":0,"curve":"stepped"},{"time":2.1333,"x":0,"y":0}],"scale":[{"time":0,"x":1,"y":1,"curve":"stepped"},{"time":0.2666,"x":1,"y":1,"curve":"stepped"},{"time":0.6666,"x":1,"y":1,"curve":"stepped"},{"time":1.0666,"x":1,"y":1,"curve":"stepped"},{"time":1.3333,"x":1,"y":1,"curve":"stepped"},{"time":1.7333,"x":1,"y":1,"curve":"stepped"},{"time":2.1333,"x":1,"y":1}]},"4":{"rotate":[{"time":0,"angle":0},{"time":0.2666,"angle":-14.81},{"time":0.6666,"angle":-2.92},{"time":1.0666,"angle":0},{"time":1.3333,"angle":-14.81},{"time":1.7333,"angle":-2.92},{"time":2.1333,"angle":0}],"translate":[{"time":0,"x":0,"y":0,"curve":"stepped"},{"time":0.2666,"x":0,"y":0,"curve":"stepped"},{"time":0.6666,"x":0,"y":0,"curve":"stepped"},{"time":1.0666,"x":0,"y":0,"curve":"stepped"},{"time":1.3333,"x":0,"y":0,"curve":"stepped"},{"time":1.7333,"x":0,"y":0,"curve":"stepped"},{"time":2.1333,"x":0,"y":0}],"scale":[{"time":0,"x":1,"y":1,"curve":"stepped"},{"time":0.2666,"x":1,"y":1,"curve":"stepped"},{"time":0.6666,"x":1,"y":1,"curve":"stepped"},{"time":1.0666,"x":1,"y":1,"curve":"stepped"},{"time":1.3333,"x":1,"y":1,"curve":"stepped"},{"time":1.7333,"x":1,"y":1,"curve":"stepped"},{"time":2.1333,"x":1,"y":1}]},"bone5":{"rotate":[{"time":0,"angle":0},{"time":0.2666,"angle":14.96},{"time":0.6666,"angle":-18.39},{"time":1.0666,"angle":0},{"time":1.3333,"angle":14.96},{"time":1.7333,"angle":-18.39},{"time":2.1333,"angle":0}],"translate":[{"time":0,"x":0,"y":0,"curve":"stepped"},{"time":0.2666,"x":0,"y":0,"curve":"stepped"},{"time":0.6666,"x":0,"y":0,"curve":"stepped"},{"time":1.0666,"x":0,"y":0,"curve":"stepped"},{"time":1.3333,"x":0,"y":0,"curve":"stepped"},{"time":1.7333,"x":0,"y":0,"curve":"stepped"},{"time":2.1333,"x":0,"y":0}],"scale":[{"time":0,"x":1,"y":1,"curve":"stepped"},{"time":0.2666,"x":1,"y":1,"curve":"stepped"},{"time":0.6666,"x":1,"y":1,"curve":"stepped"},{"time":1.0666,"x":1,"y":1,"curve":"stepped"},{"time":1.3333,"x":1,"y":1,"curve":"stepped"},{"time":1.7333,"x":1,"y":1,"curve":"stepped"},{"time":2.1333,"x":1,"y":1}]},"bone6":{"rotate":[{"time":0,"angle":0},{"time":0.2666,"angle":7.88},{"time":0.6666,"angle":-18.26},{"time":1.0666,"angle":0},{"time":1.3333,"angle":7.88},{"time":1.7333,"angle":-18.26},{"time":2.1333,"angle":0}],"translate":[{"time":0,"x":0,"y":0,"curve":"stepped"},{"time":0.2666,"x":0,"y":0,"curve":"stepped"},{"time":0.6666,"x":0,"y":0,"curve":"stepped"},{"time":1.0666,"x":0,"y":0,"curve":"stepped"},{"time":1.3333,"x":0,"y":0,"curve":"stepped"},{"time":1.7333,"x":0,"y":0,"curve":"stepped"},{"time":2.1333,"x":0,"y":0}],"scale":[{"time":0,"x":1,"y":1,"curve":"stepped"},{"time":0.2666,"x":1,"y":1,"curve":"stepped"},{"time":0.6666,"x":1,"y":1,"curve":"stepped"},{"time":1.0666,"x":1,"y":1,"curve":"stepped"},{"time":1.3333,"x":1,"y":1,"curve":"stepped"},{"time":1.7333,"x":1,"y":1,"curve":"stepped"},{"time":2.1333,"x":1,"y":1}]},"17":{"rotate":[{"time":0,"angle":0},{"time":0.2,"angle":13.59},{"time":0.3333,"angle":22.12},{"time":0.6666,"angle":3.99},{"time":1.0666,"angle":0},{"time":1.2666,"angle":13.59},{"time":1.4,"angle":22.12},{"time":1.7333,"angle":3.99},{"time":2.1333,"angle":0}],"translate":[{"time":0,"x":0,"y":0,"curve":"stepped"},{"time":1.0666,"x":0,"y":0,"curve":"stepped"},{"time":2.1333,"x":0,"y":0}],"scale":[{"time":0,"x":1,"y":1,"curve":"stepped"},{"time":1.0666,"x":1,"y":1,"curve":"stepped"},{"time":2.1333,"x":1,"y":1}]},"bone7":{"rotate":[{"time":0,"angle":0},{"time":0.2,"angle":-8.93},{"time":0.3333,"angle":-8.96},{"time":0.6666,"angle":6.75},{"time":1.0666,"angle":0},{"time":1.2666,"angle":-8.93},{"time":1.4,"angle":-8.96},{"time":1.7333,"angle":6.75},{"time":2.1333,"angle":0}],"translate":[{"time":0,"x":0,"y":0,"curve":"stepped"},{"time":1.0666,"x":0,"y":0,"curve":"stepped"},{"time":2.1333,"x":0,"y":0}],"scale":[{"time":0,"x":1,"y":1,"curve":"stepped"},{"time":1.0666,"x":1,"y":1,"curve":"stepped"},{"time":2.1333,"x":1,"y":1}]},"bone8":{"rotate":[{"time":0,"angle":0},{"time":0.2,"angle":-11.68},{"time":0.3333,"angle":-13.61},{"time":0.6666,"angle":8.2},{"time":0.8,"angle":7.42},{"time":1.0666,"angle":0},{"time":1.2666,"angle":-11.68},{"time":1.4,"angle":-13.61},{"time":1.7333,"angle":8.2},{"time":1.8666,"angle":7.42},{"time":2.1333,"angle":0}],"translate":[{"time":0,"x":0,"y":0,"curve":"stepped"},{"time":1.0666,"x":0,"y":0,"curve":"stepped"},{"time":2.1333,"x":0,"y":0}],"scale":[{"time":0,"x":1,"y":1,"curve":"stepped"},{"time":1.0666,"x":1,"y":1,"curve":"stepped"},{"time":2.1333,"x":1,"y":1}]},"18":{"rotate":[{"time":0,"angle":0},{"time":0.2,"angle":-10.97},{"time":0.3333,"angle":-9.89},{"time":0.6666,"angle":2.92},{"time":0.8,"angle":9.82},{"time":1.0666,"angle":0},{"time":1.2666,"angle":-10.97},{"time":1.4,"angle":-9.89},{"time":1.7333,"angle":2.92},{"time":1.8666,"angle":9.82},{"time":2.1333,"angle":0}],"translate":[{"time":0,"x":0,"y":0,"curve":"stepped"},{"time":1.0666,"x":0,"y":0,"curve":"stepped"},{"time":2.1333,"x":0,"y":0}],"scale":[{"time":0,"x":1,"y":1,"curve":"stepped"},{"time":1.0666,"x":1,"y":1,"curve":"stepped"},{"time":2.1333,"x":1,"y":1}]},"bone9":{"rotate":[{"time":0,"angle":0},{"time":0.2,"angle":4.47},{"time":0.3333,"angle":-13.24},{"time":0.6666,"angle":-10.03},{"time":0.8,"angle":10.95},{"time":1.0666,"angle":0},{"time":1.2666,"angle":4.47},{"time":1.4,"angle":-13.24},{"time":1.7333,"angle":-10.03},{"time":1.8666,"angle":10.95},{"time":2.1333,"angle":0}],"translate":[{"time":0,"x":0,"y":0,"curve":"stepped"},{"time":1.0666,"x":0,"y":0,"curve":"stepped"},{"time":2.1333,"x":0,"y":0}],"scale":[{"time":0,"x":1,"y":1,"curve":"stepped"},{"time":1.0666,"x":1,"y":1,"curve":"stepped"},{"time":2.1333,"x":1,"y":1}]},"8":{"rotate":[{"time":0,"angle":0},{"time":0.4666,"angle":13.39},{"time":0.6666,"angle":8.27},{"time":1.0666,"angle":0},{"time":1.5333,"angle":13.39},{"time":1.7333,"angle":8.27},{"time":2.1333,"angle":0}],"translate":[{"time":0,"x":0,"y":0,"curve":"stepped"},{"time":1.0666,"x":0,"y":0,"curve":"stepped"},{"time":2.1333,"x":0,"y":0}],"scale":[{"time":0,"x":1,"y":1,"curve":"stepped"},{"time":1.0666,"x":1,"y":1,"curve":"stepped"},{"time":2.1333,"x":1,"y":1}]},"7":{"rotate":[{"time":0,"angle":0},{"time":0.4666,"angle":26.63},{"time":0.6666,"angle":10.26},{"time":1.0666,"angle":0},{"time":1.5333,"angle":26.63},{"time":1.7333,"angle":10.26},{"time":2.1333,"angle":0}],"translate":[{"time":0,"x":0,"y":0,"curve":"stepped"},{"time":1.0666,"x":0,"y":0,"curve":"stepped"},{"time":2.1333,"x":0,"y":0}],"scale":[{"time":0,"x":1,"y":1},{"time":0.6666,"x":1.051,"y":1},{"time":1.0666,"x":1,"y":1},{"time":1.7333,"x":1.051,"y":1},{"time":2.1333,"x":1,"y":1}]},"5":{"rotate":[{"time":0,"angle":0},{"time":0.4666,"angle":16.76},{"time":0.6666,"angle":32.26},{"time":1.0666,"angle":0},{"time":1.5333,"angle":16.76},{"time":1.7333,"angle":32.26},{"time":2.1333,"angle":0}],"translate":[{"time":0,"x":0,"y":0,"curve":"stepped"},{"time":1.0666,"x":0,"y":0,"curve":"stepped"},{"time":2.1333,"x":0,"y":0}],"scale":[{"time":0,"x":1,"y":1},{"time":0.6666,"x":1.068,"y":0.954},{"time":1.0666,"x":1,"y":1},{"time":1.7333,"x":1.068,"y":0.954},{"time":2.1333,"x":1,"y":1}]},"6":{"rotate":[{"time":0,"angle":0},{"time":0.2,"angle":-30.53},{"time":0.4666,"angle":-31.74},{"time":0.6666,"angle":0.8},{"time":1.0666,"angle":0},{"time":1.2666,"angle":-30.53},{"time":1.5333,"angle":-31.74},{"time":1.7333,"angle":0.8},{"time":2.1333,"angle":0}],"translate":[{"time":0,"x":0,"y":0},{"time":0.4666,"x":1.13,"y":0.05},{"time":0.6666,"x":-0.36,"y":0.12},{"time":1.0666,"x":0,"y":0},{"time":1.5333,"x":1.13,"y":0.05},{"time":1.7333,"x":-0.36,"y":0.12},{"time":2.1333,"x":0,"y":0}],"scale":[{"time":0,"x":1,"y":1},{"time":0.4666,"x":1.066,"y":1.048},{"time":0.6666,"x":1.081,"y":1.091},{"time":1.0666,"x":1,"y":1},{"time":1.5333,"x":1.066,"y":1.048},{"time":1.7333,"x":1.081,"y":1.091},{"time":2.1333,"x":1,"y":1}]},"16":{"rotate":[{"time":0,"angle":0},{"time":0.5333,"angle":-5.95},{"time":1.0666,"angle":0},{"time":1.6,"angle":-5.95},{"time":2.1333,"angle":0}],"translate":[{"time":0,"x":0,"y":0,"curve":"stepped"},{"time":1.0666,"x":0,"y":0,"curve":"stepped"},{"time":2.1333,"x":0,"y":0}],"scale":[{"time":0,"x":1,"y":1},{"time":0.5333,"x":1.025,"y":0.883},{"time":1.0666,"x":1,"y":1},{"time":1.6,"x":1.025,"y":0.883},{"time":2.1333,"x":1,"y":1}]},"15":{"rotate":[{"time":0,"angle":0},{"time":0.5333,"angle":20.68},{"time":1.0666,"angle":0},{"time":1.6,"angle":20.68},{"time":2.1333,"angle":0}],"translate":[{"time":0,"x":0,"y":0,"curve":"stepped"},{"time":1.0666,"x":0,"y":0,"curve":"stepped"},{"time":2.1333,"x":0,"y":0}],"scale":[{"time":0,"x":1,"y":1},{"time":0.5333,"x":1.191,"y":1},{"time":1.0666,"x":1,"y":1},{"time":1.6,"x":1.191,"y":1},{"time":2.1333,"x":1,"y":1}]},"14":{"rotate":[{"time":0,"angle":0},{"time":0.5333,"angle":-30.98},{"time":1.0666,"angle":0},{"time":1.6,"angle":-30.98},{"time":2.1333,"angle":0}],"translate":[{"time":0,"x":0,"y":0,"curve":"stepped"},{"time":1.0666,"x":0,"y":0,"curve":"stepped"},{"time":2.1333,"x":0,"y":0}],"scale":[{"time":0,"x":1,"y":1,"curve":"stepped"},{"time":1.0666,"x":1,"y":1,"curve":"stepped"},{"time":2.1333,"x":1,"y":1}]},"9":{"rotate":[{"time":0,"angle":0,"curve":"stepped"},{"time":0.3333,"angle":0},{"time":0.7333,"angle":-1.71},{"time":1.0666,"angle":0,"curve":"stepped"},{"time":1.4,"angle":0},{"time":1.8,"angle":-1.71},{"time":2.1333,"angle":0}],"translate":[{"time":0,"x":0,"y":0},{"time":0.3333,"x":3.27,"y":0.97},{"time":0.7333,"x":0.68,"y":1.71},{"time":1.0666,"x":0,"y":0},{"time":1.4,"x":3.27,"y":0.97},{"time":1.8,"x":0.68,"y":1.71},{"time":2.1333,"x":0,"y":0}],"scale":[{"time":0,"x":1,"y":1},{"time":0.3333,"x":0.972,"y":1.077},{"time":0.7333,"x":1.166,"y":0.965},{"time":1.0666,"x":1,"y":1},{"time":1.4,"x":0.972,"y":1.077},{"time":1.8,"x":1.166,"y":0.965},{"time":2.1333,"x":1,"y":1}]},"13":{"rotate":[{"time":0,"angle":0,"curve":"stepped"},{"time":1.0666,"angle":0,"curve":"stepped"},{"time":2.1333,"angle":0}],"translate":[{"time":0,"x":0,"y":0,"curve":"stepped"},{"time":1.0666,"x":0,"y":0,"curve":"stepped"},{"time":2.1333,"x":0,"y":0}],"scale":[{"time":0,"x":1,"y":1,"curve":"stepped"},{"time":1.0666,"x":1,"y":1,"curve":"stepped"},{"time":2.1333,"x":1,"y":1}]},"12":{"rotate":[{"time":0,"angle":0},{"time":0.5333,"angle":0.56},{"time":1.0666,"angle":0},{"time":1.6,"angle":0.56},{"time":2.1333,"angle":0}],"translate":[{"time":0,"x":-0.01,"y":0.29},{"time":0.5333,"x":-0.37,"y":0.28},{"time":1.0666,"x":-0.01,"y":0.29},{"time":1.6,"x":-0.37,"y":0.28},{"time":2.1333,"x":-0.01,"y":0.29}],"scale":[{"time":0,"x":1,"y":1},{"time":0.5333,"x":0.824,"y":1.095},{"time":1.0666,"x":1,"y":1},{"time":1.6,"x":0.824,"y":1.095},{"time":2.1333,"x":1,"y":1}]},"11":{"rotate":[{"time":0,"angle":0,"curve":"stepped"},{"time":1.0666,"angle":0,"curve":"stepped"},{"time":2.1333,"angle":0}],"translate":[{"time":0,"x":0,"y":0,"curve":"stepped"},{"time":1.0666,"x":0,"y":0,"curve":"stepped"},{"time":2.1333,"x":0,"y":0}],"scale":[{"time":0,"x":1,"y":1},{"time":0.5333,"x":1.083,"y":1.045},{"time":1.0666,"x":1,"y":1},{"time":1.6,"x":1.083,"y":1.045},{"time":2.1333,"x":1,"y":1}]},"shadow":{"rotate":[{"time":0,"angle":0,"curve":"stepped"},{"time":1.0666,"angle":0,"curve":"stepped"},{"time":2.1333,"angle":0}],"translate":[{"time":0,"x":0,"y":0,"curve":"stepped"},{"time":1.0666,"x":0,"y":0,"curve":"stepped"},{"time":2.1333,"x":0,"y":0}],"scale":[{"time":0,"x":1,"y":1},{"time":0.5333,"x":1.118,"y":1.027},{"time":1.0666,"x":1,"y":1},{"time":1.6,"x":1.118,"y":1.027},{"time":2.1333,"x":1,"y":1}]},"2_1":{"rotate":[{"time":0,"angle":0},{"time":0.3333,"angle":1.16},{"time":0.6666,"angle":-6.76},{"time":1.0666,"angle":0},{"time":1.4,"angle":1.16},{"time":1.7333,"angle":-6.76},{"time":2.1333,"angle":0}],"translate":[{"time":0,"x":0,"y":0,"curve":"stepped"},{"time":1.0666,"x":0,"y":0,"curve":"stepped"},{"time":2.1333,"x":0,"y":0}],"scale":[{"time":0,"x":1,"y":1,"curve":"stepped"},{"time":1.0666,"x":1,"y":1,"curve":"stepped"},{"time":2.1333,"x":1,"y":1}]},"bone11":{"rotate":[{"time":0,"angle":0},{"time":0.3333,"angle":7.53},{"time":0.6666,"angle":9.94},{"time":1.0666,"angle":0},{"time":1.4,"angle":7.53},{"time":1.7333,"angle":9.94},{"time":2.1333,"angle":0}],"translate":[{"time":0,"x":0,"y":0,"curve":"stepped"},{"time":1.0666,"x":0,"y":0,"curve":"stepped"},{"time":2.1333,"x":0,"y":0}],"scale":[{"time":0,"x":1,"y":1,"curve":"stepped"},{"time":1.0666,"x":1,"y":1,"curve":"stepped"},{"time":2.1333,"x":1,"y":1}]},"bone12":{"rotate":[{"time":0,"angle":0},{"time":0.3333,"angle":0.35},{"time":0.6666,"angle":9.07},{"time":1.0666,"angle":0},{"time":1.4,"angle":0.35},{"time":1.7333,"angle":9.07},{"time":2.1333,"angle":0}],"translate":[{"time":0,"x":0,"y":0,"curve":"stepped"},{"time":1.0666,"x":0,"y":0,"curve":"stepped"},{"time":2.1333,"x":0,"y":0}],"scale":[{"time":0,"x":1,"y":1,"curve":"stepped"},{"time":1.0666,"x":1,"y":1,"curve":"stepped"},{"time":2.1333,"x":1,"y":1}]},"bone13":{"rotate":[{"time":0,"angle":0},{"time":0.3333,"angle":-5.41},{"time":0.6666,"angle":11.05},{"time":1.0666,"angle":0},{"time":1.4,"angle":-5.41},{"time":1.7333,"angle":11.05},{"time":2.1333,"angle":0}],"translate":[{"time":0,"x":0,"y":0,"curve":"stepped"},{"time":1.0666,"x":0,"y":0,"curve":"stepped"},{"time":2.1333,"x":0,"y":0}],"scale":[{"time":0,"x":1,"y":1,"curve":"stepped"},{"time":1.0666,"x":1,"y":1,"curve":"stepped"},{"time":2.1333,"x":1,"y":1}]},"bone14":{"rotate":[{"time":0,"angle":0},{"time":0.3333,"angle":-11.4},{"time":0.6666,"angle":4.65},{"time":1.0666,"angle":0},{"time":1.4,"angle":-11.4},{"time":1.7333,"angle":4.65},{"time":2.1333,"angle":0}],"translate":[{"time":0,"x":0,"y":0,"curve":"stepped"},{"time":1.0666,"x":0,"y":0,"curve":"stepped"},{"time":2.1333,"x":0,"y":0}],"scale":[{"time":0,"x":1,"y":1,"curve":"stepped"},{"time":1.0666,"x":1,"y":1,"curve":"stepped"},{"time":2.1333,"x":1,"y":1}]},"3_1":{"rotate":[{"time":0,"angle":0},{"time":0.3333,"angle":-3.33},{"time":0.6666,"angle":-2},{"time":1.0666,"angle":0},{"time":1.4,"angle":-3.33},{"time":1.7333,"angle":-2},{"time":2.1333,"angle":0}],"translate":[{"time":0,"x":0,"y":0,"curve":"stepped"},{"time":1.0666,"x":0,"y":0,"curve":"stepped"},{"time":2.1333,"x":0,"y":0}],"scale":[{"time":0,"x":1,"y":1,"curve":"stepped"},{"time":1.0666,"x":1,"y":1,"curve":"stepped"},{"time":2.1333,"x":1,"y":1}]},"bone15":{"rotate":[{"time":0,"angle":0},{"time":0.3333,"angle":14.06},{"time":0.6666,"angle":-7.66},{"time":1.0666,"angle":0},{"time":1.4,"angle":14.06},{"time":1.7333,"angle":-7.66},{"time":2.1333,"angle":0}],"translate":[{"time":0,"x":0,"y":0,"curve":"stepped"},{"time":1.0666,"x":0,"y":0,"curve":"stepped"},{"time":2.1333,"x":0,"y":0}],"scale":[{"time":0,"x":1,"y":1,"curve":"stepped"},{"time":1.0666,"x":1,"y":1,"curve":"stepped"},{"time":2.1333,"x":1,"y":1}]},"bone16":{"rotate":[{"time":0,"angle":0},{"time":0.3333,"angle":17.14},{"time":0.6666,"angle":14.16},{"time":1.0666,"angle":0},{"time":1.4,"angle":17.14},{"time":1.7333,"angle":14.16},{"time":2.1333,"angle":0}],"translate":[{"time":0,"x":0,"y":0,"curve":"stepped"},{"time":1.0666,"x":0,"y":0,"curve":"stepped"},{"time":2.1333,"x":0,"y":0}],"scale":[{"time":0,"x":1,"y":1,"curve":"stepped"},{"time":1.0666,"x":1,"y":1,"curve":"stepped"},{"time":2.1333,"x":1,"y":1}]},"bone17":{"rotate":[{"time":0,"angle":0},{"time":0.3333,"angle":-2.21},{"time":0.6666,"angle":17.88},{"time":1.0666,"angle":0},{"time":1.4,"angle":-2.21},{"time":1.7333,"angle":17.88},{"time":2.1333,"angle":0}],"translate":[{"time":0,"x":0,"y":0,"curve":"stepped"},{"time":1.0666,"x":0,"y":0,"curve":"stepped"},{"time":2.1333,"x":0,"y":0}],"scale":[{"time":0,"x":1,"y":1,"curve":"stepped"},{"time":1.0666,"x":1,"y":1,"curve":"stepped"},{"time":2.1333,"x":1,"y":1}]},"19":{"rotate":[{"time":0,"angle":0},{"time":0.2666,"angle":-6.31},{"time":0.4666,"angle":-2.54},{"time":0.7333,"angle":-5.01},{"time":1.0666,"angle":0},{"time":1.3333,"angle":-6.31},{"time":1.5333,"angle":-2.54},{"time":1.8,"angle":-5.01},{"time":2.1333,"angle":0}],"translate":[{"time":0,"x":0,"y":0,"curve":"stepped"},{"time":1.0666,"x":0,"y":0,"curve":"stepped"},{"time":2.1333,"x":0,"y":0}],"scale":[{"time":0,"x":1,"y":1,"curve":"stepped"},{"time":1.0666,"x":1,"y":1,"curve":"stepped"},{"time":2.1333,"x":1,"y":1}]},"bone18":{"rotate":[{"time":0,"angle":0},{"time":0.2666,"angle":-9.19},{"time":0.4666,"angle":-7.29},{"time":0.7333,"angle":3.78},{"time":1.0666,"angle":0},{"time":1.3333,"angle":-9.19},{"time":1.5333,"angle":-7.29},{"time":1.8,"angle":3.78},{"time":2.1333,"angle":0}],"translate":[{"time":0,"x":0,"y":0,"curve":"stepped"},{"time":1.0666,"x":0,"y":0,"curve":"stepped"},{"time":2.1333,"x":0,"y":0}],"scale":[{"time":0,"x":1,"y":1,"curve":"stepped"},{"time":1.0666,"x":1,"y":1,"curve":"stepped"},{"time":2.1333,"x":1,"y":1}]},"bone19":{"rotate":[{"time":0,"angle":0},{"time":0.2666,"angle":4.84},{"time":0.4666,"angle":-5.14},{"time":0.7333,"angle":4.21},{"time":1.0666,"angle":0},{"time":1.3333,"angle":4.84},{"time":1.5333,"angle":-5.14},{"time":1.8,"angle":4.21},{"time":2.1333,"angle":0}],"translate":[{"time":0,"x":0,"y":0,"curve":"stepped"},{"time":1.0666,"x":0,"y":0,"curve":"stepped"},{"time":2.1333,"x":0,"y":0}],"scale":[{"time":0,"x":1,"y":1,"curve":"stepped"},{"time":1.0666,"x":1,"y":1,"curve":"stepped"},{"time":2.1333,"x":1,"y":1}]},"20":{"rotate":[{"time":0,"angle":0},{"time":0.2666,"angle":12.28},{"time":0.4666,"angle":-1.93},{"time":0.7333,"angle":-5.6},{"time":0.8666,"angle":7.89},{"time":1.0666,"angle":0},{"time":1.3333,"angle":12.28},{"time":1.5333,"angle":-1.93},{"time":1.8,"angle":-5.6},{"time":1.9333,"angle":7.89},{"time":2.1333,"angle":0}],"translate":[{"time":0,"x":0,"y":0,"curve":"stepped"},{"time":1.0666,"x":0,"y":0,"curve":"stepped"},{"time":2.1333,"x":0,"y":0}],"scale":[{"time":0,"x":1,"y":1,"curve":"stepped"},{"time":1.0666,"x":1,"y":1,"curve":"stepped"},{"time":2.1333,"x":1,"y":1}]},"bone20":{"rotate":[{"time":0,"angle":0},{"time":0.2666,"angle":4.16},{"time":0.4666,"angle":-10.67},{"time":0.7333,"angle":-13.56},{"time":0.8666,"angle":7.96},{"time":1.0666,"angle":0},{"time":1.3333,"angle":4.16},{"time":1.5333,"angle":-10.67},{"time":1.8,"angle":-13.56},{"time":1.9333,"angle":7.96},{"time":2.1333,"angle":0}],"translate":[{"time":0,"x":0,"y":0,"curve":"stepped"},{"time":1.0666,"x":0,"y":0,"curve":"stepped"},{"time":2.1333,"x":0,"y":0}],"scale":[{"time":0,"x":1,"y":1,"curve":"stepped"},{"time":1.0666,"x":1,"y":1,"curve":"stepped"},{"time":2.1333,"x":1,"y":1}]}}},"wait_special_DL":{"slots":{"2":{"attachment":[{"time":0,"name":null},{"time":1.3,"name":"2"},{"time":1.5666,"name":null},{"time":2.6666,"name":null}]}},"bones":{"19":{"rotate":[{"time":0,"angle":0},{"time":0.2,"angle":-1.42},{"time":0.5,"angle":-356.33},{"time":0.6666,"angle":-0.59},{"time":0.9,"angle":-344.93},{"time":1.0666,"angle":-348.71},{"time":1.3,"angle":-356.33},{"time":1.4666,"angle":-0.59},{"time":1.7,"angle":-344.93},{"time":1.8666,"angle":-348.71},{"time":2.1,"angle":-356.33},{"time":2.6666,"angle":0}],"translate":[{"time":0,"x":0,"y":0,"curve":"stepped"},{"time":0.5,"x":0,"y":0,"curve":"stepped"},{"time":0.9,"x":0,"y":0,"curve":"stepped"},{"time":1.3,"x":0,"y":0,"curve":"stepped"},{"time":1.7,"x":0,"y":0,"curve":"stepped"},{"time":2.1,"x":0,"y":0,"curve":"stepped"},{"time":2.6666,"x":0,"y":0}],"scale":[{"time":0,"x":1,"y":1,"curve":"stepped"},{"time":0.5,"x":1,"y":1,"curve":"stepped"},{"time":0.9,"x":1,"y":1,"curve":"stepped"},{"time":1.3,"x":1,"y":1,"curve":"stepped"},{"time":1.7,"x":1,"y":1,"curve":"stepped"},{"time":2.1,"x":1,"y":1,"curve":"stepped"},{"time":2.6666,"x":1,"y":1}]},"6":{"rotate":[{"time":0,"angle":0},{"time":0.2,"angle":-51.58},{"time":0.5,"angle":-55.6},{"time":0.9,"angle":7.91},{"time":1.3,"angle":-55.6},{"time":1.7,"angle":7.91},{"time":2.1,"angle":-55.6},{"time":2.3333,"angle":0.85},{"time":2.6666,"angle":0}],"translate":[{"time":0,"x":0,"y":0,"curve":"stepped"},{"time":0.5,"x":0,"y":0,"curve":"stepped"},{"time":0.9,"x":0,"y":0,"curve":"stepped"},{"time":1.3,"x":0,"y":0,"curve":"stepped"},{"time":1.7,"x":0,"y":0,"curve":"stepped"},{"time":2.1,"x":0,"y":0,"curve":"stepped"},{"time":2.6666,"x":0,"y":0}],"scale":[{"time":0,"x":1,"y":1,"curve":"stepped"},{"time":0.5,"x":1,"y":1,"curve":"stepped"},{"time":0.9,"x":1,"y":1,"curve":"stepped"},{"time":1.3,"x":1,"y":1,"curve":"stepped"},{"time":1.7,"x":1,"y":1,"curve":"stepped"},{"time":2.1,"x":1,"y":1,"curve":"stepped"},{"time":2.6666,"x":1,"y":1}]},"17":{"rotate":[{"time":0,"angle":0},{"time":0.2,"angle":-3.16},{"time":0.5,"angle":9.4},{"time":0.6666,"angle":4.34},{"time":0.9,"angle":19.94},{"time":1.0666,"angle":17.13},{"time":1.3,"angle":9.4},{"time":1.4666,"angle":4.34},{"time":1.7,"angle":19.94},{"time":1.8666,"angle":19.23},{"time":2.1,"angle":9.4},{"time":2.3333,"angle":8.23},{"time":2.6666,"angle":0}],"translate":[{"time":0,"x":0,"y":0,"curve":"stepped"},{"time":0.5,"x":0,"y":0,"curve":"stepped"},{"time":0.9,"x":0,"y":0,"curve":"stepped"},{"time":1.3,"x":0,"y":0,"curve":"stepped"},{"time":1.7,"x":0,"y":0,"curve":"stepped"},{"time":2.1,"x":0,"y":0,"curve":"stepped"},{"time":2.6666,"x":0,"y":0}],"scale":[{"time":0,"x":1,"y":1,"curve":"stepped"},{"time":0.5,"x":1,"y":1,"curve":"stepped"},{"time":0.9,"x":1,"y":1,"curve":"stepped"},{"time":1.3,"x":1,"y":1,"curve":"stepped"},{"time":1.7,"x":1,"y":1,"curve":"stepped"},{"time":2.1,"x":1,"y":1,"curve":"stepped"},{"time":2.6666,"x":1,"y":1}]},"5":{"rotate":[{"time":0,"angle":0},{"time":0.2,"angle":-5.97},{"time":0.5,"angle":33.02},{"time":0.9,"angle":-31.03},{"time":1.3,"angle":33.02},{"time":1.7,"angle":-31.03},{"time":2.1,"angle":33.02},{"time":2.6666,"angle":0}],"translate":[{"time":0,"x":0,"y":0,"curve":"stepped"},{"time":0.5,"x":0,"y":0,"curve":"stepped"},{"time":0.9,"x":0,"y":0,"curve":"stepped"},{"time":1.3,"x":0,"y":0,"curve":"stepped"},{"time":1.7,"x":0,"y":0,"curve":"stepped"},{"time":2.1,"x":0,"y":0,"curve":"stepped"},{"time":2.6666,"x":0,"y":0}],"scale":[{"time":0,"x":1,"y":1,"curve":"stepped"},{"time":0.5,"x":1,"y":1,"curve":"stepped"},{"time":0.9,"x":1,"y":1,"curve":"stepped"},{"time":1.3,"x":1,"y":1,"curve":"stepped"},{"time":1.7,"x":1,"y":1,"curve":"stepped"},{"time":2.1,"x":1,"y":1,"curve":"stepped"},{"time":2.6666,"x":1,"y":1}]},"8":{"rotate":[{"time":0,"angle":0},{"time":0.2,"angle":58.61},{"time":0.5,"angle":140.58},{"time":0.9,"angle":84.33},{"time":1.3,"angle":140.58},{"time":1.7,"angle":84.33},{"time":2.1,"angle":140.58},{"time":2.3333,"angle":76.68},{"time":2.6666,"angle":0}],"translate":[{"time":0,"x":0,"y":0,"curve":"stepped"},{"time":0.5,"x":0,"y":0,"curve":"stepped"},{"time":0.9,"x":0,"y":0,"curve":"stepped"},{"time":1.3,"x":0,"y":0,"curve":"stepped"},{"time":1.7,"x":0,"y":0,"curve":"stepped"},{"time":2.1,"x":0,"y":0,"curve":"stepped"},{"time":2.6666,"x":0,"y":0}],"scale":[{"time":0,"x":1,"y":1},{"time":0.5,"x":1.232,"y":0.951},{"time":0.9,"x":1.126,"y":0.972},{"time":1.3,"x":1.232,"y":0.951},{"time":1.7,"x":1.126,"y":0.972},{"time":2.1,"x":1.232,"y":0.951},{"time":2.6666,"x":1,"y":1}]},"12":{"rotate":[{"time":0,"angle":0},{"time":0.5,"angle":-1.04},{"time":0.9,"angle":-3.46},{"time":1.3,"angle":-1.04},{"time":1.7,"angle":-3.46},{"time":2.1,"angle":-1.04},{"time":2.6666,"angle":0}],"translate":[{"time":0,"x":-0.01,"y":0.29,"curve":"stepped"},{"time":0.5,"x":-0.01,"y":0.29,"curve":"stepped"},{"time":0.9,"x":-0.01,"y":0.29,"curve":"stepped"},{"time":1.3,"x":-0.01,"y":0.29,"curve":"stepped"},{"time":1.7,"x":-0.01,"y":0.29,"curve":"stepped"},{"time":2.1,"x":-0.01,"y":0.29,"curve":"stepped"},{"time":2.6666,"x":-0.01,"y":0.29}],"scale":[{"time":0,"x":1,"y":1},{"time":0.5,"x":1.018,"y":1.014},{"time":0.9,"x":1.038,"y":1.066},{"time":1.3,"x":1.018,"y":1.014},{"time":1.7,"x":1.038,"y":1.066},{"time":2.1,"x":1.018,"y":1.014},{"time":2.6666,"x":1,"y":1}]},"2_1":{"rotate":[{"time":0,"angle":0},{"time":0.5,"angle":-4.46},{"time":0.9,"angle":0},{"time":1.3,"angle":-4.46},{"time":1.7,"angle":0},{"time":2.1,"angle":-4.46},{"time":2.3333,"angle":4.46},{"time":2.6666,"angle":0}],"translate":[{"time":0,"x":0,"y":0,"curve":"stepped"},{"time":0.5,"x":0,"y":0,"curve":"stepped"},{"time":0.9,"x":0,"y":0,"curve":"stepped"},{"time":1.3,"x":0,"y":0,"curve":"stepped"},{"time":1.7,"x":0,"y":0,"curve":"stepped"},{"time":2.1,"x":0,"y":0,"curve":"stepped"},{"time":2.6666,"x":0,"y":0}],"scale":[{"time":0,"x":1,"y":1,"curve":"stepped"},{"time":0.5,"x":1,"y":1,"curve":"stepped"},{"time":0.9,"x":1,"y":1,"curve":"stepped"},{"time":1.3,"x":1,"y":1,"curve":"stepped"},{"time":1.7,"x":1,"y":1,"curve":"stepped"},{"time":2.1,"x":1,"y":1,"curve":"stepped"},{"time":2.6666,"x":1,"y":1}]},"bone16":{"rotate":[{"time":0,"angle":0},{"time":0.2,"angle":9.81},{"time":0.5,"angle":26.03},{"time":0.9,"angle":0},{"time":1.3,"angle":24.66},{"time":1.7,"angle":0},{"time":2.1,"angle":24.66},{"time":2.3333,"angle":16.56},{"time":2.6666,"angle":0}],"translate":[{"time":0,"x":0,"y":0,"curve":"stepped"},{"time":0.5,"x":0,"y":0,"curve":"stepped"},{"time":0.9,"x":0,"y":0,"curve":"stepped"},{"time":1.3,"x":0,"y":0,"curve":"stepped"},{"time":1.7,"x":0,"y":0,"curve":"stepped"},{"time":2.1,"x":0,"y":0,"curve":"stepped"},{"time":2.6666,"x":0,"y":0}],"scale":[{"time":0,"x":1,"y":1,"curve":"stepped"},{"time":0.5,"x":1,"y":1,"curve":"stepped"},{"time":0.9,"x":1,"y":1,"curve":"stepped"},{"time":1.3,"x":1,"y":1,"curve":"stepped"},{"time":1.7,"x":1,"y":1,"curve":"stepped"},{"time":2.1,"x":1,"y":1,"curve":"stepped"},{"time":2.6666,"x":1,"y":1}]},"bone20":{"rotate":[{"time":0,"angle":0},{"time":0.2,"angle":4.7},{"time":0.5,"angle":-11.81},{"time":0.6666,"angle":17.02},{"time":0.9,"angle":11.3},{"time":1.0666,"angle":-13.56},{"time":1.3,"angle":-11.81},{"time":1.4666,"angle":17.02},{"time":1.7,"angle":11.3},{"time":1.8666,"angle":-13.56},{"time":2.1,"angle":-11.81},{"time":2.3333,"angle":9.93},{"time":2.6666,"angle":0}],"translate":[{"time":0,"x":0,"y":0,"curve":"stepped"},{"time":0.5,"x":0,"y":0,"curve":"stepped"},{"time":0.9,"x":0,"y":0,"curve":"stepped"},{"time":1.3,"x":0,"y":0,"curve":"stepped"},{"time":1.7,"x":0,"y":0,"curve":"stepped"},{"time":2.1,"x":0,"y":0,"curve":"stepped"},{"time":2.6666,"x":0,"y":0}],"scale":[{"time":0,"x":1,"y":1,"curve":"stepped"},{"time":0.5,"x":1,"y":1,"curve":"stepped"},{"time":0.9,"x":1,"y":1,"curve":"stepped"},{"time":1.3,"x":1,"y":1,"curve":"stepped"},{"time":1.7,"x":1,"y":1,"curve":"stepped"},{"time":2.1,"x":1,"y":1,"curve":"stepped"},{"time":2.6666,"x":1,"y":1}]},"bone2":{"rotate":[{"time":0,"angle":0,"curve":"stepped"},{"time":0.5,"angle":0,"curve":"stepped"},{"time":0.9,"angle":0,"curve":"stepped"},{"time":1.3,"angle":0,"curve":"stepped"},{"time":1.7,"angle":0,"curve":"stepped"},{"time":2.1,"angle":0,"curve":"stepped"},{"time":2.6666,"angle":0}],"translate":[{"time":0,"x":0,"y":0,"curve":"stepped"},{"time":0.5,"x":0,"y":0,"curve":"stepped"},{"time":0.9,"x":0,"y":0,"curve":"stepped"},{"time":1.3,"x":0,"y":0,"curve":"stepped"},{"time":1.7,"x":0,"y":0,"curve":"stepped"},{"time":2.1,"x":0,"y":0,"curve":"stepped"},{"time":2.6666,"x":0,"y":0}],"scale":[{"time":0,"x":1,"y":1,"curve":"stepped"},{"time":0.5,"x":1,"y":1,"curve":"stepped"},{"time":0.9,"x":1,"y":1,"curve":"stepped"},{"time":1.3,"x":1,"y":1,"curve":"stepped"},{"time":1.7,"x":1,"y":1,"curve":"stepped"},{"time":2.1,"x":1,"y":1,"curve":"stepped"},{"time":2.6666,"x":1,"y":1}]},"10":{"rotate":[{"time":0,"angle":0},{"time":0.5,"angle":-8.15,"curve":[0.25,0,0.75,1]},{"time":0.9,"angle":-4.23,"curve":[0.347,0.5,0.708,1]},{"time":1.3,"angle":-8.15,"curve":[0.25,0,0.75,1]},{"time":1.7,"angle":-4.23,"curve":[0.347,0.5,0.708,1]},{"time":2.1,"angle":-8.15},{"time":2.6666,"angle":0}],"translate":[{"time":0,"x":0,"y":0},{"time":0.5,"x":1.2,"y":1.66,"curve":[0.25,0,0.75,1]},{"time":0.9,"x":-0.16,"y":-0.27,"curve":[0.347,0.5,0.708,1]},{"time":1.3,"x":1.2,"y":1.66,"curve":[0.25,0,0.75,1]},{"time":1.7,"x":-0.16,"y":-0.27,"curve":[0.347,0.5,0.708,1]},{"time":2.1,"x":1.2,"y":1.66},{"time":2.6666,"x":0,"y":0}],"scale":[{"time":0,"x":1,"y":1,"curve":"stepped"},{"time":0.5,"x":1,"y":1,"curve":"stepped"},{"time":0.9,"x":1,"y":1,"curve":"stepped"},{"time":1.3,"x":1,"y":1,"curve":"stepped"},{"time":1.7,"x":1,"y":1,"curve":"stepped"},{"time":2.1,"x":1,"y":1,"curve":"stepped"},{"time":2.6666,"x":1,"y":1}]},"bone15":{"rotate":[{"time":0,"angle":0},{"time":0.2,"angle":9.03},{"time":0.5,"angle":12.51},{"time":0.9,"angle":0},{"time":1.3,"angle":18.89},{"time":1.7,"angle":0},{"time":2.1,"angle":18.89},{"time":2.6666,"angle":0}],"translate":[{"time":0,"x":0,"y":0,"curve":"stepped"},{"time":0.5,"x":0,"y":0,"curve":"stepped"},{"time":0.9,"x":0,"y":0,"curve":"stepped"},{"time":1.3,"x":0,"y":0,"curve":"stepped"},{"time":1.7,"x":0,"y":0,"curve":"stepped"},{"time":2.1,"x":0,"y":0,"curve":"stepped"},{"time":2.6666,"x":0,"y":0}],"scale":[{"time":0,"x":1,"y":1,"curve":"stepped"},{"time":0.5,"x":1,"y":1,"curve":"stepped"},{"time":0.9,"x":1,"y":1,"curve":"stepped"},{"time":1.3,"x":1,"y":1,"curve":"stepped"},{"time":1.7,"x":1,"y":1,"curve":"stepped"},{"time":2.1,"x":1,"y":1,"curve":"stepped"},{"time":2.6666,"x":1,"y":1}]},"bone4":{"rotate":[{"time":0,"angle":0},{"time":0.5,"angle":-0.98},{"time":0.9,"angle":10.53},{"time":1.3,"angle":-0.98},{"time":1.7,"angle":10.53},{"time":2.1,"angle":-0.98},{"time":2.3333,"angle":-9.12},{"time":2.6666,"angle":0}],"translate":[{"time":0,"x":0,"y":0,"curve":"stepped"},{"time":0.5,"x":0,"y":0,"curve":"stepped"},{"time":0.9,"x":0,"y":0,"curve":"stepped"},{"time":1.3,"x":0,"y":0,"curve":"stepped"},{"time":1.7,"x":0,"y":0,"curve":"stepped"},{"time":2.1,"x":0,"y":0,"curve":"stepped"},{"time":2.6666,"x":0,"y":0}],"scale":[{"time":0,"x":1,"y":1,"curve":"stepped"},{"time":0.5,"x":1,"y":1,"curve":"stepped"},{"time":0.9,"x":1,"y":1,"curve":"stepped"},{"time":1.3,"x":1,"y":1,"curve":"stepped"},{"time":1.7,"x":1,"y":1,"curve":"stepped"},{"time":2.1,"x":1,"y":1,"curve":"stepped"},{"time":2.6666,"x":1,"y":1}]},"18":{"rotate":[{"time":0,"angle":0},{"time":0.2,"angle":3.53},{"time":0.5,"angle":-8.56},{"time":0.6666,"angle":12.47},{"time":0.9,"angle":-3.97},{"time":1.0666,"angle":-10.42},{"time":1.3,"angle":-8.56},{"time":1.4666,"angle":12.47},{"time":1.7,"angle":-3.97},{"time":1.8666,"angle":-9.32},{"time":2.1,"angle":-8.56},{"time":2.3333,"angle":13.03},{"time":2.6666,"angle":0}],"translate":[{"time":0,"x":0,"y":0,"curve":"stepped"},{"time":0.5,"x":0,"y":0,"curve":"stepped"},{"time":0.9,"x":0,"y":0,"curve":"stepped"},{"time":1.3,"x":0,"y":0,"curve":"stepped"},{"time":1.7,"x":0,"y":0,"curve":"stepped"},{"time":2.1,"x":0,"y":0,"curve":"stepped"},{"time":2.6666,"x":0,"y":0}],"scale":[{"time":0,"x":1,"y":1,"curve":"stepped"},{"time":0.5,"x":1,"y":1,"curve":"stepped"},{"time":0.9,"x":1,"y":1,"curve":"stepped"},{"time":1.3,"x":1,"y":1,"curve":"stepped"},{"time":1.7,"x":1,"y":1,"curve":"stepped"},{"time":2.1,"x":1,"y":1,"curve":"stepped"},{"time":2.6666,"x":1,"y":1}]},"bone18":{"rotate":[{"time":0,"angle":0},{"time":0.2,"angle":-8.68},{"time":0.5,"angle":8.89},{"time":0.6666,"angle":10.17},{"time":0.9,"angle":-14.25},{"time":1.3,"angle":8.89},{"time":1.4666,"angle":10.17},{"time":1.7,"angle":-14.25},{"time":2.1,"angle":8.89},{"time":2.6666,"angle":0}],"translate":[{"time":0,"x":0,"y":0,"curve":"stepped"},{"time":0.5,"x":0,"y":0,"curve":"stepped"},{"time":0.9,"x":0,"y":0,"curve":"stepped"},{"time":1.3,"x":0,"y":0,"curve":"stepped"},{"time":1.7,"x":0,"y":0,"curve":"stepped"},{"time":2.1,"x":0,"y":0,"curve":"stepped"},{"time":2.6666,"x":0,"y":0}],"scale":[{"time":0,"x":1,"y":1,"curve":"stepped"},{"time":0.5,"x":1,"y":1,"curve":"stepped"},{"time":0.9,"x":1,"y":1,"curve":"stepped"},{"time":1.3,"x":1,"y":1,"curve":"stepped"},{"time":1.7,"x":1,"y":1,"curve":"stepped"},{"time":2.1,"x":1,"y":1,"curve":"stepped"},{"time":2.6666,"x":1,"y":1}]},"shadow":{"rotate":[{"time":0,"angle":0,"curve":"stepped"},{"time":0.5,"angle":0,"curve":"stepped"},{"time":0.9,"angle":0,"curve":"stepped"},{"time":1.3,"angle":0,"curve":"stepped"},{"time":1.7,"angle":0,"curve":"stepped"},{"time":2.1,"angle":0,"curve":"stepped"},{"time":2.6666,"angle":0}],"translate":[{"time":0,"x":0,"y":0,"curve":"stepped"},{"time":0.5,"x":0,"y":0,"curve":"stepped"},{"time":0.9,"x":0,"y":0,"curve":"stepped"},{"time":1.3,"x":0,"y":0,"curve":"stepped"},{"time":1.7,"x":0,"y":0,"curve":"stepped"},{"time":2.1,"x":0,"y":0,"curve":"stepped"},{"time":2.6666,"x":0,"y":0}],"scale":[{"time":0,"x":1,"y":1},{"time":0.5,"x":0.953,"y":1.003},{"time":0.9,"x":1,"y":1},{"time":1.3,"x":0.953,"y":1.003},{"time":1.7,"x":1,"y":1},{"time":2.1,"x":0.953,"y":1.003},{"time":2.6666,"x":1,"y":1}]},"bone5":{"rotate":[{"time":0,"angle":0},{"time":0.1666,"angle":8.27},{"time":0.5,"angle":-7.81},{"time":0.9,"angle":13.93},{"time":1.3,"angle":-12.26},{"time":1.7,"angle":13.93},{"time":2.1,"angle":-12.26},{"time":2.3,"angle":-6.04},{"time":2.4666,"angle":10.26},{"time":2.6666,"angle":0}],"translate":[{"time":0,"x":0,"y":0,"curve":"stepped"},{"time":0.5,"x":0,"y":0,"curve":"stepped"},{"time":0.9,"x":0,"y":0,"curve":"stepped"},{"time":1.3,"x":0,"y":0,"curve":"stepped"},{"time":1.7,"x":0,"y":0,"curve":"stepped"},{"time":2.1,"x":0,"y":0,"curve":"stepped"},{"time":2.6666,"x":0,"y":0}],"scale":[{"time":0,"x":1,"y":1,"curve":"stepped"},{"time":0.5,"x":1,"y":1,"curve":"stepped"},{"time":0.9,"x":1,"y":1,"curve":"stepped"},{"time":1.3,"x":1,"y":1,"curve":"stepped"},{"time":1.7,"x":1,"y":1,"curve":"stepped"},{"time":2.1,"x":1,"y":1,"curve":"stepped"},{"time":2.6666,"x":1,"y":1}]},"9":{"rotate":[{"time":0,"angle":0,"curve":"stepped"},{"time":0.5,"angle":0,"curve":"stepped"},{"time":0.9,"angle":0,"curve":"stepped"},{"time":1.3,"angle":0,"curve":"stepped"},{"time":1.7,"angle":0,"curve":"stepped"},{"time":2.1,"angle":0,"curve":"stepped"},{"time":2.3333,"angle":0,"curve":"stepped"},{"time":2.6666,"angle":0}],"translate":[{"time":0,"x":0,"y":0},{"time":0.5,"x":-1.03,"y":0.53},{"time":0.9,"x":0.7,"y":0.23},{"time":1.3,"x":-1.03,"y":0.53},{"time":1.7,"x":0.7,"y":0.23},{"time":2.1,"x":-1.03,"y":0.53},{"time":2.3333,"x":0.7,"y":0.23},{"time":2.6666,"x":0,"y":0}],"scale":[{"time":0,"x":1,"y":1},{"time":0.5,"x":1.066,"y":0.954},{"time":0.9,"x":1.006,"y":1.072},{"time":1.3,"x":1.066,"y":0.954},{"time":1.7,"x":1.006,"y":1.072},{"time":2.1,"x":1.066,"y":0.954},{"time":2.3333,"x":1.025,"y":1.041},{"time":2.6666,"x":1,"y":1}]},"16":{"rotate":[{"time":0,"angle":0},{"time":0.5,"angle":6.31},{"time":0.9,"angle":-7.4},{"time":1.3,"angle":6.31},{"time":1.7,"angle":-7.4},{"time":2.1,"angle":6.31},{"time":2.6666,"angle":0}],"translate":[{"time":0,"x":0,"y":0,"curve":"stepped"},{"time":0.5,"x":0,"y":0,"curve":"stepped"},{"time":0.9,"x":0,"y":0,"curve":"stepped"},{"time":1.3,"x":0,"y":0,"curve":"stepped"},{"time":1.7,"x":0,"y":0,"curve":"stepped"},{"time":2.1,"x":0,"y":0,"curve":"stepped"},{"time":2.6666,"x":0,"y":0}],"scale":[{"time":0,"x":1,"y":1,"curve":"stepped"},{"time":0.5,"x":1,"y":1},{"time":0.9,"x":1.037,"y":1},{"time":1.3,"x":1,"y":1},{"time":1.7,"x":1.037,"y":1},{"time":2.1,"x":1,"y":1,"curve":"stepped"},{"time":2.6666,"x":1,"y":1}]},"bone9":{"rotate":[{"time":0,"angle":0},{"time":0.2,"angle":5.29},{"time":0.5,"angle":-7.47},{"time":0.6666,"angle":13.31},{"time":0.9,"angle":7.01},{"time":1.0666,"angle":-14.97},{"time":1.3,"angle":-7.47},{"time":1.4666,"angle":13.31},{"time":1.7,"angle":7.01},{"time":1.8666,"angle":-14.97},{"time":2.1,"angle":-7.47},{"time":2.3333,"angle":13.69},{"time":2.6666,"angle":0}],"translate":[{"time":0,"x":0,"y":0,"curve":"stepped"},{"time":0.5,"x":0,"y":0,"curve":"stepped"},{"time":0.9,"x":0,"y":0,"curve":"stepped"},{"time":1.3,"x":0,"y":0,"curve":"stepped"},{"time":1.7,"x":0,"y":0,"curve":"stepped"},{"time":2.1,"x":0,"y":0,"curve":"stepped"},{"time":2.6666,"x":0,"y":0}],"scale":[{"time":0,"x":1,"y":1,"curve":"stepped"},{"time":0.5,"x":1,"y":1,"curve":"stepped"},{"time":0.9,"x":1,"y":1,"curve":"stepped"},{"time":1.3,"x":1,"y":1,"curve":"stepped"},{"time":1.7,"x":1,"y":1,"curve":"stepped"},{"time":2.1,"x":1,"y":1,"curve":"stepped"},{"time":2.6666,"x":1,"y":1}]},"15":{"rotate":[{"time":0,"angle":0},{"time":0.5,"angle":-13.48},{"time":0.9,"angle":14.57},{"time":1.3,"angle":-13.48},{"time":1.7,"angle":14.57},{"time":2.1,"angle":-13.48},{"time":2.6666,"angle":0}],"translate":[{"time":0,"x":0,"y":0,"curve":"stepped"},{"time":0.5,"x":0,"y":0,"curve":"stepped"},{"time":0.9,"x":0,"y":0,"curve":"stepped"},{"time":1.3,"x":0,"y":0,"curve":"stepped"},{"time":1.7,"x":0,"y":0,"curve":"stepped"},{"time":2.1,"x":0,"y":0,"curve":"stepped"},{"time":2.6666,"x":0,"y":0}],"scale":[{"time":0,"x":1,"y":1,"curve":"stepped"},{"time":0.5,"x":1,"y":1},{"time":0.9,"x":1.136,"y":1},{"time":1.3,"x":1,"y":1},{"time":1.7,"x":1.136,"y":1},{"time":2.1,"x":1,"y":1,"curve":"stepped"},{"time":2.6666,"x":1,"y":1}]},"bone19":{"rotate":[{"time":0,"angle":0},{"time":0.2,"angle":-1.49},{"time":0.5,"angle":8.95},{"time":0.9,"angle":-11.68},{"time":1.0666,"angle":-5.09},{"time":1.3,"angle":8.95},{"time":1.7,"angle":-11.68},{"time":1.8666,"angle":-5.09},{"time":2.1,"angle":8.95},{"time":2.6666,"angle":0}],"translate":[{"time":0,"x":0,"y":0,"curve":"stepped"},{"time":0.5,"x":0,"y":0,"curve":"stepped"},{"time":0.9,"x":0,"y":0,"curve":"stepped"},{"time":1.3,"x":0,"y":0,"curve":"stepped"},{"time":1.7,"x":0,"y":0,"curve":"stepped"},{"time":2.1,"x":0,"y":0,"curve":"stepped"},{"time":2.6666,"x":0,"y":0}],"scale":[{"time":0,"x":1,"y":1,"curve":"stepped"},{"time":0.5,"x":1,"y":1,"curve":"stepped"},{"time":0.9,"x":1,"y":1,"curve":"stepped"},{"time":1.3,"x":1,"y":1,"curve":"stepped"},{"time":1.7,"x":1,"y":1,"curve":"stepped"},{"time":2.1,"x":1,"y":1,"curve":"stepped"},{"time":2.6666,"x":1,"y":1}]},"bone7":{"rotate":[{"time":0,"angle":0},{"time":0.2,"angle":-3.96},{"time":0.5,"angle":10.83},{"time":0.6666,"angle":7.7},{"time":0.9,"angle":-14.45},{"time":1.0666,"angle":-5.05},{"time":1.3,"angle":10.83},{"time":1.4666,"angle":7.7},{"time":1.7,"angle":-14.45},{"time":1.8666,"angle":-9.59},{"time":2.1,"angle":10.83},{"time":2.3333,"angle":4.01},{"time":2.6666,"angle":0}],"translate":[{"time":0,"x":0,"y":0,"curve":"stepped"},{"time":0.5,"x":0,"y":0,"curve":"stepped"},{"time":0.9,"x":0,"y":0,"curve":"stepped"},{"time":1.3,"x":0,"y":0,"curve":"stepped"},{"time":1.7,"x":0,"y":0,"curve":"stepped"},{"time":2.1,"x":0,"y":0,"curve":"stepped"},{"time":2.6666,"x":0,"y":0}],"scale":[{"time":0,"x":1,"y":1,"curve":"stepped"},{"time":0.5,"x":1,"y":1,"curve":"stepped"},{"time":0.9,"x":1,"y":1,"curve":"stepped"},{"time":1.3,"x":1,"y":1,"curve":"stepped"},{"time":1.7,"x":1,"y":1,"curve":"stepped"},{"time":2.1,"x":1,"y":1,"curve":"stepped"},{"time":2.6666,"x":1,"y":1}]},"root":{"rotate":[{"time":0,"angle":0,"curve":"stepped"},{"time":0.5,"angle":0,"curve":"stepped"},{"time":0.9,"angle":0,"curve":"stepped"},{"time":1.3,"angle":0,"curve":"stepped"},{"time":1.7,"angle":0,"curve":"stepped"},{"time":2.1,"angle":0,"curve":"stepped"},{"time":2.6666,"angle":0}],"translate":[{"time":0,"x":0,"y":0,"curve":"stepped"},{"time":0.5,"x":0,"y":0,"curve":"stepped"},{"time":0.9,"x":0,"y":0,"curve":"stepped"},{"time":1.3,"x":0,"y":0,"curve":"stepped"},{"time":1.7,"x":0,"y":0,"curve":"stepped"},{"time":2.1,"x":0,"y":0,"curve":"stepped"},{"time":2.6666,"x":0,"y":0}],"scale":[{"time":0,"x":1,"y":1,"curve":"stepped"},{"time":0.5,"x":1,"y":1,"curve":"stepped"},{"time":0.9,"x":1,"y":1,"curve":"stepped"},{"time":1.3,"x":1,"y":1,"curve":"stepped"},{"time":1.7,"x":1,"y":1,"curve":"stepped"},{"time":2.1,"x":1,"y":1,"curve":"stepped"},{"time":2.6666,"x":1,"y":1}]},"bone17":{"rotate":[{"time":0,"angle":0},{"time":0.5,"angle":20.19},{"time":0.9,"angle":0},{"time":1.3,"angle":19.04},{"time":1.7,"angle":0},{"time":2.1,"angle":19.04},{"time":2.3333,"angle":18.59},{"time":2.6666,"angle":0}],"translate":[{"time":0,"x":0,"y":0,"curve":"stepped"},{"time":0.5,"x":0,"y":0,"curve":"stepped"},{"time":0.9,"x":0,"y":0,"curve":"stepped"},{"time":1.3,"x":0,"y":0,"curve":"stepped"},{"time":1.7,"x":0,"y":0,"curve":"stepped"},{"time":2.1,"x":0,"y":0,"curve":"stepped"},{"time":2.6666,"x":0,"y":0}],"scale":[{"time":0,"x":1,"y":1,"curve":"stepped"},{"time":0.5,"x":1,"y":1,"curve":"stepped"},{"time":0.9,"x":1,"y":1,"curve":"stepped"},{"time":1.3,"x":1,"y":1,"curve":"stepped"},{"time":1.7,"x":1,"y":1,"curve":"stepped"},{"time":2.1,"x":1,"y":1,"curve":"stepped"},{"time":2.6666,"x":1,"y":1}]},"3_1":{"rotate":[{"time":0,"angle":0,"curve":"stepped"},{"time":0.5,"angle":0,"curve":"stepped"},{"time":0.9,"angle":0},{"time":1.3,"angle":-7.03},{"time":1.7,"angle":0},{"time":2.1,"angle":-7.03},{"time":2.6666,"angle":0}],"translate":[{"time":0,"x":0,"y":0,"curve":"stepped"},{"time":0.5,"x":0,"y":0,"curve":"stepped"},{"time":0.9,"x":0,"y":0,"curve":"stepped"},{"time":1.3,"x":0,"y":0,"curve":"stepped"},{"time":1.7,"x":0,"y":0,"curve":"stepped"},{"time":2.1,"x":0,"y":0,"curve":"stepped"},{"time":2.6666,"x":0,"y":0}],"scale":[{"time":0,"x":1,"y":1,"curve":"stepped"},{"time":0.5,"x":1,"y":1,"curve":"stepped"},{"time":0.9,"x":1,"y":1,"curve":"stepped"},{"time":1.3,"x":1,"y":1,"curve":"stepped"},{"time":1.7,"x":1,"y":1,"curve":"stepped"},{"time":2.1,"x":1,"y":1,"curve":"stepped"},{"time":2.6666,"x":1,"y":1}]},"bone8":{"rotate":[{"time":0,"angle":0},{"time":0.2,"angle":-4.48},{"time":0.5,"angle":6.68},{"time":0.6666,"angle":7.73},{"time":0.9,"angle":-15.86},{"time":1.0666,"angle":-9.33},{"time":1.3,"angle":6.68},{"time":1.4666,"angle":7.73},{"time":1.7,"angle":-15.86},{"time":1.8666,"angle":-8.61},{"time":2.1,"angle":6.68},{"time":2.3333,"angle":10.85},{"time":2.6666,"angle":0}],"translate":[{"time":0,"x":0,"y":0,"curve":"stepped"},{"time":0.5,"x":0,"y":0,"curve":"stepped"},{"time":0.9,"x":0,"y":0,"curve":"stepped"},{"time":1.3,"x":0,"y":0,"curve":"stepped"},{"time":1.7,"x":0,"y":0,"curve":"stepped"},{"time":2.1,"x":0,"y":0,"curve":"stepped"},{"time":2.6666,"x":0,"y":0}],"scale":[{"time":0,"x":1,"y":1,"curve":"stepped"},{"time":0.5,"x":1,"y":1,"curve":"stepped"},{"time":0.9,"x":1,"y":1,"curve":"stepped"},{"time":1.3,"x":1,"y":1,"curve":"stepped"},{"time":1.7,"x":1,"y":1,"curve":"stepped"},{"time":2.1,"x":1,"y":1,"curve":"stepped"},{"time":2.6666,"x":1,"y":1}]},"14":{"rotate":[{"time":0,"angle":0,"curve":"stepped"},{"time":0.5,"angle":0},{"time":0.9,"angle":-9.76},{"time":1.3,"angle":0},{"time":1.7,"angle":-9.76},{"time":2.1,"angle":0,"curve":"stepped"},{"time":2.6666,"angle":0}],"translate":[{"time":0,"x":0,"y":0,"curve":"stepped"},{"time":0.5,"x":0,"y":0,"curve":"stepped"},{"time":0.9,"x":0,"y":0,"curve":"stepped"},{"time":1.3,"x":0,"y":0,"curve":"stepped"},{"time":1.7,"x":0,"y":0,"curve":"stepped"},{"time":2.1,"x":0,"y":0,"curve":"stepped"},{"time":2.6666,"x":0,"y":0}],"scale":[{"time":0,"x":1,"y":1,"curve":"stepped"},{"time":0.5,"x":1,"y":1,"curve":"stepped"},{"time":0.9,"x":1,"y":1,"curve":"stepped"},{"time":1.3,"x":1,"y":1,"curve":"stepped"},{"time":1.7,"x":1,"y":1,"curve":"stepped"},{"time":2.1,"x":1,"y":1,"curve":"stepped"},{"time":2.6666,"x":1,"y":1}]},"bone6":{"rotate":[{"time":0,"angle":0},{"time":0.5,"angle":-13.48},{"time":0.9,"angle":11.08},{"time":1.3,"angle":-13.48},{"time":1.7,"angle":11.08},{"time":2.1,"angle":-13.48},{"time":2.3,"angle":-17.05},{"time":2.4666,"angle":16.88},{"time":2.6666,"angle":0}],"translate":[{"time":0,"x":0,"y":0,"curve":"stepped"},{"time":0.5,"x":0,"y":0,"curve":"stepped"},{"time":0.9,"x":0,"y":0,"curve":"stepped"},{"time":1.3,"x":0,"y":0,"curve":"stepped"},{"time":1.7,"x":0,"y":0,"curve":"stepped"},{"time":2.1,"x":0,"y":0,"curve":"stepped"},{"time":2.6666,"x":0,"y":0}],"scale":[{"time":0,"x":1,"y":1,"curve":"stepped"},{"time":0.5,"x":1,"y":1,"curve":"stepped"},{"time":0.9,"x":1,"y":1,"curve":"stepped"},{"time":1.3,"x":1,"y":1,"curve":"stepped"},{"time":1.7,"x":1,"y":1,"curve":"stepped"},{"time":2.1,"x":1,"y":1,"curve":"stepped"},{"time":2.6666,"x":1,"y":1}]},"bone3":{"rotate":[{"time":0,"angle":0},{"time":0.1666,"angle":6.48},{"time":0.5,"angle":-23.76},{"time":0.9,"angle":8.21},{"time":1.3,"angle":-23.76},{"time":1.7,"angle":8.21},{"time":2.1,"angle":-23.76},{"time":2.3333,"angle":-12.77},{"time":2.6666,"angle":0}],"translate":[{"time":0,"x":0,"y":0,"curve":"stepped"},{"time":0.5,"x":0,"y":0,"curve":"stepped"},{"time":0.9,"x":0,"y":0,"curve":"stepped"},{"time":1.3,"x":0,"y":0,"curve":"stepped"},{"time":1.7,"x":0,"y":0,"curve":"stepped"},{"time":2.1,"x":0,"y":0,"curve":"stepped"},{"time":2.6666,"x":0,"y":0}],"scale":[{"time":0,"x":1,"y":1,"curve":"stepped"},{"time":0.5,"x":1,"y":1,"curve":"stepped"},{"time":0.9,"x":1,"y":1,"curve":"stepped"},{"time":1.3,"x":1,"y":1,"curve":"stepped"},{"time":1.7,"x":1,"y":1,"curve":"stepped"},{"time":2.1,"x":1,"y":1,"curve":"stepped"},{"time":2.6666,"x":1,"y":1}]},"bone":{"rotate":[{"time":0,"angle":0,"curve":"stepped"},{"time":0.5,"angle":0,"curve":"stepped"},{"time":0.9,"angle":0,"curve":"stepped"},{"time":1.3,"angle":0,"curve":"stepped"},{"time":1.7,"angle":0,"curve":"stepped"},{"time":2.1,"angle":0,"curve":"stepped"},{"time":2.6666,"angle":0}],"translate":[{"time":0,"x":0,"y":0,"curve":"stepped"},{"time":0.5,"x":0,"y":0,"curve":"stepped"},{"time":0.9,"x":0,"y":0,"curve":"stepped"},{"time":1.3,"x":0,"y":0,"curve":"stepped"},{"time":1.7,"x":0,"y":0,"curve":"stepped"},{"time":2.1,"x":0,"y":0,"curve":"stepped"},{"time":2.6666,"x":0,"y":0}],"scale":[{"time":0,"x":1,"y":1,"curve":"stepped"},{"time":0.5,"x":1,"y":1,"curve":"stepped"},{"time":0.9,"x":1,"y":1,"curve":"stepped"},{"time":1.3,"x":1,"y":1,"curve":"stepped"},{"time":1.7,"x":1,"y":1,"curve":"stepped"},{"time":2.1,"x":1,"y":1,"curve":"stepped"},{"time":2.6666,"x":1,"y":1}]},"7":{"rotate":[{"time":0,"angle":0},{"time":0.2,"angle":-0.19},{"time":0.5,"angle":-1.64},{"time":0.9,"angle":-47.18},{"time":1.3,"angle":-1.64},{"time":1.7,"angle":-47.18},{"time":2.1,"angle":-1.64},{"time":2.3333,"angle":13.18},{"time":2.6666,"angle":0}],"translate":[{"time":0,"x":0,"y":0,"curve":"stepped"},{"time":0.5,"x":0,"y":0,"curve":"stepped"},{"time":0.9,"x":0,"y":0,"curve":"stepped"},{"time":1.3,"x":0,"y":0,"curve":"stepped"},{"time":1.7,"x":0,"y":0,"curve":"stepped"},{"time":2.1,"x":0,"y":0,"curve":"stepped"},{"time":2.6666,"x":0,"y":0}],"scale":[{"time":0,"x":1,"y":1},{"time":0.5,"x":1.233,"y":0.968},{"time":0.9,"x":1.073,"y":0.985},{"time":1.3,"x":1.233,"y":0.968},{"time":1.7,"x":1.073,"y":0.985},{"time":2.1,"x":1.233,"y":0.968},{"time":2.6666,"x":1,"y":1}]},"bone11":{"rotate":[{"time":0,"angle":0},{"time":0.2,"angle":10.74},{"time":0.5,"angle":13.97},{"time":0.9,"angle":0},{"time":1.3,"angle":13.97},{"time":1.7,"angle":0},{"time":2.1,"angle":13.97},{"time":2.3333,"angle":5.17},{"time":2.6666,"angle":0}],"translate":[{"time":0,"x":0,"y":0,"curve":"stepped"},{"time":0.5,"x":0,"y":0,"curve":"stepped"},{"time":0.9,"x":0,"y":0,"curve":"stepped"},{"time":1.3,"x":0,"y":0,"curve":"stepped"},{"time":1.7,"x":0,"y":0,"curve":"stepped"},{"time":2.1,"x":0,"y":0,"curve":"stepped"},{"time":2.6666,"x":0,"y":0}],"scale":[{"time":0,"x":1,"y":1,"curve":"stepped"},{"time":0.5,"x":1,"y":1,"curve":"stepped"},{"time":0.9,"x":1,"y":1,"curve":"stepped"},{"time":1.3,"x":1,"y":1,"curve":"stepped"},{"time":1.7,"x":1,"y":1,"curve":"stepped"},{"time":2.1,"x":1,"y":1,"curve":"stepped"},{"time":2.6666,"x":1,"y":1}]},"bone13":{"rotate":[{"time":0,"angle":0},{"time":0.2,"angle":-6.91},{"time":0.5,"angle":21.05},{"time":0.9,"angle":0},{"time":1.3,"angle":21.05},{"time":1.7,"angle":0},{"time":2.1,"angle":21.05},{"time":2.6666,"angle":0}],"translate":[{"time":0,"x":0,"y":0,"curve":"stepped"},{"time":0.5,"x":0,"y":0,"curve":"stepped"},{"time":0.9,"x":0,"y":0,"curve":"stepped"},{"time":1.3,"x":0,"y":0,"curve":"stepped"},{"time":1.7,"x":0,"y":0,"curve":"stepped"},{"time":2.1,"x":0,"y":0,"curve":"stepped"},{"time":2.6666,"x":0,"y":0}],"scale":[{"time":0,"x":1,"y":1,"curve":"stepped"},{"time":0.5,"x":1,"y":1,"curve":"stepped"},{"time":0.9,"x":1,"y":1,"curve":"stepped"},{"time":1.3,"x":1,"y":1,"curve":"stepped"},{"time":1.7,"x":1,"y":1,"curve":"stepped"},{"time":2.1,"x":1,"y":1,"curve":"stepped"},{"time":2.6666,"x":1,"y":1}]},"20":{"rotate":[{"time":0,"angle":0},{"time":0.2,"angle":6.48},{"time":0.5,"angle":21.51},{"time":0.6666,"angle":27.07},{"time":0.9,"angle":-9.16},{"time":1.0666,"angle":-8.87},{"time":1.3,"angle":21.51},{"time":1.4666,"angle":27.07},{"time":1.7,"angle":-9.16},{"time":1.8666,"angle":-8.87},{"time":2.1,"angle":21.51},{"time":2.3333,"angle":19.9},{"time":2.6666,"angle":0}],"translate":[{"time":0,"x":0,"y":0,"curve":"stepped"},{"time":0.5,"x":0,"y":0,"curve":"stepped"},{"time":0.9,"x":0,"y":0,"curve":"stepped"},{"time":1.3,"x":0,"y":0,"curve":"stepped"},{"time":1.7,"x":0,"y":0,"curve":"stepped"},{"time":2.1,"x":0,"y":0,"curve":"stepped"},{"time":2.6666,"x":0,"y":0}],"scale":[{"time":0,"x":1,"y":1,"curve":"stepped"},{"time":0.5,"x":1,"y":1,"curve":"stepped"},{"time":0.9,"x":1,"y":1,"curve":"stepped"},{"time":1.3,"x":1,"y":1,"curve":"stepped"},{"time":1.7,"x":1,"y":1,"curve":"stepped"},{"time":2.1,"x":1,"y":1,"curve":"stepped"},{"time":2.6666,"x":1,"y":1}]},"4":{"rotate":[{"time":0,"angle":0},{"time":0.1666,"angle":-5.46},{"time":0.5,"angle":0},{"time":0.9,"angle":-358.68},{"time":1.3,"angle":0},{"time":1.7,"angle":-3.29},{"time":2.1,"angle":0},{"time":2.3,"angle":-345.22},{"time":2.4666,"angle":-357.32},{"time":2.6666,"angle":0}],"translate":[{"time":0,"x":0,"y":0,"curve":"stepped"},{"time":0.5,"x":0,"y":0,"curve":"stepped"},{"time":0.9,"x":0,"y":0,"curve":"stepped"},{"time":1.3,"x":0,"y":0,"curve":"stepped"},{"time":1.7,"x":0,"y":0,"curve":"stepped"},{"time":2.1,"x":0,"y":0,"curve":"stepped"},{"time":2.6666,"x":0,"y":0}],"scale":[{"time":0,"x":1,"y":1,"curve":"stepped"},{"time":0.5,"x":1,"y":1,"curve":"stepped"},{"time":0.9,"x":1,"y":1,"curve":"stepped"},{"time":1.3,"x":1,"y":1,"curve":"stepped"},{"time":1.7,"x":1,"y":1,"curve":"stepped"},{"time":2.1,"x":1,"y":1,"curve":"stepped"},{"time":2.6666,"x":1,"y":1}]},"bone12":{"rotate":[{"time":0,"angle":0},{"time":0.2,"angle":5.26},{"time":0.5,"angle":18.39},{"time":0.9,"angle":0},{"time":1.3,"angle":18.39},{"time":1.7,"angle":0},{"time":2.1,"angle":18.39},{"time":2.3333,"angle":9.45},{"time":2.6666,"angle":0}],"translate":[{"time":0,"x":0,"y":0,"curve":"stepped"},{"time":0.5,"x":0,"y":0,"curve":"stepped"},{"time":0.9,"x":0,"y":0,"curve":"stepped"},{"time":1.3,"x":0,"y":0,"curve":"stepped"},{"time":1.7,"x":0,"y":0,"curve":"stepped"},{"time":2.1,"x":0,"y":0,"curve":"stepped"},{"time":2.6666,"x":0,"y":0}],"scale":[{"time":0,"x":1,"y":1,"curve":"stepped"},{"time":0.5,"x":1,"y":1,"curve":"stepped"},{"time":0.9,"x":1,"y":1,"curve":"stepped"},{"time":1.3,"x":1,"y":1,"curve":"stepped"},{"time":1.7,"x":1,"y":1,"curve":"stepped"},{"time":2.1,"x":1,"y":1,"curve":"stepped"},{"time":2.6666,"x":1,"y":1}]},"13":{"rotate":[{"time":0,"angle":0},{"time":0.5,"angle":-353.77},{"time":0.9,"angle":-350.72},{"time":1.3,"angle":-353.77},{"time":1.7,"angle":-350.72},{"time":2.1,"angle":-353.77},{"time":2.6666,"angle":0}],"translate":[{"time":0,"x":0,"y":0},{"time":0.5,"x":-0.77,"y":0},{"time":0.9,"x":0,"y":0},{"time":1.3,"x":-0.77,"y":0},{"time":1.7,"x":0,"y":0},{"time":2.1,"x":-0.77,"y":0},{"time":2.6666,"x":0,"y":0}],"scale":[{"time":0,"x":1,"y":1,"curve":"stepped"},{"time":0.5,"x":1,"y":1,"curve":"stepped"},{"time":0.9,"x":1,"y":1,"curve":"stepped"},{"time":1.3,"x":1,"y":1,"curve":"stepped"},{"time":1.7,"x":1,"y":1,"curve":"stepped"},{"time":2.1,"x":1,"y":1,"curve":"stepped"},{"time":2.6666,"x":1,"y":1}]},"2":{"rotate":[{"time":0,"angle":0,"curve":"stepped"},{"time":0.5,"angle":0,"curve":"stepped"},{"time":0.9,"angle":0,"curve":"stepped"},{"time":1.3,"angle":0,"curve":"stepped"},{"time":1.7,"angle":0,"curve":"stepped"},{"time":2.1,"angle":0,"curve":"stepped"},{"time":2.6666,"angle":0}],"translate":[{"time":0,"x":0,"y":0,"curve":"stepped"},{"time":0.5,"x":0,"y":0,"curve":"stepped"},{"time":0.9,"x":0,"y":0,"curve":"stepped"},{"time":1.3,"x":0,"y":0,"curve":"stepped"},{"time":1.7,"x":0,"y":0,"curve":"stepped"},{"time":2.1,"x":0,"y":0,"curve":"stepped"},{"time":2.6666,"x":0,"y":0}],"scale":[{"time":0,"x":1,"y":1,"curve":"stepped"},{"time":0.5,"x":1,"y":1,"curve":"stepped"},{"time":0.9,"x":1,"y":1,"curve":"stepped"},{"time":1.3,"x":1,"y":1,"curve":"stepped"},{"time":1.7,"x":1,"y":1,"curve":"stepped"},{"time":2.1,"x":1,"y":1,"curve":"stepped"},{"time":2.6666,"x":1,"y":1}]},"11":{"rotate":[{"time":0,"angle":0,"curve":"stepped"},{"time":0.5,"angle":0,"curve":"stepped"},{"time":0.9,"angle":0,"curve":"stepped"},{"time":1.3,"angle":0,"curve":"stepped"},{"time":1.7,"angle":0,"curve":"stepped"},{"time":2.1,"angle":0,"curve":"stepped"},{"time":2.6666,"angle":0}],"translate":[{"time":0,"x":0,"y":0,"curve":"stepped"},{"time":0.5,"x":0,"y":0,"curve":"stepped"},{"time":0.9,"x":0,"y":0,"curve":"stepped"},{"time":1.3,"x":0,"y":0,"curve":"stepped"},{"time":1.7,"x":0,"y":0,"curve":"stepped"},{"time":2.1,"x":0,"y":0,"curve":"stepped"},{"time":2.6666,"x":0,"y":0}],"scale":[{"time":0,"x":1,"y":1},{"time":0.5,"x":1,"y":1.095},{"time":0.9,"x":1,"y":1},{"time":1.3,"x":1,"y":1.095},{"time":1.7,"x":1,"y":1},{"time":2.1,"x":1,"y":1.095},{"time":2.6666,"x":1,"y":1}]},"3":{"rotate":[{"time":0,"angle":0},{"time":0.5,"angle":-10.41},{"time":0.9,"angle":-2.12},{"time":1.3,"angle":-10.41},{"time":1.7,"angle":-2.12},{"time":2.1,"angle":-10.41},{"time":2.6666,"angle":0}],"translate":[{"time":0,"x":0,"y":0,"curve":"stepped"},{"time":0.5,"x":0,"y":0,"curve":"stepped"},{"time":0.9,"x":0,"y":0,"curve":"stepped"},{"time":1.3,"x":0,"y":0,"curve":"stepped"},{"time":1.7,"x":0,"y":0,"curve":"stepped"},{"time":2.1,"x":0,"y":0,"curve":"stepped"},{"time":2.6666,"x":0,"y":0}],"scale":[{"time":0,"x":1,"y":1,"curve":"stepped"},{"time":0.5,"x":1,"y":1,"curve":"stepped"},{"time":0.9,"x":1,"y":1,"curve":"stepped"},{"time":1.3,"x":1,"y":1,"curve":"stepped"},{"time":1.7,"x":1,"y":1,"curve":"stepped"},{"time":2.1,"x":1,"y":1,"curve":"stepped"},{"time":2.6666,"x":1,"y":1}]},"1":{"rotate":[{"time":0,"angle":0},{"time":0.1666,"angle":-1.28},{"time":0.5,"angle":3.45},{"time":0.9,"angle":10.69},{"time":1.3,"angle":3.45},{"time":1.7,"angle":10.69},{"time":2.1,"angle":3.45},{"time":2.3333,"angle":13.26},{"time":2.6666,"angle":0}],"translate":[{"time":0,"x":0,"y":0,"curve":"stepped"},{"time":0.5,"x":0,"y":0,"curve":"stepped"},{"time":0.9,"x":0,"y":0,"curve":"stepped"},{"time":1.3,"x":0,"y":0,"curve":"stepped"},{"time":1.7,"x":0,"y":0,"curve":"stepped"},{"time":2.1,"x":0,"y":0,"curve":"stepped"},{"time":2.6666,"x":0,"y":0}],"scale":[{"time":0,"x":1,"y":1,"curve":"stepped"},{"time":0.5,"x":1,"y":1,"curve":"stepped"},{"time":0.9,"x":1,"y":1,"curve":"stepped"},{"time":1.3,"x":1,"y":1,"curve":"stepped"},{"time":1.7,"x":1,"y":1,"curve":"stepped"},{"time":2.1,"x":1,"y":1,"curve":"stepped"},{"time":2.6666,"x":1,"y":1}]},"bone14":{"rotate":[{"time":0,"angle":0},{"time":0.2,"angle":-14.02},{"time":0.5,"angle":16.68},{"time":0.9,"angle":0},{"time":1.3,"angle":16.68},{"time":1.7,"angle":0},{"time":2.1,"angle":16.68},{"time":2.6666,"angle":0}],"translate":[{"time":0,"x":0,"y":0,"curve":"stepped"},{"time":0.5,"x":0,"y":0,"curve":"stepped"},{"time":0.9,"x":0,"y":0,"curve":"stepped"},{"time":1.3,"x":0,"y":0,"curve":"stepped"},{"time":1.7,"x":0,"y":0,"curve":"stepped"},{"time":2.1,"x":0,"y":0,"curve":"stepped"},{"time":2.6666,"x":0,"y":0}],"scale":[{"time":0,"x":1,"y":1,"curve":"stepped"},{"time":0.5,"x":1,"y":1,"curve":"stepped"},{"time":0.9,"x":1,"y":1,"curve":"stepped"},{"time":1.3,"x":1,"y":1,"curve":"stepped"},{"time":1.7,"x":1,"y":1,"curve":"stepped"},{"time":2.1,"x":1,"y":1,"curve":"stepped"},{"time":2.6666,"x":1,"y":1}]}},"ffd":{"default":{"12":{"12":[{"time":0},{"time":0.5,"vertices":[0.47968,0.02227,-0.34934,0.62728,0,0,-0.49445,0.29879,-0.97412,0.27652,0.47228,0.18279,0,0,0,0,0,0,0,0,0,0,-1.0379,-1.81782,0.95935,0.04454]},{"time":0.9,"vertices":[0.47354,0.21164,1.16455,-0.03761,0.04635,1.36019,-0.20537,-2.60327,0,0,0.0104,0.30531,0.20583,-0.80096,0,0,0,0,0,0,0,0,-0.65574,-2.13483,0.90979,-0.94633,-1.06359,-0.41953]},{"time":1.3,"vertices":[0.47968,0.02227,-0.34934,0.62728,0,0,-0.49445,0.29879,-0.97412,0.27652,0.47228,0.18279,0,0,0,0,0,0,0,0,0,0,-1.0379,-1.81782,0.95935,0.04454]},{"time":1.7,"vertices":[0.47354,0.21164,1.16455,-0.03761,0.04635,1.36019,-0.20537,-2.60327,0,0,0.0104,0.30531,0.20583,-0.80096,0,0,0,0,0,0,0,0,-0.65574,-2.13483,0.90979,-0.94633,-1.06359,-0.41953]},{"time":2.1,"vertices":[0.47968,0.02227,-0.34934,0.62728,0,0,-0.49445,0.29879,-0.97412,0.27652,0.47228,0.18279,0,0,0,0,0,0,0,0,0,0,-1.0379,-1.81782,0.95935,0.04454]},{"time":2.6666}]}}}}}}