{"skeleton":{"hash":"8Z9E4k7doUfP5UEX3WSzWRHYxZA","spine":"3.1.03","width":239.4,"height":285.1},"bones":[{"name":"root"},{"name":"bone","parent":"root","x":10.01,"y":61.79},{"name":"MON10076_DL_20","parent":"bone","length":35.89,"x":-20.71,"y":-9.98,"rotation":88.81},{"name":"bone2","parent":"MON10076_DL_20","length":37.96,"x":35.89,"rotation":-11.8},{"name":"MON10076_DL_14","parent":"bone2","length":62.91,"x":37.6,"y":-0.07,"rotation":11.97},{"name":"MON10076_DL_12","parent":"MON10076_DL_14","length":12.95,"x":15.91,"y":21.73,"rotation":0.97},{"name":"MON10076_DL_17","parent":"bone2","length":36.48,"x":44.03,"y":-37.69,"rotation":-131.84},{"name":"MON10076_DL_18","parent":"MON10076_DL_17","length":34.38,"x":34.36,"rotation":-27.38},{"name":"MON10076_DL_16","parent":"MON10076_DL_18","length":22.19,"x":32.76,"y":-0.13,"rotation":-5.84},{"name":"MON10076_DL_19","parent":"MON10076_DL_20","length":31.28,"x":2.18,"y":0.53,"rotation":-178.82},{"name":"MON10076_DL_22","parent":"bone2","length":38.7,"x":16.8,"y":28.91,"rotation":144.81},{"name":"MON10076_DL_23","parent":"MON10076_DL_22","length":27.66,"x":34.57,"y":-0.21,"rotation":-21.9},{"name":"MON10076_DL_21","parent":"MON10076_DL_23","length":14.54,"x":25.33,"y":-0.6,"rotation":-5.76},{"name":"MON10076_DL_26","parent":"bone","length":24.75,"x":9.76,"y":-10.22,"rotation":-79.6},{"name":"MON10076_DL_25","parent":"MON10076_DL_26","length":19.06,"x":22.61,"y":-0.31,"rotation":1.81},{"name":"MON10076_DL_24","parent":"MON10076_DL_25","length":15.53,"x":17.6,"y":-0.49,"rotation":-5.77},{"name":"MON10076_DL_29","parent":"bone","length":22.36,"x":-33.1,"y":-10.56,"rotation":-94.4},{"name":"MON10076_DL_28","parent":"MON10076_DL_29","length":19.96,"x":22.04,"y":-0.37,"rotation":-0.54},{"name":"MON10076_DL_27","parent":"MON10076_DL_28","length":22.99,"x":19.25,"y":0.27,"rotation":-67.6},{"name":"MON10076_DL_30","parent":"MON10076_DL_21","length":37.24,"x":8.01,"y":-0.92,"rotation":-86.66},{"name":"fx_fire","parent":"root","length":9.27,"x":-104.3,"y":180.31,"scaleX":3,"scaleY":3,"rotation":60},{"name":"shadow","parent":"root","length":24.45,"x":-0.28,"y":-4.5,"scaleX":0.944,"scaleY":0.948,"rotation":-88.99}],"slots":[{"name":"shadow","bone":"shadow","attachment":"shadow"},{"name":"MON10076_DL_30","bone":"MON10076_DL_30","attachment":"MON10076_DL_30"},{"name":"MON10076_DL_29","bone":"MON10076_DL_29","attachment":"MON10076_DL_29"},{"name":"MON10076_DL_27","bone":"MON10076_DL_27","attachment":"MON10076_DL_27"},{"name":"MON10076_DL_28","bone":"MON10076_DL_28","attachment":"MON10076_DL_28"},{"name":"MON10076_DL_26","bone":"MON10076_DL_26","attachment":"MON10076_DL_26"},{"name":"MON10076_DL_24","bone":"MON10076_DL_24","attachment":"MON10076_DL_24"},{"name":"MON10076_DL_25","bone":"MON10076_DL_25","attachment":"MON10076_DL_25"},{"name":"MON10076_DL_23","bone":"MON10076_DL_23","attachment":"MON10076_DL_23"},{"name":"MON10076_DL_22","bone":"MON10076_DL_22","attachment":"MON10076_DL_22"},{"name":"MON10076_DL_21","bone":"MON10076_DL_21","attachment":"MON10076_DL_21"},{"name":"MON10076_DL_20","bone":"MON10076_DL_20","attachment":"MON10076_DL_20"},{"name":"MON10076_DL_19","bone":"MON10076_DL_19","attachment":"MON10076_DL_19"},{"name":"MON10076_DL_18","bone":"MON10076_DL_18","attachment":"MON10076_DL_18"},{"name":"MON10076_DL_17","bone":"MON10076_DL_17","attachment":"MON10076_DL_17"},{"name":"MON10076_DL_16","bone":"MON10076_DL_16","attachment":"MON10076_DL_16"},{"name":"MON10076_DL_14","bone":"MON10076_DL_14","attachment":"MON10076_DL_14"},{"name":"MON10076_DL_12","bone":"MON10076_DL_12","attachment":"MON10076_DL_12"},{"name":"fx_fire","bone":"fx_fire","attachment":"FIRE_STANDBY/HUO_DAIJI_00015"}],"skins":{"default":{"MON10076_DL_12":{"MON10076_DL_12":{"x":2.71,"y":-7.85,"rotation":-89.99,"width":53,"height":17}},"MON10076_DL_14":{"MON10076_DL_14":{"x":27.62,"y":-6.92,"rotation":-89.02,"width":135,"height":129}},"MON10076_DL_16":{"MON10076_DL_16":{"x":14.94,"y":1.94,"rotation":87.92,"width":36,"height":28}},"MON10076_DL_17":{"MON10076_DL_17":{"x":23.54,"y":-1.81,"rotation":63.84,"width":42,"height":48}},"MON10076_DL_18":{"MON10076_DL_18":{"x":22.25,"y":1.84,"rotation":82.1,"width":43,"height":51}},"MON10076_DL_19":{"MON10076_DL_19":{"type":"mesh","uvs":[1,0.25561,1,0.9259,0.7873,1,0.43241,1,0.22799,1,0,1,0,0.30609,0,0,0.24786,0,0.42389,0,0.69929,0,0.9564,0,0.23895,0.44827,0.42792,0.47394,0.73504,0.40623],"triangles":[6,7,8,0,14,10,0,10,11,12,6,8,14,13,9,14,9,10,12,8,9,13,12,9,14,0,1,5,6,12,4,5,12,13,4,12,2,3,13,14,2,13,4,13,3,1,2,14],"vertices":[-0.1,53.84,27.37,53.84,30.4,36.61,30.4,7.86,30.39,-8.68,30.39,-27.15,1.94,-27.15,-10.6,-27.14,-10.6,-7.07,-10.59,7.18,-10.59,29.49,-10.59,50.31,7.77,-7.79,8.83,7.5,6.06,32.38],"hull":12}},"MON10076_DL_20":{"MON10076_DL_20":{"type":"weightedmesh","uvs":[1,0.1116,1,0.31619,1,0.63028,0.93854,0.69944,0.83273,0.93573,0.70232,1,0.32954,1,0.07977,1,0,0.75419,0,0.38535,0,0.11448,0.13882,0,0.46175,0,0.86718,0,0.35856,0.5258,0.34582,0.73404],"triangles":[14,11,12,1,14,12,14,10,11,14,9,10,3,14,1,2,3,1,13,0,1,1,12,13,14,8,9,15,14,3,15,8,14,4,15,3,7,8,15,6,7,15,5,6,15,4,5,15],"vertices":[1,3,43.33,-48.83,1,2,2,52.79,-56.98,0.12,3,28.18,-52.32,0.88,2,2,28.93,-57.47,0.43616,3,4.92,-57.68,0.56383,2,2,23.56,-52.1,0.5191,3,-1.42,-53.53,0.48089,1,2,5.41,-43.06,1,1,2,0.29,-31.55,1,1,2,-0.38,1.61,1,1,2,-0.84,23.83,1,2,2,17.69,31.31,0.92492,3,-24.22,26.94,0.07507,2,2,45.71,31.89,0.32205,3,3.09,33.23,0.67794,1,3,23.15,37.84999,1,1,3,34.4,27.76,1,1,3,40.84999,-0.24,1,1,3,48.95,-35.41,1,2,2,35.68999,-0.23,0.5,3,-0.14,-0.26,0.5,1,2,19.85,0.57,1],"hull":14}},"MON10076_DL_21":{"MON10076_DL_21":{"x":9.89,"y":0.22,"rotation":135.06,"width":37,"height":28}},"MON10076_DL_22":{"MON10076_DL_22":{"x":19.93,"y":0.37,"rotation":109.84,"width":39,"height":45}},"MON10076_DL_23":{"MON10076_DL_23":{"x":11.57,"y":1.8,"rotation":119.37,"width":44,"height":45}},"MON10076_DL_24":{"MON10076_DL_24":{"x":10.32,"y":1.66,"rotation":83.63,"width":30,"height":21}},"MON10076_DL_25":{"MON10076_DL_25":{"x":5.36,"y":0.68,"rotation":81.68,"width":38,"height":32}},"MON10076_DL_26":{"MON10076_DL_26":{"x":11.05,"y":-0.39,"rotation":86.77,"width":30,"height":34}},"MON10076_DL_27":{"MON10076_DL_27":{"x":6.02,"y":1.45,"rotation":162.41,"width":38,"height":17}},"MON10076_DL_28":{"MON10076_DL_28":{"x":5.2,"y":0.76,"rotation":94.9,"width":27,"height":32}},"MON10076_DL_29":{"MON10076_DL_29":{"x":8.74,"y":2.11,"rotation":88.02,"width":30,"height":34}},"MON10076_DL_30":{"MON10076_DL_30":{"x":28.14,"y":-4.67,"rotation":-138.46,"width":92,"height":81}},"fx_fire":{"FIRE_STANDBY/HUO_DAIJI_00000":{"rotation":-89.93,"width":32,"height":42},"FIRE_STANDBY/HUO_DAIJI_00001":{"rotation":-89.93,"width":32,"height":42},"FIRE_STANDBY/HUO_DAIJI_00002":{"rotation":-89.93,"width":32,"height":42},"FIRE_STANDBY/HUO_DAIJI_00003":{"rotation":-89.93,"width":32,"height":42},"FIRE_STANDBY/HUO_DAIJI_00004":{"rotation":-89.93,"width":32,"height":42},"FIRE_STANDBY/HUO_DAIJI_00005":{"rotation":-59.67,"width":32,"height":42},"FIRE_STANDBY/HUO_DAIJI_00006":{"rotation":-59.67,"width":32,"height":42},"FIRE_STANDBY/HUO_DAIJI_00007":{"rotation":-59.67,"width":32,"height":42},"FIRE_STANDBY/HUO_DAIJI_00008":{"rotation":-59.67,"width":32,"height":42},"FIRE_STANDBY/HUO_DAIJI_00009":{"rotation":-59.67,"width":32,"height":42},"FIRE_STANDBY/HUO_DAIJI_00010":{"rotation":-59.67,"width":32,"height":42},"FIRE_STANDBY/HUO_DAIJI_00011":{"rotation":-59.67,"width":32,"height":42},"FIRE_STANDBY/HUO_DAIJI_00012":{"rotation":-59.67,"width":32,"height":42},"FIRE_STANDBY/HUO_DAIJI_00013":{"rotation":-59.67,"width":32,"height":42},"FIRE_STANDBY/HUO_DAIJI_00014":{"rotation":-59.67,"width":32,"height":42},"FIRE_STANDBY/HUO_DAIJI_00015":{"rotation":-59.67,"width":32,"height":42}},"shadow":{"shadow":{"x":-2.78,"y":0.08,"scaleX":2,"scaleY":2,"rotation":89,"width":85,"height":42}}}},"animations":{"wait_DL":{"slots":{"MON10076_DL_12":{"attachment":[{"time":0,"name":null},{"time":1.3333,"name":"MON10076_DL_12"},{"time":1.5333,"name":null},{"time":2.4,"name":null}]},"fx_fire":{"attachment":[{"time":0,"name":"FIRE_STANDBY/HUO_DAIJI_00000"},{"time":0.038,"name":"FIRE_STANDBY/HUO_DAIJI_00001"},{"time":0.076,"name":"FIRE_STANDBY/HUO_DAIJI_00002"},{"time":0.114,"name":"FIRE_STANDBY/HUO_DAIJI_00003"},{"time":0.152,"name":"FIRE_STANDBY/HUO_DAIJI_00004"},{"time":0.1901,"name":"FIRE_STANDBY/HUO_DAIJI_00005"},{"time":0.2281,"name":"FIRE_STANDBY/HUO_DAIJI_00006"},{"time":0.2661,"name":"FIRE_STANDBY/HUO_DAIJI_00007"},{"time":0.3041,"name":"FIRE_STANDBY/HUO_DAIJI_00008"},{"time":0.3421,"name":"FIRE_STANDBY/HUO_DAIJI_00009"},{"time":0.3802,"name":"FIRE_STANDBY/HUO_DAIJI_00010"},{"time":0.4182,"name":"FIRE_STANDBY/HUO_DAIJI_00011"},{"time":0.4562,"name":"FIRE_STANDBY/HUO_DAIJI_00012"},{"time":0.4942,"name":"FIRE_STANDBY/HUO_DAIJI_00013"},{"time":0.5322,"name":"FIRE_STANDBY/HUO_DAIJI_00014"},{"time":0.5703,"name":"FIRE_STANDBY/HUO_DAIJI_00015"},{"time":0.6083,"name":"FIRE_STANDBY/HUO_DAIJI_00000"},{"time":0.6463,"name":"FIRE_STANDBY/HUO_DAIJI_00001"},{"time":0.6843,"name":"FIRE_STANDBY/HUO_DAIJI_00002"},{"time":0.7223,"name":"FIRE_STANDBY/HUO_DAIJI_00003"},{"time":0.7604,"name":"FIRE_STANDBY/HUO_DAIJI_00004"},{"time":0.7984,"name":"FIRE_STANDBY/HUO_DAIJI_00005"},{"time":0.8364,"name":"FIRE_STANDBY/HUO_DAIJI_00006"},{"time":0.8744,"name":"FIRE_STANDBY/HUO_DAIJI_00007"},{"time":0.9124,"name":"FIRE_STANDBY/HUO_DAIJI_00008"},{"time":0.9505,"name":"FIRE_STANDBY/HUO_DAIJI_00009"},{"time":0.9885,"name":"FIRE_STANDBY/HUO_DAIJI_00010"},{"time":1.0265,"name":"FIRE_STANDBY/HUO_DAIJI_00011"},{"time":1.0645,"name":"FIRE_STANDBY/HUO_DAIJI_00012"},{"time":1.1026,"name":"FIRE_STANDBY/HUO_DAIJI_00013"},{"time":1.1406,"name":"FIRE_STANDBY/HUO_DAIJI_00014"},{"time":1.1786,"name":"FIRE_STANDBY/HUO_DAIJI_00015"},{"time":1.2,"name":"FIRE_STANDBY/HUO_DAIJI_00000"},{"time":1.2166,"name":"FIRE_STANDBY/HUO_DAIJI_00000"},{"time":1.2546,"name":"FIRE_STANDBY/HUO_DAIJI_00001"},{"time":1.2927,"name":"FIRE_STANDBY/HUO_DAIJI_00002"},{"time":1.3307,"name":"FIRE_STANDBY/HUO_DAIJI_00003"},{"time":1.3687,"name":"FIRE_STANDBY/HUO_DAIJI_00004"},{"time":1.4067,"name":"FIRE_STANDBY/HUO_DAIJI_00005"},{"time":1.4447,"name":"FIRE_STANDBY/HUO_DAIJI_00006"},{"time":1.4828,"name":"FIRE_STANDBY/HUO_DAIJI_00007"},{"time":1.5208,"name":"FIRE_STANDBY/HUO_DAIJI_00008"},{"time":1.5588,"name":"FIRE_STANDBY/HUO_DAIJI_00009"},{"time":1.5968,"name":"FIRE_STANDBY/HUO_DAIJI_00010"},{"time":1.6348,"name":"FIRE_STANDBY/HUO_DAIJI_00011"},{"time":1.6729,"name":"FIRE_STANDBY/HUO_DAIJI_00012"},{"time":1.7109,"name":"FIRE_STANDBY/HUO_DAIJI_00013"},{"time":1.7489,"name":"FIRE_STANDBY/HUO_DAIJI_00014"},{"time":1.7869,"name":"FIRE_STANDBY/HUO_DAIJI_00015"},{"time":1.8249,"name":"FIRE_STANDBY/HUO_DAIJI_00000"},{"time":1.863,"name":"FIRE_STANDBY/HUO_DAIJI_00001"},{"time":1.901,"name":"FIRE_STANDBY/HUO_DAIJI_00002"},{"time":1.939,"name":"FIRE_STANDBY/HUO_DAIJI_00003"},{"time":1.977,"name":"FIRE_STANDBY/HUO_DAIJI_00004"},{"time":2.015,"name":"FIRE_STANDBY/HUO_DAIJI_00005"},{"time":2.0531,"name":"FIRE_STANDBY/HUO_DAIJI_00006"},{"time":2.0911,"name":"FIRE_STANDBY/HUO_DAIJI_00007"},{"time":2.1291,"name":"FIRE_STANDBY/HUO_DAIJI_00008"},{"time":2.1671,"name":"FIRE_STANDBY/HUO_DAIJI_00009"},{"time":2.2052,"name":"FIRE_STANDBY/HUO_DAIJI_00010"},{"time":2.2432,"name":"FIRE_STANDBY/HUO_DAIJI_00011"},{"time":2.2812,"name":"FIRE_STANDBY/HUO_DAIJI_00012"},{"time":2.3192,"name":"FIRE_STANDBY/HUO_DAIJI_00013"},{"time":2.3572,"name":"FIRE_STANDBY/HUO_DAIJI_00014"},{"time":2.3953,"name":"FIRE_STANDBY/HUO_DAIJI_00015"}]}},"bones":{"root":{"rotate":[{"time":0,"angle":0,"curve":"stepped"},{"time":1.2,"angle":0,"curve":"stepped"},{"time":2.4,"angle":0}],"translate":[{"time":0,"x":0,"y":0,"curve":"stepped"},{"time":1.2,"x":0,"y":0,"curve":"stepped"},{"time":2.4,"x":0,"y":0}],"scale":[{"time":0,"x":1,"y":1,"curve":"stepped"},{"time":1.2,"x":1,"y":1,"curve":"stepped"},{"time":2.4,"x":1,"y":1}]},"bone":{"rotate":[{"time":0,"angle":0,"curve":"stepped"},{"time":1.2,"angle":0,"curve":"stepped"},{"time":2.4,"angle":0}],"translate":[{"time":0,"x":0,"y":0,"curve":"stepped"},{"time":1.2,"x":0,"y":0,"curve":"stepped"},{"time":2.4,"x":0,"y":0}],"scale":[{"time":0,"x":1,"y":1,"curve":"stepped"},{"time":1.2,"x":1,"y":1,"curve":"stepped"},{"time":2.4,"x":1,"y":1}]},"MON10076_DL_20":{"rotate":[{"time":0,"angle":0,"curve":[0.25,0,0.75,1]},{"time":0.6,"angle":3.93,"curve":[0.25,0,0.75,1]},{"time":1.2,"angle":0},{"time":1.8,"angle":3.93,"curve":[0.25,0,0.75,1]},{"time":2.4,"angle":0}],"translate":[{"time":0,"x":0,"y":0,"curve":[0.25,0,0.75,1]},{"time":0.6,"x":-1.99,"y":-8.5,"curve":[0.25,0,0.75,1]},{"time":1.2,"x":0,"y":0},{"time":1.8,"x":-1.99,"y":-8.5,"curve":[0.25,0,0.75,1]},{"time":2.4,"x":0,"y":0}],"scale":[{"time":0,"x":1,"y":1,"curve":"stepped"},{"time":1.2,"x":1,"y":1,"curve":"stepped"},{"time":2.4,"x":1,"y":1}]},"bone2":{"rotate":[{"time":0,"angle":0},{"time":0.6,"angle":1.53},{"time":1.2,"angle":0},{"time":1.8,"angle":1.53},{"time":2.4,"angle":0}],"translate":[{"time":0,"x":0,"y":0},{"time":0.6,"x":-3.01,"y":-0.35},{"time":1.2,"x":0,"y":0},{"time":1.8,"x":-3.01,"y":-0.35},{"time":2.4,"x":0,"y":0}],"scale":[{"time":0,"x":1,"y":1,"curve":"stepped"},{"time":1.2,"x":1,"y":1,"curve":"stepped"},{"time":2.4,"x":1,"y":1}]},"MON10076_DL_14":{"rotate":[{"time":0,"angle":0},{"time":0.4,"angle":-3.54},{"time":0.8,"angle":2.19},{"time":1.2,"angle":0},{"time":1.6,"angle":-3.54},{"time":2,"angle":2.19},{"time":2.4,"angle":0}],"translate":[{"time":0,"x":0,"y":0},{"time":0.4,"x":-0.01,"y":0.69},{"time":0.8,"x":-5.54,"y":2.16},{"time":1.2,"x":0,"y":0},{"time":1.6,"x":-0.01,"y":0.69},{"time":2,"x":-5.54,"y":2.16},{"time":2.4,"x":0,"y":0}],"scale":[{"time":0,"x":1,"y":1,"curve":"stepped"},{"time":1.2,"x":1,"y":1,"curve":"stepped"},{"time":2.4,"x":1,"y":1}]},"MON10076_DL_12":{"rotate":[{"time":0,"angle":0,"curve":"stepped"},{"time":1.2,"angle":0,"curve":"stepped"},{"time":2.4,"angle":0}],"translate":[{"time":0,"x":0,"y":0,"curve":"stepped"},{"time":1.2,"x":0,"y":0,"curve":"stepped"},{"time":2.4,"x":0,"y":0}],"scale":[{"time":0,"x":1,"y":1,"curve":"stepped"},{"time":1.2,"x":1,"y":1,"curve":"stepped"},{"time":2.4,"x":1,"y":1}]},"MON10076_DL_17":{"rotate":[{"time":0,"angle":0},{"time":0.6,"angle":30.98},{"time":1.2,"angle":0},{"time":1.8,"angle":30.98},{"time":2.4,"angle":0}],"translate":[{"time":0,"x":0,"y":0,"curve":"stepped"},{"time":1.2,"x":0,"y":0,"curve":"stepped"},{"time":2.4,"x":0,"y":0}],"scale":[{"time":0,"x":1,"y":1,"curve":"stepped"},{"time":1.2,"x":1,"y":1,"curve":"stepped"},{"time":2.4,"x":1,"y":1}]},"MON10076_DL_18":{"rotate":[{"time":0,"angle":0},{"time":0.6,"angle":6.92},{"time":1.2,"angle":0},{"time":1.8,"angle":6.92},{"time":2.4,"angle":0}],"translate":[{"time":0,"x":0,"y":0,"curve":"stepped"},{"time":1.2,"x":0,"y":0,"curve":"stepped"},{"time":2.4,"x":0,"y":0}],"scale":[{"time":0,"x":1,"y":1,"curve":"stepped"},{"time":1.2,"x":1,"y":1,"curve":"stepped"},{"time":2.4,"x":1,"y":1}]},"MON10076_DL_16":{"rotate":[{"time":0,"angle":0},{"time":0.6,"angle":3},{"time":1.2,"angle":0},{"time":1.8,"angle":3},{"time":2.4,"angle":0}],"translate":[{"time":0,"x":0,"y":0,"curve":"stepped"},{"time":1.2,"x":0,"y":0,"curve":"stepped"},{"time":2.4,"x":0,"y":0}],"scale":[{"time":0,"x":1,"y":1,"curve":"stepped"},{"time":1.2,"x":1,"y":1,"curve":"stepped"},{"time":2.4,"x":1,"y":1}]},"MON10076_DL_22":{"rotate":[{"time":0,"angle":0},{"time":0.6,"angle":-21.96},{"time":1.2,"angle":0},{"time":1.8,"angle":-21.96},{"time":2.4,"angle":0}],"translate":[{"time":0,"x":0,"y":0,"curve":"stepped"},{"time":0.6,"x":0,"y":0,"curve":"stepped"},{"time":1.2,"x":0,"y":0,"curve":"stepped"},{"time":1.8,"x":0,"y":0,"curve":"stepped"},{"time":2.4,"x":0,"y":0}],"scale":[{"time":0,"x":1,"y":1,"curve":"stepped"},{"time":0.6,"x":1,"y":1,"curve":"stepped"},{"time":1.2,"x":1,"y":1,"curve":"stepped"},{"time":1.8,"x":1,"y":1,"curve":"stepped"},{"time":2.4,"x":1,"y":1}]},"MON10076_DL_23":{"rotate":[{"time":0,"angle":0},{"time":0.6,"angle":-13.87},{"time":1.2,"angle":0},{"time":1.8,"angle":-13.87},{"time":2.4,"angle":0}],"translate":[{"time":0,"x":0,"y":0,"curve":"stepped"},{"time":0.6,"x":0,"y":0,"curve":"stepped"},{"time":1.2,"x":0,"y":0,"curve":"stepped"},{"time":1.8,"x":0,"y":0,"curve":"stepped"},{"time":2.4,"x":0,"y":0}],"scale":[{"time":0,"x":1,"y":1,"curve":"stepped"},{"time":0.6,"x":1,"y":1,"curve":"stepped"},{"time":1.2,"x":1,"y":1,"curve":"stepped"},{"time":1.8,"x":1,"y":1,"curve":"stepped"},{"time":2.4,"x":1,"y":1}]},"MON10076_DL_21":{"rotate":[{"time":0,"angle":0},{"time":0.6,"angle":14.01},{"time":1.2,"angle":0},{"time":1.8,"angle":14.01},{"time":2.4,"angle":0}],"translate":[{"time":0,"x":0,"y":0,"curve":"stepped"},{"time":0.6,"x":0,"y":0,"curve":"stepped"},{"time":1.2,"x":0,"y":0,"curve":"stepped"},{"time":1.8,"x":0,"y":0,"curve":"stepped"},{"time":2.4,"x":0,"y":0}],"scale":[{"time":0,"x":1,"y":1,"curve":"stepped"},{"time":0.6,"x":1,"y":1,"curve":"stepped"},{"time":1.2,"x":1,"y":1,"curve":"stepped"},{"time":1.8,"x":1,"y":1,"curve":"stepped"},{"time":2.4,"x":1,"y":1}]},"MON10076_DL_30":{"rotate":[{"time":0,"angle":0,"curve":"stepped"},{"time":0.6,"angle":0,"curve":"stepped"},{"time":1.2,"angle":0,"curve":"stepped"},{"time":1.8,"angle":0,"curve":"stepped"},{"time":2.4,"angle":0}],"translate":[{"time":0,"x":0,"y":0,"curve":"stepped"},{"time":0.6,"x":0,"y":0,"curve":"stepped"},{"time":1.2,"x":0,"y":0,"curve":"stepped"},{"time":1.8,"x":0,"y":0,"curve":"stepped"},{"time":2.4,"x":0,"y":0}],"scale":[{"time":0,"x":1,"y":1,"curve":"stepped"},{"time":0.6,"x":1,"y":1,"curve":"stepped"},{"time":1.2,"x":1,"y":1,"curve":"stepped"},{"time":1.8,"x":1,"y":1,"curve":"stepped"},{"time":2.4,"x":1,"y":1}]},"MON10076_DL_19":{"rotate":[{"time":0,"angle":0,"curve":"stepped"},{"time":1.2,"angle":0,"curve":"stepped"},{"time":2.4,"angle":0}],"translate":[{"time":0,"x":0,"y":0,"curve":"stepped"},{"time":1.2,"x":0,"y":0,"curve":"stepped"},{"time":2.4,"x":0,"y":0}],"scale":[{"time":0,"x":1,"y":1,"curve":"stepped"},{"time":1.2,"x":1,"y":1,"curve":"stepped"},{"time":2.4,"x":1,"y":1}]},"MON10076_DL_26":{"rotate":[{"time":0,"angle":0},{"time":0.6,"angle":2.82},{"time":1.2,"angle":0},{"time":1.8,"angle":2.82},{"time":2.4,"angle":0}],"translate":[{"time":0,"x":0,"y":0},{"time":0.6,"x":-0.93,"y":-5.12},{"time":1.2,"x":0,"y":0},{"time":1.8,"x":-0.93,"y":-5.12},{"time":2.4,"x":0,"y":0}],"scale":[{"time":0,"x":1,"y":1,"curve":"stepped"},{"time":1.2,"x":1,"y":1,"curve":"stepped"},{"time":2.4,"x":1,"y":1}]},"MON10076_DL_25":{"rotate":[{"time":0,"angle":0},{"time":0.6,"angle":-2.58},{"time":1.2,"angle":0},{"time":1.8,"angle":-2.58},{"time":2.4,"angle":0}],"translate":[{"time":0,"x":0,"y":0},{"time":0.6,"x":-4.38,"y":1.02},{"time":1.2,"x":0,"y":0},{"time":1.8,"x":-4.38,"y":1.02},{"time":2.4,"x":0,"y":0}],"scale":[{"time":0,"x":1,"y":1,"curve":"stepped"},{"time":1.2,"x":1,"y":1,"curve":"stepped"},{"time":2.4,"x":1,"y":1}]},"MON10076_DL_24":{"rotate":[{"time":0,"angle":0,"curve":"stepped"},{"time":1.2,"angle":0,"curve":"stepped"},{"time":2.4,"angle":0}],"translate":[{"time":0,"x":0,"y":0,"curve":"stepped"},{"time":1.2,"x":0,"y":0,"curve":"stepped"},{"time":2.4,"x":0,"y":0}],"scale":[{"time":0,"x":1,"y":1,"curve":"stepped"},{"time":1.2,"x":1,"y":1,"curve":"stepped"},{"time":2.4,"x":1,"y":1}]},"MON10076_DL_29":{"rotate":[{"time":0,"angle":0},{"time":0.6,"angle":-17.98},{"time":1.2,"angle":0},{"time":1.8,"angle":-17.98},{"time":2.4,"angle":0}],"translate":[{"time":0,"x":0,"y":0},{"time":0.6,"x":-2.79,"y":-8.38},{"time":1.2,"x":0,"y":0},{"time":1.8,"x":-2.79,"y":-8.38},{"time":2.4,"x":0,"y":0}],"scale":[{"time":0,"x":1,"y":1,"curve":"stepped"},{"time":1.2,"x":1,"y":1,"curve":"stepped"},{"time":2.4,"x":1,"y":1}]},"MON10076_DL_28":{"rotate":[{"time":0,"angle":0},{"time":0.6,"angle":31.26},{"time":1.2,"angle":0},{"time":1.8,"angle":31.26},{"time":2.4,"angle":0}],"translate":[{"time":0,"x":0,"y":0},{"time":0.6,"x":-6.67,"y":2.26},{"time":1.2,"x":0,"y":0},{"time":1.8,"x":-6.67,"y":2.26},{"time":2.4,"x":0,"y":0}],"scale":[{"time":0,"x":1,"y":1,"curve":"stepped"},{"time":1.2,"x":1,"y":1,"curve":"stepped"},{"time":2.4,"x":1,"y":1}]},"MON10076_DL_27":{"rotate":[{"time":0,"angle":0},{"time":0.6,"angle":-11.11},{"time":1.2,"angle":0},{"time":1.8,"angle":-11.11},{"time":2.4,"angle":0}],"translate":[{"time":0,"x":0,"y":0,"curve":"stepped"},{"time":1.2,"x":0,"y":0,"curve":"stepped"},{"time":2.4,"x":0,"y":0}],"scale":[{"time":0,"x":1,"y":1,"curve":"stepped"},{"time":1.2,"x":1,"y":1,"curve":"stepped"},{"time":2.4,"x":1,"y":1}]},"shadow":{"rotate":[{"time":0,"angle":0,"curve":"stepped"},{"time":1.2,"angle":0,"curve":"stepped"},{"time":2.4,"angle":0}],"translate":[{"time":0,"x":0,"y":0,"curve":"stepped"},{"time":1.2,"x":0,"y":0,"curve":"stepped"},{"time":2.4,"x":0,"y":0}],"scale":[{"time":0,"x":1,"y":1},{"time":0.6,"x":1.097,"y":1.124},{"time":1.2,"x":1,"y":1},{"time":1.8,"x":1.097,"y":1.124},{"time":2.4,"x":1,"y":1}]},"fx_fire":{"translate":[{"time":0,"x":0,"y":-10.09},{"time":0.6666,"x":7.57,"y":-1.26},{"time":1.2,"x":0,"y":-10.09},{"time":1.8666,"x":7.57,"y":-1.26},{"time":2.4,"x":0,"y":-10.09}]}},"ffd":{"default":{"MON10076_DL_19":{"MON10076_DL_19":[{"time":0},{"time":0.4,"offset":2,"vertices":[-6.30129,5.23224,-5.34961,7.23377,-0.92006,7.91798,-2.24879,-10.23253,-10.41525,-8.20933,-3.05835,-2.1447]},{"time":0.8,"offset":2,"vertices":[-0.29261,3.51376,2.14048,0.82715,3.02527,-0.1498,3.7372,-4.61748,-2.12452,-9.92609]},{"time":1.2},{"time":1.6,"offset":2,"vertices":[-6.30129,5.23224,-5.34961,7.23377,-0.92006,7.91798,-2.24879,-10.23253,-10.41525,-8.20933,-3.05835,-2.1447]},{"time":2,"offset":2,"vertices":[-0.29261,3.51376,2.14048,0.82715,3.02527,-0.1498,3.7372,-4.61748,-2.12452,-9.92609]},{"time":2.4}]},"MON10076_DL_20":{"MON10076_DL_20":[{"time":0},{"time":0.6,"vertices":[3.62313,0.19589,7.51478,-5.93381,8.4513,-4.50205,9.31311,-9.08497,10.78186,-7.28305,9.62738,-9.42253,11.15119,-7.5593,-5.36908,-5.1914,0,0,0,0,0,0,2.5149,0.15746,2.44688,0.60255,0,0,0,0,0,0,0,0,2.48316,0.32662,2.72275,0.63883,2.82965,-0.13629,2.80889,0.36947,-0.4488,2.25039]},{"time":1.2},{"time":1.8,"vertices":[3.62313,0.19589,7.51478,-5.93381,8.4513,-4.50205,9.31311,-9.08497,10.78186,-7.28305,9.62738,-9.42253,11.15119,-7.5593,-5.36908,-5.1914,0,0,0,0,0,0,2.5149,0.15746,2.44688,0.60255,0,0,0,0,0,0,0,0,2.48316,0.32662,2.72275,0.63883,2.82965,-0.13629,2.80889,0.36947,-0.4488,2.25039]},{"time":2.4}]}}}}}}