{"skeleton":{"hash":"O5aR/GmdONLA6zughHdAROu4u0g","spine":"3.1.03","width":244.04,"height":209.78},"bones":[{"name":"root"},{"name":"bone","parent":"root","x":-2.86,"y":64.39},{"name":"MON20079_DL_11","parent":"bone","length":13.29,"x":-7.87,"y":-5.2,"rotation":82.13},{"name":"MON20079_DL_12","parent":"MON20079_DL_11","length":15.74,"x":12.77,"y":0.38,"rotation":-16.93},{"name":"MON20079_DL_5","parent":"MON20079_DL_12","length":14.55,"x":15.23,"y":0.02,"rotation":28.57},{"name":"MON20079_DL_4","parent":"MON20079_DL_5","length":36.8,"x":14.12,"y":1.74,"rotation":-4.03},{"name":"MON20079_DL_01","parent":"MON20079_DL_4","length":14.08,"x":25.65,"y":11.53,"rotation":89.69},{"name":"MON20079_DL_1","parent":"MON20079_DL_4","length":7.94,"x":68.47,"y":0.42,"rotation":-122.4},{"name":"MON20079_DL_2","parent":"MON20079_DL_4","length":8.89,"x":55.12,"y":26.1,"rotation":124.65},{"name":"MON20079_DL_3","parent":"MON20079_DL_1","length":11.97,"x":7.26,"y":-0.36,"rotation":-4.87},{"name":"MON20079_DL_05","parent":"MON20079_DL_4","length":8.54,"x":14.69,"y":10.12,"rotation":8.57},{"name":"MON20079_DL_06","parent":"MON20079_DL_4","length":7.26,"x":-0.85,"y":7.52,"rotation":-167.65},{"name":"MON20079_DL_6","parent":"MON20079_DL_12","length":34.83,"x":14.76,"y":-14.37,"rotation":-21.74},{"name":"MON20079_DL_8","parent":"MON20079_DL_12","length":18.08,"x":17.65,"y":-12.17,"scaleX":1.036,"rotation":-126.14},{"name":"MON20079_DL_7","parent":"MON20079_DL_8","length":16.71,"x":17.64,"y":0.1,"scaleX":1.042,"scaleY":0.939,"rotation":-21.09},{"name":"MON20079_DL_9","parent":"MON20079_DL_12","length":6.38,"x":-0.11,"y":0.21,"rotation":122.16},{"name":"MON20079_DL_10","parent":"MON20079_DL_7","length":7.89,"x":16.3,"y":-0.11,"scaleX":1.083,"scaleY":1.056,"rotation":-5.17},{"name":"MON20079_DL_15","parent":"MON20079_DL_12","length":20.55,"x":7.44,"y":8.06,"rotation":169.82},{"name":"MON20079_DL_13","parent":"MON20079_DL_15","length":14.7,"x":19.13,"y":0.11,"rotation":-5.9},{"name":"MON20079_DL_14","parent":"MON20079_DL_12","length":25.44,"x":2.57,"y":10.15,"rotation":55.22},{"name":"MON20079_DL_16","parent":"MON20079_DL_13","length":5.63,"x":14.43,"y":0.04,"rotation":11.65},{"name":"MON20079_DL_17","parent":"MON20079_DL_11","length":12.42,"x":-0.12,"y":-11.27,"scaleX":1.088,"rotation":-119.42},{"name":"MON20079_DL_18","parent":"MON20079_DL_11","length":9.87,"x":-2.32,"y":5.98,"scaleX":1.242,"rotation":153.06},{"name":"MON20079_DL_19","parent":"MON20079_DL_11","length":21.95,"x":-1.32,"y":-0.02,"rotation":-168.94},{"name":"MON20079_DL_20","parent":"bone","length":26.3,"x":2.97,"y":-11.44,"rotation":-74.46},{"name":"MON20079_DL_21","parent":"MON20079_DL_4","length":6.12,"x":7.82,"y":-31.75,"rotation":-151.45},{"name":"MON20079_DL_22","parent":"MON20079_DL_16","length":38.42,"x":3.75,"y":-0.47,"rotation":-91.02},{"name":"MON20079_DL_23","parent":"MON20079_DL_20","length":29.7,"x":25.45,"y":-0.18,"rotation":-1.85},{"name":"MON20079_DL_24","parent":"bone","length":24.29,"x":-14.18,"y":-11.64,"rotation":-84.46},{"name":"MON20079_DL_25","parent":"MON20079_DL_24","length":28.9,"x":23.49,"y":-0.11,"rotation":-2.43},{"name":"bone2","parent":"MON20079_DL_2","length":11.47,"x":8.89,"y":-0.04,"rotation":34.61},{"name":"bone3","parent":"bone2","length":13.74,"x":11.47,"y":-0.05,"rotation":34.49},{"name":"bone4","parent":"bone3","length":10.47,"x":13.74,"y":-0.06,"rotation":4.8},{"name":"bone5","parent":"bone4","length":8.1,"x":10.47,"rotation":17.72},{"name":"bone6","parent":"bone5","length":6.51,"x":8.64,"y":0.24,"rotation":-11.9},{"name":"bone7","parent":"MON20079_DL_3","length":17.05,"x":11.97,"rotation":-18.86},{"name":"bone8","parent":"bone7","length":14.99,"x":17.05,"y":0.02,"rotation":-0.43},{"name":"bone9","parent":"bone8","length":13.13,"x":14.99,"rotation":12.62},{"name":"bone10","parent":"bone9","length":15.78,"x":13.13,"rotation":19.09},{"name":"bone11","parent":"MON20079_DL_21","length":11.81,"x":6.12,"y":-0.02,"rotation":4.63},{"name":"bone12","parent":"bone11","length":16.22,"x":11.81,"rotation":-15.25},{"name":"bone13","parent":"bone12","length":17.32,"x":16.22,"y":0.01,"rotation":-29.67},{"name":"bone14","parent":"bone13","length":15.3,"x":17.32,"y":0.06,"rotation":-19.74},{"name":"bone15","parent":"bone14","length":11.91,"x":15.31,"y":0.02,"rotation":21.88},{"name":"bone16","parent":"bone15","length":12,"x":11.91,"y":-0.02,"rotation":28.86},{"name":"bone17","parent":"bone16","length":9.68,"x":12,"y":-0.04,"rotation":26.31},{"name":"fx_hanqi","parent":"MON20079_DL_22","length":10.24,"x":74.42,"y":3.97,"scaleX":2,"scaleY":2,"rotation":-87.47,"inheritScale":false},{"name":"fx_skill_baoshi","parent":"MON20079_DL_4","length":9.71,"x":42.36,"y":17.59,"rotation":10.08},{"name":"fx_wuqibaoshi","parent":"MON20079_DL_22","length":14.88,"x":63.64,"y":0.51,"rotation":-2.56},{"name":"shadow","parent":"root","length":18.05,"x":-0.43,"y":-0.39,"scaleX":1.097,"scaleY":1.123,"rotation":-88.78}],"slots":[{"name":"BG3","bone":"root","color":"ffffff7b"},{"name":"shadow","bone":"shadow"},{"name":"fx_hanqi","bone":"fx_hanqi","attachment":"fx/hanqi_00028","blend":"additive"},{"name":"MON20079_DL_22","bone":"MON20079_DL_22","attachment":"MON20079_DL_22"},{"name":"MON20079_DL_21","bone":"MON20079_DL_21","attachment":"MON20079_DL_21"},{"name":"MON20079_DL_19","bone":"MON20079_DL_24","attachment":"MON20079_DL_19"},{"name":"MON20079_DL_18","bone":"MON20079_DL_25","attachment":"MON20079_DL_18"},{"name":"MON20079_DL_17","bone":"MON20079_DL_20","attachment":"MON20079_DL_17"},{"name":"MON20079_DL_16","bone":"MON20079_DL_23","attachment":"MON20079_DL_16"},{"name":"MON20079_DL_15","bone":"MON20079_DL_15","attachment":"MON20079_DL_15"},{"name":"MON20079_DL_14","bone":"MON20079_DL_14","attachment":"MON20079_DL_14"},{"name":"MON20079_DL_13","bone":"MON20079_DL_13","attachment":"MON20079_DL_13"},{"name":"MON20079_DL_12","bone":"MON20079_DL_16","attachment":"MON20079_DL_12"},{"name":"MON20079_DL_11","bone":"MON20079_DL_18","attachment":"MON20079_DL_11"},{"name":"MON20079_DL_10","bone":"MON20079_DL_19","attachment":"MON20079_DL_10"},{"name":"MON20079_DL_9","bone":"MON20079_DL_9","attachment":"MON20079_DL_9"},{"name":"MON20079_DL_8","bone":"MON20079_DL_8","attachment":"MON20079_DL_8"},{"name":"MON20079_DL_7","bone":"MON20079_DL_7","attachment":"MON20079_DL_7"},{"name":"MON20079_DL_6","bone":"MON20079_DL_10","attachment":"MON20079_DL_6"},{"name":"MON20079_DL_5","bone":"MON20079_DL_5","attachment":"MON20079_DL_5"},{"name":"MON20079_DL_4","bone":"MON20079_DL_4","attachment":"MON20079_DL_4"},{"name":"MON20079_DL_3","bone":"MON20079_DL_6","attachment":"MON20079_DL_3"},{"name":"MON20079_DL_2","bone":"MON20079_DL_2","attachment":"MON20079_DL_2"},{"name":"MON20079_DL_06","bone":"MON20079_DL_06","attachment":"MON20079_DL_015"},{"name":"MON20079_DL_05","bone":"MON20079_DL_05","attachment":"MON20079_DL_014"},{"name":"MON20079_DL_01","bone":"MON20079_DL_01","attachment":"MON20079_DL_01"},{"name":"MON20079_DL_1","bone":"MON20079_DL_3","attachment":"MON20079_DL_1"},{"name":"fx_skill_baoshi","bone":"fx_skill_baoshi","attachment":"fx/baoshi_00000","blend":"additive"},{"name":"fx_wuqibaoshi","bone":"fx_wuqibaoshi","attachment":"fx/wuqi_00000","blend":"additive"}],"skins":{"default":{"MON20079_DL_01":{"MON20079_DL_01":{"x":-2.93,"y":-2.99,"rotation":178.14,"width":45,"height":14},"MON20079_DL_03":{"x":-2.93,"y":-2.99,"rotation":178.14,"width":43,"height":23}},"MON20079_DL_05":{"MON20079_DL_05":{"x":4.54,"y":-5.46,"rotation":-100.75,"width":48,"height":25},"MON20079_DL_08":{"x":4.54,"y":-5.46,"rotation":-100.75,"width":49,"height":20},"MON20079_DL_011":{"x":4.54,"y":-5.46,"rotation":-100.75,"width":45,"height":21},"MON20079_DL_014":{"x":4.35,"y":-6.44,"rotation":-100.75,"width":48,"height":21}},"MON20079_DL_06":{"MON20079_DL_06":{"x":2.24,"y":2.35,"rotation":75.44,"width":15,"height":10},"MON20079_DL_09":{"x":2.11,"y":1.87,"rotation":75.44,"width":18,"height":10},"MON20079_DL_012":{"x":3.21,"y":2.1,"rotation":75.44,"width":13,"height":8},"MON20079_DL_015":{"x":2.96,"y":1.13,"rotation":75.44,"width":13,"height":8}},"MON20079_DL_1":{"MON20079_DL_1":{"type":"weightedmesh","uvs":[0.48151,0.04585,0.60631,0.20763,0.67865,0.35816,0.7711,0.42266,0.88809,0.43265,0.87762,0.52648,0.77011,0.58989,0.81323,0.6513,0.88182,0.71787,1,0.76804,1,0.84425,1,0.8839,0.82163,0.86598,0.69263,0.8194,0.5991,0.75251,0.5432,0.91018,0.47333,1,0.42173,1,0.36536,1,0.37474,0.86971,0.35831,0.75341,0.29241,0.5526,0.13911,0.36408,0.04468,0.28668,0,0.26808,0,0.08497,0.09513,0.05453,0.15671,0,0.38391,0,0.44151,0,0.24388,0.13978,0.37147,0.24003,0.50188,0.42919,0.61312,0.61115,0.71826,0.72194,0.84884,0.77863,0.6722,0.5433,0.55395,0.63886,0.47763,0.67827,0.48515,0.82519],"triangles":[35,7,8,34,7,35,13,34,35,35,8,9,10,35,9,12,13,35,12,35,10,12,10,11,5,3,4,6,36,3,5,6,3,6,33,36,34,6,7,34,33,6,14,37,33,14,33,34,38,37,14,13,14,34,39,38,14,19,20,39,15,39,14,17,39,16,39,17,19,18,19,17,15,16,39,36,32,2,36,2,3,33,32,36,37,32,33,38,21,32,37,38,32,20,21,38,20,38,39,1,31,0,32,1,2,32,31,1,21,31,32,22,30,31,28,29,0,31,28,0,21,22,31,31,30,28,30,27,28,23,24,25,30,23,26,26,27,30,26,23,25,22,23,30],"vertices":[5,9,10.5,16.58,0.65047,35,-6.75,15.22,0.34911,36,-23.91,15.03,3.9E-4,37,-34.68,23.18,0,38,-37.59,37.56,0,4,9,25.38,12.85,0.02,35,8.53,16.5,0.84017,36,-8.63,16.42,0.13981,38,-23.86,30.7,0,4,9,36.37,7.36,0.00229,35,20.70999,14.85,0.30181,36,3.55,14.86,0.53706,37,-7.91,17,0.15883,3,35,28.8,18.12999,0.03563,36,11.62,18.2,0.43461,37,0.68,18.5,0.52973,3,9,53.64,13.49,0,36,17.83,26.34,0.33287,37,8.52,25.09,0.66712,3,9,57.22,5.91,0,36,23.71,20.36,0.32374,37,12.96,17.96999,0.67625,4,9,51.07,-2.66,0,36,20.73,10.24,0.18506,37,7.84,8.74,0.71613,38,-2.11999,10,0.09879,5,9,57.41,-2.82,0,35,43.91,12,2.0E-5,36,26.77,12.17,0.00664,37,14.15,9.31,0.35826,38,4.02,8.47,0.63506,4,9,64.61,-4.35,0,35,51.23,12.88,0,37,21.49,8.62,0.00359,38,10.72,5.41,0.99639,2,9,74.41,-1.83,0,38,20.84,5.76,1,2,9,77.58999,-6.31,0,38,22.97,0.7,1,2,9,79.24,-8.64,0,38,24.08,-1.92,1,2,36,39.98,2.99,0,38,10.43,-6.28,0.99999,2,37,15.12,-6.93,0.4863,38,-0.38,-7.19,0.51369,3,36,23,-6.77,0.21073,37,6.34,-8.35,0.77401,38,-9.14,-5.66,0.01525,3,36,29.67,-17,0.37939,37,10.6,-19.79,0.62054,38,-8.85,-17.86,4.0E-5,3,36,31.7,-25.3,0.38599,37,10.77,-28.33,0.61396,38,-11.49,-26,4.0E-5,3,36,29.31,-28.66,0.38973,37,7.7,-31.09,0.61022,38,-15.3,-27.6,4.0E-5,3,36,26.69,-32.34,0.39213,37,4.35,-34.11,0.60781,38,-19.45,-29.35,4.0E-5,4,35,36.16999,-27.55,0.00823,36,19.29999,-27.43,0.4174,37,-1.78,-27.71,0.57432,38,-23.16,-21.29,2.0E-5,5,9,31.93,-30.67,3.1E-4,35,28.79,-22.57,0.06775,36,11.89,-22.51,0.5111,37,-7.93,-21.29,0.42082,38,-26.87,-13.21,0,3,9,18.59,-22.71,0.07672,35,13.6,-19.35,0.52095,36,-3.31,-19.39,0.4023,3,9,1.41,-17.95,0.77298,35,-4.19,-20.39,0.22701,38,-53.92,5.8,0,2,7,-2.18,-17.4,0.89,9,-7.97,-17.77,0.11,1,7,-5.94,-18.06,1,3,7,-12.63,-6.7,0.99983,9,-19.28,-7.99,1.6E-4,38,-71.99,19.99,0,2,7,-7.18,-0.95,1,38,-65.83,24.97,0,3,7,-4.92999,4.92,0.99999,37,-56.21,8.25,0,38,-62.81,30.5,0,2,7,10.72,14.15,0.88,9,2.22,14.76,0.12,3,9,5.98,17.42,0.99998,37,-39.27,23.49,1.0E-5,38,-41.82,39.36,0,2,7,6.18,-0.2,0.66,9,-1.09,0.07,0.34,2,9,11.41,0.08,0.5,35,-0.56,-0.09,0.5,2,35,16.58,0.39,0.5,36,-0.47,0.37,0.5,2,36,15.36,0.03,0.5,37,0.36,-0.04,0.5,2,37,11.95,-0.34,0.5,38,-1.21,0.06,0.5,1,38,9.99,0.36,1,4,9,43.66,-3.8,0,35,31.22,6.63,0.00103,36,14.11,6.71,0.51033,37,0.61,6.75,0.48863,3,35,31.26,-5.05,0.01299,36,14.24,-4.98,0.58619,37,-1.81,-4.69,0.4008,3,35,29.99,-11.67,0.03184,36,13.02,-11.6,0.55995,37,-4.44999,-10.88,0.40819,3,35,38.91999,-17.37,0.00384,36,21.99,-17.24,0.39008,37,3.06,-18.34,0.60606],"hull":30}},"MON20079_DL_10":{"MON20079_DL_10":{"x":11.74,"y":1.88,"rotation":86.76,"width":21,"height":28}},"MON20079_DL_11":{"MON20079_DL_11":{"type":"weightedmesh","uvs":[1,0.1077,1,0.38278,0.83445,0.50449,0.81439,0.62424,0.92185,0.71038,1,0.77301,1,0.93342,1,1,0.83952,1,0.64407,0.91854,0.57488,1,0.35697,1,0.28602,1,0.18948,0.88691,0,0.99711,0,0.89026,0,0.70898,0.09039,0.61161,0.09039,0.44364,0.07511,0.32215,0.15105,0.07266,0.31389,0,0.59661,0,1,0,0.38089,0.37262,0.37195,0.60702,0.52192,0.12901,0.24623,0.77268,0.36426,0.8089,0.52818,0.77417,0.17695,0.70107,0.60428,0.69082,0.09101,0.79295,0.82046,0.82335,0.59242,0.55815,0.2111,0.51368],"triangles":[33,3,4,9,31,33,33,4,5,6,33,5,8,33,6,9,33,8,8,6,7,32,16,30,13,32,27,15,16,32,15,32,13,14,15,13,22,23,0,26,21,22,20,21,26,26,22,0,24,20,26,19,20,24,26,0,1,24,26,1,28,13,27,12,13,28,29,31,9,11,28,10,11,12,28,29,28,25,31,34,3,30,17,35,35,18,19,24,35,19,34,24,2,25,35,24,25,24,34,25,34,31,30,35,25,29,25,31,27,30,25,17,18,35,3,34,2,16,17,30,31,3,33,28,27,25,32,30,27,28,29,10,10,29,9,2,24,1],"vertices":[1,3,20.1,-15.5,1,2,2,15.78,-21.92,0.45,3,9.35999,-20.46999,0.55,2,2,9.75,-16.58,0.96,3,2.04,-17.12,0.04,1,2,4.55,-16.56,1,2,3,-4.63,-23.77,0.00624,21,7.72,6.13,0.99375,1,21,11.65,5.74,1,1,21,15.83,0.26,1,1,21,17.57,-2.01,1,1,21,12.85,-5.61,1,2,2,-8.85,-12.07,0.13293,21,4.98,-7.21,0.86705,1,2,-12.67,-10.02,1,1,2,-13.79,-2.03,1,1,2,-14.15,0.56,1,2,2,-9.29,4.46999,0.18114,22,5,5.07,0.81885,1,22,13.89,3.02,1,1,22,10.33,-0.07,1,1,22,4.46,-5.19,1,1,2,1.38,10.04,1,2,2,8.53,11.04,0.92,3,-7.16,8.95,0.08,2,2,13.63,12.32,0.51187,3,-2.65,11.66,0.48812,1,3,7.64,12.35,1,2,2,28.57,5.49,0.00645,3,13.62,9.47,0.99354,2,3,18.02,-0.01,0.99847,21,-20.37,23.12,0.00152,1,3,24.3,-13.55,1,2,2,13.04,0.81,0.5,3,0.13,0.49,0.5,1,2,3.01,-0.24,1,1,3,11.83,0.15,1,1,2,-4.67999,3.37,1,1,2,-5.61,-1.16,1,1,2,-3.3,-6.96,1,1,2,-1.98,6.33,1,1,2,0.63,-9.26,1,1,22,4.96999,-0.28,1,1,21,7.68,0,1,1,2,6.22,-8.03,1,1,2,6.16,6.2,1],"hull":24}},"MON20079_DL_12":{"MON20079_DL_12":{"x":3.81,"y":-0.58,"rotation":126.7,"width":12,"height":11}},"MON20079_DL_13":{"MON20079_DL_13":{"x":5.32,"y":-0.54,"rotation":125.43,"width":17,"height":22}},"MON20079_DL_14":{"MON20079_DL_14":{"x":7.08,"y":-0.3,"rotation":-120.72,"width":24,"height":33}},"MON20079_DL_15":{"MON20079_DL_15":{"x":10.68,"y":-0.05,"rotation":119.52,"width":14,"height":23}},"MON20079_DL_16":{"MON20079_DL_16":{"x":10.17,"y":-1.03,"rotation":76.27,"width":16,"height":40}},"MON20079_DL_17":{"MON20079_DL_17":{"x":13.26,"y":-1.57,"rotation":74.41,"width":18,"height":29}},"MON20079_DL_18":{"MON20079_DL_18":{"x":12.19,"y":1.38,"rotation":86.87,"width":14,"height":36}},"MON20079_DL_19":{"MON20079_DL_19":{"x":12.06,"y":0.03,"rotation":84.47,"width":14,"height":29}},"MON20079_DL_2":{"MON20079_DL_2":{"type":"weightedmesh","uvs":[1,0.15501,0.84863,0.24998,0.7555,0.39243,0.79541,0.56301,0.90185,0.69139,1,0.78108,1,1,0.82202,1,0.6402,0.91297,0.26324,0.77404,0.08418,0.61408,0,0.49091,0,0.34494,0,0.20425,0.16124,0.08291,0.37855,0,1,0,0.47704,0.17852,0.30852,0.36407,0.455,0.59892,0.62755,0.75891,0.86249,0.87604,0.3946,0.26928],"triangles":[7,8,21,21,5,6,7,21,6,21,20,4,21,4,5,8,20,21,20,19,3,20,3,4,9,10,19,9,19,20,9,20,8,11,12,18,19,18,2,19,2,3,10,11,18,10,18,19,22,14,17,13,14,22,18,12,13,22,18,13,22,17,2,18,22,2,17,15,16,16,1,17,14,15,17,0,1,16,2,17,1],"vertices":[2,8,-1.75,6.15,0.98922,30,-5.25,11.15,0.01077,3,8,4.33,8.43999,0.68802,30,1.07,9.57,0.31197,34,-32.84,15.82,0,4,30,9.58,10.13,0.33988,31,4.21,9.46,0.65785,32,-8.68999,10.29,0.00224,34,-26.43,10.18,0,3,30,18.69,14.11,0.00156,31,13.97,7.59,0.47619,32,0.86,7.61,0.52224,2,32,8.68999,7.23,0.58711,33,0.5,7.42,0.41288,3,32,14.36,7.47,0.07523,33,5.97,5.93,0.87219,34,-3.78,5.02,0.05256,1,34,7.54,-0.7,1,2,33,13.32,-5.19,0.01208,34,5.7,-4.35,0.98791,2,33,6.77,-5.3,0.65689,34,-0.68,-5.8,0.3431,3,32,7.91,-8.18999,0.86744,33,-4.92999,-7.02,0.13255,34,-11.79,-9.91,0,3,31,12.26,-8.93999,0.6711,32,-2.22,-8.72,0.32889,34,-21.93,-9.39,0,3,31,4.86,-8.81,0.977,32,-9.58,-7.97,0.02299,34,-29.18,-7.9,0,3,30,12.43,-7.22,0.65267,31,-3.26,-6.45,0.34732,34,-36.73,-4.08,0,3,30,4.67999,-9.78,0.99496,31,-11.1,-4.17,0.00503,34,-44.02,-0.39,0,3,8,11.11,-8.81,0.48135,30,-3.16,-8.47,0.51864,34,-48.62,6.08,0,1,8,4.21999,-9.64,1,2,8,-7.17,-1.02,1,34,-44.21,25.47,0,2,8,8.64999,-0.01,0.5,30,-0.17,0.15,0.5,2,30,11.25,-0.14,0.5,31,-0.22,0.05,0.5,2,31,13.79,-0.5,0.5,32,0,-0.44,0.5,2,32,10.09,-0.06,0.5,33,-0.38,0.05,0.5,2,33,8.29,0.02,0.5,34,-0.29,-0.27,0.5,1,30,5.41,0.01,1],"hull":17}},"MON20079_DL_21":{"MON20079_DL_21":{"type":"weightedmesh","uvs":[0.4867,0.05315,0.6635,0.10524,0.88239,0.18574,1,0.25836,1,0.42094,1,0.53618,0.67337,0.70307,0.57304,0.7931,0.61246,0.88675,0.79879,1,0.6952,1,0.46912,1,0.17529,0.92975,0,0.78638,0,0.6117,0.11628,0.47303,0.16655,0.40009,0.21309,0.33255,0.18363,0.21731,0.1281,0.15426,0,0.11629,0,0.08667,0,0.03894,0.10493,0,0.27562,0,0.43198,0,0.28172,0.10137,0.43581,0.18824,0.61905,0.34094,0.54766,0.52596,0.35099,0.66232,0.27328,0.79422,0.39366,0.90453,0.58051,0.44084,0.16636,0.03522],"triangles":[10,11,32,12,32,11,10,8,9,10,32,8,32,31,7,32,7,8,12,13,31,12,31,32,31,13,14,7,30,6,30,31,14,31,30,7,30,15,29,14,15,30,6,29,5,30,29,6,28,3,4,33,17,28,33,28,4,16,17,33,29,16,33,15,16,29,33,4,5,29,33,5,17,18,27,28,27,1,28,1,2,28,2,3,17,27,28,27,26,0,27,0,1,18,19,26,18,26,27,26,25,0,19,20,21,34,19,21,34,23,24,21,22,23,21,23,34,34,24,26,19,34,26,26,24,25],"vertices":[3,25,7.27,8.63,0.33489,39,1.84,8.54,0.63768,40,-11.87,5.62,0.02741,3,25,14.83,11.51,0.00602,39,9.60999,10.8,0.62281,40,-4.96,9.84,0.37116,3,39,20.48,12.7,0.10877,40,5.02,14.53,0.85315,41,-16.92,7.08,0.03805,4,39,28.61,12.08,0.00989,40,13.03,16.07,0.80338,41,-10.72,12.38,0.18671,43,-41.78,19.04,0,5,39,41.3,2.98,0,40,27.66,10.63,0.17264,41,4.67999,14.89,0.79224,42,-16.9,9.68999,0.03511,43,-26.29,20.96999,0,4,39,50.29,-3.46,0,40,38.03,6.77,0.00495,41,15.6,16.67,0.74519,42,-7.22,15.05,0.24984,5,39,56.46,-22.35,0,41,33.31,7.64,0.02836,42,12.49,12.53,0.56141,43,2.05,12.65,0.34774,44,-2.51,15.87,0.06248,5,39,61.38,-30.32,0,42,21.81,13.55,0.05363,43,11.07,10.14,0.35678,44,4.17,9.31,0.54891,45,-2.87,11.86,0.04065,4,39,69.51,-34.4,0,43,19.82,12.66,0.01327,44,13.05,7.29,0.2902,45,4.17999,6.12,0.69651,2,39,82.25,-35.29,0,45,16.45,2.51,1,2,39,80.08,-38.32,0,45,13.67,0.02,1,2,39,75.33999,-44.93,0,45,7.61,-5.41,1,3,39,63.69,-49.6,0,44,11.05,-8.85,0.82881,45,-4.76,-7.47,0.17118,3,39,48.83,-46.71,0,43,12.98,-10.41,0.65696,44,-4.07,-9.60999,0.34303,4,39,35.2,-36.93999,0,41,28.55,-17.69,0.01581,42,16.57,-12.93,0.56091,43,-3.65,-12.49,0.42327,4,40,21.26,-20.92,0.03173,41,14.74,-15.7,0.41566,42,2.89,-15.72,0.53731,43,-17.37999,-9.97999,0.01528,4,39,22.19,-20.23,0.00415,40,15.33,-16.79,0.19693,41,7.53,-15.04,0.59895,42,-4.11,-17.53,0.19995,5,39,17.89,-15.09,0.06364,40,9.83,-12.96,0.5422,41,0.86,-14.43,0.35932,42,-10.59,-19.20999,0.03482,43,-31.2,-8.18999,0,5,25,15.16,-8.83,0.0118,39,8.29,-9.5,0.6541,40,-0.9,-10.09,0.32237,41,-9.88,-17.26,0.01171,43,-42.05,-10.61,0,3,25,8.93999,-7.43,0.32622,39,2.2,-7.6,0.64499,40,-7.27,-9.85999,0.02877,1,25,3.44,-9.5,1,1,25,1,-8.04,1,4,25,-2.91,-5.68,0.99821,39,-9.47,-4.9,0.00177,41,-25.72,-26.54,0,43,-58.24,-19.29,0,3,25,-4.17,-0.51,0.99999,41,-30.02,-23.41,0,43,-62.41,-16,0,1,25,-1.01,4.73999,1,1,25,1.88,9.57,1,2,25,7.44,-0.07,0.5,39,1.29999,-0.15,0.5,2,39,11.31,-0.5,0.5,40,-0.35,-0.61,0.5,2,40,15.68,0.45,0.5,41,-0.68,0.12,0.5,2,41,17.26,0.44,0.5,42,-0.18,0.33,0.5,2,42,14.69,0.47,0.5,43,-0.39,0.64999,0.5,2,43,12.51,-0.55,0.5,44,0.27,-0.75,0.5,2,44,11.71,-0.64999,0.5,45,-0.52999,-0.41,0.5,1,41,9,0.29,1,1,25,-0.14,-0.36,1],"hull":26}},"MON20079_DL_22":{"MON20079_DL_22":{"x":24.13,"y":0.38,"rotation":-142.31,"width":146,"height":116}},"MON20079_DL_3":{"MON20079_DL_3":{"x":14.76,"y":-3.02,"rotation":-43.43,"width":37,"height":36}},"MON20079_DL_4":{"MON20079_DL_4":{"x":45.8,"y":-13.58,"rotation":-92.15,"width":118,"height":118}},"MON20079_DL_5":{"MON20079_DL_5":{"x":3.95,"y":-0.93,"rotation":-93.81,"width":29,"height":27}},"MON20079_DL_6":{"MON20079_DL_6":{"x":3.48,"y":-1.43,"rotation":87.11,"width":13,"height":13},"MON20079_DL_100":{"x":5.01,"y":-1.01,"rotation":87.11,"width":12,"height":16}},"MON20079_DL_7":{"MON20079_DL_7":{"x":6.77,"y":-0.04,"rotation":81.95,"width":17,"height":25}},"MON20079_DL_8":{"MON20079_DL_8":{"x":7.92,"y":-0.31,"rotation":60.65,"width":15,"height":23}},"MON20079_DL_9":{"MON20079_DL_9":{"x":-1.56,"y":-2.18,"rotation":172.6,"width":25,"height":14}},"fx_hanqi":{"fx/hanqi_00000":{"rotation":-62.12,"width":72,"height":72},"fx/hanqi_00002":{"rotation":-62.12,"width":72,"height":72},"fx/hanqi_00004":{"rotation":-62.12,"width":72,"height":72},"fx/hanqi_00006":{"rotation":-62.12,"width":72,"height":72},"fx/hanqi_00008":{"rotation":-62.12,"width":72,"height":72},"fx/hanqi_00010":{"rotation":-62.12,"width":72,"height":72},"fx/hanqi_00012":{"rotation":-62.12,"width":72,"height":72},"fx/hanqi_00014":{"rotation":-62.12,"width":72,"height":72},"fx/hanqi_00016":{"rotation":-62.12,"width":72,"height":72},"fx/hanqi_00018":{"rotation":-62.12,"width":72,"height":72},"fx/hanqi_00020":{"rotation":-62.12,"width":72,"height":72},"fx/hanqi_00022":{"rotation":-62.12,"width":72,"height":72},"fx/hanqi_00024":{"rotation":-62.12,"width":72,"height":72},"fx/hanqi_00026":{"rotation":-62.12,"width":72,"height":72},"fx/hanqi_00028":{"rotation":-62.12,"width":72,"height":72}},"fx_skill_baoshi":{"fx/baoshi_00000":{"x":6.61,"y":-1.78,"scaleX":2,"scaleY":2,"rotation":-99.88,"width":28,"height":34}},"fx_wuqibaoshi":{"fx/wuqi_00000":{"x":6.49,"y":0.9,"scaleX":2,"scaleY":2,"rotation":-157.01,"width":49,"height":47}},"shadow":{"shadow":{"x":0.71,"y":0.14,"rotation":88.78,"width":85,"height":42}}}},"animations":{"wiat_DL":{"slots":{"MON20079_DL_05":{"attachment":[{"time":0,"name":"MON20079_DL_014"},{"time":1.3333,"name":"MON20079_DL_011"},{"time":1.5333,"name":"MON20079_DL_014"},{"time":2.4,"name":"MON20079_DL_014"}]},"fx_hanqi":{"attachment":[{"time":0,"name":"fx/hanqi_00000"},{"time":0.0666,"name":"fx/hanqi_00002"},{"time":0.1333,"name":"fx/hanqi_00004"},{"time":0.2,"name":"fx/hanqi_00006"},{"time":0.2666,"name":"fx/hanqi_00008"},{"time":0.3333,"name":"fx/hanqi_00010"},{"time":0.4,"name":"fx/hanqi_00012"},{"time":0.4666,"name":"fx/hanqi_00014"},{"time":0.5333,"name":"fx/hanqi_00016"},{"time":0.6,"name":"fx/hanqi_00018"},{"time":0.6666,"name":"fx/hanqi_00020"},{"time":0.7333,"name":"fx/hanqi_00022"},{"time":0.8,"name":"fx/hanqi_00024"},{"time":0.8666,"name":"fx/hanqi_00026"},{"time":0.9333,"name":"fx/hanqi_00028"},{"time":1,"name":"fx/hanqi_00000"},{"time":1.0666,"name":"fx/hanqi_00002"},{"time":1.1333,"name":"fx/hanqi_00004"},{"time":1.2,"name":"fx/hanqi_00006"},{"time":1.2666,"name":"fx/hanqi_00008"},{"time":1.3333,"name":"fx/hanqi_00010"},{"time":1.4,"name":"fx/hanqi_00012"},{"time":1.4666,"name":"fx/hanqi_00014"},{"time":1.5333,"name":"fx/hanqi_00016"},{"time":1.6,"name":"fx/hanqi_00018"},{"time":1.6666,"name":"fx/hanqi_00020"},{"time":1.7333,"name":"fx/hanqi_00022"},{"time":1.8,"name":"fx/hanqi_00024"},{"time":1.8666,"name":"fx/hanqi_00026"},{"time":1.9333,"name":"fx/hanqi_00028"},{"time":2,"name":"fx/hanqi_00000"},{"time":2.0666,"name":"fx/hanqi_00002"},{"time":2.1333,"name":"fx/hanqi_00004"},{"time":2.2,"name":"fx/hanqi_00006"},{"time":2.2666,"name":"fx/hanqi_00008"},{"time":2.3333,"name":"fx/hanqi_00010"},{"time":2.4,"name":"fx/hanqi_00012"}]},"fx_skill_baoshi":{"color":[{"time":0,"color":"ffffffff"},{"time":0.6,"color":"ffffff00"},{"time":1.2,"color":"ffffffff"},{"time":1.8,"color":"ffffff00"},{"time":2.4,"color":"ffffffff"}]},"fx_wuqibaoshi":{"color":[{"time":0,"color":"ffffffff"},{"time":0.6,"color":"ffffff00"},{"time":1.2,"color":"ffffffff"},{"time":1.8,"color":"ffffff00"},{"time":2.4,"color":"ffffffff"}]}},"bones":{"root":{"rotate":[{"time":0,"angle":0,"curve":"stepped"},{"time":1.2,"angle":0,"curve":"stepped"},{"time":2.4,"angle":0}],"translate":[{"time":0,"x":0,"y":0,"curve":"stepped"},{"time":1.2,"x":0,"y":0,"curve":"stepped"},{"time":2.4,"x":0,"y":0}],"scale":[{"time":0,"x":1,"y":1,"curve":"stepped"},{"time":1.2,"x":1,"y":1,"curve":"stepped"},{"time":2.4,"x":1,"y":1}]},"bone":{"rotate":[{"time":0,"angle":0,"curve":"stepped"},{"time":1.2,"angle":0,"curve":"stepped"},{"time":2.4,"angle":0}],"translate":[{"time":0,"x":0,"y":0,"curve":"stepped"},{"time":1.2,"x":0,"y":0,"curve":"stepped"},{"time":2.4,"x":0,"y":0}],"scale":[{"time":0,"x":1,"y":1,"curve":"stepped"},{"time":1.2,"x":1,"y":1,"curve":"stepped"},{"time":2.4,"x":1,"y":1}]},"MON20079_DL_11":{"rotate":[{"time":0,"angle":0,"curve":[0.25,0,0.75,1]},{"time":0.6,"angle":3.53,"curve":[0.25,0,0.75,1]},{"time":1.2,"angle":0,"curve":[0.25,0,0.75,1]},{"time":1.8,"angle":3.53,"curve":[0.25,0,0.75,1]},{"time":2.4,"angle":0}],"translate":[{"time":0,"x":0,"y":0,"curve":[0.25,0,0.75,1]},{"time":0.6,"x":0,"y":-6.78,"curve":[0.25,0,0.75,1]},{"time":1.2,"x":0,"y":0,"curve":[0.25,0,0.75,1]},{"time":1.8,"x":0,"y":-6.78,"curve":[0.25,0,0.75,1]},{"time":2.4,"x":0,"y":0}],"scale":[{"time":0,"x":1,"y":1,"curve":"stepped"},{"time":1.2,"x":1,"y":1,"curve":"stepped"},{"time":2.4,"x":1,"y":1}]},"MON20079_DL_12":{"rotate":[{"time":0,"angle":0,"curve":"stepped"},{"time":1.2,"angle":0,"curve":"stepped"},{"time":2.4,"angle":0}],"translate":[{"time":0,"x":0,"y":0,"curve":"stepped"},{"time":1.2,"x":0,"y":0,"curve":"stepped"},{"time":2.4,"x":0,"y":0}],"scale":[{"time":0,"x":1,"y":1,"curve":"stepped"},{"time":1.2,"x":1,"y":1,"curve":"stepped"},{"time":2.4,"x":1,"y":1}]},"MON20079_DL_5":{"rotate":[{"time":0,"angle":0,"curve":"stepped"},{"time":1.2,"angle":0,"curve":"stepped"},{"time":2.4,"angle":0}],"translate":[{"time":0,"x":0,"y":0,"curve":"stepped"},{"time":1.2,"x":0,"y":0,"curve":"stepped"},{"time":2.4,"x":0,"y":0}],"scale":[{"time":0,"x":1,"y":1,"curve":"stepped"},{"time":1.2,"x":1,"y":1,"curve":"stepped"},{"time":2.4,"x":1,"y":1}]},"MON20079_DL_4":{"rotate":[{"time":0,"angle":0},{"time":0.6,"angle":4.14},{"time":1.2,"angle":0},{"time":1.8,"angle":4.14},{"time":2.4,"angle":0}],"translate":[{"time":0,"x":0,"y":0},{"time":0.6,"x":-1.04,"y":1.84},{"time":1.2,"x":0,"y":0},{"time":1.8,"x":-1.04,"y":1.84},{"time":2.4,"x":0,"y":0}],"scale":[{"time":0,"x":1,"y":1,"curve":"stepped"},{"time":0.6,"x":1,"y":1,"curve":"stepped"},{"time":1.2,"x":1,"y":1,"curve":"stepped"},{"time":1.8,"x":1,"y":1,"curve":"stepped"},{"time":2.4,"x":1,"y":1}]},"MON20079_DL_05":{"rotate":[{"time":0,"angle":0,"curve":"stepped"},{"time":1.2,"angle":0,"curve":"stepped"},{"time":2.4,"angle":0}],"translate":[{"time":0,"x":0,"y":0,"curve":"stepped"},{"time":1.2,"x":0,"y":0,"curve":"stepped"},{"time":2.4,"x":0,"y":0}],"scale":[{"time":0,"x":1,"y":1,"curve":"stepped"},{"time":1.2,"x":1,"y":1,"curve":"stepped"},{"time":2.4,"x":1,"y":1}]},"MON20079_DL_01":{"rotate":[{"time":0,"angle":0,"curve":"stepped"},{"time":1.2,"angle":0,"curve":"stepped"},{"time":2.4,"angle":0}],"translate":[{"time":0,"x":0,"y":0,"curve":"stepped"},{"time":1.2,"x":0,"y":0,"curve":"stepped"},{"time":2.4,"x":0,"y":0}],"scale":[{"time":0,"x":1,"y":1,"curve":"stepped"},{"time":1.2,"x":1,"y":1,"curve":"stepped"},{"time":2.4,"x":1,"y":1}]},"MON20079_DL_06":{"rotate":[{"time":0,"angle":0,"curve":"stepped"},{"time":1.2,"angle":0,"curve":"stepped"},{"time":2.4,"angle":0}],"translate":[{"time":0,"x":0,"y":0,"curve":"stepped"},{"time":1.2,"x":0,"y":0,"curve":"stepped"},{"time":2.4,"x":0,"y":0}],"scale":[{"time":0,"x":1,"y":1,"curve":"stepped"},{"time":1.2,"x":1,"y":1,"curve":"stepped"},{"time":2.4,"x":1,"y":1}]},"MON20079_DL_2":{"rotate":[{"time":0,"angle":0,"curve":"stepped"},{"time":0.4,"angle":0,"curve":"stepped"},{"time":0.8,"angle":0,"curve":"stepped"},{"time":1.2,"angle":0,"curve":"stepped"},{"time":1.6,"angle":0,"curve":"stepped"},{"time":2,"angle":0,"curve":"stepped"},{"time":2.4,"angle":0}],"translate":[{"time":0,"x":0,"y":0,"curve":"stepped"},{"time":0.4,"x":0,"y":0,"curve":"stepped"},{"time":0.8,"x":0,"y":0,"curve":"stepped"},{"time":1.2,"x":0,"y":0,"curve":"stepped"},{"time":1.6,"x":0,"y":0,"curve":"stepped"},{"time":2,"x":0,"y":0,"curve":"stepped"},{"time":2.4,"x":0,"y":0}],"scale":[{"time":0,"x":1,"y":1,"curve":"stepped"},{"time":0.4,"x":1,"y":1,"curve":"stepped"},{"time":0.8,"x":1,"y":1,"curve":"stepped"},{"time":1.2,"x":1,"y":1,"curve":"stepped"},{"time":1.6,"x":1,"y":1,"curve":"stepped"},{"time":2,"x":1,"y":1,"curve":"stepped"},{"time":2.4,"x":1,"y":1}]},"bone2":{"rotate":[{"time":0,"angle":0},{"time":0.4,"angle":-16.31},{"time":0.8,"angle":5.64},{"time":1.2,"angle":0},{"time":1.6,"angle":-16.31},{"time":2,"angle":5.64},{"time":2.4,"angle":0}],"translate":[{"time":0,"x":0,"y":0,"curve":"stepped"},{"time":0.4,"x":0,"y":0,"curve":"stepped"},{"time":0.8,"x":0,"y":0,"curve":"stepped"},{"time":1.2,"x":0,"y":0,"curve":"stepped"},{"time":1.6,"x":0,"y":0,"curve":"stepped"},{"time":2,"x":0,"y":0,"curve":"stepped"},{"time":2.4,"x":0,"y":0}],"scale":[{"time":0,"x":1,"y":1,"curve":"stepped"},{"time":0.4,"x":1,"y":1,"curve":"stepped"},{"time":0.8,"x":1,"y":1,"curve":"stepped"},{"time":1.2,"x":1,"y":1,"curve":"stepped"},{"time":1.6,"x":1,"y":1,"curve":"stepped"},{"time":2,"x":1,"y":1,"curve":"stepped"},{"time":2.4,"x":1,"y":1}]},"bone3":{"rotate":[{"time":0,"angle":0},{"time":0.4,"angle":-13.83},{"time":0.8,"angle":-12.59},{"time":1.2,"angle":0},{"time":1.6,"angle":-13.83},{"time":2,"angle":-12.59},{"time":2.4,"angle":0}],"translate":[{"time":0,"x":0,"y":0,"curve":"stepped"},{"time":0.4,"x":0,"y":0,"curve":"stepped"},{"time":0.8,"x":0,"y":0,"curve":"stepped"},{"time":1.2,"x":0,"y":0,"curve":"stepped"},{"time":1.6,"x":0,"y":0,"curve":"stepped"},{"time":2,"x":0,"y":0,"curve":"stepped"},{"time":2.4,"x":0,"y":0}],"scale":[{"time":0,"x":1,"y":1,"curve":"stepped"},{"time":0.4,"x":1,"y":1,"curve":"stepped"},{"time":0.8,"x":1,"y":1,"curve":"stepped"},{"time":1.2,"x":1,"y":1,"curve":"stepped"},{"time":1.6,"x":1,"y":1,"curve":"stepped"},{"time":2,"x":1,"y":1,"curve":"stepped"},{"time":2.4,"x":1,"y":1}]},"bone4":{"rotate":[{"time":0,"angle":0},{"time":0.4,"angle":13.19},{"time":0.8,"angle":-23.69},{"time":1.2,"angle":0},{"time":1.6,"angle":13.19},{"time":2,"angle":-23.69},{"time":2.4,"angle":0}],"translate":[{"time":0,"x":0,"y":0,"curve":"stepped"},{"time":0.4,"x":0,"y":0,"curve":"stepped"},{"time":0.8,"x":0,"y":0,"curve":"stepped"},{"time":1.2,"x":0,"y":0,"curve":"stepped"},{"time":1.6,"x":0,"y":0,"curve":"stepped"},{"time":2,"x":0,"y":0,"curve":"stepped"},{"time":2.4,"x":0,"y":0}],"scale":[{"time":0,"x":1,"y":1,"curve":"stepped"},{"time":0.4,"x":1,"y":1,"curve":"stepped"},{"time":0.8,"x":1,"y":1,"curve":"stepped"},{"time":1.2,"x":1,"y":1,"curve":"stepped"},{"time":1.6,"x":1,"y":1,"curve":"stepped"},{"time":2,"x":1,"y":1,"curve":"stepped"},{"time":2.4,"x":1,"y":1}]},"bone5":{"rotate":[{"time":0,"angle":0,"curve":"stepped"},{"time":0.4,"angle":0},{"time":0.8,"angle":-36.89},{"time":1.2,"angle":0,"curve":"stepped"},{"time":1.6,"angle":0},{"time":2,"angle":-36.89},{"time":2.4,"angle":0}],"translate":[{"time":0,"x":0,"y":0,"curve":"stepped"},{"time":0.4,"x":0,"y":0,"curve":"stepped"},{"time":0.8,"x":0,"y":0,"curve":"stepped"},{"time":1.2,"x":0,"y":0,"curve":"stepped"},{"time":1.6,"x":0,"y":0,"curve":"stepped"},{"time":2,"x":0,"y":0,"curve":"stepped"},{"time":2.4,"x":0,"y":0}],"scale":[{"time":0,"x":1,"y":1,"curve":"stepped"},{"time":0.4,"x":1,"y":1,"curve":"stepped"},{"time":0.8,"x":1,"y":1,"curve":"stepped"},{"time":1.2,"x":1,"y":1,"curve":"stepped"},{"time":1.6,"x":1,"y":1,"curve":"stepped"},{"time":2,"x":1,"y":1,"curve":"stepped"},{"time":2.4,"x":1,"y":1}]},"bone6":{"rotate":[{"time":0,"angle":0},{"time":0.4,"angle":26.19},{"time":0.8,"angle":0,"curve":"stepped"},{"time":1.2,"angle":0},{"time":1.6,"angle":26.19},{"time":2,"angle":0,"curve":"stepped"},{"time":2.4,"angle":0}],"translate":[{"time":0,"x":0,"y":0,"curve":"stepped"},{"time":0.4,"x":0,"y":0,"curve":"stepped"},{"time":0.8,"x":0,"y":0,"curve":"stepped"},{"time":1.2,"x":0,"y":0,"curve":"stepped"},{"time":1.6,"x":0,"y":0,"curve":"stepped"},{"time":2,"x":0,"y":0,"curve":"stepped"},{"time":2.4,"x":0,"y":0}],"scale":[{"time":0,"x":1,"y":1,"curve":"stepped"},{"time":0.4,"x":1,"y":1,"curve":"stepped"},{"time":0.8,"x":1,"y":1,"curve":"stepped"},{"time":1.2,"x":1,"y":1,"curve":"stepped"},{"time":1.6,"x":1,"y":1,"curve":"stepped"},{"time":2,"x":1,"y":1,"curve":"stepped"},{"time":2.4,"x":1,"y":1}]},"MON20079_DL_1":{"rotate":[{"time":0,"angle":0,"curve":"stepped"},{"time":0.4,"angle":0,"curve":"stepped"},{"time":0.8,"angle":0,"curve":"stepped"},{"time":1.2,"angle":0,"curve":"stepped"},{"time":1.6,"angle":0,"curve":"stepped"},{"time":2,"angle":0,"curve":"stepped"},{"time":2.4,"angle":0}],"translate":[{"time":0,"x":0,"y":0,"curve":"stepped"},{"time":0.4,"x":0,"y":0,"curve":"stepped"},{"time":0.8,"x":0,"y":0,"curve":"stepped"},{"time":1.2,"x":0,"y":0,"curve":"stepped"},{"time":1.6,"x":0,"y":0,"curve":"stepped"},{"time":2,"x":0,"y":0,"curve":"stepped"},{"time":2.4,"x":0,"y":0}],"scale":[{"time":0,"x":1,"y":1,"curve":"stepped"},{"time":0.4,"x":1,"y":1,"curve":"stepped"},{"time":0.8,"x":1,"y":1,"curve":"stepped"},{"time":1.2,"x":1,"y":1,"curve":"stepped"},{"time":1.6,"x":1,"y":1,"curve":"stepped"},{"time":2,"x":1,"y":1,"curve":"stepped"},{"time":2.4,"x":1,"y":1}]},"MON20079_DL_3":{"rotate":[{"time":0,"angle":0},{"time":0.4,"angle":3.14},{"time":0.8,"angle":5.71},{"time":1.2,"angle":0},{"time":1.6,"angle":3.14},{"time":2,"angle":5.71},{"time":2.4,"angle":0}],"translate":[{"time":0,"x":0,"y":0,"curve":"stepped"},{"time":0.4,"x":0,"y":0,"curve":"stepped"},{"time":0.8,"x":0,"y":0,"curve":"stepped"},{"time":1.2,"x":0,"y":0,"curve":"stepped"},{"time":1.6,"x":0,"y":0,"curve":"stepped"},{"time":2,"x":0,"y":0,"curve":"stepped"},{"time":2.4,"x":0,"y":0}],"scale":[{"time":0,"x":1,"y":1,"curve":"stepped"},{"time":0.4,"x":1,"y":1,"curve":"stepped"},{"time":0.8,"x":1,"y":1,"curve":"stepped"},{"time":1.2,"x":1,"y":1,"curve":"stepped"},{"time":1.6,"x":1,"y":1,"curve":"stepped"},{"time":2,"x":1,"y":1,"curve":"stepped"},{"time":2.4,"x":1,"y":1}]},"bone7":{"rotate":[{"time":0,"angle":0},{"time":0.4,"angle":5.89},{"time":0.8,"angle":0.66},{"time":1.2,"angle":0},{"time":1.6,"angle":5.89},{"time":2,"angle":0.66},{"time":2.4,"angle":0}],"translate":[{"time":0,"x":0,"y":0,"curve":"stepped"},{"time":0.4,"x":0,"y":0,"curve":"stepped"},{"time":0.8,"x":0,"y":0,"curve":"stepped"},{"time":1.2,"x":0,"y":0,"curve":"stepped"},{"time":1.6,"x":0,"y":0,"curve":"stepped"},{"time":2,"x":0,"y":0,"curve":"stepped"},{"time":2.4,"x":0,"y":0}],"scale":[{"time":0,"x":1,"y":1,"curve":"stepped"},{"time":0.4,"x":1,"y":1,"curve":"stepped"},{"time":0.8,"x":1,"y":1,"curve":"stepped"},{"time":1.2,"x":1,"y":1,"curve":"stepped"},{"time":1.6,"x":1,"y":1,"curve":"stepped"},{"time":2,"x":1,"y":1,"curve":"stepped"},{"time":2.4,"x":1,"y":1}]},"bone8":{"rotate":[{"time":0,"angle":0},{"time":0.4,"angle":5.83},{"time":0.8,"angle":-7.39},{"time":1.2,"angle":0},{"time":1.6,"angle":5.83},{"time":2,"angle":-7.39},{"time":2.4,"angle":0}],"translate":[{"time":0,"x":0,"y":0,"curve":"stepped"},{"time":0.4,"x":0,"y":0,"curve":"stepped"},{"time":0.8,"x":0,"y":0,"curve":"stepped"},{"time":1.2,"x":0,"y":0,"curve":"stepped"},{"time":1.6,"x":0,"y":0,"curve":"stepped"},{"time":2,"x":0,"y":0,"curve":"stepped"},{"time":2.4,"x":0,"y":0}],"scale":[{"time":0,"x":1,"y":1,"curve":"stepped"},{"time":0.4,"x":1,"y":1,"curve":"stepped"},{"time":0.8,"x":1,"y":1,"curve":"stepped"},{"time":1.2,"x":1,"y":1,"curve":"stepped"},{"time":1.6,"x":1,"y":1,"curve":"stepped"},{"time":2,"x":1,"y":1,"curve":"stepped"},{"time":2.4,"x":1,"y":1}]},"bone9":{"rotate":[{"time":0,"angle":0},{"time":0.4,"angle":1.55},{"time":0.8,"angle":-16.89},{"time":1.2,"angle":0},{"time":1.6,"angle":1.55},{"time":2,"angle":-16.89},{"time":2.4,"angle":0}],"translate":[{"time":0,"x":0,"y":0,"curve":"stepped"},{"time":0.4,"x":0,"y":0,"curve":"stepped"},{"time":0.8,"x":0,"y":0,"curve":"stepped"},{"time":1.2,"x":0,"y":0,"curve":"stepped"},{"time":1.6,"x":0,"y":0,"curve":"stepped"},{"time":2,"x":0,"y":0,"curve":"stepped"},{"time":2.4,"x":0,"y":0}],"scale":[{"time":0,"x":1,"y":1,"curve":"stepped"},{"time":0.4,"x":1,"y":1,"curve":"stepped"},{"time":0.8,"x":1,"y":1,"curve":"stepped"},{"time":1.2,"x":1,"y":1,"curve":"stepped"},{"time":1.6,"x":1,"y":1,"curve":"stepped"},{"time":2,"x":1,"y":1,"curve":"stepped"},{"time":2.4,"x":1,"y":1}]},"bone10":{"rotate":[{"time":0,"angle":0},{"time":0.4,"angle":-5.59},{"time":0.8,"angle":-21.14},{"time":1.2,"angle":0},{"time":1.6,"angle":-5.59},{"time":2,"angle":-21.14},{"time":2.4,"angle":0}],"translate":[{"time":0,"x":0,"y":0,"curve":"stepped"},{"time":0.4,"x":0,"y":0,"curve":"stepped"},{"time":0.8,"x":0,"y":0,"curve":"stepped"},{"time":1.2,"x":0,"y":0,"curve":"stepped"},{"time":1.6,"x":0,"y":0,"curve":"stepped"},{"time":2,"x":0,"y":0,"curve":"stepped"},{"time":2.4,"x":0,"y":0}],"scale":[{"time":0,"x":1,"y":1,"curve":"stepped"},{"time":0.4,"x":1,"y":1,"curve":"stepped"},{"time":0.8,"x":1,"y":1,"curve":"stepped"},{"time":1.2,"x":1,"y":1,"curve":"stepped"},{"time":1.6,"x":1,"y":1,"curve":"stepped"},{"time":2,"x":1,"y":1,"curve":"stepped"},{"time":2.4,"x":1,"y":1}]},"MON20079_DL_21":{"rotate":[{"time":0,"angle":0},{"time":0.6,"angle":-9.59},{"time":1.2,"angle":0},{"time":1.8,"angle":-9.59},{"time":2.4,"angle":0}],"translate":[{"time":0,"x":0,"y":0,"curve":"stepped"},{"time":0.6,"x":0,"y":0,"curve":"stepped"},{"time":1.2,"x":0,"y":0,"curve":"stepped"},{"time":1.8,"x":0,"y":0,"curve":"stepped"},{"time":2.4,"x":0,"y":0}],"scale":[{"time":0,"x":1,"y":1,"curve":"stepped"},{"time":0.6,"x":1,"y":1,"curve":"stepped"},{"time":1.2,"x":1,"y":1,"curve":"stepped"},{"time":1.8,"x":1,"y":1,"curve":"stepped"},{"time":2.4,"x":1,"y":1}]},"bone11":{"rotate":[{"time":0,"angle":0},{"time":0.2333,"angle":6.57},{"time":0.6,"angle":-5.7},{"time":1.2,"angle":0},{"time":1.4333,"angle":6.57},{"time":1.8,"angle":-5.7},{"time":2.4,"angle":0}],"translate":[{"time":0,"x":0,"y":0,"curve":"stepped"},{"time":0.6,"x":0,"y":0,"curve":"stepped"},{"time":1.2,"x":0,"y":0,"curve":"stepped"},{"time":1.8,"x":0,"y":0,"curve":"stepped"},{"time":2.4,"x":0,"y":0}],"scale":[{"time":0,"x":1,"y":1,"curve":"stepped"},{"time":0.6,"x":1,"y":1,"curve":"stepped"},{"time":1.2,"x":1,"y":1,"curve":"stepped"},{"time":1.8,"x":1,"y":1,"curve":"stepped"},{"time":2.4,"x":1,"y":1}]},"bone12":{"rotate":[{"time":0,"angle":0},{"time":0.2333,"angle":5.55},{"time":0.6,"angle":7.71},{"time":0.8333,"angle":-1.01},{"time":1.2,"angle":0},{"time":1.4333,"angle":5.55},{"time":1.8,"angle":7.71},{"time":2.0333,"angle":-1.01},{"time":2.4,"angle":0}],"translate":[{"time":0,"x":0,"y":0,"curve":"stepped"},{"time":0.6,"x":0,"y":0,"curve":"stepped"},{"time":1.2,"x":0,"y":0,"curve":"stepped"},{"time":1.8,"x":0,"y":0,"curve":"stepped"},{"time":2.4,"x":0,"y":0}],"scale":[{"time":0,"x":1,"y":1,"curve":"stepped"},{"time":0.6,"x":1,"y":1,"curve":"stepped"},{"time":1.2,"x":1,"y":1,"curve":"stepped"},{"time":1.8,"x":1,"y":1,"curve":"stepped"},{"time":2.4,"x":1,"y":1}]},"bone13":{"rotate":[{"time":0,"angle":0},{"time":0.2333,"angle":11.26},{"time":0.6,"angle":47.18},{"time":0.8333,"angle":22.43},{"time":1.2,"angle":0},{"time":1.4333,"angle":11.26},{"time":1.8,"angle":47.18},{"time":2.0333,"angle":22.43},{"time":2.4,"angle":0}],"translate":[{"time":0,"x":0,"y":0,"curve":"stepped"},{"time":0.6,"x":0,"y":0,"curve":"stepped"},{"time":1.2,"x":0,"y":0,"curve":"stepped"},{"time":1.8,"x":0,"y":0,"curve":"stepped"},{"time":2.4,"x":0,"y":0}],"scale":[{"time":0,"x":1,"y":1,"curve":"stepped"},{"time":0.6,"x":1,"y":1,"curve":"stepped"},{"time":1.2,"x":1,"y":1,"curve":"stepped"},{"time":1.8,"x":1,"y":1,"curve":"stepped"},{"time":2.4,"x":1,"y":1}]},"bone14":{"rotate":[{"time":0,"angle":0},{"time":0.2333,"angle":6.3},{"time":0.6,"angle":37.59},{"time":0.8333,"angle":38.47},{"time":1.2,"angle":0},{"time":1.4333,"angle":6.3},{"time":1.8,"angle":37.59},{"time":2.0333,"angle":38.47},{"time":2.4,"angle":0}],"translate":[{"time":0,"x":0,"y":0,"curve":"stepped"},{"time":0.6,"x":0,"y":0,"curve":"stepped"},{"time":1.2,"x":0,"y":0,"curve":"stepped"},{"time":1.8,"x":0,"y":0,"curve":"stepped"},{"time":2.4,"x":0,"y":0}],"scale":[{"time":0,"x":1,"y":1,"curve":"stepped"},{"time":0.6,"x":1,"y":1,"curve":"stepped"},{"time":1.2,"x":1,"y":1,"curve":"stepped"},{"time":1.8,"x":1,"y":1,"curve":"stepped"},{"time":2.4,"x":1,"y":1}]},"bone15":{"rotate":[{"time":0,"angle":0},{"time":0.2333,"angle":-41.97},{"time":0.6,"angle":-35.88},{"time":0.8333,"angle":-2.26},{"time":1.2,"angle":0},{"time":1.4333,"angle":-41.97},{"time":1.8,"angle":-35.88},{"time":2.0333,"angle":-2.26},{"time":2.4,"angle":0}],"translate":[{"time":0,"x":0,"y":0,"curve":"stepped"},{"time":0.6,"x":0,"y":0,"curve":"stepped"},{"time":1.2,"x":0,"y":0,"curve":"stepped"},{"time":1.8,"x":0,"y":0,"curve":"stepped"},{"time":2.4,"x":0,"y":0}],"scale":[{"time":0,"x":1,"y":1,"curve":"stepped"},{"time":0.6,"x":1,"y":1,"curve":"stepped"},{"time":1.2,"x":1,"y":1,"curve":"stepped"},{"time":1.8,"x":1,"y":1,"curve":"stepped"},{"time":2.4,"x":1,"y":1}]},"bone16":{"rotate":[{"time":0,"angle":0},{"time":0.2333,"angle":-43.35},{"time":0.6,"angle":-40.38},{"time":0.8333,"angle":0.37},{"time":1.2,"angle":0},{"time":1.4333,"angle":-43.35},{"time":1.8,"angle":-40.38},{"time":2.0333,"angle":0.37},{"time":2.4,"angle":0}],"translate":[{"time":0,"x":0,"y":0,"curve":"stepped"},{"time":0.6,"x":0,"y":0,"curve":"stepped"},{"time":1.2,"x":0,"y":0,"curve":"stepped"},{"time":1.8,"x":0,"y":0,"curve":"stepped"},{"time":2.4,"x":0,"y":0}],"scale":[{"time":0,"x":1,"y":1,"curve":"stepped"},{"time":0.6,"x":1,"y":1,"curve":"stepped"},{"time":1.2,"x":1,"y":1,"curve":"stepped"},{"time":1.8,"x":1,"y":1,"curve":"stepped"},{"time":2.4,"x":1,"y":1}]},"bone17":{"rotate":[{"time":0,"angle":0},{"time":0.2333,"angle":-31.72},{"time":0.6,"angle":-44.21},{"time":0.8333,"angle":-16.25},{"time":1.2,"angle":0},{"time":1.4333,"angle":-31.72},{"time":1.8,"angle":-44.21},{"time":2.0333,"angle":-16.25},{"time":2.4,"angle":0}],"translate":[{"time":0,"x":0,"y":0,"curve":"stepped"},{"time":0.6,"x":0,"y":0,"curve":"stepped"},{"time":1.2,"x":0,"y":0,"curve":"stepped"},{"time":1.8,"x":0,"y":0,"curve":"stepped"},{"time":2.4,"x":0,"y":0}],"scale":[{"time":0,"x":1,"y":1,"curve":"stepped"},{"time":0.6,"x":1,"y":1,"curve":"stepped"},{"time":1.2,"x":1,"y":1,"curve":"stepped"},{"time":1.8,"x":1,"y":1,"curve":"stepped"},{"time":2.4,"x":1,"y":1}]},"MON20079_DL_9":{"rotate":[{"time":0,"angle":0,"curve":"stepped"},{"time":1.2,"angle":0,"curve":"stepped"},{"time":2.4,"angle":0}],"translate":[{"time":0,"x":0,"y":0},{"time":0.8,"x":-1.27,"y":-0.74},{"time":1.2,"x":0,"y":0},{"time":2,"x":-1.27,"y":-0.74},{"time":2.4,"x":0,"y":0}],"scale":[{"time":0,"x":1,"y":1},{"time":0.4666,"x":1.125,"y":1.181},{"time":0.8,"x":0.973,"y":1.242},{"time":1.2,"x":1,"y":1},{"time":1.6666,"x":1.125,"y":1.181},{"time":2,"x":0.973,"y":1.242},{"time":2.4,"x":1,"y":1}]},"MON20079_DL_6":{"rotate":[{"time":0,"angle":0},{"time":0.6,"angle":11.53},{"time":1.2,"angle":0},{"time":1.8,"angle":11.53},{"time":2.4,"angle":0}],"translate":[{"time":0,"x":0,"y":0,"curve":"stepped"},{"time":1.2,"x":0,"y":0,"curve":"stepped"},{"time":2.4,"x":0,"y":0}],"scale":[{"time":0,"x":1,"y":1,"curve":"stepped"},{"time":1.2,"x":1,"y":1,"curve":"stepped"},{"time":2.4,"x":1,"y":1}]},"MON20079_DL_14":{"rotate":[{"time":0,"angle":0},{"time":0.6,"angle":-9.79},{"time":1.2,"angle":0},{"time":1.8,"angle":-9.79},{"time":2.4,"angle":0}],"translate":[{"time":0,"x":0,"y":0,"curve":"stepped"},{"time":1.2,"x":0,"y":0,"curve":"stepped"},{"time":2.4,"x":0,"y":0}],"scale":[{"time":0,"x":1,"y":1,"curve":"stepped"},{"time":1.2,"x":1,"y":1,"curve":"stepped"},{"time":2.4,"x":1,"y":1}]},"MON20079_DL_8":{"rotate":[{"time":0,"angle":0},{"time":0.6,"angle":17},{"time":0.8333,"angle":7.94},{"time":1.2,"angle":0},{"time":1.8,"angle":17},{"time":2.0333,"angle":7.94},{"time":2.4,"angle":0}],"translate":[{"time":0,"x":0,"y":0,"curve":"stepped"},{"time":0.6,"x":0,"y":0,"curve":"stepped"},{"time":1.2,"x":0,"y":0,"curve":"stepped"},{"time":1.8,"x":0,"y":0,"curve":"stepped"},{"time":2.4,"x":0,"y":0}],"scale":[{"time":0,"x":1,"y":1,"curve":"stepped"},{"time":0.6,"x":1,"y":1,"curve":"stepped"},{"time":1.2,"x":1,"y":1,"curve":"stepped"},{"time":1.8,"x":1,"y":1,"curve":"stepped"},{"time":2.4,"x":1,"y":1}]},"MON20079_DL_7":{"rotate":[{"time":0,"angle":0},{"time":0.1666,"angle":-12.18},{"time":0.6,"angle":2.54},{"time":0.8333,"angle":12.26},{"time":1.2,"angle":0},{"time":1.3666,"angle":-12.18},{"time":1.8,"angle":2.54},{"time":2.0333,"angle":12.26},{"time":2.4,"angle":0}],"translate":[{"time":0,"x":0,"y":0,"curve":"stepped"},{"time":0.6,"x":0,"y":0,"curve":"stepped"},{"time":1.2,"x":0,"y":0,"curve":"stepped"},{"time":1.8,"x":0,"y":0,"curve":"stepped"},{"time":2.4,"x":0,"y":0}],"scale":[{"time":0,"x":1,"y":1,"curve":"stepped"},{"time":0.6,"x":1,"y":1,"curve":"stepped"},{"time":1.2,"x":1,"y":1,"curve":"stepped"},{"time":1.8,"x":1,"y":1,"curve":"stepped"},{"time":2.4,"x":1,"y":1}]},"MON20079_DL_10":{"rotate":[{"time":0,"angle":0},{"time":0.1666,"angle":-12.19},{"time":0.6,"angle":-7.07},{"time":0.8333,"angle":20.29},{"time":1.2,"angle":0},{"time":1.3666,"angle":-12.19},{"time":1.8,"angle":-7.07},{"time":2.0333,"angle":20.29},{"time":2.4,"angle":0}],"translate":[{"time":0,"x":0,"y":0,"curve":"stepped"},{"time":0.6,"x":0,"y":0,"curve":"stepped"},{"time":1.2,"x":0,"y":0,"curve":"stepped"},{"time":1.8,"x":0,"y":0,"curve":"stepped"},{"time":2.4,"x":0,"y":0}],"scale":[{"time":0,"x":1,"y":1,"curve":"stepped"},{"time":0.6,"x":1,"y":1,"curve":"stepped"},{"time":1.2,"x":1,"y":1,"curve":"stepped"},{"time":1.8,"x":1,"y":1,"curve":"stepped"},{"time":2.4,"x":1,"y":1}]},"MON20079_DL_15":{"rotate":[{"time":0,"angle":0},{"time":0.4666,"angle":-29.67},{"time":0.7333,"angle":-15.52},{"time":1.2,"angle":0},{"time":1.6666,"angle":-29.67},{"time":1.9333,"angle":-15.52},{"time":2.4,"angle":0}],"translate":[{"time":0,"x":0,"y":0,"curve":"stepped"},{"time":0.4666,"x":0,"y":0,"curve":"stepped"},{"time":0.7333,"x":0,"y":0,"curve":"stepped"},{"time":1.2,"x":0,"y":0,"curve":"stepped"},{"time":1.6666,"x":0,"y":0,"curve":"stepped"},{"time":1.9333,"x":0,"y":0,"curve":"stepped"},{"time":2.4,"x":0,"y":0}],"scale":[{"time":0,"x":1,"y":1},{"time":0.4666,"x":0.997,"y":1},{"time":0.7333,"x":0.998,"y":1},{"time":1.2,"x":1,"y":1},{"time":1.6666,"x":0.997,"y":1},{"time":1.9333,"x":0.998,"y":1},{"time":2.4,"x":1,"y":1}]},"MON20079_DL_13":{"rotate":[{"time":0,"angle":0},{"time":0.4666,"angle":-7.71},{"time":0.7333,"angle":2.81},{"time":1.2,"angle":0},{"time":1.6666,"angle":-7.71},{"time":1.9333,"angle":2.81},{"time":2.4,"angle":0}],"translate":[{"time":0,"x":0,"y":0,"curve":"stepped"},{"time":0.4666,"x":0,"y":0,"curve":"stepped"},{"time":0.7333,"x":0,"y":0,"curve":"stepped"},{"time":1.2,"x":0,"y":0,"curve":"stepped"},{"time":1.6666,"x":0,"y":0,"curve":"stepped"},{"time":1.9333,"x":0,"y":0,"curve":"stepped"},{"time":2.4,"x":0,"y":0}],"scale":[{"time":0,"x":1,"y":1,"curve":"stepped"},{"time":0.4666,"x":1,"y":1,"curve":"stepped"},{"time":0.7333,"x":1,"y":1,"curve":"stepped"},{"time":1.2,"x":1,"y":1,"curve":"stepped"},{"time":1.6666,"x":1,"y":1,"curve":"stepped"},{"time":1.9333,"x":1,"y":1,"curve":"stepped"},{"time":2.4,"x":1,"y":1}]},"MON20079_DL_16":{"rotate":[{"time":0,"angle":0},{"time":0.4666,"angle":23.64},{"time":0.7333,"angle":-9.03},{"time":1.2,"angle":0},{"time":1.6666,"angle":23.64},{"time":1.9333,"angle":-9.03},{"time":2.4,"angle":0}],"translate":[{"time":0,"x":0,"y":0,"curve":"stepped"},{"time":0.4666,"x":0,"y":0,"curve":"stepped"},{"time":0.7333,"x":0,"y":0,"curve":"stepped"},{"time":1.2,"x":0,"y":0,"curve":"stepped"},{"time":1.6666,"x":0,"y":0,"curve":"stepped"},{"time":1.9333,"x":0,"y":0,"curve":"stepped"},{"time":2.4,"x":0,"y":0}],"scale":[{"time":0,"x":1,"y":1,"curve":"stepped"},{"time":0.4666,"x":1,"y":1,"curve":"stepped"},{"time":0.7333,"x":1,"y":1,"curve":"stepped"},{"time":1.2,"x":1,"y":1,"curve":"stepped"},{"time":1.6666,"x":1,"y":1,"curve":"stepped"},{"time":1.9333,"x":1,"y":1,"curve":"stepped"},{"time":2.4,"x":1,"y":1}]},"MON20079_DL_22":{"rotate":[{"time":0,"angle":0,"curve":"stepped"},{"time":0.4666,"angle":0,"curve":"stepped"},{"time":0.7333,"angle":0,"curve":"stepped"},{"time":1.2,"angle":0,"curve":"stepped"},{"time":1.6666,"angle":0,"curve":"stepped"},{"time":1.9333,"angle":0,"curve":"stepped"},{"time":2.4,"angle":0}],"translate":[{"time":0,"x":0,"y":0,"curve":"stepped"},{"time":0.4666,"x":0,"y":0,"curve":"stepped"},{"time":0.7333,"x":0,"y":0,"curve":"stepped"},{"time":1.2,"x":0,"y":0,"curve":"stepped"},{"time":1.6666,"x":0,"y":0,"curve":"stepped"},{"time":1.9333,"x":0,"y":0,"curve":"stepped"},{"time":2.4,"x":0,"y":0}],"scale":[{"time":0,"x":1,"y":1},{"time":0.4666,"x":1,"y":0.698},{"time":0.7333,"x":1,"y":0.808},{"time":1.2,"x":1,"y":1},{"time":1.6666,"x":1,"y":0.698},{"time":1.9333,"x":1,"y":0.808},{"time":2.4,"x":1,"y":1}]},"MON20079_DL_17":{"rotate":[{"time":0,"angle":0},{"time":0.4,"angle":12.44},{"time":0.8333,"angle":-9.59},{"time":1.2,"angle":0},{"time":1.6,"angle":12.44},{"time":2.0333,"angle":-9.59},{"time":2.4,"angle":0}],"translate":[{"time":0,"x":0,"y":0,"curve":"stepped"},{"time":1.2,"x":0,"y":0,"curve":"stepped"},{"time":2.4,"x":0,"y":0}],"scale":[{"time":0,"x":1,"y":1},{"time":0.8333,"x":1.1,"y":1},{"time":1.2,"x":1,"y":1},{"time":2.0333,"x":1.1,"y":1},{"time":2.4,"x":1,"y":1}]},"MON20079_DL_18":{"rotate":[{"time":0,"angle":0},{"time":0.4,"angle":-22.26},{"time":0.8333,"angle":-3.66},{"time":1.2,"angle":0},{"time":1.6,"angle":-22.26},{"time":2.0333,"angle":-3.66},{"time":2.4,"angle":0}],"translate":[{"time":0,"x":0,"y":0,"curve":"stepped"},{"time":1.2,"x":0,"y":0,"curve":"stepped"},{"time":2.4,"x":0,"y":0}],"scale":[{"time":0,"x":1,"y":1},{"time":0.8333,"x":1.076,"y":1},{"time":1.2,"x":1,"y":1},{"time":2.0333,"x":1.076,"y":1},{"time":2.4,"x":1,"y":1}]},"MON20079_DL_19":{"rotate":[{"time":0,"angle":0},{"time":0.4666,"angle":345.67},{"time":0.9333,"angle":-7.3},{"time":1.2,"angle":0},{"time":1.6666,"angle":345.67},{"time":2.1333,"angle":-7.3},{"time":2.4,"angle":0}],"translate":[{"time":0,"x":0,"y":0,"curve":"stepped"},{"time":0.4666,"x":0,"y":0,"curve":"stepped"},{"time":1.2,"x":0,"y":0,"curve":"stepped"},{"time":1.6666,"x":0,"y":0,"curve":"stepped"},{"time":2.4,"x":0,"y":0}],"scale":[{"time":0,"x":1,"y":1},{"time":0.4666,"x":0.681,"y":1.047},{"time":0.6666,"x":0.654,"y":1.178},{"time":0.9333,"x":0.995,"y":1.033},{"time":1.2,"x":1,"y":1},{"time":1.6666,"x":0.681,"y":1.047},{"time":1.8666,"x":0.654,"y":1.178},{"time":2.1333,"x":0.995,"y":1.033},{"time":2.4,"x":1,"y":1}]},"MON20079_DL_20":{"rotate":[{"time":0,"angle":0},{"time":0.6,"angle":-5.91},{"time":1.2,"angle":0},{"time":1.8,"angle":-5.91},{"time":2.4,"angle":0}],"translate":[{"time":0,"x":0,"y":0},{"time":0.6,"x":0.46,"y":-5.79},{"time":1.2,"x":0,"y":0},{"time":1.8,"x":0.46,"y":-5.79},{"time":2.4,"x":0,"y":0}],"scale":[{"time":0,"x":1,"y":1,"curve":"stepped"},{"time":1.2,"x":1,"y":1,"curve":"stepped"},{"time":2.4,"x":1,"y":1}]},"MON20079_DL_23":{"rotate":[{"time":0,"angle":0},{"time":0.6,"angle":13.25},{"time":1.2,"angle":0},{"time":1.8,"angle":13.25},{"time":2.4,"angle":0}],"translate":[{"time":0,"x":0,"y":0},{"time":0.6,"x":-5.8,"y":-0.53},{"time":1.2,"x":0,"y":0},{"time":1.8,"x":-5.8,"y":-0.53},{"time":2.4,"x":0,"y":0}],"scale":[{"time":0,"x":1,"y":1,"curve":"stepped"},{"time":1.2,"x":1,"y":1,"curve":"stepped"},{"time":2.4,"x":1,"y":1}]},"MON20079_DL_24":{"rotate":[{"time":0,"angle":0},{"time":0.6,"angle":-13.95},{"time":1.2,"angle":0},{"time":1.8,"angle":-13.95},{"time":2.4,"angle":0}],"translate":[{"time":0,"x":0,"y":0},{"time":0.6,"x":0.23,"y":-6.08},{"time":1.2,"x":0,"y":0},{"time":1.8,"x":0.23,"y":-6.08},{"time":2.4,"x":0,"y":0}],"scale":[{"time":0,"x":1,"y":1,"curve":"stepped"},{"time":1.2,"x":1,"y":1,"curve":"stepped"},{"time":2.4,"x":1,"y":1}]},"MON20079_DL_25":{"rotate":[{"time":0,"angle":0},{"time":0.6,"angle":25.33},{"time":1.2,"angle":0},{"time":1.8,"angle":25.33},{"time":2.4,"angle":0}],"translate":[{"time":0,"x":0,"y":0},{"time":0.6,"x":-5.39,"y":-0.79},{"time":1.2,"x":0,"y":0},{"time":1.8,"x":-5.39,"y":-0.79},{"time":2.4,"x":0,"y":0}],"scale":[{"time":0,"x":1,"y":1,"curve":"stepped"},{"time":1.2,"x":1,"y":1,"curve":"stepped"},{"time":2.4,"x":1,"y":1}]},"shadow":{"rotate":[{"time":0,"angle":0,"curve":"stepped"},{"time":1.2,"angle":0,"curve":"stepped"},{"time":2.4,"angle":0}],"translate":[{"time":0,"x":0,"y":0,"curve":"stepped"},{"time":1.2,"x":0,"y":0,"curve":"stepped"},{"time":2.4,"x":0,"y":0}],"scale":[{"time":0,"x":1,"y":1},{"time":0.6,"x":1.056,"y":1.09},{"time":1.2,"x":1,"y":1},{"time":1.8,"x":1.056,"y":1.09},{"time":2.4,"x":1,"y":1}]}}}}}