{"skeleton":{"hash":"Vxc1Jucs+rgg1aPPzrsSd3S0kzo","spine":"3.1.03","width":276.8,"height":229.5},"bones":[{"name":"root"},{"name":"bone","parent":"root","x":-4.75,"y":57.17},{"name":"MON40074_DL_8","parent":"bone","length":18.55,"x":-1.21,"y":-5.66,"rotation":92.79},{"name":"bone9","parent":"MON40074_DL_8","length":19.15,"x":17.82,"y":-0.22,"rotation":-2.29},{"name":"MON40074_DL_3","parent":"bone9","length":36.62,"x":20.2,"y":0.05,"rotation":9.76},{"name":"MON40074_DL_0","parent":"MON40074_DL_3","length":12.56,"x":29.33,"y":18.46,"rotation":81.55},{"name":"MON40074_DL_6","parent":"MON40074_DL_8","length":37.81,"x":45.45,"y":-32.23,"rotation":-136.33},{"name":"MON40074_DL_4","parent":"MON40074_DL_6","length":24.08,"x":36.39,"y":0.49,"rotation":-30.11},{"name":"MON40074_DL_5","parent":"MON40074_DL_4","length":17.82,"x":23.59,"y":-0.17,"rotation":-17.75},{"name":"MON40074_DL_1","parent":"MON40074_DL_5","length":10.25,"x":3.95,"y":4.14,"rotation":100.47},{"name":"MON40074_DL_2","parent":"MON40074_DL_8","length":15.42,"x":51.82,"y":-26.45,"rotation":-106.46},{"name":"MON40074_DL_7","parent":"bone","length":8.9,"x":-2.02,"y":-10.93,"rotation":-90},{"name":"MON40074_DL_9","parent":"MON40074_DL_7","length":12.14,"x":3.64,"y":-17.01,"rotation":-37.12},{"name":"MON40074_DL_12","parent":"MON40074_DL_7","length":20.14,"x":2.83,"y":19.43,"rotation":15.2},{"name":"MON40074_DL_10","parent":"MON40074_DL_12","length":19.47,"x":19.25,"y":-0.19,"rotation":30.03},{"name":"MON40074_DL_11","parent":"MON40074_DL_10","length":8.66,"x":18.61,"y":-0.37,"rotation":-82.66},{"name":"MON40074_DL_15","parent":"MON40074_DL_7","length":19.11,"x":5.26,"y":-9.31,"rotation":-36.64},{"name":"MON40074_DL_13","parent":"MON40074_DL_15","length":17.54,"x":18.46,"y":-0.4,"rotation":55.19},{"name":"MON40074_DL_14","parent":"MON40074_DL_13","length":15.5,"x":16.39,"y":0.47,"rotation":-88.72},{"name":"MON40074_DL_20","parent":"MON40074_DL_8","length":39.98,"x":40.72,"y":3.68,"rotation":143.17},{"name":"MON40074_DL_17","parent":"MON40074_DL_20","length":19.48,"x":39.31,"y":-0.32,"rotation":-12.67},{"name":"MON40074_DL_18","parent":"MON40074_DL_17","length":18.98,"x":18.91,"y":-0.01,"rotation":-3.49},{"name":"MON40074_DL_21","parent":"MON40074_DL_18","length":8.88,"x":14.83,"y":4.5,"rotation":97.01},{"name":"MON40074_DL_16","parent":"MON40074_DL_21","length":44.6,"x":-20.92,"y":-0.18,"rotation":-176.18},{"name":"MON40074_DL_19","parent":"MON40074_DL_8","length":14.08,"x":46.38,"y":28.14,"rotation":105.86},{"name":"bone4","parent":"MON40074_DL_9","length":10.6,"x":12.39,"y":-0.27,"rotation":-6.34},{"name":"bone5","parent":"MON40074_DL_7","length":12.65,"x":2.71,"y":22.48,"rotation":31.07},{"name":"bone6","parent":"bone5","length":11.17,"x":12.65,"y":-0.03,"rotation":3.55},{"name":"fx_eye","parent":"MON40074_DL_3","length":22.74,"x":28.1,"y":28.64,"rotation":-6.84},{"name":"shadow","parent":"root","x":4.88,"y":6.24}],"slots":[{"name":"shadow","bone":"shadow"},{"name":"MON40074_DL_21","bone":"MON40074_DL_21","attachment":"MON40074_DL_21"},{"name":"MON40074_DL_20","bone":"MON40074_DL_20","attachment":"MON40074_DL_20"},{"name":"MON40074_DL_19","bone":"MON40074_DL_19","attachment":"MON40074_DL_19"},{"name":"MON40074_DL_18","bone":"MON40074_DL_18","attachment":"MON40074_DL_18"},{"name":"MON40074_DL_17","bone":"MON40074_DL_17","attachment":"MON40074_DL_17"},{"name":"MON40074_DL_16","bone":"MON40074_DL_16","attachment":"MON40074_DL_16"},{"name":"MON40074_DL_15","bone":"MON40074_DL_15","attachment":"MON40074_DL_15"},{"name":"MON40074_DL_14","bone":"MON40074_DL_14","attachment":"MON40074_DL_14"},{"name":"MON40074_DL_13","bone":"MON40074_DL_13","attachment":"MON40074_DL_13"},{"name":"MON40074_DL_12","bone":"MON40074_DL_12","attachment":"MON40074_DL_12"},{"name":"MON40074_DL_11","bone":"MON40074_DL_11","attachment":"MON40074_DL_11"},{"name":"MON40074_DL_10","bone":"MON40074_DL_10","attachment":"MON40074_DL_10"},{"name":"MON40074_DL_9","bone":"MON40074_DL_9","attachment":"MON40074_DL_9"},{"name":"MON40074_DL_8","bone":"MON40074_DL_8","attachment":"MON40074_DL_8"},{"name":"MON40074_DL_7","bone":"MON40074_DL_7","attachment":"MON40074_DL_7"},{"name":"MON40074_DL_6","bone":"MON40074_DL_6","attachment":"MON40074_DL_6"},{"name":"MON40074_DL_5","bone":"MON40074_DL_5","attachment":"MON40074_DL_5"},{"name":"MON40074_DL_4","bone":"MON40074_DL_4","attachment":"MON40074_DL_4"},{"name":"MON40074_DL_3","bone":"MON40074_DL_3","attachment":"MON40074_DL_3"},{"name":"MON40074_DL_0","bone":"MON40074_DL_0"},{"name":"MON40074_DL_2","bone":"MON40074_DL_2","attachment":"MON40074_DL_2"},{"name":"MON40074_DL_1","bone":"MON40074_DL_1","attachment":"MON40074_DL_1"},{"name":"fx_eye","bone":"fx_eye","blend":"additive"}],"skins":{"default":{"MON40074_DL_0":{"MON40074_DL_0":{"x":-0.69,"y":-7.31,"rotation":178.16,"width":56,"height":30}},"MON40074_DL_1":{"MON40074_DL_1":{"type":"mesh","uvs":[1,1,0.55983,1,0,1,0,0,0.46343,0,1,0,0.51722,0.20966,0.56025,0.37107,0.5979,0.51261,0.60858,0.66656,0.58421,0.81303],"triangles":[6,4,5,7,6,5,8,7,5,0,9,8,8,2,7,9,2,8,3,7,2,6,3,4,7,3,6,9,10,2,1,2,10,0,8,5,10,9,0,1,10,0],"vertices":[39.18,-52.4,-1.17999,-45.94,-52.54,-37.73,-37.78,54.59,4.73,47.79,53.95,39.91999,6.56,27.65,8.13,12.11,9.49,-1.5,8.2,-15.87,3.8,-29.04],"hull":6}},"MON40074_DL_10":{"MON40074_DL_10":{"x":8.87,"y":4.07,"rotation":44.52,"width":31,"height":28}},"MON40074_DL_11":{"MON40074_DL_11":{"x":3.43,"y":2.89,"rotation":127.65,"width":31,"height":21}},"MON40074_DL_12":{"MON40074_DL_12":{"x":7.65,"y":1.57,"rotation":74.73,"width":26,"height":32}},"MON40074_DL_13":{"MON40074_DL_13":{"x":4.74,"y":-1.46,"rotation":71.32,"width":27,"height":26}},"MON40074_DL_14":{"MON40074_DL_14":{"x":7.67,"y":0.5,"rotation":160.04,"width":36,"height":19}},"MON40074_DL_15":{"MON40074_DL_15":{"x":10.56,"y":0.11,"rotation":126.88,"width":29,"height":32}},"MON40074_DL_16":{"MON40074_DL_16":{"x":46.14,"y":-1.67,"rotation":-140.36,"width":124,"height":110}},"MON40074_DL_17":{"MON40074_DL_17":{"x":7.45,"y":0.77,"rotation":136.76,"width":40,"height":39}},"MON40074_DL_18":{"MON40074_DL_18":{"x":12.71,"y":-0.55,"rotation":139.99,"width":34,"height":31}},"MON40074_DL_19":{"MON40074_DL_19":{"x":7.88,"y":3.17,"rotation":161.25,"width":30,"height":70}},"MON40074_DL_2":{"MON40074_DL_2":{"x":15.97,"y":-11.69,"rotation":13.68,"width":55,"height":58}},"MON40074_DL_20":{"MON40074_DL_20":{"x":18.19,"y":-1.79,"rotation":124.31,"width":47,"height":55}},"MON40074_DL_21":{"MON40074_DL_21":{"x":5.76,"y":0.25,"rotation":43.09,"width":18,"height":17}},"MON40074_DL_3":{"MON40074_DL_3":{"x":47.87,"y":1.55,"rotation":-100.3,"width":105,"height":179}},"MON40074_DL_4":{"MON40074_DL_4":{"x":9.8,"y":0.2,"rotation":73.56,"width":41,"height":40}},"MON40074_DL_5":{"MON40074_DL_5":{"x":9.67,"y":0.21,"rotation":91.36,"width":34,"height":36}},"MON40074_DL_6":{"MON40074_DL_6":{"x":19.31,"y":1.71,"rotation":43.44,"width":54,"height":46}},"MON40074_DL_7":{"MON40074_DL_7":{"type":"mesh","uvs":[1,1,0,1,0,0,1,0],"triangles":[1,2,3,1,3,0],"vertices":[15.81,33.97,15.81,-25.02,-15.18,-25.02,-15.18,33.97],"hull":4}},"MON40074_DL_8":{"MON40074_DL_8":{"type":"weightedmesh","uvs":[1,0.58207,1,0.60762,1,0.63461,1,1,0.44764,1,0,1,0,0.62785,0,0.60086,0,0.5737,0,0,0.44954,0,1,0,0.45082,0.6309,0.44929,0.6039,0.44929,0.57746],"triangles":[13,14,0,7,8,14,0,14,11,14,10,11,14,8,10,8,9,10,13,0,1,7,14,13,4,12,3,12,2,3,12,4,6,4,5,6,12,1,2,6,13,12,12,13,1,6,7,13],"vertices":[1,3,2.14,-45.83,1,2,2,16.09,-46,0.504,3,0.09,-45.81,0.49599,1,2,13.94,-45.89,1,1,2,-15.25,-44.48,1,1,2,-13.02,1.29999,1,1,2,-11.22,38.41,1,1,2,18.5,36.97,1,2,2,20.66,36.86,0.504,3,1.36,37.16999,0.49599,1,3,3.54,37.15,1,1,3,49.43,36.74,1,1,3,49.1,-0.55,1,1,3,48.7,-46.24,1,1,2,16.44,-0.38,1,2,2,18.61,-0.36,0.504,3,0.79,-0.11,0.49599,1,3,2.91,-0.13,1],"hull":12}},"MON40074_DL_9":{"MON40074_DL_9":{"type":"weightedmesh","uvs":[1,0.13366,1,1,0.92326,1,0.68866,1,0.46299,1,0.21423,1,0,1,0,0.77831,0,0.25937,0,0,0.29441,0,0.38147,0,0.46146,0,0.5627,0,0.6907,0,1,0,0.15685,0.39635,0.29169,0.49061,0.46232,0.56206,0.6293,0.48227,0.78236,0.35984],"triangles":[1,20,0,2,19,20,1,2,20,2,3,19,3,4,18,3,18,19,19,18,12,12,13,19,20,13,14,20,19,13,20,14,0,14,15,0,5,18,4,17,5,7,5,6,7,7,16,17,7,8,16,5,17,18,17,12,18,11,16,10,17,11,12,11,17,16,16,8,10,8,9,10],"vertices":[2,26,12.7,20.84,0.58178,27,1.34,20.83,0.4182,1,27,29.22,1.76,1,3,12,-8.39,65.8,9.2E-4,25,-27.93,63.39,6.5E-4,27,25.54,-3.61,0.99841,4,12,3.7,49.96,0.09382,25,-14.16,48.97,0.05333,26,28.15,-19.18,0.10872,27,14.28,-20.07,0.7441,4,12,15.34,34.71,0.29233,25,-0.91,35.09999,0.28346,26,18.32,-35.65,0.18957,27,3.46,-35.9,0.23463,4,12,28.17,17.9,0.11977,25,13.68,19.79999,0.81601,26,7.49,-53.81,0.03529,27,-8.47,-53.35,0.02891,2,25,26.26,6.63,0.99999,27,-18.75,-68.37,0,1,25,20.01,0.66,1,2,12,16.27,-14.09,0.43169,25,5.37,-13.31,0.5683,2,12,8.22999,-20.23,0.70762,25,-1.94,-20.29,0.29237,2,12,-6.95,-0.34,0.94752,26,-22.49,-27.97,0.05247,2,12,-11.44,5.53,0.77635,26,-18.7,-21.62,0.22364,2,12,-15.57,10.94,0.56771,26,-15.22,-15.78,0.43228,2,12,-20.79,17.78,0.2858,26,-10.81,-8.39,0.71419,2,12,-27.39,26.43,0.02205,26,-5.23,0.94,0.97794,2,26,8.22,23.51,0.62783,27,-2.95,23.78,0.37216,2,12,12.42,-0.25,0.5,25,0.02,0.02,0.5,4,12,8.39,11.08,0.64272,25,-5.21999,10.84,0.22004,26,-6.18,-37.97,0.10808,27,-21.15,-36.7,0.02914,4,12,1.8,24.3,0.39731,25,-13.23,23.26,0.12184,26,3.63,-26.95,0.34939,27,-10.66,-26.3,0.13144,4,12,-9.27,33.68999,0.13016,25,-25.28,31.37,0.02293,26,8.22999,-13.17,0.66965,27,-5.21999,-12.83,0.17724,2,26,10.8,0.44,0.5,27,-1.81,0.58999,0.5],"hull":16}},"fx_eye":{"yan_00000":{"x":8.82,"y":-12.79,"rotation":-70.46,"width":70,"height":49}},"shadow":{"shadow":{"x":-5.06,"y":-4.71,"scaleX":1.7,"scaleY":1.7,"width":85,"height":42}}}},"animations":{"wait_DL":{"slots":{"MON40074_DL_0":{"attachment":[{"time":0,"name":null},{"time":1,"name":null},{"time":1.7666,"name":"MON40074_DL_0"},{"time":1.9333,"name":null},{"time":2,"name":null}]}},"bones":{"bone":{"rotate":[{"time":0,"angle":0,"curve":"stepped"},{"time":0.5,"angle":0,"curve":"stepped"},{"time":1,"angle":0,"curve":"stepped"},{"time":1.5,"angle":0,"curve":"stepped"},{"time":2,"angle":0}],"translate":[{"time":0,"x":0,"y":0,"curve":"stepped"},{"time":0.5,"x":0,"y":0,"curve":"stepped"},{"time":1,"x":0,"y":0,"curve":"stepped"},{"time":1.5,"x":0,"y":0,"curve":"stepped"},{"time":2,"x":0,"y":0}],"scale":[{"time":0,"x":1,"y":1,"curve":"stepped"},{"time":0.5,"x":1,"y":1,"curve":"stepped"},{"time":1,"x":1,"y":1,"curve":"stepped"},{"time":1.5,"x":1,"y":1,"curve":"stepped"},{"time":2,"x":1,"y":1}]},"MON40074_DL_8":{"rotate":[{"time":0,"angle":0,"curve":"stepped"},{"time":0.5,"angle":0,"curve":"stepped"},{"time":1,"angle":0,"curve":"stepped"},{"time":1.5,"angle":0,"curve":"stepped"},{"time":2,"angle":0}],"translate":[{"time":0,"x":0,"y":0},{"time":0.5,"x":0,"y":-9.9},{"time":1,"x":0,"y":0},{"time":1.5,"x":0,"y":-9.9},{"time":2,"x":0,"y":0}],"scale":[{"time":0,"x":1,"y":1},{"time":0.5,"x":0.962,"y":1.019},{"time":1,"x":1,"y":1},{"time":1.5,"x":0.962,"y":1.019},{"time":2,"x":1,"y":1}]},"MON40074_DL_3":{"rotate":[{"time":0,"angle":0},{"time":0.5,"angle":-10.84},{"time":1,"angle":0},{"time":1.5,"angle":-10.84},{"time":2,"angle":0}],"translate":[{"time":0,"x":0,"y":0},{"time":0.5,"x":-8.02,"y":-1.33},{"time":1,"x":0,"y":0},{"time":1.5,"x":-8.02,"y":-1.33},{"time":2,"x":0,"y":0}],"scale":[{"time":0,"x":1,"y":1,"curve":"stepped"},{"time":0.5,"x":1,"y":1,"curve":"stepped"},{"time":1,"x":1,"y":1,"curve":"stepped"},{"time":1.5,"x":1,"y":1,"curve":"stepped"},{"time":2,"x":1,"y":1}]},"MON40074_DL_0":{"rotate":[{"time":0,"angle":0,"curve":"stepped"},{"time":0.5,"angle":0,"curve":"stepped"},{"time":1,"angle":0,"curve":"stepped"},{"time":1.5,"angle":0,"curve":"stepped"},{"time":2,"angle":0}],"translate":[{"time":0,"x":0,"y":0,"curve":"stepped"},{"time":0.5,"x":0,"y":0,"curve":"stepped"},{"time":1,"x":0,"y":0,"curve":"stepped"},{"time":1.5,"x":0,"y":0,"curve":"stepped"},{"time":2,"x":0,"y":0}],"scale":[{"time":0,"x":1,"y":1,"curve":"stepped"},{"time":0.5,"x":1,"y":1,"curve":"stepped"},{"time":1,"x":1,"y":1,"curve":"stepped"},{"time":1.5,"x":1,"y":1,"curve":"stepped"},{"time":2,"x":1,"y":1}]},"MON40074_DL_2":{"rotate":[{"time":0,"angle":0},{"time":0.5,"angle":8.84},{"time":1,"angle":0},{"time":1.5,"angle":8.84},{"time":2,"angle":0}],"translate":[{"time":0,"x":0,"y":0},{"time":0.5,"x":-8.05,"y":0},{"time":1,"x":0,"y":0},{"time":1.5,"x":-8.05,"y":0},{"time":2,"x":0,"y":0}],"scale":[{"time":0,"x":1,"y":1,"curve":"stepped"},{"time":0.5,"x":1,"y":1,"curve":"stepped"},{"time":1,"x":1,"y":1,"curve":"stepped"},{"time":1.5,"x":1,"y":1,"curve":"stepped"},{"time":2,"x":1,"y":1}]},"MON40074_DL_6":{"rotate":[{"time":0,"angle":0},{"time":0.1666,"angle":1.93},{"time":0.5,"angle":-4.64},{"time":0.6666,"angle":-7.19},{"time":1,"angle":0},{"time":1.1666,"angle":1.93},{"time":1.5,"angle":-4.64},{"time":1.6666,"angle":-7.19},{"time":2,"angle":0}],"translate":[{"time":0,"x":0,"y":0},{"time":0.5,"x":-8.05,"y":0},{"time":1,"x":0,"y":0},{"time":1.5,"x":-8.05,"y":0},{"time":2,"x":0,"y":0}],"scale":[{"time":0,"x":1,"y":1,"curve":"stepped"},{"time":0.5,"x":1,"y":1,"curve":"stepped"},{"time":1,"x":1,"y":1,"curve":"stepped"},{"time":1.5,"x":1,"y":1,"curve":"stepped"},{"time":2,"x":1,"y":1}]},"MON40074_DL_4":{"rotate":[{"time":0,"angle":-68.57},{"time":0.1666,"angle":-65.24},{"time":0.5,"angle":-69.41},{"time":0.6666,"angle":-72.85},{"time":1,"angle":-68.57},{"time":1.1666,"angle":-65.24},{"time":1.5,"angle":-69.41},{"time":1.6666,"angle":-72.85},{"time":2,"angle":-68.57}],"translate":[{"time":0,"x":0,"y":0,"curve":"stepped"},{"time":0.1666,"x":0,"y":0,"curve":"stepped"},{"time":0.5,"x":0,"y":0,"curve":"stepped"},{"time":0.6666,"x":0,"y":0,"curve":"stepped"},{"time":1,"x":0,"y":0,"curve":"stepped"},{"time":1.1666,"x":0,"y":0,"curve":"stepped"},{"time":1.5,"x":0,"y":0,"curve":"stepped"},{"time":1.6666,"x":0,"y":0,"curve":"stepped"},{"time":2,"x":0,"y":0}],"scale":[{"time":0,"x":1,"y":1,"curve":"stepped"},{"time":0.1666,"x":1,"y":1,"curve":"stepped"},{"time":0.5,"x":1,"y":1,"curve":"stepped"},{"time":0.6666,"x":1,"y":1,"curve":"stepped"},{"time":1,"x":1,"y":1,"curve":"stepped"},{"time":1.1666,"x":1,"y":1,"curve":"stepped"},{"time":1.5,"x":1,"y":1,"curve":"stepped"},{"time":1.6666,"x":1,"y":1,"curve":"stepped"},{"time":2,"x":1,"y":1}]},"MON40074_DL_5":{"rotate":[{"time":0,"angle":0,"curve":"stepped"},{"time":0.1666,"angle":0,"curve":"stepped"},{"time":0.5,"angle":0,"curve":"stepped"},{"time":0.6666,"angle":0,"curve":"stepped"},{"time":1,"angle":0,"curve":"stepped"},{"time":1.1666,"angle":0,"curve":"stepped"},{"time":1.5,"angle":0,"curve":"stepped"},{"time":1.6666,"angle":0,"curve":"stepped"},{"time":2,"angle":0}],"translate":[{"time":0,"x":0,"y":0,"curve":"stepped"},{"time":0.1666,"x":0,"y":0,"curve":"stepped"},{"time":0.5,"x":0,"y":0,"curve":"stepped"},{"time":0.6666,"x":0,"y":0,"curve":"stepped"},{"time":1,"x":0,"y":0,"curve":"stepped"},{"time":1.1666,"x":0,"y":0,"curve":"stepped"},{"time":1.5,"x":0,"y":0,"curve":"stepped"},{"time":1.6666,"x":0,"y":0,"curve":"stepped"},{"time":2,"x":0,"y":0}],"scale":[{"time":0,"x":1,"y":1,"curve":"stepped"},{"time":0.1666,"x":1,"y":1,"curve":"stepped"},{"time":0.5,"x":1,"y":1,"curve":"stepped"},{"time":0.6666,"x":1,"y":1,"curve":"stepped"},{"time":1,"x":1,"y":1,"curve":"stepped"},{"time":1.1666,"x":1,"y":1,"curve":"stepped"},{"time":1.5,"x":1,"y":1,"curve":"stepped"},{"time":1.6666,"x":1,"y":1,"curve":"stepped"},{"time":2,"x":1,"y":1}]},"MON40074_DL_19":{"rotate":[{"time":0,"angle":0},{"time":0.1666,"angle":-1.73},{"time":0.5,"angle":8.24},{"time":0.6666,"angle":1.06},{"time":1,"angle":0},{"time":1.1666,"angle":-1.73},{"time":1.5,"angle":8.24},{"time":1.6666,"angle":1.06},{"time":2,"angle":0}],"translate":[{"time":0,"x":0,"y":0},{"time":0.1666,"x":0,"y":-1.7},{"time":0.5,"x":0,"y":2.33},{"time":0.6666,"x":-2.18,"y":1.55},{"time":1,"x":0,"y":0},{"time":1.1666,"x":0,"y":-1.7},{"time":1.5,"x":0,"y":2.33},{"time":1.6666,"x":-2.18,"y":1.55},{"time":2,"x":0,"y":0}],"scale":[{"time":0,"x":1,"y":1,"curve":"stepped"},{"time":0.5,"x":1,"y":1,"curve":"stepped"},{"time":1,"x":1,"y":1,"curve":"stepped"},{"time":1.5,"x":1,"y":1,"curve":"stepped"},{"time":2,"x":1,"y":1}]},"MON40074_DL_20":{"rotate":[{"time":0,"angle":0},{"time":0.1666,"angle":-1.67},{"time":0.5,"angle":-0.1},{"time":0.6666,"angle":2.48},{"time":1,"angle":0},{"time":1.1666,"angle":-1.67},{"time":1.5,"angle":-0.1},{"time":1.6666,"angle":2.48},{"time":2,"angle":0}],"translate":[{"time":0,"x":0,"y":0},{"time":0.1666,"x":2.25,"y":-2.96},{"time":0.5,"x":-6.5,"y":3.15},{"time":1,"x":0,"y":0},{"time":1.1666,"x":2.25,"y":-2.96},{"time":1.5,"x":-6.5,"y":3.15},{"time":2,"x":0,"y":0}],"scale":[{"time":0,"x":1,"y":1,"curve":"stepped"},{"time":0.5,"x":1,"y":1,"curve":"stepped"},{"time":1,"x":1,"y":1,"curve":"stepped"},{"time":1.5,"x":1,"y":1,"curve":"stepped"},{"time":2,"x":1,"y":1}]},"MON40074_DL_17":{"rotate":[{"time":0,"angle":0},{"time":0.1666,"angle":-4.36},{"time":0.5,"angle":4.72},{"time":0.6666,"angle":8.23},{"time":1,"angle":0},{"time":1.1666,"angle":-4.36},{"time":1.5,"angle":4.72},{"time":1.6666,"angle":8.23},{"time":2,"angle":0}],"translate":[{"time":0,"x":0,"y":0,"curve":"stepped"},{"time":0.5,"x":0,"y":0,"curve":"stepped"},{"time":1,"x":0,"y":0,"curve":"stepped"},{"time":1.5,"x":0,"y":0,"curve":"stepped"},{"time":2,"x":0,"y":0}],"scale":[{"time":0,"x":1,"y":1,"curve":"stepped"},{"time":0.5,"x":1,"y":1,"curve":"stepped"},{"time":1,"x":1,"y":1,"curve":"stepped"},{"time":1.5,"x":1,"y":1,"curve":"stepped"},{"time":2,"x":1,"y":1}]},"MON40074_DL_18":{"rotate":[{"time":0,"angle":0},{"time":0.1666,"angle":-5.1},{"time":0.5,"angle":9.28},{"time":0.6666,"angle":12},{"time":1,"angle":0},{"time":1.1666,"angle":-5.1},{"time":1.5,"angle":9.28},{"time":1.6666,"angle":12},{"time":2,"angle":0}],"translate":[{"time":0,"x":0,"y":0,"curve":"stepped"},{"time":0.5,"x":0,"y":0,"curve":"stepped"},{"time":1,"x":0,"y":0,"curve":"stepped"},{"time":1.5,"x":0,"y":0,"curve":"stepped"},{"time":2,"x":0,"y":0}],"scale":[{"time":0,"x":1,"y":1,"curve":"stepped"},{"time":0.5,"x":1,"y":1,"curve":"stepped"},{"time":1,"x":1,"y":1,"curve":"stepped"},{"time":1.5,"x":1,"y":1,"curve":"stepped"},{"time":2,"x":1,"y":1}]},"MON40074_DL_16":{"rotate":[{"time":0,"angle":0,"curve":"stepped"},{"time":0.5,"angle":0,"curve":"stepped"},{"time":1,"angle":0,"curve":"stepped"},{"time":1.5,"angle":0,"curve":"stepped"},{"time":2,"angle":0}],"translate":[{"time":0,"x":0,"y":0,"curve":"stepped"},{"time":0.5,"x":0,"y":0,"curve":"stepped"},{"time":1,"x":0,"y":0,"curve":"stepped"},{"time":1.5,"x":0,"y":0,"curve":"stepped"},{"time":2,"x":0,"y":0}],"scale":[{"time":0,"x":1,"y":1,"curve":"stepped"},{"time":0.5,"x":1,"y":1,"curve":"stepped"},{"time":1,"x":1,"y":1,"curve":"stepped"},{"time":1.5,"x":1,"y":1,"curve":"stepped"},{"time":2,"x":1,"y":1}]},"MON40074_DL_21":{"rotate":[{"time":0,"angle":0,"curve":"stepped"},{"time":0.5,"angle":0,"curve":"stepped"},{"time":1,"angle":0,"curve":"stepped"},{"time":1.5,"angle":0,"curve":"stepped"},{"time":2,"angle":0}],"translate":[{"time":0,"x":0,"y":0,"curve":"stepped"},{"time":0.5,"x":0,"y":0,"curve":"stepped"},{"time":1,"x":0,"y":0,"curve":"stepped"},{"time":1.5,"x":0,"y":0,"curve":"stepped"},{"time":2,"x":0,"y":0}],"scale":[{"time":0,"x":1,"y":1,"curve":"stepped"},{"time":0.5,"x":1,"y":1,"curve":"stepped"},{"time":1,"x":1,"y":1,"curve":"stepped"},{"time":1.5,"x":1,"y":1,"curve":"stepped"},{"time":2,"x":1,"y":1}]},"MON40074_DL_7":{"rotate":[{"time":0,"angle":0,"curve":"stepped"},{"time":0.5,"angle":0,"curve":"stepped"},{"time":1,"angle":0,"curve":"stepped"},{"time":1.5,"angle":0,"curve":"stepped"},{"time":2,"angle":0}],"translate":[{"time":0,"x":0,"y":0},{"time":0.5,"x":0,"y":-8.89},{"time":1,"x":0,"y":0},{"time":1.5,"x":0,"y":-8.89},{"time":2,"x":0,"y":0}],"scale":[{"time":0,"x":1,"y":1},{"time":0.5,"x":0.895,"y":1.018},{"time":1,"x":1,"y":1},{"time":1.5,"x":0.895,"y":1.018},{"time":2,"x":1,"y":1}]},"MON40074_DL_9":{"rotate":[{"time":0,"angle":0},{"time":0.5,"angle":-6.5},{"time":1,"angle":0},{"time":1.5,"angle":-6.5},{"time":2,"angle":0}],"translate":[{"time":0,"x":0,"y":0,"curve":"stepped"},{"time":0.5,"x":0,"y":0,"curve":"stepped"},{"time":1,"x":0,"y":0,"curve":"stepped"},{"time":1.5,"x":0,"y":0,"curve":"stepped"},{"time":2,"x":0,"y":0}],"scale":[{"time":0,"x":1,"y":1,"curve":"stepped"},{"time":0.5,"x":1,"y":1,"curve":"stepped"},{"time":1,"x":1,"y":1,"curve":"stepped"},{"time":1.5,"x":1,"y":1,"curve":"stepped"},{"time":2,"x":1,"y":1}]},"bone4":{"rotate":[{"time":0,"angle":0},{"time":0.5,"angle":-5.14},{"time":1,"angle":0},{"time":1.5,"angle":-5.14},{"time":2,"angle":0}],"translate":[{"time":0,"x":0,"y":0,"curve":"stepped"},{"time":0.5,"x":0,"y":0,"curve":"stepped"},{"time":1,"x":0,"y":0,"curve":"stepped"},{"time":1.5,"x":0,"y":0,"curve":"stepped"},{"time":2,"x":0,"y":0}],"scale":[{"time":0,"x":1,"y":1,"curve":"stepped"},{"time":0.5,"x":1,"y":1,"curve":"stepped"},{"time":1,"x":1,"y":1,"curve":"stepped"},{"time":1.5,"x":1,"y":1,"curve":"stepped"},{"time":2,"x":1,"y":1}]},"bone5":{"rotate":[{"time":0,"angle":0},{"time":0.5,"angle":7.02},{"time":1,"angle":0},{"time":1.5,"angle":7.02},{"time":2,"angle":0}],"translate":[{"time":0,"x":0,"y":0,"curve":"stepped"},{"time":0.5,"x":0,"y":0,"curve":"stepped"},{"time":1,"x":0,"y":0,"curve":"stepped"},{"time":1.5,"x":0,"y":0,"curve":"stepped"},{"time":2,"x":0,"y":0}],"scale":[{"time":0,"x":1,"y":1,"curve":"stepped"},{"time":0.5,"x":1,"y":1,"curve":"stepped"},{"time":1,"x":1,"y":1,"curve":"stepped"},{"time":1.5,"x":1,"y":1,"curve":"stepped"},{"time":2,"x":1,"y":1}]},"bone6":{"rotate":[{"time":0,"angle":0},{"time":0.5,"angle":6.05},{"time":1,"angle":0},{"time":1.5,"angle":6.05},{"time":2,"angle":0}],"translate":[{"time":0,"x":0,"y":0,"curve":"stepped"},{"time":0.5,"x":0,"y":0,"curve":"stepped"},{"time":1,"x":0,"y":0,"curve":"stepped"},{"time":1.5,"x":0,"y":0,"curve":"stepped"},{"time":2,"x":0,"y":0}],"scale":[{"time":0,"x":1,"y":1,"curve":"stepped"},{"time":0.5,"x":1,"y":1,"curve":"stepped"},{"time":1,"x":1,"y":1,"curve":"stepped"},{"time":1.5,"x":1,"y":1,"curve":"stepped"},{"time":2,"x":1,"y":1}]},"MON40074_DL_15":{"rotate":[{"time":0,"angle":0},{"time":0.5,"angle":-8.7},{"time":1,"angle":0},{"time":1.5,"angle":-8.7},{"time":2,"angle":0}],"translate":[{"time":0,"x":0,"y":0,"curve":"stepped"},{"time":0.5,"x":0,"y":0,"curve":"stepped"},{"time":1,"x":0,"y":0,"curve":"stepped"},{"time":1.5,"x":0,"y":0,"curve":"stepped"},{"time":2,"x":0,"y":0}],"scale":[{"time":0,"x":1,"y":1,"curve":"stepped"},{"time":0.5,"x":1,"y":1,"curve":"stepped"},{"time":1,"x":1,"y":1,"curve":"stepped"},{"time":1.5,"x":1,"y":1,"curve":"stepped"},{"time":2,"x":1,"y":1}]},"MON40074_DL_13":{"rotate":[{"time":0,"angle":0},{"time":0.5,"angle":21.17},{"time":1,"angle":0},{"time":1.5,"angle":21.17},{"time":2,"angle":0}],"translate":[{"time":0,"x":0,"y":0,"curve":"stepped"},{"time":0.5,"x":0,"y":0,"curve":"stepped"},{"time":1,"x":0,"y":0,"curve":"stepped"},{"time":1.5,"x":0,"y":0,"curve":"stepped"},{"time":2,"x":0,"y":0}],"scale":[{"time":0,"x":1,"y":1,"curve":"stepped"},{"time":0.5,"x":1,"y":1,"curve":"stepped"},{"time":1,"x":1,"y":1,"curve":"stepped"},{"time":1.5,"x":1,"y":1,"curve":"stepped"},{"time":2,"x":1,"y":1}]},"MON40074_DL_14":{"rotate":[{"time":0,"angle":0},{"time":0.5,"angle":-11.69},{"time":1,"angle":0},{"time":1.5,"angle":-11.69},{"time":2,"angle":0}],"translate":[{"time":0,"x":0,"y":0,"curve":"stepped"},{"time":0.5,"x":0,"y":0,"curve":"stepped"},{"time":1,"x":0,"y":0,"curve":"stepped"},{"time":1.5,"x":0,"y":0,"curve":"stepped"},{"time":2,"x":0,"y":0}],"scale":[{"time":0,"x":1,"y":1,"curve":"stepped"},{"time":0.5,"x":1,"y":1,"curve":"stepped"},{"time":1,"x":1,"y":1,"curve":"stepped"},{"time":1.5,"x":1,"y":1,"curve":"stepped"},{"time":2,"x":1,"y":1}]},"MON40074_DL_12":{"rotate":[{"time":0,"angle":0},{"time":0.5,"angle":-10.76},{"time":1,"angle":0},{"time":1.5,"angle":-10.76},{"time":2,"angle":0}],"translate":[{"time":0,"x":0,"y":0,"curve":"stepped"},{"time":0.5,"x":0,"y":0,"curve":"stepped"},{"time":1,"x":0,"y":0,"curve":"stepped"},{"time":1.5,"x":0,"y":0,"curve":"stepped"},{"time":2,"x":0,"y":0}],"scale":[{"time":0,"x":1,"y":1,"curve":"stepped"},{"time":0.5,"x":1,"y":1,"curve":"stepped"},{"time":1,"x":1,"y":1,"curve":"stepped"},{"time":1.5,"x":1,"y":1,"curve":"stepped"},{"time":2,"x":1,"y":1}]},"MON40074_DL_10":{"rotate":[{"time":0,"angle":0},{"time":0.5,"angle":27.96},{"time":1,"angle":0},{"time":1.5,"angle":27.96},{"time":2,"angle":0}],"translate":[{"time":0,"x":0,"y":0,"curve":"stepped"},{"time":0.5,"x":0,"y":0,"curve":"stepped"},{"time":1,"x":0,"y":0,"curve":"stepped"},{"time":1.5,"x":0,"y":0,"curve":"stepped"},{"time":2,"x":0,"y":0}],"scale":[{"time":0,"x":1,"y":1,"curve":"stepped"},{"time":0.5,"x":1,"y":1,"curve":"stepped"},{"time":1,"x":1,"y":1,"curve":"stepped"},{"time":1.5,"x":1,"y":1,"curve":"stepped"},{"time":2,"x":1,"y":1}]},"MON40074_DL_11":{"rotate":[{"time":0,"angle":0},{"time":0.5,"angle":-18.93},{"time":1,"angle":0},{"time":1.5,"angle":-18.93},{"time":2,"angle":0}],"translate":[{"time":0,"x":0,"y":0,"curve":"stepped"},{"time":0.5,"x":0,"y":0,"curve":"stepped"},{"time":1,"x":0,"y":0,"curve":"stepped"},{"time":1.5,"x":0,"y":0,"curve":"stepped"},{"time":2,"x":0,"y":0}],"scale":[{"time":0,"x":1,"y":1,"curve":"stepped"},{"time":0.5,"x":1,"y":1,"curve":"stepped"},{"time":1,"x":1,"y":1,"curve":"stepped"},{"time":1.5,"x":1,"y":1,"curve":"stepped"},{"time":2,"x":1,"y":1}]},"MON40074_DL_1":{"rotate":[{"time":0,"angle":59.68,"curve":"stepped"},{"time":0.1666,"angle":59.68},{"time":0.5,"angle":66.07},{"time":0.6666,"angle":68.67},{"time":1,"angle":59.68,"curve":"stepped"},{"time":1.1666,"angle":59.68},{"time":1.5,"angle":66.07},{"time":1.6666,"angle":68.67},{"time":2,"angle":59.68}],"translate":[{"time":0,"x":-12.48,"y":10.37,"curve":"stepped"},{"time":1,"x":-12.48,"y":10.37,"curve":"stepped"},{"time":2,"x":-12.48,"y":10.37}],"scale":[{"time":0,"x":1,"y":1,"curve":"stepped"},{"time":0.1666,"x":1,"y":1,"curve":"stepped"},{"time":0.5,"x":1,"y":1,"curve":"stepped"},{"time":0.6666,"x":1,"y":1,"curve":"stepped"},{"time":1,"x":1,"y":1,"curve":"stepped"},{"time":1.1666,"x":1,"y":1,"curve":"stepped"},{"time":1.5,"x":1,"y":1,"curve":"stepped"},{"time":1.6666,"x":1,"y":1,"curve":"stepped"},{"time":2,"x":1,"y":1}]},"shadow":{"rotate":[{"time":0,"angle":0,"curve":"stepped"},{"time":0.5,"angle":0,"curve":"stepped"},{"time":1,"angle":0,"curve":"stepped"},{"time":1.5,"angle":0,"curve":"stepped"},{"time":2,"angle":0}],"translate":[{"time":0,"x":0,"y":0,"curve":"stepped"},{"time":0.5,"x":0,"y":0,"curve":"stepped"},{"time":1,"x":0,"y":0,"curve":"stepped"},{"time":1.5,"x":0,"y":0,"curve":"stepped"},{"time":2,"x":0,"y":0}],"scale":[{"time":0,"x":1,"y":1},{"time":0.5,"x":1.1,"y":1.1},{"time":1,"x":1,"y":1},{"time":1.5,"x":1.1,"y":1.1},{"time":2,"x":1,"y":1}]},"bone9":{"rotate":[{"time":0,"angle":0},{"time":0.5,"angle":12.2},{"time":1,"angle":0},{"time":1.5,"angle":9.55},{"time":2,"angle":0}],"translate":[{"time":0,"x":0,"y":0,"curve":"stepped"},{"time":0.5,"x":0,"y":0,"curve":"stepped"},{"time":1,"x":0,"y":0,"curve":"stepped"},{"time":1.5,"x":0,"y":0,"curve":"stepped"},{"time":2,"x":0,"y":0}],"scale":[{"time":0,"x":1,"y":1,"curve":"stepped"},{"time":0.5,"x":1,"y":1,"curve":"stepped"},{"time":1,"x":1,"y":1,"curve":"stepped"},{"time":1.5,"x":1,"y":1,"curve":"stepped"},{"time":2,"x":1,"y":1}]}},"ffd":{"default":{"MON40074_DL_1":{"MON40074_DL_1":[{"time":0},{"time":0.1666,"offset":10,"vertices":[-2.24665,-1.0E-5,1.69575,-1.0E-5,1.69575,-1.0E-5,1.69575,-1.0E-5,1.69575,-1.0E-5,1.69575]},{"time":0.5,"vertices":[-5.9345,0.95175,-3.0227,-1.0E-5,0,0,0,0,0,0,-5.9345,0.95175,-5.20624,-3.0E-5,-5.20624,-3.0E-5,-5.20624,-3.0E-5,-5.20624,-3.0E-5,-5.20624]},{"time":1,"vertices":[-2.36891,0.37993,0,0,4.1977,-0.67324,4.1977,-0.67324,0,0,-2.81824,0.37993,0.33915,0,0.33915,0,0.33915,0,0.33915,0,0.33915]},{"time":1.1666,"offset":10,"vertices":[-2.24665,-1.0E-5,1.69575,-1.0E-5,1.69575,-1.0E-5,1.69575,-1.0E-5,1.69575,-1.0E-5,1.69575]},{"time":1.5,"vertices":[-6.95157,1.11486,-4.84962,0.29297,0,0,0,0,-1.82692,0.29298,-6.95157,1.11486,-7.03317,0.29295,-7.03317,0.29295,-7.03317,0.29295,-7.03317,0.29295,-7.03317,0.29295]},{"time":2}]},"MON40074_DL_7":{"MON40074_DL_7":[{"time":0},{"time":0.3333,"vertices":[-2.8653,0.10312,-2.8653,-0.10318,2.86549,-0.10318,2.86549,0.10312]},{"time":0.6666,"vertices":[-2.03569,-1.0E-5,-2.03569,-1.0E-5,2.03583,-1.0E-5,2.03582]},{"time":1},{"time":1.3333,"vertices":[-2.8653,0.10312,-2.8653,-0.10318,2.86549,-0.10318,2.86549,0.10312]},{"time":1.6666,"vertices":[-2.03569,-1.0E-5,-2.03569,-1.0E-5,2.03583,-1.0E-5,2.03582]},{"time":2}]},"MON40074_DL_8":{"MON40074_DL_8":[{"time":0,"vertices":[0.09033,-2.27551,0,0,0,0,0,0,0,2.83265,0,0,0,-3.95735,0,0,0,0,0,0,-0.09124,2.29853,-0.12044,3.03322,0,0,0.05646,-1.42221,0,2.88837,0,2.80481,-0.11131,2.80264,-0.07685,1.9354]},{"time":0.5,"vertices":[-0.1341,3.37582,0,3.6663,-0.14553,3.66347,0,3.96544,-0.69875,11.42769,0,0,-0.21842,-4.43885,-3.0E-5,-5.86338,-2.0E-5,-4.98358,0.19765,-4.97973,0.18929,-4.77125,-6.72041,-4.35332,-7.95429,-0.31588,-8.30073,10.02138,-2.47306,-2.04744,0,-2.50997,0.09956,-2.50803,0.10782,-2.71649]},{"time":1,"vertices":[0.09033,-2.27551,0,0,0,0,0,0,0,2.83265,0,0,0,-3.95735,0,0,0,0,0,0,-0.09124,2.29853,-0.12044,3.03322,0,0,0.05646,-1.42221,0,2.88837,0,2.80481,-0.11131,2.80264,-0.07685,1.9354]},{"time":1.5,"vertices":[-0.1341,3.37582,0,3.6663,-0.14553,3.66347,0,3.96544,-0.69875,11.42769,0,0,-0.21842,-4.43885,-3.0E-5,-5.86338,-2.0E-5,-4.98358,0.19765,-4.97973,0.18929,-4.77125,-6.72041,-4.35332,-7.95429,-0.31588,-8.30073,10.02138,-2.47306,-2.04744,0,-2.50997,0.09956,-2.50803,0.10782,-2.71649]},{"time":2,"vertices":[0.09033,-2.27551,0,0,0,0,0,0,0,2.83265,0,0,0,-3.95735,0,0,0,0,0,0,-0.09124,2.29853,-0.12044,3.03322,0,0,0.05646,-1.42221,0,2.88837,0,2.80481,-0.11131,2.80264,-0.07685,1.9354]}]},"MON40074_DL_9":{"MON40074_DL_9":[{"time":0},{"time":0.3333,"vertices":[1.49302,-1.17021,1.27663,-1.40312,-6.37388,5.34967,-3.44105,-5.58775,-2.26013,-6.16134,-5.50606,3.56798,-4.90807,-7.37861,-3.41147,-8.13742,-8.19168,3.61081,-7.5651,4.85621,-8.68808,-5.79924,-7.43852,-7.35226,-7.14796,7.55771,-5.86611,8.56286,-9.39838,-4.38007,-8.4133,-6.1221,-5.79646,8.47506,-4.35754,9.24356,-2.07223,-6.15328,-5.42105,2.66371,-0.87753,-5.54534,1.37365,1.30882,1.08572,1.55617,1.37365,1.30882,1.08572,1.55617,-2.26711,0.53387,0.20118,2.32003,-1.07657,-0.25603,-0.40859,1.0282,-0.84703,-0.03733,-0.15911,0.83265,-0.72951,-1.07989,-1.17361,0.566,-0.64928,-2.54291,-2.60946,0.27559,-4.84352,-2.57464,-5.2055,-1.7297,-2.4577,-2.65453,-1.91344,-3.06502,-4.98357,-1.50723,-4.63465,-2.39724,-2.39597,4.58302,-1.68687,4.86977,-5.18076,-4.65483,-4.20069,-5.57153,-5.4094,4.32695,-4.64359,5.11528,-2.9422,-3.94677,-2.20625,-4.38575,-4.50494,2.06205,-4.19014,2.66889,-0.34756,-0.43545,-0.41542,-0.37132]},{"time":0.6666,"vertices":[-1.72259,1.19306,-1.57423,1.38724,-6.51604,-1.88203,3.9436,-8.13616,5.35701,-7.38734,-7.56041,-4.33872,2.02988,-8.06118,3.45383,-7.61871,-7.36701,-3.53346,-7.73037,-2.43175,-5.8387,-1.92093,-5.35812,-2.96452,-2.95022,5.45263,-2.09365,5.85814,-7.48199,4.83171,-8.13816,3.38874,3.33296,8.50361,4.56138,8.02734,-3.85563,3.68252,4.24959,3.60466,-2.53611,2.81264,-1.59388,-1.36063,-1.36396,-1.59409,-1.59388,-1.36063,-1.36396,-1.59409,-4.88592,-3.62314,-4.52218,3.95846,-2.81899,-2.14306,-2.6734,2.29227,-2.70422,-2.03371,-2.54866,2.19449,-2.64546,-2.55499,-3.05591,2.06117,-2.60534,-3.2865,-3.77383,1.91597,-4.89086,0.49084,-4.8153,1.22394,-3.20879,-1.927,-2.8067,-2.45881,-4.2411,-0.56683,-4.07314,-1.31065,-1.40269,4.03845,-0.81556,4.19359,-5.12501,-3.70586,-4.36521,-4.57348,-4.60924,4.33,-3.92342,4.95682,-1.46416,-3.40564,-0.85384,-3.60338,-3.64743,0.70752,-3.52055,1.19808,-2.88884,-0.38541,-2.92114]},{"time":1},{"time":1.3333,"vertices":[1.49302,-1.17021,1.27663,-1.40312,-6.37388,5.34967,-3.44105,-5.58775,-2.26013,-6.16134,-5.50606,3.56798,-4.90807,-7.37861,-3.41147,-8.13742,-8.19168,3.61081,-7.5651,4.85621,-8.68808,-5.79924,-7.43852,-7.35226,-7.14796,7.55771,-5.86611,8.56286,-9.39838,-4.38007,-8.4133,-6.1221,-5.79646,8.47506,-4.35754,9.24356,-2.07223,-6.15328,-5.42105,2.66371,-0.87753,-5.54534,1.37365,1.30882,1.08572,1.55617,1.37365,1.30882,1.08572,1.55617,-2.26711,0.53387,0.20118,2.32003,-1.07657,-0.25603,-0.40859,1.0282,-0.84703,-0.03733,-0.15911,0.83265,-0.72951,-1.07989,-1.17361,0.566,-0.64928,-2.54291,-2.60946,0.27559,-4.84352,-2.57464,-5.2055,-1.7297,-2.4577,-2.65453,-1.91344,-3.06502,-4.98357,-1.50723,-4.63465,-2.39724,-2.39597,4.58302,-1.68687,4.86977,-5.18076,-4.65483,-4.20069,-5.57153,-5.4094,4.32695,-4.64359,5.11528,-2.9422,-3.94677,-2.20625,-4.38575,-4.50494,2.06205,-4.19014,2.66889,-0.34756,-0.43545,-0.41542,-0.37132]},{"time":1.6666,"vertices":[-1.72259,1.19306,-1.57423,1.38724,-6.51604,-1.88203,3.9436,-8.13616,5.35701,-7.38734,-7.56041,-4.33872,2.02988,-8.06118,3.45383,-7.61871,-7.36701,-3.53346,-7.73037,-2.43175,-5.8387,-1.92093,-5.35812,-2.96452,-2.95022,5.45263,-2.09365,5.85814,-7.48199,4.83171,-8.13816,3.38874,3.33296,8.50361,4.56138,8.02734,-3.85563,3.68252,4.24959,3.60466,-2.53611,2.81264,-1.59388,-1.36063,-1.36396,-1.59409,-1.59388,-1.36063,-1.36396,-1.59409,-4.88592,-3.62314,-4.52218,3.95846,-2.81899,-2.14306,-2.6734,2.29227,-2.70422,-2.03371,-2.54866,2.19449,-2.64546,-2.55499,-3.05591,2.06117,-2.60534,-3.2865,-3.77383,1.91597,-4.89086,0.49084,-4.8153,1.22394,-3.20879,-1.927,-2.8067,-2.45881,-4.2411,-0.56683,-4.07314,-1.31065,-1.40269,4.03845,-0.81556,4.19359,-5.12501,-3.70586,-4.36521,-4.57348,-4.60924,4.33,-3.92342,4.95682,-1.46416,-3.40564,-0.85384,-3.60338,-3.64743,0.70752,-3.52055,1.19808,-2.88884,-0.38541,-2.92114]},{"time":2}]}}}},"wait_special_DL":{"slots":{"MON40074_DL_0":{"attachment":[{"time":0,"name":null},{"time":0.5,"name":null},{"time":0.8,"name":null},{"time":1.1,"name":null},{"time":1.3,"name":null},{"time":1.5666,"name":null}]},"fx_eye":{"attachment":[{"time":0,"name":"yan_00000"},{"time":1.5666,"name":"yan_00000"}],"color":[{"time":0,"color":"ffffff00","curve":"stepped"},{"time":0.3666,"color":"ffffff00"},{"time":0.5,"color":"ffffffff","curve":"stepped"},{"time":1,"color":"ffffffff"},{"time":1.3333,"color":"ffffff00","curve":"stepped"},{"time":1.5666,"color":"ffffff00"}]}},"bones":{"bone":{"rotate":[{"time":0,"angle":0,"curve":"stepped"},{"time":0.3333,"angle":0,"curve":"stepped"},{"time":0.5,"angle":0,"curve":"stepped"},{"time":0.6333,"angle":0,"curve":"stepped"},{"time":0.8,"angle":0,"curve":"stepped"},{"time":0.9333,"angle":0,"curve":"stepped"},{"time":1.1,"angle":0,"curve":"stepped"},{"time":1.3,"angle":0,"curve":"stepped"},{"time":1.5666,"angle":0}],"translate":[{"time":0,"x":0,"y":0,"curve":"stepped"},{"time":0.3333,"x":0,"y":0},{"time":0.5,"x":0,"y":1.04},{"time":0.6333,"x":0,"y":0.62},{"time":0.8,"x":0,"y":1.04},{"time":0.9333,"x":0,"y":0.62},{"time":1.1,"x":0,"y":0.78},{"time":1.3,"x":0,"y":1.04},{"time":1.5666,"x":0,"y":0}],"scale":[{"time":0,"x":1,"y":1,"curve":"stepped"},{"time":0.3333,"x":1,"y":1},{"time":0.5,"x":0.98,"y":1.02},{"time":0.6333,"x":0.988,"y":1.011},{"time":0.8,"x":0.98,"y":1.02},{"time":0.9333,"x":0.988,"y":1.011},{"time":1.1,"x":0.985,"y":1.015},{"time":1.3,"x":0.98,"y":1.02},{"time":1.5666,"x":1,"y":1}]},"MON40074_DL_8":{"rotate":[{"time":0,"angle":0,"curve":"stepped"},{"time":0.3333,"angle":0},{"time":0.5,"angle":-8.3},{"time":0.6333,"angle":-4.98},{"time":0.8,"angle":-8.3},{"time":0.9333,"angle":-4.98},{"time":1.1,"angle":-8.37},{"time":1.3,"angle":-8.3},{"time":1.5666,"angle":0}],"translate":[{"time":0,"x":0,"y":0},{"time":0.3333,"x":0,"y":-5.94},{"time":0.5,"x":1.14,"y":18.84},{"time":0.6333,"x":0.68,"y":8.92},{"time":0.8,"x":1.14,"y":18.84},{"time":0.9333,"x":0.68,"y":8.92},{"time":1.1,"x":0.86,"y":12.64},{"time":1.3,"x":1.14,"y":18.84},{"time":1.5666,"x":0,"y":0}],"scale":[{"time":0,"x":1,"y":1,"curve":"stepped"},{"time":0.5,"x":1,"y":1},{"time":0.6333,"x":0.989,"y":1.005},{"time":0.8,"x":1,"y":1},{"time":0.9333,"x":0.989,"y":1.005},{"time":1.1,"x":0.993,"y":1.003},{"time":1.3,"x":1,"y":1,"curve":"stepped"},{"time":1.5666,"x":1,"y":1}]},"MON40074_DL_3":{"rotate":[{"time":0,"angle":0},{"time":0.3333,"angle":1.85},{"time":0.5,"angle":-11.9},{"time":0.6333,"angle":-6.39},{"time":0.8,"angle":-11.9},{"time":0.9333,"angle":-6.39},{"time":1.1,"angle":-8.46},{"time":1.3,"angle":-11.9},{"time":1.5666,"angle":0}],"translate":[{"time":0,"x":0,"y":0},{"time":0.3333,"x":-7.31,"y":1.06},{"time":0.5,"x":5.91,"y":0.77},{"time":0.6333,"x":0.62,"y":0.89},{"time":0.8,"x":5.91,"y":0.77},{"time":0.9333,"x":0.62,"y":0.89},{"time":1.1,"x":2.6,"y":0.85},{"time":1.3,"x":5.91,"y":0.77},{"time":1.5666,"x":0,"y":0}],"scale":[{"time":0,"x":1,"y":1,"curve":"stepped"},{"time":0.5,"x":1,"y":1,"curve":"stepped"},{"time":0.6333,"x":1,"y":1,"curve":"stepped"},{"time":0.8,"x":1,"y":1,"curve":"stepped"},{"time":0.9333,"x":1,"y":1,"curve":"stepped"},{"time":1.1,"x":1,"y":1,"curve":"stepped"},{"time":1.3,"x":1,"y":1,"curve":"stepped"},{"time":1.5666,"x":1,"y":1}]},"MON40074_DL_0":{"rotate":[{"time":0,"angle":0,"curve":"stepped"},{"time":0.3333,"angle":0,"curve":"stepped"},{"time":0.5,"angle":0,"curve":"stepped"},{"time":0.6333,"angle":0,"curve":"stepped"},{"time":0.8,"angle":0,"curve":"stepped"},{"time":0.9333,"angle":0,"curve":"stepped"},{"time":1.1,"angle":0,"curve":"stepped"},{"time":1.3,"angle":0,"curve":"stepped"},{"time":1.5666,"angle":0}],"translate":[{"time":0,"x":0,"y":0,"curve":"stepped"},{"time":0.3333,"x":0,"y":0,"curve":"stepped"},{"time":0.5,"x":0,"y":0,"curve":"stepped"},{"time":0.6333,"x":0,"y":0,"curve":"stepped"},{"time":0.8,"x":0,"y":0,"curve":"stepped"},{"time":0.9333,"x":0,"y":0,"curve":"stepped"},{"time":1.1,"x":0,"y":0,"curve":"stepped"},{"time":1.3,"x":0,"y":0,"curve":"stepped"},{"time":1.5666,"x":0,"y":0}],"scale":[{"time":0,"x":1,"y":1,"curve":"stepped"},{"time":0.5,"x":1,"y":1,"curve":"stepped"},{"time":0.6333,"x":1,"y":1,"curve":"stepped"},{"time":0.8,"x":1,"y":1,"curve":"stepped"},{"time":0.9333,"x":1,"y":1,"curve":"stepped"},{"time":1.1,"x":1,"y":1,"curve":"stepped"},{"time":1.3,"x":1,"y":1,"curve":"stepped"},{"time":1.5666,"x":1,"y":1}]},"MON40074_DL_2":{"rotate":[{"time":0,"angle":0},{"time":0.3333,"angle":5.3},{"time":0.5,"angle":8.71},{"time":0.6333,"angle":2.12},{"time":0.8,"angle":8.71},{"time":0.9333,"angle":2.12},{"time":1.1,"angle":7.39},{"time":1.3,"angle":8.71},{"time":1.5666,"angle":0}],"translate":[{"time":0,"x":0,"y":0},{"time":0.3333,"x":-4.83,"y":0},{"time":0.5,"x":0.83,"y":-2.45},{"time":0.6333,"x":-1.93,"y":0},{"time":0.8,"x":0.83,"y":-2.45},{"time":0.9333,"x":-1.93,"y":0},{"time":1.1,"x":0.28,"y":-1.96},{"time":1.3,"x":0.83,"y":-2.45},{"time":1.5666,"x":0,"y":0}],"scale":[{"time":0,"x":1,"y":1,"curve":"stepped"},{"time":0.5,"x":1,"y":1,"curve":"stepped"},{"time":0.6333,"x":1,"y":1,"curve":"stepped"},{"time":0.8,"x":1,"y":1,"curve":"stepped"},{"time":0.9333,"x":1,"y":1,"curve":"stepped"},{"time":1.1,"x":1,"y":1,"curve":"stepped"},{"time":1.3,"x":1,"y":1,"curve":"stepped"},{"time":1.5666,"x":1,"y":1}]},"MON40074_DL_6":{"rotate":[{"time":0,"angle":0},{"time":0.3333,"angle":-2.78},{"time":0.5,"angle":19.1},{"time":0.6333,"angle":7.19},{"time":0.8,"angle":13.85},{"time":0.9333,"angle":7.19},{"time":1.1,"angle":9.69},{"time":1.3,"angle":13.85},{"time":1.5666,"angle":0}],"translate":[{"time":0,"x":0,"y":0},{"time":0.3333,"x":-4.77,"y":7.64},{"time":0.5,"x":1.05,"y":-4.72},{"time":0.6333,"x":-1.27,"y":0.22},{"time":0.8,"x":1.05,"y":-4.72},{"time":0.9333,"x":-1.27,"y":0.22},{"time":1.1,"x":-0.4,"y":-1.62},{"time":1.3,"x":1.05,"y":-4.72},{"time":1.5666,"x":0,"y":0}],"scale":[{"time":0,"x":1,"y":1,"curve":"stepped"},{"time":0.5,"x":1,"y":1,"curve":"stepped"},{"time":0.6333,"x":1,"y":1,"curve":"stepped"},{"time":0.8,"x":1,"y":1,"curve":"stepped"},{"time":0.9333,"x":1,"y":1,"curve":"stepped"},{"time":1.1,"x":1,"y":1,"curve":"stepped"},{"time":1.3,"x":1,"y":1,"curve":"stepped"},{"time":1.5666,"x":1,"y":1}]},"MON40074_DL_4":{"rotate":[{"time":0,"angle":-68.57},{"time":0.3333,"angle":-69.32},{"time":0.5,"angle":-75.81},{"time":0.6333,"angle":-68.75},{"time":0.8,"angle":-68.54},{"time":0.9333,"angle":-68.75},{"time":1.1,"angle":-68.67},{"time":1.3,"angle":-68.54},{"time":1.5666,"angle":-68.57}],"translate":[{"time":0,"x":0,"y":0},{"time":0.3333,"x":7.25,"y":8.98},{"time":0.5,"x":0,"y":0,"curve":"stepped"},{"time":0.6333,"x":0,"y":0,"curve":"stepped"},{"time":0.8,"x":0,"y":0,"curve":"stepped"},{"time":0.9333,"x":0,"y":0,"curve":"stepped"},{"time":1.1,"x":0,"y":0,"curve":"stepped"},{"time":1.3,"x":0,"y":0,"curve":"stepped"},{"time":1.5666,"x":0,"y":0}],"scale":[{"time":0,"x":1,"y":1,"curve":"stepped"},{"time":0.3333,"x":1,"y":1,"curve":"stepped"},{"time":0.5,"x":1,"y":1,"curve":"stepped"},{"time":0.6333,"x":1,"y":1,"curve":"stepped"},{"time":0.8,"x":1,"y":1,"curve":"stepped"},{"time":0.9333,"x":1,"y":1,"curve":"stepped"},{"time":1.1,"x":1,"y":1,"curve":"stepped"},{"time":1.3,"x":1,"y":1,"curve":"stepped"},{"time":1.5666,"x":1,"y":1}]},"MON40074_DL_5":{"rotate":[{"time":0,"angle":0,"curve":"stepped"},{"time":0.3333,"angle":0},{"time":0.5,"angle":-5.54},{"time":0.6333,"angle":-3.32},{"time":0.8,"angle":-5.54},{"time":0.9333,"angle":-3.32},{"time":1.1,"angle":-5.54,"curve":"stepped"},{"time":1.3,"angle":-5.54},{"time":1.5666,"angle":0}],"translate":[{"time":0,"x":0,"y":0,"curve":"stepped"},{"time":0.3333,"x":0,"y":0},{"time":0.5,"x":-4.49,"y":3.95},{"time":0.6333,"x":-5.28,"y":2.87},{"time":0.8,"x":-4.49,"y":3.95},{"time":0.9333,"x":-5.28,"y":2.87},{"time":1.1,"x":-6.35,"y":3.84},{"time":1.3,"x":-5.67,"y":2.7},{"time":1.5666,"x":0,"y":0}],"scale":[{"time":0,"x":1,"y":1,"curve":"stepped"},{"time":0.5,"x":1,"y":1,"curve":"stepped"},{"time":0.6333,"x":1,"y":1,"curve":"stepped"},{"time":0.8,"x":1,"y":1,"curve":"stepped"},{"time":0.9333,"x":1,"y":1,"curve":"stepped"},{"time":1.1,"x":1,"y":1,"curve":"stepped"},{"time":1.3,"x":1,"y":1,"curve":"stepped"},{"time":1.5666,"x":1,"y":1}]},"MON40074_DL_19":{"rotate":[{"time":0,"angle":0},{"time":0.3333,"angle":4.94},{"time":0.5,"angle":-24.33},{"time":0.6333,"angle":-12.62},{"time":0.8,"angle":-24.33},{"time":0.9333,"angle":-12.62},{"time":1.1,"angle":-17.01},{"time":1.3,"angle":-24.33},{"time":1.5666,"angle":0}],"translate":[{"time":0,"x":0,"y":0},{"time":0.3333,"x":0,"y":1.4},{"time":0.5,"x":44.06,"y":-12.27},{"time":0.6333,"x":26.43,"y":-6.8},{"time":0.8,"x":44.06,"y":-12.27},{"time":0.9333,"x":26.43,"y":-6.8},{"time":1.1,"x":33.04,"y":-8.85},{"time":1.3,"x":44.06,"y":-12.27},{"time":1.5666,"x":0,"y":0}],"scale":[{"time":0,"x":1,"y":1,"curve":"stepped"},{"time":0.5,"x":1,"y":1,"curve":"stepped"},{"time":0.6333,"x":1,"y":1,"curve":"stepped"},{"time":0.8,"x":1,"y":1,"curve":"stepped"},{"time":0.9333,"x":1,"y":1,"curve":"stepped"},{"time":1.1,"x":1,"y":1,"curve":"stepped"},{"time":1.3,"x":1,"y":1,"curve":"stepped"},{"time":1.5666,"x":1,"y":1}]},"MON40074_DL_20":{"rotate":[{"time":0,"angle":0},{"time":0.3333,"angle":0.53},{"time":0.5,"angle":-99.31},{"time":0.6333,"angle":-100.82},{"time":0.8,"angle":-106.79},{"time":0.9333,"angle":-100.82},{"time":1.1,"angle":-93.18},{"time":1.3,"angle":-106.79},{"time":1.5666,"angle":0}],"translate":[{"time":0,"x":0,"y":0},{"time":0.3333,"x":-7.62,"y":14.82},{"time":0.5,"x":36.79,"y":10.88},{"time":0.6333,"x":15.62,"y":14.28},{"time":0.8,"x":43.08,"y":12.62},{"time":0.9333,"x":15.62,"y":14.28},{"time":1.1,"x":34.73,"y":13.64},{"time":1.3,"x":43.08,"y":12.62},{"time":1.5666,"x":0,"y":0}],"scale":[{"time":0,"x":1,"y":1,"curve":"stepped"},{"time":0.3333,"x":1,"y":1},{"time":0.5,"x":1.1,"y":1.1},{"time":0.6333,"x":1,"y":1},{"time":0.8,"x":1.1,"y":1.1},{"time":0.9333,"x":1,"y":1},{"time":1.1,"x":1.1,"y":1.1,"curve":"stepped"},{"time":1.3,"x":1.1,"y":1.1},{"time":1.5666,"x":1,"y":1}]},"MON40074_DL_17":{"rotate":[{"time":0,"angle":0},{"time":0.3333,"angle":-40.85},{"time":0.5,"angle":5.85},{"time":0.6333,"angle":-7.59},{"time":0.8,"angle":5.85},{"time":0.9333,"angle":-7.59},{"time":1.1,"angle":-5.82},{"time":1.3,"angle":5.85},{"time":1.5666,"angle":0}],"translate":[{"time":0,"x":0,"y":0},{"time":0.3333,"x":1.04,"y":-2.97},{"time":0.5,"x":0,"y":0},{"time":0.6333,"x":0.86,"y":0.01},{"time":0.8,"x":0,"y":0},{"time":0.9333,"x":0.86,"y":0.01},{"time":1.1,"x":0.26,"y":-0.74},{"time":1.3,"x":0,"y":0,"curve":"stepped"},{"time":1.5666,"x":0,"y":0}],"scale":[{"time":0,"x":1,"y":1,"curve":"stepped"},{"time":0.3333,"x":1,"y":1,"curve":"stepped"},{"time":0.5,"x":1,"y":1,"curve":"stepped"},{"time":0.6333,"x":1,"y":1,"curve":"stepped"},{"time":0.8,"x":1,"y":1,"curve":"stepped"},{"time":0.9333,"x":1,"y":1,"curve":"stepped"},{"time":1.1,"x":1,"y":1,"curve":"stepped"},{"time":1.3,"x":1,"y":1,"curve":"stepped"},{"time":1.5666,"x":1,"y":1}]},"MON40074_DL_18":{"rotate":[{"time":0,"angle":0},{"time":0.3333,"angle":15.35},{"time":0.5,"angle":6.13},{"time":0.6333,"angle":-13.14},{"time":0.8,"angle":6.13},{"time":0.9333,"angle":-13.14},{"time":1.1,"angle":12.08},{"time":1.3,"angle":6.13},{"time":1.5666,"angle":0}],"translate":[{"time":0,"x":0,"y":0},{"time":0.3333,"x":-1.25,"y":-2.23},{"time":0.5,"x":1.51,"y":-2.92},{"time":0.6333,"x":0.4,"y":-2.64},{"time":0.8,"x":1.51,"y":-2.92},{"time":0.9333,"x":0.4,"y":-2.64},{"time":1.1,"x":0.82,"y":-2.75},{"time":1.3,"x":1.51,"y":-2.92},{"time":1.5666,"x":0,"y":0}],"scale":[{"time":0,"x":1,"y":1,"curve":"stepped"},{"time":0.5,"x":1,"y":1,"curve":"stepped"},{"time":0.6333,"x":1,"y":1,"curve":"stepped"},{"time":0.8,"x":1,"y":1,"curve":"stepped"},{"time":0.9333,"x":1,"y":1,"curve":"stepped"},{"time":1.1,"x":1,"y":1,"curve":"stepped"},{"time":1.3,"x":1,"y":1,"curve":"stepped"},{"time":1.5666,"x":1,"y":1}]},"MON40074_DL_16":{"rotate":[{"time":0,"angle":0,"curve":"stepped"},{"time":0.3333,"angle":0,"curve":"stepped"},{"time":0.5,"angle":0,"curve":"stepped"},{"time":0.6333,"angle":0,"curve":"stepped"},{"time":0.8,"angle":0,"curve":"stepped"},{"time":0.9333,"angle":0,"curve":"stepped"},{"time":1.1,"angle":0,"curve":"stepped"},{"time":1.3,"angle":0,"curve":"stepped"},{"time":1.5666,"angle":0}],"translate":[{"time":0,"x":0,"y":0,"curve":"stepped"},{"time":0.3333,"x":0,"y":0,"curve":"stepped"},{"time":0.5,"x":0,"y":0,"curve":"stepped"},{"time":0.6333,"x":0,"y":0,"curve":"stepped"},{"time":0.8,"x":0,"y":0,"curve":"stepped"},{"time":0.9333,"x":0,"y":0,"curve":"stepped"},{"time":1.1,"x":0,"y":0,"curve":"stepped"},{"time":1.3,"x":0,"y":0,"curve":"stepped"},{"time":1.5666,"x":0,"y":0}],"scale":[{"time":0,"x":1,"y":1,"curve":"stepped"},{"time":0.3333,"x":1,"y":1,"curve":"stepped"},{"time":0.5,"x":1,"y":1,"curve":"stepped"},{"time":0.6333,"x":1,"y":1,"curve":"stepped"},{"time":0.8,"x":1,"y":1,"curve":"stepped"},{"time":0.9333,"x":1,"y":1,"curve":"stepped"},{"time":1.1,"x":1,"y":1,"curve":"stepped"},{"time":1.3,"x":1,"y":1,"curve":"stepped"},{"time":1.5666,"x":1,"y":1}]},"MON40074_DL_21":{"rotate":[{"time":0,"angle":0,"curve":"stepped"},{"time":0.3333,"angle":0,"curve":"stepped"},{"time":0.5,"angle":0,"curve":"stepped"},{"time":0.6333,"angle":0,"curve":"stepped"},{"time":0.8,"angle":0,"curve":"stepped"},{"time":0.9333,"angle":0,"curve":"stepped"},{"time":1.1,"angle":0,"curve":"stepped"},{"time":1.3,"angle":0,"curve":"stepped"},{"time":1.5666,"angle":0}],"translate":[{"time":0,"x":0,"y":0,"curve":"stepped"},{"time":0.3333,"x":0,"y":0,"curve":"stepped"},{"time":0.5,"x":0,"y":0,"curve":"stepped"},{"time":0.6333,"x":0,"y":0,"curve":"stepped"},{"time":0.8,"x":0,"y":0,"curve":"stepped"},{"time":0.9333,"x":0,"y":0,"curve":"stepped"},{"time":1.1,"x":0,"y":0,"curve":"stepped"},{"time":1.3,"x":0,"y":0,"curve":"stepped"},{"time":1.5666,"x":0,"y":0}],"scale":[{"time":0,"x":1,"y":1,"curve":"stepped"},{"time":0.5,"x":1,"y":1,"curve":"stepped"},{"time":0.6333,"x":1,"y":1,"curve":"stepped"},{"time":0.8,"x":1,"y":1,"curve":"stepped"},{"time":0.9333,"x":1,"y":1,"curve":"stepped"},{"time":1.1,"x":1,"y":1,"curve":"stepped"},{"time":1.3,"x":1,"y":1,"curve":"stepped"},{"time":1.5666,"x":1,"y":1}]},"MON40074_DL_7":{"rotate":[{"time":0,"angle":0,"curve":"stepped"},{"time":0.3333,"angle":0,"curve":"stepped"},{"time":0.5,"angle":0,"curve":"stepped"},{"time":0.6333,"angle":0,"curve":"stepped"},{"time":0.8,"angle":0,"curve":"stepped"},{"time":0.9333,"angle":0,"curve":"stepped"},{"time":1.1,"angle":0,"curve":"stepped"},{"time":1.3,"angle":0,"curve":"stepped"},{"time":1.5666,"angle":0}],"translate":[{"time":0,"x":0,"y":0},{"time":0.3333,"x":0,"y":-5.33},{"time":0.5,"x":0,"y":9.54},{"time":0.6333,"x":0,"y":3.59},{"time":0.8,"x":0,"y":9.54},{"time":0.9333,"x":0,"y":3.59},{"time":1.1,"x":0,"y":5.82},{"time":1.3,"x":0,"y":9.54},{"time":1.5666,"x":0,"y":0}],"scale":[{"time":0,"x":1,"y":1,"curve":"stepped"},{"time":0.5,"x":1,"y":1},{"time":0.6333,"x":0.97,"y":1.005},{"time":0.8,"x":1,"y":1},{"time":0.9333,"x":0.97,"y":1.005},{"time":1.1,"x":0.982,"y":1.003},{"time":1.3,"x":1,"y":1,"curve":"stepped"},{"time":1.5666,"x":1,"y":1}]},"MON40074_DL_9":{"rotate":[{"time":0,"angle":0},{"time":0.3333,"angle":-3.9},{"time":0.5,"angle":0},{"time":0.6333,"angle":-1.56},{"time":0.8,"angle":0},{"time":0.9333,"angle":-1.56},{"time":1.1,"angle":-0.97},{"time":1.3,"angle":0,"curve":"stepped"},{"time":1.5666,"angle":0}],"translate":[{"time":0,"x":0,"y":0,"curve":"stepped"},{"time":0.3333,"x":0,"y":0,"curve":"stepped"},{"time":0.5,"x":0,"y":0,"curve":"stepped"},{"time":0.6333,"x":0,"y":0,"curve":"stepped"},{"time":0.8,"x":0,"y":0,"curve":"stepped"},{"time":0.9333,"x":0,"y":0,"curve":"stepped"},{"time":1.1,"x":0,"y":0,"curve":"stepped"},{"time":1.3,"x":0,"y":0,"curve":"stepped"},{"time":1.5666,"x":0,"y":0}],"scale":[{"time":0,"x":1,"y":1,"curve":"stepped"},{"time":0.5,"x":1,"y":1,"curve":"stepped"},{"time":0.6333,"x":1,"y":1,"curve":"stepped"},{"time":0.8,"x":1,"y":1,"curve":"stepped"},{"time":0.9333,"x":1,"y":1,"curve":"stepped"},{"time":1.1,"x":1,"y":1,"curve":"stepped"},{"time":1.3,"x":1,"y":1,"curve":"stepped"},{"time":1.5666,"x":1,"y":1}]},"bone4":{"rotate":[{"time":0,"angle":0},{"time":0.3333,"angle":-3.08},{"time":0.5,"angle":0},{"time":0.6333,"angle":-1.23},{"time":0.8,"angle":0},{"time":0.9333,"angle":-1.23},{"time":1.1,"angle":-0.77},{"time":1.3,"angle":0,"curve":"stepped"},{"time":1.5666,"angle":0}],"translate":[{"time":0,"x":0,"y":0,"curve":"stepped"},{"time":0.3333,"x":0,"y":0,"curve":"stepped"},{"time":0.5,"x":0,"y":0,"curve":"stepped"},{"time":0.6333,"x":0,"y":0,"curve":"stepped"},{"time":0.8,"x":0,"y":0,"curve":"stepped"},{"time":0.9333,"x":0,"y":0,"curve":"stepped"},{"time":1.1,"x":0,"y":0,"curve":"stepped"},{"time":1.3,"x":0,"y":0,"curve":"stepped"},{"time":1.5666,"x":0,"y":0}],"scale":[{"time":0,"x":1,"y":1,"curve":"stepped"},{"time":0.5,"x":1,"y":1,"curve":"stepped"},{"time":0.6333,"x":1,"y":1,"curve":"stepped"},{"time":0.8,"x":1,"y":1,"curve":"stepped"},{"time":0.9333,"x":1,"y":1,"curve":"stepped"},{"time":1.1,"x":1,"y":1,"curve":"stepped"},{"time":1.3,"x":1,"y":1,"curve":"stepped"},{"time":1.5666,"x":1,"y":1}]},"bone5":{"rotate":[{"time":0,"angle":0},{"time":0.3333,"angle":4.21},{"time":0.5,"angle":0},{"time":0.6333,"angle":1.68},{"time":0.8,"angle":0},{"time":0.9333,"angle":1.68},{"time":1.1,"angle":1.05},{"time":1.3,"angle":0,"curve":"stepped"},{"time":1.5666,"angle":0}],"translate":[{"time":0,"x":0,"y":0,"curve":"stepped"},{"time":0.3333,"x":0,"y":0,"curve":"stepped"},{"time":0.5,"x":0,"y":0,"curve":"stepped"},{"time":0.6333,"x":0,"y":0,"curve":"stepped"},{"time":0.8,"x":0,"y":0,"curve":"stepped"},{"time":0.9333,"x":0,"y":0,"curve":"stepped"},{"time":1.1,"x":0,"y":0,"curve":"stepped"},{"time":1.3,"x":0,"y":0,"curve":"stepped"},{"time":1.5666,"x":0,"y":0}],"scale":[{"time":0,"x":1,"y":1,"curve":"stepped"},{"time":0.5,"x":1,"y":1,"curve":"stepped"},{"time":0.6333,"x":1,"y":1,"curve":"stepped"},{"time":0.8,"x":1,"y":1,"curve":"stepped"},{"time":0.9333,"x":1,"y":1,"curve":"stepped"},{"time":1.1,"x":1,"y":1,"curve":"stepped"},{"time":1.3,"x":1,"y":1,"curve":"stepped"},{"time":1.5666,"x":1,"y":1}]},"bone6":{"rotate":[{"time":0,"angle":0},{"time":0.3333,"angle":3.63},{"time":0.5,"angle":0},{"time":0.6333,"angle":1.45},{"time":0.8,"angle":0},{"time":0.9333,"angle":1.45},{"time":1.1,"angle":0.9},{"time":1.3,"angle":0,"curve":"stepped"},{"time":1.5666,"angle":0}],"translate":[{"time":0,"x":0,"y":0,"curve":"stepped"},{"time":0.3333,"x":0,"y":0,"curve":"stepped"},{"time":0.5,"x":0,"y":0,"curve":"stepped"},{"time":0.6333,"x":0,"y":0,"curve":"stepped"},{"time":0.8,"x":0,"y":0,"curve":"stepped"},{"time":0.9333,"x":0,"y":0,"curve":"stepped"},{"time":1.1,"x":0,"y":0,"curve":"stepped"},{"time":1.3,"x":0,"y":0,"curve":"stepped"},{"time":1.5666,"x":0,"y":0}],"scale":[{"time":0,"x":1,"y":1,"curve":"stepped"},{"time":0.5,"x":1,"y":1,"curve":"stepped"},{"time":0.6333,"x":1,"y":1,"curve":"stepped"},{"time":0.8,"x":1,"y":1,"curve":"stepped"},{"time":0.9333,"x":1,"y":1,"curve":"stepped"},{"time":1.1,"x":1,"y":1,"curve":"stepped"},{"time":1.3,"x":1,"y":1,"curve":"stepped"},{"time":1.5666,"x":1,"y":1}]},"MON40074_DL_15":{"rotate":[{"time":0,"angle":0},{"time":0.3333,"angle":-5.22},{"time":0.5,"angle":14.14},{"time":0.6333,"angle":6.39},{"time":0.8,"angle":14.14},{"time":0.9333,"angle":6.39},{"time":1.1,"angle":9.3},{"time":1.3,"angle":14.14},{"time":1.5666,"angle":0}],"translate":[{"time":0,"x":0,"y":0},{"time":0.3333,"x":-2.82,"y":0},{"time":0.5,"x":5.79,"y":-0.81},{"time":0.6333,"x":3.47,"y":-0.49},{"time":0.8,"x":5.79,"y":-0.81},{"time":0.9333,"x":3.47,"y":-0.49},{"time":1.1,"x":4.34,"y":-0.61},{"time":1.3,"x":5.79,"y":-0.81},{"time":1.5666,"x":0,"y":0}],"scale":[{"time":0,"x":1,"y":1,"curve":"stepped"},{"time":0.5,"x":1,"y":1,"curve":"stepped"},{"time":0.6333,"x":1,"y":1,"curve":"stepped"},{"time":0.8,"x":1,"y":1,"curve":"stepped"},{"time":0.9333,"x":1,"y":1,"curve":"stepped"},{"time":1.1,"x":1,"y":1,"curve":"stepped"},{"time":1.3,"x":1,"y":1,"curve":"stepped"},{"time":1.5666,"x":1,"y":1}]},"MON40074_DL_13":{"rotate":[{"time":0,"angle":0},{"time":0.3333,"angle":12.7},{"time":0.5,"angle":-24.51},{"time":0.6333,"angle":-9.62},{"time":0.8,"angle":-24.51},{"time":0.9333,"angle":-9.62},{"time":1.1,"angle":-15.21},{"time":1.3,"angle":-24.51},{"time":1.5666,"angle":0}],"translate":[{"time":0,"x":0,"y":0,"curve":"stepped"},{"time":0.3333,"x":0,"y":0,"curve":"stepped"},{"time":0.5,"x":0,"y":0,"curve":"stepped"},{"time":0.6333,"x":0,"y":0,"curve":"stepped"},{"time":0.8,"x":0,"y":0,"curve":"stepped"},{"time":0.9333,"x":0,"y":0,"curve":"stepped"},{"time":1.1,"x":0,"y":0,"curve":"stepped"},{"time":1.3,"x":0,"y":0,"curve":"stepped"},{"time":1.5666,"x":0,"y":0}],"scale":[{"time":0,"x":1,"y":1,"curve":"stepped"},{"time":0.5,"x":1,"y":1,"curve":"stepped"},{"time":0.6333,"x":1,"y":1,"curve":"stepped"},{"time":0.8,"x":1,"y":1,"curve":"stepped"},{"time":0.9333,"x":1,"y":1,"curve":"stepped"},{"time":1.1,"x":1,"y":1,"curve":"stepped"},{"time":1.3,"x":1,"y":1,"curve":"stepped"},{"time":1.5666,"x":1,"y":1}]},"MON40074_DL_14":{"rotate":[{"time":0,"angle":0},{"time":0.3333,"angle":-7.01},{"time":0.5,"angle":11.14},{"time":0.6333,"angle":3.87},{"time":0.8,"angle":11.14},{"time":0.9333,"angle":3.87},{"time":1.1,"angle":6.6},{"time":1.3,"angle":11.14},{"time":1.5666,"angle":0}],"translate":[{"time":0,"x":0,"y":0,"curve":"stepped"},{"time":0.3333,"x":0,"y":0,"curve":"stepped"},{"time":0.5,"x":0,"y":0,"curve":"stepped"},{"time":0.6333,"x":0,"y":0,"curve":"stepped"},{"time":0.8,"x":0,"y":0,"curve":"stepped"},{"time":0.9333,"x":0,"y":0,"curve":"stepped"},{"time":1.1,"x":0,"y":0,"curve":"stepped"},{"time":1.3,"x":0,"y":0,"curve":"stepped"},{"time":1.5666,"x":0,"y":0}],"scale":[{"time":0,"x":1,"y":1,"curve":"stepped"},{"time":0.5,"x":1,"y":1,"curve":"stepped"},{"time":0.6333,"x":1,"y":1,"curve":"stepped"},{"time":0.8,"x":1,"y":1,"curve":"stepped"},{"time":0.9333,"x":1,"y":1,"curve":"stepped"},{"time":1.1,"x":1,"y":1,"curve":"stepped"},{"time":1.3,"x":1,"y":1,"curve":"stepped"},{"time":1.5666,"x":1,"y":1}]},"MON40074_DL_12":{"rotate":[{"time":0,"angle":0},{"time":0.3333,"angle":-6.46},{"time":0.5,"angle":-12.42},{"time":0.6333,"angle":-10.03},{"time":0.8,"angle":-12.42},{"time":0.9333,"angle":-10.03},{"time":1.1,"angle":-10.93},{"time":1.3,"angle":-12.42},{"time":1.5666,"angle":0}],"translate":[{"time":0,"x":0,"y":0},{"time":0.3333,"x":-2.82,"y":0.47},{"time":0.5,"x":6.88,"y":2.99},{"time":0.6333,"x":4.12,"y":1.79},{"time":0.8,"x":6.88,"y":2.99},{"time":0.9333,"x":4.12,"y":1.79},{"time":1.1,"x":5.16,"y":2.24},{"time":1.3,"x":6.88,"y":2.99},{"time":1.5666,"x":0,"y":0}],"scale":[{"time":0,"x":1,"y":1,"curve":"stepped"},{"time":0.5,"x":1,"y":1,"curve":"stepped"},{"time":0.6333,"x":1,"y":1,"curve":"stepped"},{"time":0.8,"x":1,"y":1,"curve":"stepped"},{"time":0.9333,"x":1,"y":1,"curve":"stepped"},{"time":1.1,"x":1,"y":1,"curve":"stepped"},{"time":1.3,"x":1,"y":1,"curve":"stepped"},{"time":1.5666,"x":1,"y":1}]},"MON40074_DL_10":{"rotate":[{"time":0,"angle":0},{"time":0.3333,"angle":16.78},{"time":0.5,"angle":10.6},{"time":0.6333,"angle":13.07},{"time":0.8,"angle":10.6},{"time":0.9333,"angle":13.07},{"time":1.1,"angle":12.14},{"time":1.3,"angle":10.6},{"time":1.5666,"angle":0}],"translate":[{"time":0,"x":0,"y":0,"curve":"stepped"},{"time":0.3333,"x":0,"y":0,"curve":"stepped"},{"time":0.5,"x":0,"y":0,"curve":"stepped"},{"time":0.6333,"x":0,"y":0,"curve":"stepped"},{"time":0.8,"x":0,"y":0,"curve":"stepped"},{"time":0.9333,"x":0,"y":0,"curve":"stepped"},{"time":1.1,"x":0,"y":0,"curve":"stepped"},{"time":1.3,"x":0,"y":0,"curve":"stepped"},{"time":1.5666,"x":0,"y":0}],"scale":[{"time":0,"x":1,"y":1,"curve":"stepped"},{"time":0.5,"x":1,"y":1,"curve":"stepped"},{"time":0.6333,"x":1,"y":1,"curve":"stepped"},{"time":0.8,"x":1,"y":1,"curve":"stepped"},{"time":0.9333,"x":1,"y":1,"curve":"stepped"},{"time":1.1,"x":1,"y":1,"curve":"stepped"},{"time":1.3,"x":1,"y":1,"curve":"stepped"},{"time":1.5666,"x":1,"y":1}]},"MON40074_DL_11":{"rotate":[{"time":0,"angle":0},{"time":0.3333,"angle":-11.36},{"time":0.5,"angle":1.2},{"time":0.6333,"angle":-3.82},{"time":0.8,"angle":1.2},{"time":0.9333,"angle":-3.82},{"time":1.1,"angle":-1.93},{"time":1.3,"angle":1.2},{"time":1.5666,"angle":0}],"translate":[{"time":0,"x":0,"y":0,"curve":"stepped"},{"time":0.3333,"x":0,"y":0,"curve":"stepped"},{"time":0.5,"x":0,"y":0,"curve":"stepped"},{"time":0.6333,"x":0,"y":0,"curve":"stepped"},{"time":0.8,"x":0,"y":0,"curve":"stepped"},{"time":0.9333,"x":0,"y":0,"curve":"stepped"},{"time":1.1,"x":0,"y":0,"curve":"stepped"},{"time":1.3,"x":0,"y":0,"curve":"stepped"},{"time":1.5666,"x":0,"y":0}],"scale":[{"time":0,"x":1,"y":1,"curve":"stepped"},{"time":0.5,"x":1,"y":1,"curve":"stepped"},{"time":0.6333,"x":1,"y":1,"curve":"stepped"},{"time":0.8,"x":1,"y":1,"curve":"stepped"},{"time":0.9333,"x":1,"y":1,"curve":"stepped"},{"time":1.1,"x":1,"y":1,"curve":"stepped"},{"time":1.3,"x":1,"y":1,"curve":"stepped"},{"time":1.5666,"x":1,"y":1}]},"MON40074_DL_1":{"rotate":[{"time":0,"angle":59.68},{"time":0.3333,"angle":65.43},{"time":0.5,"angle":55.55},{"time":0.6333,"angle":58.74},{"time":0.8,"angle":55.55},{"time":0.9333,"angle":58.74},{"time":1.1,"angle":57.54},{"time":1.3,"angle":55.55},{"time":1.5666,"angle":59.68}],"translate":[{"time":0,"x":-12.48,"y":10.37},{"time":0.3333,"x":-22.61,"y":10.54},{"time":0.5,"x":-15.93,"y":11.61},{"time":0.6333,"x":-14.55,"y":11.11},{"time":0.8,"x":-15.93,"y":11.61},{"time":0.9333,"x":-14.55,"y":11.11},{"time":1.1,"x":-15.07,"y":11.3},{"time":1.3,"x":-17.23,"y":12.19},{"time":1.5666,"x":-12.48,"y":10.37}],"scale":[{"time":0,"x":1,"y":1,"curve":"stepped"},{"time":0.3333,"x":1,"y":1,"curve":"stepped"},{"time":0.5,"x":1,"y":1,"curve":"stepped"},{"time":0.6333,"x":1,"y":1,"curve":"stepped"},{"time":0.8,"x":1,"y":1,"curve":"stepped"},{"time":0.9333,"x":1,"y":1,"curve":"stepped"},{"time":1.1,"x":1,"y":1,"curve":"stepped"},{"time":1.3,"x":1,"y":1,"curve":"stepped"},{"time":1.5666,"x":1,"y":1}]},"shadow":{"rotate":[{"time":0,"angle":0,"curve":"stepped"},{"time":0.3333,"angle":0,"curve":"stepped"},{"time":0.5,"angle":0,"curve":"stepped"},{"time":0.6333,"angle":0,"curve":"stepped"},{"time":0.8,"angle":0,"curve":"stepped"},{"time":0.9333,"angle":0,"curve":"stepped"},{"time":1.1,"angle":0,"curve":"stepped"},{"time":1.3,"angle":0,"curve":"stepped"},{"time":1.5666,"angle":0}],"translate":[{"time":0,"x":0,"y":0,"curve":"stepped"},{"time":0.3333,"x":0,"y":0,"curve":"stepped"},{"time":0.5,"x":0,"y":0,"curve":"stepped"},{"time":0.6333,"x":0,"y":0,"curve":"stepped"},{"time":0.8,"x":0,"y":0,"curve":"stepped"},{"time":0.9333,"x":0,"y":0,"curve":"stepped"},{"time":1.1,"x":0,"y":0,"curve":"stepped"},{"time":1.3,"x":0,"y":0,"curve":"stepped"},{"time":1.5666,"x":0,"y":0}],"scale":[{"time":0,"x":1,"y":1},{"time":0.5,"x":0.95,"y":0.95},{"time":0.6333,"x":1.028,"y":1.028},{"time":0.8,"x":0.95,"y":0.95},{"time":0.9333,"x":1.028,"y":1.028},{"time":1.1,"x":0.97,"y":0.97},{"time":1.3,"x":0.95,"y":0.95},{"time":1.5666,"x":1,"y":1}]},"bone9":{"rotate":[{"time":0,"angle":0},{"time":0.3333,"angle":7.32},{"time":0.5,"angle":-5.62},{"time":0.6333,"angle":-0.44},{"time":0.8,"angle":-5.62},{"time":0.9333,"angle":-0.44},{"time":1.1,"angle":-2.38},{"time":1.3,"angle":-5.62},{"time":1.5666,"angle":0}],"translate":[{"time":0,"x":0,"y":0,"curve":"stepped"},{"time":0.3333,"x":0,"y":0,"curve":"stepped"},{"time":0.5,"x":0,"y":0,"curve":"stepped"},{"time":0.6333,"x":0,"y":0,"curve":"stepped"},{"time":0.8,"x":0,"y":0,"curve":"stepped"},{"time":0.9333,"x":0,"y":0,"curve":"stepped"},{"time":1.1,"x":0,"y":0,"curve":"stepped"},{"time":1.3,"x":0,"y":0,"curve":"stepped"},{"time":1.5666,"x":0,"y":0}],"scale":[{"time":0,"x":1,"y":1,"curve":"stepped"},{"time":0.5,"x":1,"y":1,"curve":"stepped"},{"time":0.6333,"x":1,"y":1,"curve":"stepped"},{"time":0.8,"x":1,"y":1,"curve":"stepped"},{"time":0.9333,"x":1,"y":1,"curve":"stepped"},{"time":1.1,"x":1,"y":1,"curve":"stepped"},{"time":1.3,"x":1,"y":1,"curve":"stepped"},{"time":1.5666,"x":1,"y":1}]}},"ffd":{"default":{"MON40074_DL_1":{"MON40074_DL_1":[{"time":0},{"time":0.5,"vertices":[-8.75379,9.35446,0,0,2.73376,-0.43848,2.73376,-0.43848,3.2416,-0.51995,-15.92843,-0.6827,3.2416,-0.51995,3.2416,-0.51995,3.2416,-0.51995,3.2416,-0.51995,3.2416,-0.51995]},{"time":0.6333,"vertices":[-2.84537,0.45631,0,0,1.7086,-0.27405,1.7086,-0.27405,2.026,-0.32496,-2.84537,0.45631,2.026,-0.32496,2.026,-0.32496,2.026,-0.32496,2.026,-0.32496,2.026,-0.32496]},{"time":0.8,"vertices":[-8.75379,9.35446,0,0,2.73376,-0.43848,2.73376,-0.43848,3.2416,-0.51995,-15.92843,-0.6827,3.2416,-0.51995,3.2416,-0.51995,3.2416,-0.51995,3.2416,-0.51995,3.2416,-0.51995]},{"time":0.9333,"vertices":[-2.84537,0.45631,0,0,1.7086,-0.27405,1.7086,-0.27405,2.026,-0.32496,-2.84537,0.45631,2.026,-0.32496,2.026,-0.32496,2.026,-0.32496,2.026,-0.32496,2.026,-0.32496]},{"time":1.1,"vertices":[-8.75379,9.35446,0,0,2.73376,-0.43848,2.73376,-0.43848,3.2416,-0.51995,-15.92843,-0.6827,3.2416,-0.51995,3.2416,-0.51995,3.2416,-0.51995,3.2416,-0.51995,3.2416,-0.51995]},{"time":1.3,"vertices":[-11.03562,9.72045,1.16659,-0.1871,5.52113,-0.88554,5.19598,-0.83338,4.4082,-0.70705,-18.54115,-2.37986,4.4082,-0.70705,4.4082,-0.70705,4.4082,-0.70705,4.4082,-0.70705,4.4082,-0.70705]},{"time":1.5666}]},"MON40074_DL_7":{"MON40074_DL_7":[{"time":0,"curve":"stepped"},{"time":0.3333},{"time":0.5,"vertices":[3.6679,-2.95473,-3.05659,-0.02642,-6.97242,2.95486,-0.24787,0.02655]},{"time":0.6333,"vertices":[2.20073,-1.77283,-1.83395,-0.01585,-4.18345,1.77291,-0.14872,0.01593]},{"time":0.8,"vertices":[3.6679,-2.95473,-3.05659,-0.02642,-6.97242,2.95486,-0.24787,0.02655]},{"time":0.9333,"vertices":[2.20073,-1.77283,-1.83395,-0.01585,-4.18345,1.77291,-0.14872,0.01593]},{"time":1.1,"vertices":[3.6679,-2.95473,-3.05659,-0.02642,-6.97242,2.95486,-0.24787,0.02655],"curve":"stepped"},{"time":1.3,"vertices":[3.6679,-2.95473,-3.05659,-0.02642,-6.97242,2.95486,-0.24787,0.02655]},{"time":1.5666}]},"MON40074_DL_8":{"MON40074_DL_8":[{"time":0,"vertices":[0.09033,-2.27551,0,0,0,0,0,0,0,2.83265,0,0,0,-3.95735,0,0,0,0,0,0,-0.09124,2.29853,-0.12044,3.03322,0,0,0.05646,-1.42221,0,2.88837,0,2.80481,-0.11131,2.80264,-0.07685,1.9354]},{"time":0.3333,"vertices":[-0.1341,3.37582,0,3.6663,-0.14553,3.66347,0,3.96544,-0.69875,11.42769,0,0,-0.21842,-4.43885,-3.0E-5,-5.86338,-2.0E-5,-4.98358,0.19765,-4.97973,0.18929,-4.77125,-6.72041,-4.35332,-7.95429,-0.31588,-8.30073,10.02138,-2.47306,-2.04744,0,-2.50997,0.09956,-2.50803,0.10782,-2.71649]},{"time":0.5,"vertices":[-0.03631,-0.86021,-3.06842,-0.46081,-2.97555,-0.87821,-6.34976,0.30866,-11.8302,4.19998,-11.8302,1.36733,-11.8302,-2.59002,0.01576,0.32475,-0.11035,1.1447,-0.26659,1.11873,-0.06832,2.04264,-0.12044,3.03322,0,0,0.05646,-1.42221,-2.54912,3.64056,-0.94391,2.33963,-0.98209,2.21211,-0.07685,1.9354]},{"time":0.6333,"vertices":[-0.07543,0.8342,-1.84105,1.19003,-1.84354,0.93845,-3.80985,1.77137,-7.37762,7.09107,-7.09811,0.82039,-7.18549,-3.32955,0.00944,-2.1505,-0.06622,-1.30661,-0.08089,-1.32065,0.03472,-0.68291,-2.76043,0.0786,-3.18171,-0.12635,-3.28641,3.15522,-2.5187,1.36536,-0.56635,0.39979,-0.54942,0.32405,-0.00298,0.07464]},{"time":0.8,"vertices":[-0.03631,-0.86021,-3.06842,-0.46081,-2.97555,-0.87821,-6.34976,0.30866,-11.8302,4.19998,-11.8302,1.36733,-11.8302,-2.59002,0.01576,0.32475,-0.11035,1.1447,-0.26659,1.11873,-0.06832,2.04264,-0.12044,3.03322,0,0,0.05646,-1.42221,-2.54912,3.64056,-0.94391,2.33963,-0.98209,2.21211,-0.07685,1.9354]},{"time":0.9333,"vertices":[-0.07543,0.8342,-1.84105,1.19003,-1.84354,0.93845,-3.80985,1.77137,-7.37762,7.09107,-7.09811,0.82039,-7.18549,-3.32955,0.00944,-2.1505,-0.06622,-1.30661,-0.08089,-1.32065,0.03472,-0.68291,-2.76043,0.0786,-3.18171,-0.12635,-3.28641,3.15522,-2.5187,1.36536,-0.56635,0.39979,-0.54942,0.32405,-0.00298,0.07464]},{"time":1.1,"vertices":[-0.03631,-0.86021,-3.06842,-0.46081,-2.97555,-0.87821,-6.34976,0.30866,-11.8302,4.19998,-11.8302,1.36733,-11.8302,-2.59002,0.01576,0.32475,-0.11035,1.1447,-0.26659,1.11873,-0.06832,2.04264,-0.12044,3.03322,0,0,0.05646,-1.42221,-2.54912,3.64056,-0.94391,2.33963,-0.98209,2.21211,-0.07685,1.9354],"curve":"stepped"},{"time":1.3,"vertices":[-0.03631,-0.86021,-3.06842,-0.46081,-2.97555,-0.87821,-6.34976,0.30866,-11.8302,4.19998,-11.8302,1.36733,-11.8302,-2.59002,0.01576,0.32475,-0.11035,1.1447,-0.26659,1.11873,-0.06832,2.04264,-0.12044,3.03322,0,0,0.05646,-1.42221,-2.54912,3.64056,-0.94391,2.33963,-0.98209,2.21211,-0.07685,1.9354]},{"time":1.5666,"vertices":[0.09033,-2.27551,0,0,0,0,0,0,0,2.83265,0,0,0,-3.95735,0,0,0,0,0,0,-0.09124,2.29853,-0.12044,3.03322,0,0,0.05646,-1.42221,0,2.88837,0,2.80481,-0.11131,2.80264,-0.07685,1.9354]}]},"MON40074_DL_9":{"MON40074_DL_9":[{"time":0},{"time":0.3333,"vertices":[-0.54658,-0.67586,-0.62691,-0.60212,-4.00352,4.16858,-1.62789,-1.24273,-1.40273,-1.49248,-1.41837,1.47683,-1.52299,-1.16267,-1.31234,-1.39631,-1.48962,1.2046,-1.32698,1.38168,-1.68363,-1.46463,-1.42143,-1.7205,-1.82095,1.28926,-1.64509,1.50716,-4.60393,0.98437,-4.70324,0.21778,-0.13243,4.70523,0.45806,4.68469,-2.43372,2.28739,2.40832,2.3129,-4.33192,-1.95219,0,0,0,0,0,0,0,0,0,0,0,0,0,0,0,0,0,0,0,0,0,0,0,0,0,0,0,0,-2.28352,-2.56219,-2.58644,-2.25604,0,0,0,0,-1.37931,-1.05297,-1.18854,-1.26458,-1.34909,1.09095,-1.20178,1.25131,-1.97848,-1.51038,-1.70483,-1.8139,-1.93512,1.56487,-1.72384,1.79491,-1.73135,-1.32174,-1.49188,-1.58732,-1.69341,1.3694,-1.50852,1.57072,-0.17848,0.14432,-0.15897,0.1655]},{"time":0.5,"vertices":[-1.70756,-5.31026,-2.03308,-5.19441,0.8633,-4.21636,3.47205,-1.99844,3.67109,-1.60421,-0.80971,-3.92282,3.53213,1.98744,3.29219,2.36423,3.157,-2.5405,2.9936,-2.73103,3.87499,3.07482,3.51336,3.48275,4.2937,-2.45484,4.13333,-2.71594,-0.37953,3.03526,-0.71116,2.97521,2.67652,1.47967,2.76285,1.31117,-0.01278,4.92771,4.81707,1.03207,-1.58689,6.36269,-3.74994,2.02127,-3.94968,1.59651,-10.05088,1.82252,-10.19074,0.7056,-2.38996,-1.09128,-1.90074,1.81299,-2.23638,-1.2925,-2.03047,1.59566,-2.09528,-1.47738,-2.14965,1.39599,-1.91666,-1.71135,-2.30049,1.1433,-1.69083,-2.00721,-2.49124,0.82375,-9.31367,-3.95768,-9.54094,-3.37363,-2.60616,1.16091,-2.71813,0.86723,-2.0046,1.51134,-2.15871,1.2817,0.65829,2.42203,0.80682,2.37662,-1.04078,-0.67556,-0.96009,-0.78595,-1.01365,0.71504,-0.9676,0.77637,-1.5254,-1.6564,-1.33388,-1.81418,-2.10413,0.8005,-2.05067,0.92922,-3.67088,-1.63776,-3.76538,-1.40737]},{"time":0.6333,"offset":4,"vertices":[-5.14916,5.43561,-1.83783,-1.40307,-1.63706,-1.63303,-1.7945,1.4574,-2.94884,-2.25127,-2.6267,-2.62025,-3.07214,2.07864,-2.87934,2.33841,-2.94885,-2.25126,-2.6267,-2.62025,-3.07215,2.07865,-2.87933,2.33842,-3.33718,-2.54776,-2.97262,-2.96532,-3.47672,2.35239,-3.25851,2.64637,-0.27703,-3.35349,-3.36325,-0.07437,-0.82848,-2.80067,-0.95174,-1.07402,-0.80199,-1.1901,0,0,0,0,0,0,0,0,0,0,0,0,0,0,0,0,0,0,0,0,0,0,0,0,0,0,0,0,0,0,0,0,-1.10686,-0.84502,-0.98594,-0.98351,-1.15314,0.78022,-1.08077,0.87773,-1.08345,-0.86708,-0.95982,-1.0023,-1.16658,0.75101,-1.09671,0.8498,-0.6172,-1.07949,-0.46963,-1.15145,-1.21956,0.24151,-1.19388,0.34684,-0.21212,0.95203,-0.12836,0.96688]},{"time":0.8,"vertices":[-0.8435,-4.2793,-1.10688,-4.21889,2.63869,-0.90208,1.27932,0.9956,1.16213,1.13047,1.34602,-0.90287,0.8857,4.75804,0.35686,4.82691,4.74573,0.94523,4.79502,0.64969,2.73905,3.84003,2.30011,4.11843,4.58208,-1.11615,4.504,-1.39769,-1.0846,7.37036,-1.88901,7.20666,6.43864,3.74451,6.65791,3.33882,0.63093,3.65743,3.70785,0.13961,-1.68176,6.08756,-2.78582,1.05595,-2.88516,0.74308,-8.95467,1.12132,-9.02399,0.12921,-1.7417,-1.3296,-1.88116,1.12273,-1.7417,-1.3296,-1.88116,1.12273,-1.7417,-1.3296,-1.88116,1.12273,-1.7417,-1.3296,-1.88116,1.12273,-1.7417,-1.3296,-1.88116,1.12273,-8.31351,-3.12088,-8.49084,-2.60033,-1.11914,2.29093,-1.36443,2.15407,-1.68091,1.09551,-1.79126,0.90399,0.39252,1.96714,0.51342,1.93908,-0.86066,0.51014,-0.91155,0.41241,0.15386,0.98832,0.21462,0.97689,-1.01958,-0.77829,-0.92771,-0.88569,-1.10112,0.6572,-1.05845,0.72409,-3.1821,-1.05715,-3.24156,-0.85814]},{"time":0.9333,"offset":4,"vertices":[-5.14916,5.43561,-1.83783,-1.40307,-1.63706,-1.63303,-1.7945,1.4574,-2.94884,-2.25127,-2.6267,-2.62025,-3.07214,2.07864,-2.87934,2.33841,-2.94885,-2.25126,-2.6267,-2.62025,-3.07215,2.07865,-2.87933,2.33842,-3.33718,-2.54776,-2.97262,-2.96532,-3.47672,2.35239,-3.25851,2.64637,-0.27703,-3.35349,-3.36325,-0.07437,-0.82848,-2.80067,-0.95174,-1.07402,-0.80199,-1.1901,0,0,0,0,0,0,0,0,0,0,0,0,0,0,0,0,0,0,0,0,0,0,0,0,0,0,0,0,0,0,0,0,-1.10686,-0.84502,-0.98594,-0.98351,-1.15314,0.78022,-1.08077,0.87773,-1.08345,-0.86708,-0.95982,-1.0023,-1.16658,0.75101,-1.09671,0.8498,-0.6172,-1.07949,-0.46963,-1.15145,-1.21956,0.24151,-1.19388,0.34684,-0.21212,0.95203,-0.12836,0.96688]},{"time":1.3,"vertices":[-0.8435,-4.2793,-1.10688,-4.21889,2.63869,-0.90208,1.27932,0.9956,1.16213,1.13047,1.34602,-0.90287,0.8857,4.75804,0.35686,4.82691,4.74573,0.94523,4.79502,0.64969,2.73905,3.84003,2.30011,4.11843,4.58208,-1.11615,4.504,-1.39769,-1.0846,7.37036,-1.88901,7.20666,6.43864,3.74451,6.65791,3.33882,0.63093,3.65743,3.70785,0.13961,-1.68176,6.08756,-2.78582,1.05595,-2.88516,0.74308,-8.95467,1.12132,-9.02399,0.12921,-1.7417,-1.3296,-1.88116,1.12273,-1.7417,-1.3296,-1.88116,1.12273,-1.7417,-1.3296,-1.88116,1.12273,-1.7417,-1.3296,-1.88116,1.12273,-1.7417,-1.3296,-1.88116,1.12273,-8.31351,-3.12088,-8.49084,-2.60033,-1.11914,2.29093,-1.36443,2.15407,-1.68091,1.09551,-1.79126,0.90399,0.39252,1.96714,0.51342,1.93908,-0.86066,0.51014,-0.91155,0.41241,0.15386,0.98832,0.21462,0.97689,-1.01958,-0.77829,-0.92771,-0.88569,-1.10112,0.6572,-1.05845,0.72409,-3.1821,-1.05715,-3.24156,-0.85814]},{"time":1.4,"vertices":[5.44744,0.96392,5.76154,0.57868,-7.15681,14.4544,-7.24017,-6.35066,-5.46532,-7.95491,-5.07886,8.75807,-7.73529,-5.93085,-6.1149,-7.62858,-6.34653,7.6169,-4.7005,8.93882,-7.39399,-6.35162,-5.78347,-7.95744,-6.72955,6.98892,-5.18987,8.28039,-7.56028,-7.05915,-5.89695,-8.66662,-7.47295,6.80929,-5.9612,8.11855,-0.58808,-8.97132,-7.48813,2.5532,-2.28361,-8.09904,-0.36224,-1.351,-0.00435,-1.58113,-5.37681,-1.5847,-4.8301,-2.77643,0.55884,0.54339,1.03576,0.10367,0.64846,0.84078,1.34935,0.13645,0.77129,1.14329,1.67262,0.13071,1.0066,1.58229,2.14955,0.05192,1.40607,2.20708,2.83679,-0.14012,2.62022,1.38411,3.01987,1.47815,-0.53832,-1.29787,-0.14584,-1.58543,-3.08486,-2.89708,-2.2775,-3.66926,-2.79809,3.13432,-2.00568,3.78292,-5.18876,-4.02874,-4.05274,-5.20902,-4.20772,5.2157,-3.04209,6.14373,-2.56466,-2.2863,-1.77086,-2.98834,-2.09694,3.02157,-1.32382,3.69567,0.97247,0.99793,1.36474,1.25219]},{"time":1.5666}]}}},"drawOrder":[{"time":0},{"time":0.3666,"offsets":[{"slot":"MON40074_DL_18","offset":11},{"slot":"MON40074_DL_17","offset":11},{"slot":"MON40074_DL_16","offset":11}]},{"time":1.5666}]}}}