{"skeleton":{"hash":"FnrgpONMuFbQYAj1Tdz58bzn35w","spine":"3.1.03","width":237.76,"height":208.88},"bones":[{"name":"root"},{"name":"bone","parent":"root","x":-2.86,"y":64.39},{"name":"MON20079_DL_11","parent":"bone","length":13.29,"x":-7.87,"y":-5.2,"rotation":82.13},{"name":"MON20079_DL_12","parent":"MON20079_DL_11","length":15.74,"x":12.77,"y":0.38,"rotation":-16.93},{"name":"MON20079_DL_5","parent":"MON20079_DL_12","length":14.55,"x":15.23,"y":0.02,"rotation":28.57},{"name":"MON20079_DL_4","parent":"MON20079_DL_5","length":36.8,"x":13.89,"y":1.76,"rotation":-4.03},{"name":"MON20079_DL_01","parent":"MON20079_DL_4","length":14.08,"x":25.65,"y":11.53,"rotation":89.69},{"name":"MON20079_DL_1","parent":"MON20079_DL_4","length":7.94,"x":68.47,"y":0.42,"rotation":-122.4},{"name":"MON20079_DL_2","parent":"MON20079_DL_4","length":8.89,"x":55.12,"y":26.1,"rotation":124.65},{"name":"MON20079_DL_3","parent":"MON20079_DL_1","length":11.97,"x":7.26,"y":-0.36,"rotation":-4.87},{"name":"MON20079_DL_05","parent":"MON20079_DL_4","length":8.54,"x":14.69,"y":10.12,"rotation":8.57},{"name":"MON20079_DL_06","parent":"MON20079_DL_4","length":7.26,"x":-0.85,"y":7.52,"rotation":-167.65},{"name":"MON20079_DL_6","parent":"MON20079_DL_12","length":18.67,"x":11.31,"y":-11.62,"rotation":-21.74},{"name":"MON20079_DL_8","parent":"MON20079_DL_12","length":18.08,"x":17.65,"y":-12.17,"scaleX":1.012,"rotation":-126.14},{"name":"MON20079_DL_7","parent":"MON20079_DL_8","length":16.71,"x":17.64,"y":0.1,"scaleX":0.994,"scaleY":0.939,"rotation":-21.09},{"name":"MON20079_DL_9","parent":"MON20079_DL_12","length":6.38,"x":-0.11,"y":0.21,"rotation":122.16},{"name":"MON20079_DL_10","parent":"MON20079_DL_7","length":7.89,"x":16.3,"y":-0.11,"scaleX":1.083,"scaleY":1.056,"rotation":-5.17},{"name":"MON20079_DL_15","parent":"MON20079_DL_12","length":20.55,"x":7.44,"y":8.06,"rotation":169.82},{"name":"MON20079_DL_13","parent":"MON20079_DL_15","length":14.7,"x":19.13,"y":0.11,"rotation":-4.3},{"name":"MON20079_DL_14","parent":"MON20079_DL_12","length":10.91,"x":2.57,"y":10.15,"scaleX":1.279,"scaleY":1.033,"rotation":60.14},{"name":"MON20079_DL_16","parent":"MON20079_DL_13","length":5.63,"x":14.43,"y":0.04,"rotation":11.65},{"name":"MON20079_DL_17","parent":"MON20079_DL_11","length":12.42,"x":-0.12,"y":-11.27,"scaleX":1.088,"rotation":-119.42},{"name":"MON20079_DL_18","parent":"MON20079_DL_11","length":9.87,"x":-2.32,"y":5.98,"scaleX":1.242,"rotation":153.06},{"name":"MON20079_DL_19","parent":"MON20079_DL_11","length":21.95,"x":-1.32,"y":-0.02,"scaleX":1.174,"rotation":-168.94},{"name":"MON20079_DL_20","parent":"bone","length":26.3,"x":2.97,"y":-11.44,"rotation":-74.46},{"name":"MON20079_DL_21","parent":"MON20079_DL_4","length":6.12,"x":8.12,"y":-27.25,"rotation":-151.45},{"name":"MON20079_DL_22","parent":"MON20079_DL_16","length":38.42,"x":3.75,"y":-0.47,"rotation":-91.02},{"name":"MON20079_DL_23","parent":"MON20079_DL_20","length":29.7,"x":25.45,"y":-0.18,"rotation":-1.85},{"name":"MON20079_DL_24","parent":"bone","length":24.29,"x":-14.18,"y":-11.64,"rotation":-84.46},{"name":"MON20079_DL_25","parent":"MON20079_DL_24","length":28.9,"x":23.49,"y":-0.11,"rotation":-2.43},{"name":"bone2","parent":"MON20079_DL_2","length":11.47,"x":8.89,"y":-0.04,"rotation":34.61},{"name":"bone3","parent":"bone2","length":13.74,"x":11.47,"y":-0.05,"rotation":34.49},{"name":"bone4","parent":"bone3","length":10.47,"x":13.74,"y":-0.06,"rotation":4.8},{"name":"bone5","parent":"bone4","length":8.1,"x":10.47,"rotation":17.72},{"name":"bone6","parent":"bone5","length":6.51,"x":8.64,"y":0.24,"rotation":-11.9},{"name":"bone7","parent":"MON20079_DL_3","length":17.05,"x":11.97,"rotation":-26.23},{"name":"bone8","parent":"bone7","length":14.99,"x":17.03,"y":0.3,"scaleX":0.888,"rotation":-13.64},{"name":"bone9","parent":"bone8","length":13.13,"x":14.81,"y":-0.02,"rotation":-16.18},{"name":"bone10","parent":"bone9","length":15.78,"x":12.72,"y":-0.01,"scaleX":0.887,"rotation":-18.99},{"name":"bone11","parent":"MON20079_DL_21","length":11.81,"x":6.12,"y":-0.02,"scaleX":1.002,"rotation":-2.67},{"name":"bone12","parent":"bone11","length":16.22,"x":11.81,"scaleX":0.836,"rotation":-23.07},{"name":"bone13","parent":"bone12","length":17.32,"x":16.22,"y":0.01,"scaleX":0.818,"rotation":-16.27},{"name":"bone14","parent":"bone13","length":15.3,"x":17.32,"y":0.06,"scaleX":0.964,"rotation":-1.48},{"name":"bone15","parent":"bone14","length":11.91,"x":15.31,"y":0.02,"scaleX":1.027,"rotation":11.57},{"name":"bone16","parent":"bone15","length":12,"x":11.91,"y":-0.02,"scaleX":1.128,"rotation":12.97},{"name":"bone17","parent":"bone16","length":9.68,"x":12,"y":-0.04,"rotation":17.63},{"name":"fx_hanqi","parent":"MON20079_DL_22","length":12.41,"x":67.86,"y":1.88,"scaleX":2,"scaleY":2,"rotation":-86.05,"inheritScale":false},{"name":"shadow","parent":"root","length":18.05,"x":-0.43,"y":-0.39,"scaleX":1.097,"scaleY":1.123,"rotation":-88.78}],"slots":[{"name":"BG3","bone":"root","color":"ffffff7b"},{"name":"shadow","bone":"shadow"},{"name":"MON20079_DL_22","bone":"MON20079_DL_22","attachment":"MON20079_DL_22"},{"name":"MON20079_DL_21","bone":"MON20079_DL_21","attachment":"MON20079_DL_21"},{"name":"MON20079_DL_19","bone":"MON20079_DL_24","attachment":"MON20079_DL_19"},{"name":"MON20079_DL_18","bone":"MON20079_DL_25","attachment":"MON20079_DL_18"},{"name":"MON20079_DL_17","bone":"MON20079_DL_20","attachment":"MON20079_DL_17"},{"name":"MON20079_DL_16","bone":"MON20079_DL_23","attachment":"MON20079_DL_16"},{"name":"MON20079_DL_15","bone":"MON20079_DL_15","attachment":"MON20079_DL_15"},{"name":"MON20079_DL_14","bone":"MON20079_DL_14","attachment":"MON20079_DL_14"},{"name":"MON20079_DL_13","bone":"MON20079_DL_13","attachment":"MON20079_DL_13"},{"name":"MON20079_DL_12","bone":"MON20079_DL_16","attachment":"MON20079_DL_12"},{"name":"MON20079_DL_11","bone":"MON20079_DL_18","attachment":"MON20079_DL_11"},{"name":"MON20079_DL_10","bone":"MON20079_DL_19","attachment":"MON20079_DL_10"},{"name":"MON20079_DL_9","bone":"MON20079_DL_9","attachment":"MON20079_DL_9"},{"name":"MON20079_DL_8","bone":"MON20079_DL_8","attachment":"MON20079_DL_8"},{"name":"MON20079_DL_7","bone":"MON20079_DL_7","attachment":"MON20079_DL_7"},{"name":"MON20079_DL_6","bone":"MON20079_DL_10","attachment":"MON20079_DL_6"},{"name":"MON20079_DL_5","bone":"MON20079_DL_5","attachment":"MON20079_DL_5"},{"name":"MON20079_DL_4","bone":"MON20079_DL_4","attachment":"MON20079_DL_4"},{"name":"MON20079_DL_3","bone":"MON20079_DL_6","attachment":"MON20079_DL_3"},{"name":"MON20079_DL_2","bone":"MON20079_DL_2","attachment":"MON20079_DL_2"},{"name":"MON20079_DL_06","bone":"MON20079_DL_06","attachment":"MON20079_DL_015"},{"name":"MON20079_DL_05","bone":"MON20079_DL_05","attachment":"MON20079_DL_014"},{"name":"MON20079_DL_01","bone":"MON20079_DL_01","attachment":"MON20079_DL_01"},{"name":"MON20079_DL_1","bone":"MON20079_DL_3","attachment":"MON20079_DL_1"},{"name":"fx_hanqi","bone":"fx_hanqi","attachment":"hanqi_00028","blend":"additive"}],"skins":{"default":{"MON20079_DL_01":{"MON20079_DL_01":{"x":-2.93,"y":-2.99,"rotation":178.14,"width":45,"height":14},"MON20079_DL_03":{"x":-2.93,"y":-2.99,"rotation":178.14,"width":43,"height":23}},"MON20079_DL_05":{"MON20079_DL_05":{"x":4.54,"y":-5.46,"rotation":-100.75,"width":48,"height":25},"MON20079_DL_08":{"x":4.54,"y":-5.46,"rotation":-100.75,"width":49,"height":20},"MON20079_DL_011":{"x":4.54,"y":-5.46,"rotation":-100.75,"width":45,"height":21},"MON20079_DL_014":{"x":4.35,"y":-6.44,"rotation":-100.75,"width":48,"height":21}},"MON20079_DL_06":{"MON20079_DL_06":{"x":2.24,"y":2.35,"rotation":75.44,"width":15,"height":10},"MON20079_DL_09":{"x":2.11,"y":1.87,"rotation":75.44,"width":18,"height":10},"MON20079_DL_012":{"x":3.21,"y":2.1,"rotation":75.44,"width":13,"height":8},"MON20079_DL_015":{"x":2.96,"y":1.13,"rotation":75.44,"width":13,"height":8}},"MON20079_DL_1":{"MON20079_DL_1":{"type":"weightedmesh","uvs":[0.48649,0.03849,0.64129,0.26449,0.69889,0.50049,0.71509,0.63649,0.78169,0.86249,0.61069,0.80049,0.50269,1,0.41749,1,0.36409,1,0.34789,0.83249,0.32809,0.70049,0.23809,0.54049,0.09229,0.37449,0,0.29649,0,0.12449,0.09123,0.0509,0.12289,0,0.32449,0,0.44689,0,0.25005,0.13951,0.37748,0.24905,0.47462,0.44238,0.52382,0.62159,0.51564,0.78617],"triangles":[6,23,5,6,7,23,23,7,9,7,8,9,9,10,23,5,3,4,3,5,22,5,23,22,23,10,22,22,2,3,22,10,21,10,11,21,22,21,2,21,1,2,11,20,21,11,12,20,21,20,1,20,0,1,12,19,20,0,17,18,0,20,17,19,16,17,19,14,15,15,16,19,12,13,19,19,13,14,19,17,20],"vertices":[3,7,19.61,15.57,0.0322,9,10.96,16.93,0.66251,35,-8.39,14.74,0.30526,4,7,38.54,7.84,0.0029,9,30.47,10.82,0.05855,35,11.81,17.87999,0.71341,36,-10.35999,15.85,0.22511,4,7,51.13,-4.44999,5.6E-4,35,28.95,13.84,0.11988,36,9.43999,15.96,0.63265,37,-9.6,13.86,0.24688,5,7,57.22,-12.23,8.0E-5,9,50.78,-7.61,0,35,38.18,10.31,0.00451,36,20.46999,14.71,0.27684,37,1.33,15.73,0.71855,3,9,64.54,-17.79999,0,35,55.03,7.24,0,37,19.53,22.04,0.99999,5,9,50.8,-22.07,0,35,44.58,-2.65,0,36,30.91,3.62,0.00388,37,14.44,7.98,0.80295,38,-1.09,8.12,0.19315,3,9,52.06,-38.78,0,35,53.1,-17.09,0,38,18.82,5.84,0.99999,4,9,46.5,-42.73,0,35,49.85,-23.08,0,36,42.09,-14.99,0,38,21.29,-0.67,0.99999,4,9,43.01,-45.2,0,35,47.82,-26.84,0,36,40.86,-19.12,6.0E-5,38,22.83,-4.75,0.99993,4,35,36.59,-22.24,8.3E-4,36,27.36,-17.29,0.02962,37,16.87,-13.09,0.11674,38,9.21,-11.02,0.85279,6,7,32.88,-31.92,0.0015,9,28.19,-29.27,0.00381,35,27.48,-19.1,0.0637,36,16.57,-16.39,0.32251,37,6.25,-15.24,0.34065,38,-1.32,-16.5,0.2678,6,7,20.83,-25.64,0.08568,9,15.65,-24.04,0.10476,35,13.92,-19.94,0.43205,36,1.97,-20.41,0.33026,37,-6.65,-23.16,0.03981,38,-12.18,-28.19,0.0074,4,7,4.71,-21.27,0.62118,9,-0.76,-21.04,0.19765,35,-2.14,-24.5,0.15702,36,-14.38,-28.63,0.02413,1,7,-4.48999,-20.17,1,1,7,-10.77,-9.5,1,1,7,-7.17,-1.23,1,1,7,-6.85,3.2,1,1,7,7.03,11.38,1,4,7,15.47,16.35,0.07971,9,6.77,17.35,0.7133,35,-12.33,13.28,0.20423,36,-35.55,5.69,0.00274,2,7,7,-0.28,0.5,9,-0.26,0.05,0.5,2,9,12.61,-0.48,0.5,35,0.78,-0.14,0.5,2,35,16.71999,0.05,0.5,36,-0.26,-0.31,0.5,2,36,14.9,0.19,0.5,37,0.02,0.23,0.5,2,37,13.24,0.25,0.5,38,0.45,0.41,0.5],"hull":19}},"MON20079_DL_10":{"MON20079_DL_10":{"x":9.82,"y":0.93,"rotation":86.76,"width":19,"height":23}},"MON20079_DL_11":{"MON20079_DL_11":{"type":"weightedmesh","uvs":[1,0.1077,1,0.38278,0.83445,0.50449,0.81439,0.62424,0.92185,0.71038,1,0.77301,1,0.93342,1,1,0.83952,1,0.64407,0.91854,0.57488,1,0.35697,1,0.28602,1,0.18948,0.88691,0,0.99711,0,0.89026,0,0.70898,0.09039,0.61161,0.09039,0.44364,0.07511,0.32215,0.15105,0.07266,0.31389,0,0.59661,0,1,0,0.38089,0.37262,0.37195,0.60702,0.52192,0.12901,0.24623,0.77268,0.36426,0.8089,0.52818,0.77417,0.17695,0.70107,0.60428,0.69082,0.09101,0.79295,0.82046,0.82335,0.59242,0.55815,0.2111,0.51368],"triangles":[8,6,7,9,33,8,8,33,6,6,33,5,33,4,5,9,31,33,33,3,4,14,15,13,15,32,13,15,16,32,13,32,27,32,16,30,24,26,1,26,0,1,19,20,24,24,20,26,26,22,0,20,21,26,26,21,22,22,23,0,2,24,1,10,29,9,28,29,10,32,30,27,28,27,25,31,3,33,16,17,30,3,34,2,17,18,35,27,30,25,29,25,31,30,35,25,25,34,31,25,24,34,25,35,24,34,24,2,24,35,19,35,18,19,30,17,35,31,34,3,29,28,25,11,12,28,11,28,10,29,31,9,12,13,28,28,13,27],"vertices":[1,3,20.1,-15.5,1,2,2,15.78,-21.92,0.45,3,9.35999,-20.46999,0.55,2,2,9.75,-16.58,0.96,3,2.04,-17.12,0.04,1,2,4.55,-16.56,1,2,3,-4.63,-23.77,0.00624,21,7.72,6.13,0.99375,1,21,11.65,5.74,1,1,21,15.83,0.26,1,1,21,17.57,-2.01,1,1,21,12.85,-5.61,1,2,2,-8.85,-12.07,0.13293,21,4.98,-7.21,0.86705,1,2,-12.67,-10.02,1,1,2,-13.79,-2.03,1,1,2,-14.15,0.56,1,2,2,-9.29,4.46999,0.18114,22,5,5.07,0.81885,1,22,13.89,3.02,1,1,22,10.33,-0.07,1,1,22,4.46,-5.19,1,1,2,1.38,10.04,1,2,2,8.53,11.04,0.92,3,-7.16,8.95,0.08,2,2,13.63,12.32,0.51187,3,-2.65,11.66,0.48812,1,3,7.64,12.35,1,2,2,28.57,5.49,0.00645,3,13.62,9.47,0.99354,2,3,18.02,-0.01,0.99847,21,-20.37,23.12,0.00152,1,3,24.3,-13.55,1,2,2,13.04,0.81,0.5,3,0.13,0.49,0.5,1,2,3.01,-0.24,1,1,3,11.83,0.15,1,1,2,-4.67999,3.37,1,1,2,-5.61,-1.16,1,1,2,-3.3,-6.96,1,1,2,-1.98,6.33,1,1,2,0.63,-9.26,1,1,22,4.96999,-0.28,1,1,21,7.68,0,1,1,2,6.22,-8.03,1,1,2,6.16,6.2,1],"hull":24}},"MON20079_DL_12":{"MON20079_DL_12":{"x":3.81,"y":-0.58,"rotation":126.7,"width":12,"height":11}},"MON20079_DL_13":{"MON20079_DL_13":{"x":5.32,"y":-0.54,"rotation":125.43,"width":16,"height":19}},"MON20079_DL_14":{"MON20079_DL_14":{"x":4.62,"y":-0.93,"rotation":-106.06,"width":17,"height":17}},"MON20079_DL_15":{"MON20079_DL_15":{"x":10.68,"y":-0.05,"rotation":119.52,"width":14,"height":23}},"MON20079_DL_16":{"MON20079_DL_16":{"x":10.56,"y":-1.67,"rotation":76.27,"width":16,"height":39}},"MON20079_DL_17":{"MON20079_DL_17":{"x":13.26,"y":-1.57,"rotation":74.41,"width":18,"height":29}},"MON20079_DL_18":{"MON20079_DL_18":{"x":13.15,"y":-0.52,"rotation":86.87,"width":14,"height":37}},"MON20079_DL_19":{"MON20079_DL_19":{"x":12.06,"y":0.03,"rotation":84.47,"width":14,"height":29}},"MON20079_DL_2":{"MON20079_DL_2":{"type":"weightedmesh","uvs":[1,0.15501,0.84863,0.24998,0.7555,0.39243,0.79541,0.56301,0.90185,0.69139,1,0.78108,1,1,0.82202,1,0.6402,0.91297,0.26324,0.77404,0.08418,0.61408,0,0.49091,0,0.34494,0,0.20425,0.16124,0.08291,0.37855,0,1,0,0.47704,0.17852,0.30852,0.36407,0.455,0.59892,0.62755,0.75891,0.86249,0.87604,0.3946,0.26928],"triangles":[7,21,6,21,5,6,7,8,21,8,20,21,21,4,5,21,20,4,9,20,8,9,19,20,9,10,19,20,3,4,20,19,3,10,18,19,10,11,18,19,2,3,19,18,2,11,12,18,18,22,2,22,17,2,22,18,13,18,12,13,13,14,22,22,14,17,2,17,1,0,1,16,14,15,17,16,1,17,17,15,16],"vertices":[2,8,-1.75,6.15,0.98922,30,-5.25,11.15,0.01077,3,8,4.33,8.43999,0.68802,30,1.07,9.57,0.31197,34,-32.84,15.82,0,4,30,9.58,10.13,0.33988,31,4.21,9.46,0.65785,32,-8.68999,10.29,0.00224,34,-26.43,10.18,0,3,30,18.69,14.11,0.00156,31,13.97,7.59,0.47619,32,0.86,7.61,0.52224,2,32,8.68999,7.23,0.58711,33,0.5,7.42,0.41288,3,32,14.36,7.47,0.07523,33,5.97,5.93,0.87219,34,-3.78,5.02,0.05256,1,34,7.54,-0.7,1,2,33,13.32,-5.19,0.01208,34,5.7,-4.35,0.98791,2,33,6.77,-5.3,0.65689,34,-0.68,-5.8,0.3431,3,32,7.91,-8.18999,0.86744,33,-4.92999,-7.02,0.13255,34,-11.79,-9.91,0,3,31,12.26,-8.93999,0.6711,32,-2.22,-8.72,0.32889,34,-21.93,-9.39,0,3,31,4.86,-8.81,0.977,32,-9.58,-7.97,0.02299,34,-29.18,-7.9,0,3,30,12.43,-7.22,0.65267,31,-3.26,-6.45,0.34732,34,-36.73,-4.08,0,3,30,4.67999,-9.78,0.99496,31,-11.1,-4.17,0.00503,34,-44.02,-0.39,0,3,8,11.11,-8.81,0.48135,30,-3.16,-8.47,0.51864,34,-48.62,6.08,0,1,8,4.21999,-9.64,1,2,8,-7.17,-1.02,1,34,-44.21,25.47,0,2,8,8.64999,-0.01,0.5,30,-0.17,0.15,0.5,2,30,11.25,-0.14,0.5,31,-0.22,0.05,0.5,2,31,13.79,-0.5,0.5,32,0,-0.44,0.5,2,32,10.09,-0.06,0.5,33,-0.38,0.05,0.5,2,33,8.29,0.02,0.5,34,-0.29,-0.27,0.5,1,30,5.41,0.01,1],"hull":17}},"MON20079_DL_21":{"MON20079_DL_21":{"type":"weightedmesh","uvs":[0.67566,0.1535,0.79711,0.31212,0.80968,0.39222,0.77617,0.46761,0.65053,0.56655,0.55839,0.65136,0.60865,0.7346,0.74267,0.8304,0.68057,0.87195,0.58352,0.8838,0.21078,0.7613,0.16471,0.67335,0.14796,0.54771,0.16471,0.45975,0.21497,0.34982,0.24847,0.24145,0.17271,0.12791,0,0.0577,0.15544,0,0.40343,0,0.2979,0.09911,0.46011,0.22069,0.49163,0.35834,0.38841,0.47894,0.34903,0.57911,0.32335,0.67075,0.41601,0.76589,0.40956,0.073],"triangles":[8,6,7,26,6,8,9,26,8,10,26,9,10,11,25,26,25,5,26,5,6,10,25,26,25,12,24,25,24,5,11,12,25,24,13,23,12,13,24,24,23,4,5,24,4,3,22,1,3,1,2,23,14,22,13,14,23,23,22,3,4,23,3,22,21,0,22,0,1,15,21,22,14,15,22,21,27,0,20,27,21,15,16,20,15,20,21,0,27,19,20,18,19,20,19,27,16,18,20,17,18,16],"vertices":[4,25,16.91,9.3,0.00143,39,10.31,9.82,0.71609,40,-6.25,8.45,0.28246,44,-59.94,29.25,0,4,25,32.21,5.21,0.00129,39,25.75,6.44,7.0E-5,40,12.31,11.39,0.7957,41,-8.47,9.83,0.20292,4,25,39.04,1.64,8.8E-4,40,21.5,11.12,0.35764,41,2.38,12.15,0.61759,42,-15.8,11.69,0.02388,5,25,44.62,-3.11,3.8E-4,40,29.97,9.25,0.06113,41,12.96,12.72,0.75064,42,-4.85,12.53,0.18595,43,-16.78,16.29999,0.00188,5,25,50.43,-11.88,5.0E-5,41,27.47,10.57,0.17696,42,10.24,10.75,0.6053,43,-2.73,11.53,0.20817,44,-10.34,14.55,0.00949,6,25,55.7,-18.92,0,41,39.78,9.28,3.9E-4,42,23.04,9.78,0.10243,43,9.28,8.01,0.47894,44,-0.67,8.42,0.40227,45,-9.52,11.92,0.01596,3,43,20.85,9.67,0.0108,44,9.64,7.44,0.41563,45,0.01,7.85,0.57355,2,25,73.85,-22.08,0,45,12.24,5.64,1,1,45,15.56,0.79,1,1,45,15.21,-3.14,1,4,25,58.31,-35.08,0,43,25.21,-4.85,0.0035,44,10.52,-7.68,0.92261,45,-3.73,-6.82,0.07388,4,25,50.22,-32.15,0,42,29.65,-3.52,0.00142,43,12.98,-6.34,0.52726,44,-0.33,-6.39,0.4713,3,41,28.74,-7.7,0.03142,42,12.04,-7.48,0.69236,43,-4.57,-6.69,0.2762,5,40,26.68,-12.58,0.00835,41,16.57,-9.17,0.45405,42,-0.52999,-9.25,0.53675,43,-16.91,-5.91,7.7E-4,44,-26.06,0.73,6.0E-5,5,25,24.52,-14.61,0,40,14.33,-9.8,0.46135,41,1.14,-9.95,0.52088,42,-16.51,-10.43,0.01774,44,-39,6.21,1.0E-5,5,39,10.43999,-7.71,0.40319,40,2.09999,-7.63,0.58373,41,-13.95,-11.29,0.01307,42,-32.13,-12.15,0,44,-51.86,11.03,0,3,25,5.48,-4.94,0.58262,39,-0.41,-4.94,0.41737,42,-47.5,-17.87999,0,3,25,-3.49,-6.8,0.99998,40,-19.83,-14.9,1.0E-5,41,-37.2,-24.41,0,2,25,-5.36,0.84,0.99999,40,-25.8,-8.81,0,1,25,-0.76,8.49,1,2,25,5.43,0.33,0.5,39,-0.71,0.33,0.5,2,39,12.3,-0.06,0.5,40,0.56,0.13,0.5,2,40,16.39,0.03,0.5,41,0.18,0.06,0.5,2,41,17.48,-0.77,0.5,42,0.18,-0.84,0.5,2,42,14.69,0.45,0.5,43,-0.5,0.54,0.5,2,43,12.36,-0.57,0.5,44,0.27,-0.63,0.5,2,44,12.27,-0.49,0.5,45,0.12,-0.5,0.5,4,25,5.35,5.07,0.62212,39,-1,5.06,0.37625,41,-38.24,-9.51,0.00161,44,-71.19999,22.42,0],"hull":20}},"MON20079_DL_22":{"MON20079_DL_22":{"x":24.13,"y":0.38,"rotation":-142.31,"width":135,"height":103}},"MON20079_DL_3":{"MON20079_DL_3":{"x":12.2,"y":-2.32,"rotation":-43.43,"width":26,"height":22}},"MON20079_DL_4":{"MON20079_DL_4":{"x":45.8,"y":-13.58,"rotation":-92.15,"width":118,"height":118}},"MON20079_DL_5":{"MON20079_DL_5":{"x":0.22,"y":-2.84,"rotation":-93.81,"width":29,"height":27}},"MON20079_DL_6":{"MON20079_DL_6":{"x":3.81,"y":-2.27,"rotation":87.11,"width":13,"height":13},"MON20079_DL_100":{"x":5.51,"y":-1.86,"rotation":87.11,"width":12,"height":16}},"MON20079_DL_7":{"MON20079_DL_7":{"x":7.02,"y":-1.16,"rotation":81.95,"width":13,"height":20}},"MON20079_DL_8":{"MON20079_DL_8":{"x":7.92,"y":-0.31,"rotation":60.65,"width":15,"height":23}},"MON20079_DL_9":{"MON20079_DL_9":{"x":-1.56,"y":-2.18,"rotation":172.6,"width":25,"height":15}},"fx_hanqi":{"hanqi_00000":{"rotation":-65.19,"width":72,"height":72},"hanqi_00002":{"rotation":-65.19,"width":72,"height":72},"hanqi_00004":{"rotation":-65.19,"width":72,"height":72},"hanqi_00006":{"rotation":-65.19,"width":72,"height":72},"hanqi_00008":{"rotation":-65.19,"width":72,"height":72},"hanqi_00010":{"rotation":-65.19,"width":72,"height":72},"hanqi_00012":{"rotation":-65.19,"width":72,"height":72},"hanqi_00014":{"rotation":-65.19,"width":72,"height":72},"hanqi_00016":{"rotation":-65.19,"width":72,"height":72},"hanqi_00018":{"rotation":-65.19,"width":72,"height":72},"hanqi_00020":{"rotation":-65.19,"width":72,"height":72},"hanqi_00022":{"rotation":-65.19,"width":72,"height":72},"hanqi_00024":{"rotation":-65.19,"width":72,"height":72},"hanqi_00026":{"rotation":-65.19,"width":72,"height":72},"hanqi_00028":{"rotation":-65.19,"width":72,"height":72}},"shadow":{"shadow":{"x":0.71,"y":0.14,"rotation":88.78,"width":85,"height":42}}}},"animations":{"wiat_DL":{"slots":{"MON20079_DL_05":{"attachment":[{"time":0,"name":"MON20079_DL_014"},{"time":1.2,"name":"MON20079_DL_014"},{"time":1.3333,"name":"MON20079_DL_011"},{"time":1.5333,"name":"MON20079_DL_014"},{"time":2.4,"name":"MON20079_DL_014"}]},"fx_hanqi":{"attachment":[{"time":0,"name":"hanqi_00000"},{"time":0.0666,"name":"hanqi_00002"},{"time":0.1333,"name":"hanqi_00004"},{"time":0.2,"name":"hanqi_00006"},{"time":0.2666,"name":"hanqi_00008"},{"time":0.3333,"name":"hanqi_00010"},{"time":0.4,"name":"hanqi_00012"},{"time":0.4666,"name":"hanqi_00014"},{"time":0.5333,"name":"hanqi_00016"},{"time":0.6,"name":"hanqi_00018"},{"time":0.6666,"name":"hanqi_00020"},{"time":0.7333,"name":"hanqi_00022"},{"time":0.8,"name":"hanqi_00024"},{"time":0.8666,"name":"hanqi_00026"},{"time":0.9333,"name":"hanqi_00028"},{"time":1,"name":"hanqi_00000"},{"time":1.0666,"name":"hanqi_00002"},{"time":1.1333,"name":"hanqi_00004"},{"time":1.2,"name":"hanqi_00006"},{"time":1.2666,"name":"hanqi_00008"},{"time":1.3333,"name":"hanqi_00010"},{"time":1.4,"name":"hanqi_00012"},{"time":1.4666,"name":"hanqi_00014"},{"time":1.5333,"name":"hanqi_00016"},{"time":1.6,"name":"hanqi_00018"},{"time":1.6666,"name":"hanqi_00020"},{"time":1.7333,"name":"hanqi_00022"},{"time":1.8,"name":"hanqi_00024"},{"time":1.8666,"name":"hanqi_00026"},{"time":1.9333,"name":"hanqi_00028"},{"time":2,"name":"hanqi_00000"},{"time":2.0666,"name":"hanqi_00002"},{"time":2.1333,"name":"hanqi_00004"},{"time":2.2,"name":"hanqi_00006"},{"time":2.2666,"name":"hanqi_00008"},{"time":2.3333,"name":"hanqi_00010"},{"time":2.4,"name":"hanqi_00012"}]}},"bones":{"root":{"rotate":[{"time":0,"angle":0,"curve":"stepped"},{"time":1.2,"angle":0,"curve":"stepped"},{"time":2.4,"angle":0}],"translate":[{"time":0,"x":0,"y":0,"curve":"stepped"},{"time":1.2,"x":0,"y":0,"curve":"stepped"},{"time":2.4,"x":0,"y":0}],"scale":[{"time":0,"x":1,"y":1,"curve":"stepped"},{"time":1.2,"x":1,"y":1,"curve":"stepped"},{"time":2.4,"x":1,"y":1}]},"bone":{"rotate":[{"time":0,"angle":0,"curve":"stepped"},{"time":1.2,"angle":0,"curve":"stepped"},{"time":2.4,"angle":0}],"translate":[{"time":0,"x":0,"y":0,"curve":"stepped"},{"time":1.2,"x":0,"y":0,"curve":"stepped"},{"time":2.4,"x":0,"y":0}],"scale":[{"time":0,"x":1,"y":1,"curve":"stepped"},{"time":1.2,"x":1,"y":1,"curve":"stepped"},{"time":2.4,"x":1,"y":1}]},"MON20079_DL_11":{"rotate":[{"time":0,"angle":0,"curve":[0.25,0,0.75,1]},{"time":0.6,"angle":3.53,"curve":[0.25,0,0.75,1]},{"time":1.2,"angle":0,"curve":[0.25,0,0.75,1]},{"time":1.8,"angle":3.53,"curve":[0.25,0,0.75,1]},{"time":2.4,"angle":0}],"translate":[{"time":0,"x":0,"y":0,"curve":[0.25,0,0.75,1]},{"time":0.6,"x":0,"y":-6.78,"curve":[0.25,0,0.75,1]},{"time":1.2,"x":0,"y":0,"curve":[0.25,0,0.75,1]},{"time":1.8,"x":0,"y":-6.78,"curve":[0.25,0,0.75,1]},{"time":2.4,"x":0,"y":0}],"scale":[{"time":0,"x":1,"y":1,"curve":"stepped"},{"time":1.2,"x":1,"y":1,"curve":"stepped"},{"time":2.4,"x":1,"y":1}]},"MON20079_DL_12":{"rotate":[{"time":0,"angle":0,"curve":"stepped"},{"time":1.2,"angle":0,"curve":"stepped"},{"time":2.4,"angle":0}],"translate":[{"time":0,"x":0,"y":0,"curve":"stepped"},{"time":1.2,"x":0,"y":0,"curve":"stepped"},{"time":2.4,"x":0,"y":0}],"scale":[{"time":0,"x":1,"y":1,"curve":"stepped"},{"time":1.2,"x":1,"y":1,"curve":"stepped"},{"time":2.4,"x":1,"y":1}]},"MON20079_DL_5":{"rotate":[{"time":0,"angle":0,"curve":"stepped"},{"time":1.2,"angle":0,"curve":"stepped"},{"time":2.4,"angle":0}],"translate":[{"time":0,"x":0,"y":0,"curve":"stepped"},{"time":1.2,"x":0,"y":0,"curve":"stepped"},{"time":2.4,"x":0,"y":0}],"scale":[{"time":0,"x":1,"y":1,"curve":"stepped"},{"time":1.2,"x":1,"y":1,"curve":"stepped"},{"time":2.4,"x":1,"y":1}]},"MON20079_DL_4":{"rotate":[{"time":0,"angle":0},{"time":0.6,"angle":4.14},{"time":1.2,"angle":0},{"time":1.8,"angle":4.14},{"time":2.4,"angle":0}],"translate":[{"time":0,"x":0,"y":0},{"time":0.6,"x":-1.04,"y":1.84},{"time":1.2,"x":0,"y":0},{"time":1.8,"x":-1.04,"y":1.84},{"time":2.4,"x":0,"y":0}],"scale":[{"time":0,"x":1,"y":1,"curve":"stepped"},{"time":0.6,"x":1,"y":1,"curve":"stepped"},{"time":1.2,"x":1,"y":1,"curve":"stepped"},{"time":1.8,"x":1,"y":1,"curve":"stepped"},{"time":2.4,"x":1,"y":1}]},"MON20079_DL_05":{"rotate":[{"time":0,"angle":0,"curve":"stepped"},{"time":1.2,"angle":0,"curve":"stepped"},{"time":2.4,"angle":0}],"translate":[{"time":0,"x":0,"y":0,"curve":"stepped"},{"time":1.2,"x":0,"y":0,"curve":"stepped"},{"time":2.4,"x":0,"y":0}],"scale":[{"time":0,"x":1,"y":1,"curve":"stepped"},{"time":1.2,"x":1,"y":1,"curve":"stepped"},{"time":2.4,"x":1,"y":1}]},"MON20079_DL_01":{"rotate":[{"time":0,"angle":0,"curve":"stepped"},{"time":1.2,"angle":0,"curve":"stepped"},{"time":2.4,"angle":0}],"translate":[{"time":0,"x":0,"y":0,"curve":"stepped"},{"time":1.2,"x":0,"y":0,"curve":"stepped"},{"time":2.4,"x":0,"y":0}],"scale":[{"time":0,"x":1,"y":1,"curve":"stepped"},{"time":1.2,"x":1,"y":1,"curve":"stepped"},{"time":2.4,"x":1,"y":1}]},"MON20079_DL_06":{"rotate":[{"time":0,"angle":0,"curve":"stepped"},{"time":1.2,"angle":0,"curve":"stepped"},{"time":2.4,"angle":0}],"translate":[{"time":0,"x":0,"y":0,"curve":"stepped"},{"time":1.2,"x":0,"y":0,"curve":"stepped"},{"time":2.4,"x":0,"y":0}],"scale":[{"time":0,"x":1,"y":1,"curve":"stepped"},{"time":1.2,"x":1,"y":1,"curve":"stepped"},{"time":2.4,"x":1,"y":1}]},"MON20079_DL_2":{"rotate":[{"time":0,"angle":0,"curve":"stepped"},{"time":0.4,"angle":0,"curve":"stepped"},{"time":0.8,"angle":0,"curve":"stepped"},{"time":1.2,"angle":0,"curve":"stepped"},{"time":1.6,"angle":0,"curve":"stepped"},{"time":2,"angle":0,"curve":"stepped"},{"time":2.4,"angle":0}],"translate":[{"time":0,"x":0,"y":0,"curve":"stepped"},{"time":0.4,"x":0,"y":0,"curve":"stepped"},{"time":0.8,"x":0,"y":0,"curve":"stepped"},{"time":1.2,"x":0,"y":0,"curve":"stepped"},{"time":1.6,"x":0,"y":0,"curve":"stepped"},{"time":2,"x":0,"y":0,"curve":"stepped"},{"time":2.4,"x":0,"y":0}],"scale":[{"time":0,"x":1,"y":1,"curve":"stepped"},{"time":0.4,"x":1,"y":1,"curve":"stepped"},{"time":0.8,"x":1,"y":1,"curve":"stepped"},{"time":1.2,"x":1,"y":1,"curve":"stepped"},{"time":1.6,"x":1,"y":1,"curve":"stepped"},{"time":2,"x":1,"y":1,"curve":"stepped"},{"time":2.4,"x":1,"y":1}]},"bone2":{"rotate":[{"time":0,"angle":0},{"time":0.4,"angle":-16.31},{"time":0.8,"angle":5.64},{"time":1.2,"angle":0},{"time":1.6,"angle":-16.31},{"time":2,"angle":5.64},{"time":2.4,"angle":0}],"translate":[{"time":0,"x":0,"y":0,"curve":"stepped"},{"time":0.4,"x":0,"y":0,"curve":"stepped"},{"time":0.8,"x":0,"y":0,"curve":"stepped"},{"time":1.2,"x":0,"y":0,"curve":"stepped"},{"time":1.6,"x":0,"y":0,"curve":"stepped"},{"time":2,"x":0,"y":0,"curve":"stepped"},{"time":2.4,"x":0,"y":0}],"scale":[{"time":0,"x":1,"y":1,"curve":"stepped"},{"time":0.4,"x":1,"y":1,"curve":"stepped"},{"time":0.8,"x":1,"y":1,"curve":"stepped"},{"time":1.2,"x":1,"y":1,"curve":"stepped"},{"time":1.6,"x":1,"y":1,"curve":"stepped"},{"time":2,"x":1,"y":1,"curve":"stepped"},{"time":2.4,"x":1,"y":1}]},"bone3":{"rotate":[{"time":0,"angle":0},{"time":0.4,"angle":-13.83},{"time":0.8,"angle":-12.59},{"time":1.2,"angle":0},{"time":1.6,"angle":-13.83},{"time":2,"angle":-12.59},{"time":2.4,"angle":0}],"translate":[{"time":0,"x":0,"y":0,"curve":"stepped"},{"time":0.4,"x":0,"y":0,"curve":"stepped"},{"time":0.8,"x":0,"y":0,"curve":"stepped"},{"time":1.2,"x":0,"y":0,"curve":"stepped"},{"time":1.6,"x":0,"y":0,"curve":"stepped"},{"time":2,"x":0,"y":0,"curve":"stepped"},{"time":2.4,"x":0,"y":0}],"scale":[{"time":0,"x":1,"y":1,"curve":"stepped"},{"time":0.4,"x":1,"y":1,"curve":"stepped"},{"time":0.8,"x":1,"y":1,"curve":"stepped"},{"time":1.2,"x":1,"y":1,"curve":"stepped"},{"time":1.6,"x":1,"y":1,"curve":"stepped"},{"time":2,"x":1,"y":1,"curve":"stepped"},{"time":2.4,"x":1,"y":1}]},"bone4":{"rotate":[{"time":0,"angle":0},{"time":0.4,"angle":13.19},{"time":0.8,"angle":-23.69},{"time":1.2,"angle":0},{"time":1.6,"angle":13.19},{"time":2,"angle":-23.69},{"time":2.4,"angle":0}],"translate":[{"time":0,"x":0,"y":0,"curve":"stepped"},{"time":0.4,"x":0,"y":0,"curve":"stepped"},{"time":0.8,"x":0,"y":0,"curve":"stepped"},{"time":1.2,"x":0,"y":0,"curve":"stepped"},{"time":1.6,"x":0,"y":0,"curve":"stepped"},{"time":2,"x":0,"y":0,"curve":"stepped"},{"time":2.4,"x":0,"y":0}],"scale":[{"time":0,"x":1,"y":1,"curve":"stepped"},{"time":0.4,"x":1,"y":1,"curve":"stepped"},{"time":0.8,"x":1,"y":1,"curve":"stepped"},{"time":1.2,"x":1,"y":1,"curve":"stepped"},{"time":1.6,"x":1,"y":1,"curve":"stepped"},{"time":2,"x":1,"y":1,"curve":"stepped"},{"time":2.4,"x":1,"y":1}]},"bone5":{"rotate":[{"time":0,"angle":0,"curve":"stepped"},{"time":0.4,"angle":0},{"time":0.8,"angle":-36.89},{"time":1.2,"angle":0,"curve":"stepped"},{"time":1.6,"angle":0},{"time":2,"angle":-36.89},{"time":2.4,"angle":0}],"translate":[{"time":0,"x":0,"y":0,"curve":"stepped"},{"time":0.4,"x":0,"y":0,"curve":"stepped"},{"time":0.8,"x":0,"y":0,"curve":"stepped"},{"time":1.2,"x":0,"y":0,"curve":"stepped"},{"time":1.6,"x":0,"y":0,"curve":"stepped"},{"time":2,"x":0,"y":0,"curve":"stepped"},{"time":2.4,"x":0,"y":0}],"scale":[{"time":0,"x":1,"y":1,"curve":"stepped"},{"time":0.4,"x":1,"y":1,"curve":"stepped"},{"time":0.8,"x":1,"y":1,"curve":"stepped"},{"time":1.2,"x":1,"y":1,"curve":"stepped"},{"time":1.6,"x":1,"y":1,"curve":"stepped"},{"time":2,"x":1,"y":1,"curve":"stepped"},{"time":2.4,"x":1,"y":1}]},"bone6":{"rotate":[{"time":0,"angle":0},{"time":0.4,"angle":26.19},{"time":0.8,"angle":0,"curve":"stepped"},{"time":1.2,"angle":0},{"time":1.6,"angle":26.19},{"time":2,"angle":0,"curve":"stepped"},{"time":2.4,"angle":0}],"translate":[{"time":0,"x":0,"y":0,"curve":"stepped"},{"time":0.4,"x":0,"y":0,"curve":"stepped"},{"time":0.8,"x":0,"y":0,"curve":"stepped"},{"time":1.2,"x":0,"y":0,"curve":"stepped"},{"time":1.6,"x":0,"y":0,"curve":"stepped"},{"time":2,"x":0,"y":0,"curve":"stepped"},{"time":2.4,"x":0,"y":0}],"scale":[{"time":0,"x":1,"y":1,"curve":"stepped"},{"time":0.4,"x":1,"y":1,"curve":"stepped"},{"time":0.8,"x":1,"y":1,"curve":"stepped"},{"time":1.2,"x":1,"y":1,"curve":"stepped"},{"time":1.6,"x":1,"y":1,"curve":"stepped"},{"time":2,"x":1,"y":1,"curve":"stepped"},{"time":2.4,"x":1,"y":1}]},"MON20079_DL_1":{"rotate":[{"time":0,"angle":0,"curve":"stepped"},{"time":0.4,"angle":0,"curve":"stepped"},{"time":0.8,"angle":0,"curve":"stepped"},{"time":1.2,"angle":0,"curve":"stepped"},{"time":1.6,"angle":0,"curve":"stepped"},{"time":2,"angle":0,"curve":"stepped"},{"time":2.4,"angle":0}],"translate":[{"time":0,"x":0,"y":0,"curve":"stepped"},{"time":0.4,"x":0,"y":0,"curve":"stepped"},{"time":0.8,"x":0,"y":0,"curve":"stepped"},{"time":1.2,"x":0,"y":0,"curve":"stepped"},{"time":1.6,"x":0,"y":0,"curve":"stepped"},{"time":2,"x":0,"y":0,"curve":"stepped"},{"time":2.4,"x":0,"y":0}],"scale":[{"time":0,"x":1,"y":1,"curve":"stepped"},{"time":0.4,"x":1,"y":1,"curve":"stepped"},{"time":0.8,"x":1,"y":1,"curve":"stepped"},{"time":1.2,"x":1,"y":1,"curve":"stepped"},{"time":1.6,"x":1,"y":1,"curve":"stepped"},{"time":2,"x":1,"y":1,"curve":"stepped"},{"time":2.4,"x":1,"y":1}]},"MON20079_DL_3":{"rotate":[{"time":0,"angle":0},{"time":0.4,"angle":3.14},{"time":0.8,"angle":5.71},{"time":1.2,"angle":0},{"time":1.6,"angle":3.14},{"time":2,"angle":5.71},{"time":2.4,"angle":0}],"translate":[{"time":0,"x":0,"y":0,"curve":"stepped"},{"time":0.4,"x":0,"y":0,"curve":"stepped"},{"time":0.8,"x":0,"y":0,"curve":"stepped"},{"time":1.2,"x":0,"y":0,"curve":"stepped"},{"time":1.6,"x":0,"y":0,"curve":"stepped"},{"time":2,"x":0,"y":0,"curve":"stepped"},{"time":2.4,"x":0,"y":0}],"scale":[{"time":0,"x":1,"y":1,"curve":"stepped"},{"time":0.4,"x":1,"y":1,"curve":"stepped"},{"time":0.8,"x":1,"y":1,"curve":"stepped"},{"time":1.2,"x":1,"y":1,"curve":"stepped"},{"time":1.6,"x":1,"y":1,"curve":"stepped"},{"time":2,"x":1,"y":1,"curve":"stepped"},{"time":2.4,"x":1,"y":1}]},"bone7":{"rotate":[{"time":0,"angle":0},{"time":0.4,"angle":14.39},{"time":0.8,"angle":-8.27},{"time":1.2,"angle":0},{"time":1.6,"angle":14.39},{"time":2,"angle":-8.27},{"time":2.4,"angle":0}],"translate":[{"time":0,"x":0,"y":0,"curve":"stepped"},{"time":0.4,"x":0,"y":0,"curve":"stepped"},{"time":0.8,"x":0,"y":0,"curve":"stepped"},{"time":1.2,"x":0,"y":0,"curve":"stepped"},{"time":1.6,"x":0,"y":0,"curve":"stepped"},{"time":2,"x":0,"y":0,"curve":"stepped"},{"time":2.4,"x":0,"y":0}],"scale":[{"time":0,"x":1,"y":1,"curve":"stepped"},{"time":0.4,"x":1,"y":1,"curve":"stepped"},{"time":0.8,"x":1,"y":1,"curve":"stepped"},{"time":1.2,"x":1,"y":1,"curve":"stepped"},{"time":1.6,"x":1,"y":1,"curve":"stepped"},{"time":2,"x":1,"y":1,"curve":"stepped"},{"time":2.4,"x":1,"y":1}]},"bone8":{"rotate":[{"time":0,"angle":0},{"time":0.4,"angle":2.53},{"time":0.8,"angle":6.69},{"time":1.2,"angle":0},{"time":1.6,"angle":2.53},{"time":2,"angle":6.69},{"time":2.4,"angle":0}],"translate":[{"time":0,"x":0,"y":0,"curve":"stepped"},{"time":0.4,"x":0,"y":0,"curve":"stepped"},{"time":0.8,"x":0,"y":0,"curve":"stepped"},{"time":1.2,"x":0,"y":0,"curve":"stepped"},{"time":1.6,"x":0,"y":0,"curve":"stepped"},{"time":2,"x":0,"y":0,"curve":"stepped"},{"time":2.4,"x":0,"y":0}],"scale":[{"time":0,"x":1,"y":1,"curve":"stepped"},{"time":0.4,"x":1,"y":1,"curve":"stepped"},{"time":0.8,"x":1,"y":1,"curve":"stepped"},{"time":1.2,"x":1,"y":1,"curve":"stepped"},{"time":1.6,"x":1,"y":1,"curve":"stepped"},{"time":2,"x":1,"y":1,"curve":"stepped"},{"time":2.4,"x":1,"y":1}]},"bone9":{"rotate":[{"time":0,"angle":0},{"time":0.4,"angle":-4.06},{"time":0.8,"angle":16.22},{"time":1.2,"angle":0},{"time":1.6,"angle":-4.06},{"time":2,"angle":16.22},{"time":2.4,"angle":0}],"translate":[{"time":0,"x":0,"y":0,"curve":"stepped"},{"time":0.4,"x":0,"y":0,"curve":"stepped"},{"time":0.8,"x":0,"y":0,"curve":"stepped"},{"time":1.2,"x":0,"y":0,"curve":"stepped"},{"time":1.6,"x":0,"y":0,"curve":"stepped"},{"time":2,"x":0,"y":0,"curve":"stepped"},{"time":2.4,"x":0,"y":0}],"scale":[{"time":0,"x":1,"y":1,"curve":"stepped"},{"time":0.4,"x":1,"y":1,"curve":"stepped"},{"time":0.8,"x":1,"y":1,"curve":"stepped"},{"time":1.2,"x":1,"y":1,"curve":"stepped"},{"time":1.6,"x":1,"y":1,"curve":"stepped"},{"time":2,"x":1,"y":1,"curve":"stepped"},{"time":2.4,"x":1,"y":1}]},"bone10":{"rotate":[{"time":0,"angle":0},{"time":0.4,"angle":8.35},{"time":0.8,"angle":36.91},{"time":1.2,"angle":0},{"time":1.6,"angle":8.35},{"time":2,"angle":36.91},{"time":2.4,"angle":0}],"translate":[{"time":0,"x":0,"y":0,"curve":"stepped"},{"time":0.4,"x":0,"y":0,"curve":"stepped"},{"time":0.8,"x":0,"y":0,"curve":"stepped"},{"time":1.2,"x":0,"y":0,"curve":"stepped"},{"time":1.6,"x":0,"y":0,"curve":"stepped"},{"time":2,"x":0,"y":0,"curve":"stepped"},{"time":2.4,"x":0,"y":0}],"scale":[{"time":0,"x":1,"y":1,"curve":"stepped"},{"time":0.4,"x":1,"y":1,"curve":"stepped"},{"time":0.8,"x":1,"y":1,"curve":"stepped"},{"time":1.2,"x":1,"y":1,"curve":"stepped"},{"time":1.6,"x":1,"y":1,"curve":"stepped"},{"time":2,"x":1,"y":1,"curve":"stepped"},{"time":2.4,"x":1,"y":1}]},"MON20079_DL_21":{"rotate":[{"time":0,"angle":0},{"time":0.6,"angle":-15.74},{"time":1.2,"angle":0},{"time":1.8,"angle":-15.74},{"time":2.4,"angle":0}],"translate":[{"time":0,"x":0,"y":0,"curve":"stepped"},{"time":0.6,"x":0,"y":0,"curve":"stepped"},{"time":1.2,"x":0,"y":0,"curve":"stepped"},{"time":1.8,"x":0,"y":0,"curve":"stepped"},{"time":2.4,"x":0,"y":0}],"scale":[{"time":0,"x":1,"y":1,"curve":"stepped"},{"time":0.6,"x":1,"y":1,"curve":"stepped"},{"time":1.2,"x":1,"y":1,"curve":"stepped"},{"time":1.8,"x":1,"y":1,"curve":"stepped"},{"time":2.4,"x":1,"y":1}]},"bone11":{"rotate":[{"time":0,"angle":0},{"time":0.6,"angle":15.9},{"time":1.2,"angle":0},{"time":1.8,"angle":15.9},{"time":2.4,"angle":0}],"translate":[{"time":0,"x":0,"y":0,"curve":"stepped"},{"time":0.6,"x":0,"y":0,"curve":"stepped"},{"time":1.2,"x":0,"y":0,"curve":"stepped"},{"time":1.8,"x":0,"y":0,"curve":"stepped"},{"time":2.4,"x":0,"y":0}],"scale":[{"time":0,"x":1,"y":1,"curve":"stepped"},{"time":0.6,"x":1,"y":1,"curve":"stepped"},{"time":1.2,"x":1,"y":1,"curve":"stepped"},{"time":1.8,"x":1,"y":1,"curve":"stepped"},{"time":2.4,"x":1,"y":1}]},"bone12":{"rotate":[{"time":0,"angle":0},{"time":0.2333,"angle":18.43},{"time":0.6,"angle":40.6},{"time":0.8,"angle":20.97},{"time":1.2,"angle":0},{"time":1.4333,"angle":18.43},{"time":1.8,"angle":40.6},{"time":2,"angle":20.97},{"time":2.4,"angle":0}],"translate":[{"time":0,"x":0,"y":0,"curve":"stepped"},{"time":0.6,"x":0,"y":0,"curve":"stepped"},{"time":1.2,"x":0,"y":0,"curve":"stepped"},{"time":1.8,"x":0,"y":0,"curve":"stepped"},{"time":2.4,"x":0,"y":0}],"scale":[{"time":0,"x":1,"y":1,"curve":"stepped"},{"time":0.6,"x":1,"y":1,"curve":"stepped"},{"time":1.2,"x":1,"y":1,"curve":"stepped"},{"time":1.8,"x":1,"y":1,"curve":"stepped"},{"time":2.4,"x":1,"y":1}]},"bone13":{"rotate":[{"time":0,"angle":0},{"time":0.2333,"angle":6.41},{"time":0.6,"angle":26.97},{"time":0.8,"angle":15.99},{"time":1.2,"angle":0},{"time":1.4333,"angle":6.41},{"time":1.8,"angle":26.97},{"time":2,"angle":15.99},{"time":2.4,"angle":0}],"translate":[{"time":0,"x":0,"y":0,"curve":"stepped"},{"time":0.6,"x":0,"y":0,"curve":"stepped"},{"time":1.2,"x":0,"y":0,"curve":"stepped"},{"time":1.8,"x":0,"y":0,"curve":"stepped"},{"time":2.4,"x":0,"y":0}],"scale":[{"time":0,"x":1,"y":1,"curve":"stepped"},{"time":0.6,"x":1,"y":1,"curve":"stepped"},{"time":1.2,"x":1,"y":1,"curve":"stepped"},{"time":1.8,"x":1,"y":1,"curve":"stepped"},{"time":2.4,"x":1,"y":1}]},"bone14":{"rotate":[{"time":0,"angle":0},{"time":0.2333,"angle":-8.46},{"time":0.6,"angle":-5.46},{"time":0.8,"angle":9.85},{"time":1.2,"angle":0},{"time":1.4333,"angle":-8.46},{"time":1.8,"angle":-5.46},{"time":2,"angle":9.85},{"time":2.4,"angle":0}],"translate":[{"time":0,"x":0,"y":0,"curve":"stepped"},{"time":0.6,"x":0,"y":0,"curve":"stepped"},{"time":1.2,"x":0,"y":0,"curve":"stepped"},{"time":1.8,"x":0,"y":0,"curve":"stepped"},{"time":2.4,"x":0,"y":0}],"scale":[{"time":0,"x":1,"y":1,"curve":"stepped"},{"time":0.6,"x":1,"y":1,"curve":"stepped"},{"time":1.2,"x":1,"y":1,"curve":"stepped"},{"time":1.8,"x":1,"y":1,"curve":"stepped"},{"time":2.4,"x":1,"y":1}]},"bone15":{"rotate":[{"time":0,"angle":0},{"time":0.2333,"angle":-24.01},{"time":0.6,"angle":-21.5},{"time":0.8,"angle":0.45},{"time":1.2,"angle":0},{"time":1.4333,"angle":-24.01},{"time":1.8,"angle":-21.5},{"time":2,"angle":0.45},{"time":2.4,"angle":0}],"translate":[{"time":0,"x":0,"y":0,"curve":"stepped"},{"time":0.6,"x":0,"y":0,"curve":"stepped"},{"time":1.2,"x":0,"y":0,"curve":"stepped"},{"time":1.8,"x":0,"y":0,"curve":"stepped"},{"time":2.4,"x":0,"y":0}],"scale":[{"time":0,"x":1,"y":1,"curve":"stepped"},{"time":0.6,"x":1,"y":1,"curve":"stepped"},{"time":1.2,"x":1,"y":1,"curve":"stepped"},{"time":1.8,"x":1,"y":1,"curve":"stepped"},{"time":2.4,"x":1,"y":1}]},"bone16":{"rotate":[{"time":0,"angle":0},{"time":0.2333,"angle":-27.86},{"time":0.6,"angle":-29.91},{"time":0.8,"angle":-0.61},{"time":1.2,"angle":0},{"time":1.4333,"angle":-27.86},{"time":1.8,"angle":-29.91},{"time":2,"angle":-0.61},{"time":2.4,"angle":0}],"translate":[{"time":0,"x":0,"y":0,"curve":"stepped"},{"time":0.6,"x":0,"y":0,"curve":"stepped"},{"time":1.2,"x":0,"y":0,"curve":"stepped"},{"time":1.8,"x":0,"y":0,"curve":"stepped"},{"time":2.4,"x":0,"y":0}],"scale":[{"time":0,"x":1,"y":1,"curve":"stepped"},{"time":0.6,"x":1,"y":1,"curve":"stepped"},{"time":1.2,"x":1,"y":1,"curve":"stepped"},{"time":1.8,"x":1,"y":1,"curve":"stepped"},{"time":2.4,"x":1,"y":1}]},"bone17":{"rotate":[{"time":0,"angle":0},{"time":0.2333,"angle":-31.32},{"time":0.6,"angle":-24.54},{"time":0.8,"angle":-7.96},{"time":1.2,"angle":0},{"time":1.4333,"angle":-31.32},{"time":1.8,"angle":-24.54},{"time":2,"angle":-7.96},{"time":2.4,"angle":0}],"translate":[{"time":0,"x":0,"y":0,"curve":"stepped"},{"time":0.6,"x":0,"y":0,"curve":"stepped"},{"time":1.2,"x":0,"y":0,"curve":"stepped"},{"time":1.8,"x":0,"y":0,"curve":"stepped"},{"time":2.4,"x":0,"y":0}],"scale":[{"time":0,"x":1,"y":1,"curve":"stepped"},{"time":0.6,"x":1,"y":1,"curve":"stepped"},{"time":1.2,"x":1,"y":1,"curve":"stepped"},{"time":1.8,"x":1,"y":1,"curve":"stepped"},{"time":2.4,"x":1,"y":1}]},"MON20079_DL_9":{"rotate":[{"time":0,"angle":0,"curve":"stepped"},{"time":1.2,"angle":0,"curve":"stepped"},{"time":2.4,"angle":0}],"translate":[{"time":0,"x":0,"y":0},{"time":0.8,"x":-1.27,"y":-0.74},{"time":1.2,"x":0,"y":0},{"time":2,"x":-1.27,"y":-0.74},{"time":2.4,"x":0,"y":0}],"scale":[{"time":0,"x":1,"y":1},{"time":0.4666,"x":1.125,"y":1.181},{"time":0.8,"x":0.973,"y":1.242},{"time":1.2,"x":1,"y":1},{"time":1.6666,"x":1.125,"y":1.181},{"time":2,"x":0.973,"y":1.242},{"time":2.4,"x":1,"y":1}]},"MON20079_DL_6":{"rotate":[{"time":0,"angle":0},{"time":0.6,"angle":11.53},{"time":1.2,"angle":0},{"time":1.8,"angle":11.53},{"time":2.4,"angle":0}],"translate":[{"time":0,"x":0,"y":0,"curve":"stepped"},{"time":1.2,"x":0,"y":0,"curve":"stepped"},{"time":2.4,"x":0,"y":0}],"scale":[{"time":0,"x":1,"y":1,"curve":"stepped"},{"time":1.2,"x":1,"y":1,"curve":"stepped"},{"time":2.4,"x":1,"y":1}]},"MON20079_DL_14":{"rotate":[{"time":0,"angle":0},{"time":0.6,"angle":-9.79},{"time":1.2,"angle":0},{"time":1.8,"angle":-9.79},{"time":2.4,"angle":0}],"translate":[{"time":0,"x":0,"y":0,"curve":"stepped"},{"time":1.2,"x":0,"y":0,"curve":"stepped"},{"time":2.4,"x":0,"y":0}],"scale":[{"time":0,"x":1,"y":1,"curve":"stepped"},{"time":1.2,"x":1,"y":1,"curve":"stepped"},{"time":2.4,"x":1,"y":1}]},"MON20079_DL_8":{"rotate":[{"time":0,"angle":0},{"time":0.6,"angle":17},{"time":0.8333,"angle":7.94},{"time":1.2,"angle":0},{"time":1.8,"angle":17},{"time":2.0333,"angle":7.94},{"time":2.4,"angle":0}],"translate":[{"time":0,"x":0,"y":0,"curve":"stepped"},{"time":0.6,"x":0,"y":0,"curve":"stepped"},{"time":1.2,"x":0,"y":0,"curve":"stepped"},{"time":1.8,"x":0,"y":0,"curve":"stepped"},{"time":2.4,"x":0,"y":0}],"scale":[{"time":0,"x":1,"y":1,"curve":"stepped"},{"time":0.6,"x":1,"y":1,"curve":"stepped"},{"time":1.2,"x":1,"y":1,"curve":"stepped"},{"time":1.8,"x":1,"y":1,"curve":"stepped"},{"time":2.4,"x":1,"y":1}]},"MON20079_DL_7":{"rotate":[{"time":0,"angle":0},{"time":0.1666,"angle":-12.18},{"time":0.6,"angle":2.54},{"time":0.8333,"angle":12.26},{"time":1.2,"angle":0},{"time":1.3666,"angle":-12.18},{"time":1.8,"angle":2.54},{"time":2.0333,"angle":12.26},{"time":2.4,"angle":0}],"translate":[{"time":0,"x":0,"y":0,"curve":"stepped"},{"time":0.6,"x":0,"y":0,"curve":"stepped"},{"time":1.2,"x":0,"y":0,"curve":"stepped"},{"time":1.8,"x":0,"y":0,"curve":"stepped"},{"time":2.4,"x":0,"y":0}],"scale":[{"time":0,"x":1,"y":1,"curve":"stepped"},{"time":0.6,"x":1,"y":1,"curve":"stepped"},{"time":1.2,"x":1,"y":1,"curve":"stepped"},{"time":1.8,"x":1,"y":1,"curve":"stepped"},{"time":2.4,"x":1,"y":1}]},"MON20079_DL_10":{"rotate":[{"time":0,"angle":0},{"time":0.1666,"angle":-12.19},{"time":0.6,"angle":-7.07},{"time":0.8333,"angle":20.29},{"time":1.2,"angle":0},{"time":1.3666,"angle":-12.19},{"time":1.8,"angle":-7.07},{"time":2.0333,"angle":20.29},{"time":2.4,"angle":0}],"translate":[{"time":0,"x":0,"y":0,"curve":"stepped"},{"time":0.6,"x":0,"y":0,"curve":"stepped"},{"time":1.2,"x":0,"y":0,"curve":"stepped"},{"time":1.8,"x":0,"y":0,"curve":"stepped"},{"time":2.4,"x":0,"y":0}],"scale":[{"time":0,"x":1,"y":1,"curve":"stepped"},{"time":0.6,"x":1,"y":1,"curve":"stepped"},{"time":1.2,"x":1,"y":1,"curve":"stepped"},{"time":1.8,"x":1,"y":1,"curve":"stepped"},{"time":2.4,"x":1,"y":1}]},"MON20079_DL_15":{"rotate":[{"time":0,"angle":0},{"time":0.4666,"angle":-29.67},{"time":0.7333,"angle":-15.52},{"time":1.2,"angle":0},{"time":1.6666,"angle":-29.67},{"time":1.9333,"angle":-15.52},{"time":2.4,"angle":0}],"translate":[{"time":0,"x":0,"y":0,"curve":"stepped"},{"time":0.4666,"x":0,"y":0,"curve":"stepped"},{"time":0.7333,"x":0,"y":0,"curve":"stepped"},{"time":1.2,"x":0,"y":0,"curve":"stepped"},{"time":1.6666,"x":0,"y":0,"curve":"stepped"},{"time":1.9333,"x":0,"y":0,"curve":"stepped"},{"time":2.4,"x":0,"y":0}],"scale":[{"time":0,"x":1,"y":1},{"time":0.4666,"x":0.997,"y":1},{"time":0.7333,"x":0.998,"y":1},{"time":1.2,"x":1,"y":1},{"time":1.6666,"x":0.997,"y":1},{"time":1.9333,"x":0.998,"y":1},{"time":2.4,"x":1,"y":1}]},"MON20079_DL_13":{"rotate":[{"time":0,"angle":0},{"time":0.4666,"angle":-7.71},{"time":0.7333,"angle":2.81},{"time":1.2,"angle":0},{"time":1.6666,"angle":-7.71},{"time":1.9333,"angle":2.81},{"time":2.4,"angle":0}],"translate":[{"time":0,"x":0,"y":0,"curve":"stepped"},{"time":0.4666,"x":0,"y":0,"curve":"stepped"},{"time":0.7333,"x":0,"y":0,"curve":"stepped"},{"time":1.2,"x":0,"y":0,"curve":"stepped"},{"time":1.6666,"x":0,"y":0,"curve":"stepped"},{"time":1.9333,"x":0,"y":0,"curve":"stepped"},{"time":2.4,"x":0,"y":0}],"scale":[{"time":0,"x":1,"y":1,"curve":"stepped"},{"time":0.4666,"x":1,"y":1,"curve":"stepped"},{"time":0.7333,"x":1,"y":1,"curve":"stepped"},{"time":1.2,"x":1,"y":1,"curve":"stepped"},{"time":1.6666,"x":1,"y":1,"curve":"stepped"},{"time":1.9333,"x":1,"y":1,"curve":"stepped"},{"time":2.4,"x":1,"y":1}]},"MON20079_DL_16":{"rotate":[{"time":0,"angle":0},{"time":0.4666,"angle":23.64},{"time":0.7333,"angle":-9.03},{"time":1.2,"angle":0},{"time":1.6666,"angle":23.64},{"time":1.9333,"angle":-9.03},{"time":2.4,"angle":0}],"translate":[{"time":0,"x":0,"y":0,"curve":"stepped"},{"time":0.4666,"x":0,"y":0,"curve":"stepped"},{"time":0.7333,"x":0,"y":0,"curve":"stepped"},{"time":1.2,"x":0,"y":0,"curve":"stepped"},{"time":1.6666,"x":0,"y":0,"curve":"stepped"},{"time":1.9333,"x":0,"y":0,"curve":"stepped"},{"time":2.4,"x":0,"y":0}],"scale":[{"time":0,"x":1,"y":1,"curve":"stepped"},{"time":0.4666,"x":1,"y":1,"curve":"stepped"},{"time":0.7333,"x":1,"y":1,"curve":"stepped"},{"time":1.2,"x":1,"y":1,"curve":"stepped"},{"time":1.6666,"x":1,"y":1,"curve":"stepped"},{"time":1.9333,"x":1,"y":1,"curve":"stepped"},{"time":2.4,"x":1,"y":1}]},"MON20079_DL_22":{"rotate":[{"time":0,"angle":0,"curve":"stepped"},{"time":0.4666,"angle":0,"curve":"stepped"},{"time":0.7333,"angle":0,"curve":"stepped"},{"time":1.2,"angle":0,"curve":"stepped"},{"time":1.6666,"angle":0,"curve":"stepped"},{"time":1.9333,"angle":0,"curve":"stepped"},{"time":2.4,"angle":0}],"translate":[{"time":0,"x":0,"y":0,"curve":"stepped"},{"time":0.4666,"x":0,"y":0,"curve":"stepped"},{"time":0.7333,"x":0,"y":0,"curve":"stepped"},{"time":1.2,"x":0,"y":0,"curve":"stepped"},{"time":1.6666,"x":0,"y":0,"curve":"stepped"},{"time":1.9333,"x":0,"y":0,"curve":"stepped"},{"time":2.4,"x":0,"y":0}],"scale":[{"time":0,"x":1,"y":1},{"time":0.4666,"x":1,"y":0.698},{"time":0.7333,"x":1,"y":0.808},{"time":1.2,"x":1,"y":1},{"time":1.6666,"x":1,"y":0.698},{"time":1.9333,"x":1,"y":0.808},{"time":2.4,"x":1,"y":1}]},"MON20079_DL_17":{"rotate":[{"time":0,"angle":0},{"time":0.4,"angle":12.44},{"time":0.8333,"angle":-9.59},{"time":1.2,"angle":0},{"time":1.6,"angle":12.44},{"time":2.0333,"angle":-9.59},{"time":2.4,"angle":0}],"translate":[{"time":0,"x":0,"y":0,"curve":"stepped"},{"time":1.2,"x":0,"y":0,"curve":"stepped"},{"time":2.4,"x":0,"y":0}],"scale":[{"time":0,"x":1,"y":1},{"time":0.8333,"x":1.1,"y":1},{"time":1.2,"x":1,"y":1},{"time":2.0333,"x":1.1,"y":1},{"time":2.4,"x":1,"y":1}]},"MON20079_DL_18":{"rotate":[{"time":0,"angle":0},{"time":0.4,"angle":-22.26},{"time":0.8333,"angle":-3.66},{"time":1.2,"angle":0},{"time":1.6,"angle":-22.26},{"time":2.0333,"angle":-3.66},{"time":2.4,"angle":0}],"translate":[{"time":0,"x":0,"y":0,"curve":"stepped"},{"time":1.2,"x":0,"y":0,"curve":"stepped"},{"time":2.4,"x":0,"y":0}],"scale":[{"time":0,"x":1,"y":1},{"time":0.8333,"x":1.076,"y":1},{"time":1.2,"x":1,"y":1},{"time":2.0333,"x":1.076,"y":1},{"time":2.4,"x":1,"y":1}]},"MON20079_DL_19":{"rotate":[{"time":0,"angle":0},{"time":0.4666,"angle":345.67},{"time":0.9333,"angle":-7.3},{"time":1.2,"angle":0},{"time":1.6666,"angle":345.67},{"time":2.1333,"angle":-7.3},{"time":2.4,"angle":0}],"translate":[{"time":0,"x":0,"y":0,"curve":"stepped"},{"time":0.4666,"x":0,"y":0,"curve":"stepped"},{"time":1.2,"x":0,"y":0,"curve":"stepped"},{"time":1.6666,"x":0,"y":0,"curve":"stepped"},{"time":2.4,"x":0,"y":0}],"scale":[{"time":0,"x":1,"y":1},{"time":0.4666,"x":0.681,"y":1.047},{"time":0.6666,"x":0.654,"y":1.178},{"time":0.9333,"x":0.995,"y":1.033},{"time":1.2,"x":1,"y":1},{"time":1.6666,"x":0.681,"y":1.047},{"time":1.8666,"x":0.654,"y":1.178},{"time":2.1333,"x":0.995,"y":1.033},{"time":2.4,"x":1,"y":1}]},"MON20079_DL_20":{"rotate":[{"time":0,"angle":0},{"time":0.6,"angle":-5.91},{"time":1.2,"angle":0},{"time":1.8,"angle":-5.91},{"time":2.4,"angle":0}],"translate":[{"time":0,"x":0,"y":0},{"time":0.6,"x":0.46,"y":-5.79},{"time":1.2,"x":0,"y":0},{"time":1.8,"x":0.46,"y":-5.79},{"time":2.4,"x":0,"y":0}],"scale":[{"time":0,"x":1,"y":1,"curve":"stepped"},{"time":1.2,"x":1,"y":1,"curve":"stepped"},{"time":2.4,"x":1,"y":1}]},"MON20079_DL_23":{"rotate":[{"time":0,"angle":0},{"time":0.6,"angle":13.25},{"time":1.2,"angle":0},{"time":1.8,"angle":13.25},{"time":2.4,"angle":0}],"translate":[{"time":0,"x":0,"y":0},{"time":0.6,"x":-5.8,"y":-0.53},{"time":1.2,"x":0,"y":0},{"time":1.8,"x":-5.8,"y":-0.53},{"time":2.4,"x":0,"y":0}],"scale":[{"time":0,"x":1,"y":1,"curve":"stepped"},{"time":1.2,"x":1,"y":1,"curve":"stepped"},{"time":2.4,"x":1,"y":1}]},"MON20079_DL_24":{"rotate":[{"time":0,"angle":0},{"time":0.6,"angle":-13.95},{"time":1.2,"angle":0},{"time":1.8,"angle":-13.95},{"time":2.4,"angle":0}],"translate":[{"time":0,"x":0,"y":0},{"time":0.6,"x":0.23,"y":-6.08},{"time":1.2,"x":0,"y":0},{"time":1.8,"x":0.23,"y":-6.08},{"time":2.4,"x":0,"y":0}],"scale":[{"time":0,"x":1,"y":1,"curve":"stepped"},{"time":1.2,"x":1,"y":1,"curve":"stepped"},{"time":2.4,"x":1,"y":1}]},"MON20079_DL_25":{"rotate":[{"time":0,"angle":0},{"time":0.6,"angle":25.33},{"time":1.2,"angle":0},{"time":1.8,"angle":25.33},{"time":2.4,"angle":0}],"translate":[{"time":0,"x":0,"y":0},{"time":0.6,"x":-5.39,"y":-0.79},{"time":1.2,"x":0,"y":0},{"time":1.8,"x":-5.39,"y":-0.79},{"time":2.4,"x":0,"y":0}],"scale":[{"time":0,"x":1,"y":1,"curve":"stepped"},{"time":1.2,"x":1,"y":1,"curve":"stepped"},{"time":2.4,"x":1,"y":1}]},"shadow":{"rotate":[{"time":0,"angle":0,"curve":"stepped"},{"time":1.2,"angle":0,"curve":"stepped"},{"time":2.4,"angle":0}],"translate":[{"time":0,"x":0,"y":0,"curve":"stepped"},{"time":1.2,"x":0,"y":0,"curve":"stepped"},{"time":2.4,"x":0,"y":0}],"scale":[{"time":0,"x":1,"y":1},{"time":0.6,"x":1.056,"y":1.09},{"time":1.2,"x":1,"y":1},{"time":1.8,"x":1.056,"y":1.09},{"time":2.4,"x":1,"y":1}]}}}}}