{"skeleton":{"hash":"MXxaz35pOnq62Bcce/Nz9zdj2pM","spine":"3.1.03","width":260.16,"height":276.14},"bones":[{"name":"root"},{"name":"bone","parent":"root","x":-7.65,"y":80.8},{"name":"MON20058_DL_16","parent":"bone","length":18.79,"x":3.22,"y":-6.68,"rotation":90},{"name":"bone2","parent":"MON20058_DL_16","length":18.54,"x":18.79,"rotation":-0.78},{"name":"MON20058_DL_8","parent":"bone2","length":24.1,"x":19.25,"y":-0.23,"rotation":2.86},{"name":"MON20058_DL_2","parent":"MON20058_DL_8","length":16.2,"x":0.56,"y":-2.6,"rotation":0.64},{"name":"MON20058_DL_1","parent":"MON20058_DL_2","length":17.79,"x":49.54,"y":-35.44,"rotation":-38.46},{"name":"MON20058_DL_3","parent":"MON20058_DL_8","length":23.72,"x":59.07,"y":-26.44,"rotation":-171.38},{"name":"MON20058_DL_4","parent":"MON20058_DL_8","length":23.11,"x":61.5,"y":22.63,"rotation":149.43},{"name":"MON20058_DL_5","parent":"MON20058_DL_8","length":13.52,"x":52.78,"y":26.88,"rotation":40.15},{"name":"MON20058_DL_6","parent":"MON20058_DL_8","length":4.79,"x":3.38,"y":7.59,"rotation":83.65},{"name":"MON20058_DL_7","parent":"MON20058_DL_8","length":6.54,"x":28.09,"y":0.48,"rotation":87.89},{"name":"MON20058_DL_9","parent":"MON20058_DL_8","length":21.31,"x":53.82,"y":30.9,"rotation":172.22},{"name":"MON20058_DL_10","parent":"bone2","length":40.86,"x":19.46,"y":-21.51,"rotation":-95.48},{"name":"MON20058_DL_13","parent":"bone2","length":25.31,"x":8.52,"y":-21.52,"rotation":-145.27},{"name":"MON20058_DL_12","parent":"MON20058_DL_13","length":20.95,"x":23.85,"y":-0.04,"rotation":-25.28},{"name":"MON20058_DL_11","parent":"MON20058_DL_12","length":6.67,"x":20.33,"y":-0.2,"rotation":-11.84},{"name":"MON20058_DL_14","parent":"bone2","length":4.67,"x":1.13,"y":-1.69,"rotation":-89.24},{"name":"MON20058_DL_15","parent":"bone2","length":4.53,"x":0.54,"y":15.04,"rotation":97.6},{"name":"bone3","parent":"bone","length":9.42,"x":3.01,"y":-9.6,"rotation":-90},{"name":"MON20058_DL_19","parent":"bone3","length":28.96,"x":4.71,"y":13.93,"rotation":-13.03},{"name":"MON20058_DL_17","parent":"MON20058_DL_19","length":27.16,"x":28.55,"y":-0.06,"rotation":10.87},{"name":"MON20058_DL_18","parent":"MON20058_DL_17","length":8.9,"x":26.74,"y":0.18,"rotation":3.49},{"name":"MON20058_DL_22","parent":"bone3","length":30.26,"x":5.75,"y":-7.18,"rotation":-19.96},{"name":"MON20058_DL_20","parent":"MON20058_DL_22","length":23.7,"x":30.14,"y":-0.21,"rotation":46.49},{"name":"MON20058_DL_21","parent":"MON20058_DL_20","length":6.49,"x":23.14,"y":0.24,"rotation":-3.49},{"name":"MON20058_DL_23","parent":"bone2","length":37.09,"x":19.42,"y":14.89,"rotation":92.81},{"name":"MON20058_DL_26","parent":"bone2","length":24.41,"x":10.47,"y":16.39,"rotation":156.68},{"name":"MON20058_DL_25","parent":"MON20058_DL_26","length":22.37,"x":23.83,"y":-0.38,"rotation":-10.77},{"name":"MON20058_DL_24","parent":"MON20058_DL_25","length":6.24,"x":21.48,"y":-0.61,"rotation":-6.66},{"name":"MON20058_DL_27","parent":"MON20058_DL_24","x":9.62,"y":-2.38},{"name":"MON20058_DL_28","parent":"bone2","length":21.56,"x":16.68,"y":-19.67,"rotation":-173.82},{"name":"bone4","parent":"MON20058_DL_10","length":13.54,"x":40.86,"y":-0.01,"rotation":16.67},{"name":"bone5","parent":"MON20058_DL_23","length":8.93,"x":37.09,"rotation":-28.86},{"name":"bone6","parent":"MON20058_DL_1","length":16.68,"x":16.81,"y":0.08,"rotation":-5},{"name":"bone7","parent":"bone6","length":17.53,"x":16.68,"rotation":-4.33},{"name":"bone13","parent":"MON20058_DL_5","length":14.06,"x":13.52,"y":-0.03,"rotation":-15.4},{"name":"bone14","parent":"bone13","length":15.41,"x":14.07,"rotation":-4.82},{"name":"bone15","parent":"MON20058_DL_4","length":16.22,"x":23.11,"y":0.1,"rotation":7.19},{"name":"bone16","parent":"bone15","length":15.83,"x":16.22,"rotation":15.21},{"name":"bone17","parent":"bone16","length":11.2,"x":15.83,"y":-0.01,"rotation":19.12},{"name":"bone18","parent":"MON20058_DL_9","length":16.6,"x":21.31,"rotation":7.84},{"name":"bone19","parent":"bone18","length":16.86,"x":16.61,"y":0.2,"rotation":16.77},{"name":"bone20","parent":"bone19","length":13.46,"x":16.86,"y":-0.01,"rotation":-8.17},{"name":"bone21","parent":"MON20058_DL_3","length":17.64,"x":23.72,"y":-0.01,"rotation":-11.46},{"name":"bone22","parent":"bone21","length":17.4,"x":17.64,"rotation":-22.93},{"name":"bone23","parent":"bone22","length":13.73,"x":17.4,"y":0.03,"rotation":0.16},{"name":"bone24","parent":"bone23","length":11.57,"x":13.73,"rotation":11.93},{"name":"bone25","parent":"MON20058_DL_28","length":28.56,"x":21.56,"rotation":-0.88},{"name":"bone26","parent":"bone25","length":27.21,"x":28.56,"y":-0.01,"rotation":0.2},{"name":"bone27","parent":"MON20058_DL_28","length":24.89,"x":-2.29,"y":-31.33,"rotation":-8.55},{"name":"bone28","parent":"bone27","length":23.97,"x":24.89,"rotation":5.27},{"name":"bone29","parent":"bone28","length":24.83,"x":23.99,"y":0.45,"rotation":5.16},{"name":"bone30","parent":"MON20058_DL_28","length":26.98,"x":0.9,"y":21.48,"rotation":22.13},{"name":"bone31","parent":"bone30","length":23.97,"x":26.98,"y":-0.06,"rotation":1.17},{"name":"bone32","parent":"bone31","length":26.94,"x":23.97,"rotation":-10.16},{"name":"fx_gong","parent":"MON20058_DL_27","length":17.41,"x":9.61,"y":-1.55,"rotation":4.91},{"name":"shadow","parent":"root","x":4.72,"y":-1.94}],"slots":[{"name":"shadow","bone":"shadow"},{"name":"MON20058_DL_28","bone":"MON20058_DL_28","attachment":"MON20058_DL_28"},{"name":"MON20058_DL_27","bone":"MON20058_DL_27","attachment":"MON20058_DL_27"},{"name":"MON20058_DL_26","bone":"MON20058_DL_26","attachment":"MON20058_DL_26"},{"name":"MON20058_DL_25","bone":"MON20058_DL_25","attachment":"MON20058_DL_25"},{"name":"MON20058_DL_24","bone":"MON20058_DL_24","attachment":"MON20058_DL_24"},{"name":"MON20058_DL_23","bone":"MON20058_DL_23","attachment":"MON20058_DL_23"},{"name":"MON20058_DL_22","bone":"MON20058_DL_22","attachment":"MON20058_DL_22"},{"name":"MON20058_DL_21","bone":"MON20058_DL_21","attachment":"MON20058_DL_21"},{"name":"MON20058_DL_20","bone":"MON20058_DL_20","attachment":"MON20058_DL_20"},{"name":"MON20058_DL_19","bone":"MON20058_DL_19","attachment":"MON20058_DL_19"},{"name":"MON20058_DL_18","bone":"MON20058_DL_18","attachment":"MON20058_DL_18"},{"name":"MON20058_DL_17","bone":"MON20058_DL_17","attachment":"MON20058_DL_17"},{"name":"MON20058_DL_16","bone":"MON20058_DL_16","attachment":"MON20058_DL_16"},{"name":"MON20058_DL_15","bone":"MON20058_DL_15","attachment":"MON20058_DL_15"},{"name":"MON20058_DL_14","bone":"MON20058_DL_14","attachment":"MON20058_DL_14"},{"name":"MON20058_DL_13","bone":"MON20058_DL_13","attachment":"MON20058_DL_13"},{"name":"MON20058_DL_12","bone":"MON20058_DL_12","attachment":"MON20058_DL_12"},{"name":"MON20058_DL_11","bone":"MON20058_DL_11","attachment":"MON20058_DL_11"},{"name":"MON20058_DL_10","bone":"MON20058_DL_10","attachment":"MON20058_DL_10"},{"name":"MON20058_DL_9","bone":"MON20058_DL_9","attachment":"MON20058_DL_9"},{"name":"MON20058_DL_8","bone":"MON20058_DL_8","attachment":"MON20058_DL_8"},{"name":"MON20058_DL_7","bone":"MON20058_DL_7"},{"name":"MON20058_DL_6","bone":"MON20058_DL_6"},{"name":"MON20058_DL_5","bone":"MON20058_DL_5","attachment":"MON20058_DL_5"},{"name":"MON20058_DL_4","bone":"MON20058_DL_4","attachment":"MON20058_DL_4"},{"name":"MON20058_DL_3","bone":"MON20058_DL_3","attachment":"MON20058_DL_3"},{"name":"MON20058_DL_2","bone":"MON20058_DL_2","attachment":"MON20058_DL_2"},{"name":"MON20058_DL_1","bone":"MON20058_DL_1","attachment":"MON20058_DL_1"},{"name":"fx_gong","bone":"fx_gong","attachment":"weaponom_00000","blend":"additive"}],"skins":{"default":{"MON20058_DL_1":{"MON20058_DL_1":{"type":"weightedmesh","uvs":[0.92847,0.2866,0.80667,0.47057,0.59611,0.74436,0.36674,1,0,1,0,0.59009,0.16593,0.38998,0.39934,0.18598,0.67413,0.06415,1,0,0.38781,0.6,0.62145,0.355,0.81959,0.16918],"triangles":[0,1,12,1,11,12,11,8,12,11,7,8,0,12,9,12,8,9,3,10,2,3,4,10,4,5,10,2,11,1,2,10,11,5,6,10,10,7,11,10,6,7],"vertices":[2,34,28.16,-8.18999,0.00665,35,12.06,-7.3,0.99334,3,34,17.49,-10.2,0.43176,6,33.36,-11.59,0.06462,35,1.56,-10.1,0.50361,2,34,0.73,-12.19,0.07346,6,16.49,-12.12,0.92652,1,6,-0.11,-11.43,1,1,6,-9.8,1.92,1,2,34,-10.89,13.21,0.18706,6,7.11,14.2,0.81293,3,34,1.7,14.26,0.64729,6,19.75,14.15,0.34798,35,-16.01,13.1,0.00471,3,34,16.44,13.14,0.59108,6,34.34,11.75,0.00753,35,-1.23,13.1,0.40137,2,34,29.23,7.88,0.01218,35,11.92,8.81,0.98781,1,35,24.63,0.81,1,1,34,0.15,-0.29,1,2,34,16.48,-0.04,0.5,35,-0.2,-0.05,0.5,1,35,12.8,0.39,1],"hull":10}},"MON20058_DL_10":{"MON20058_DL_10":{"x":18.76,"y":-1.31,"rotation":6.22,"width":56,"height":38}},"MON20058_DL_11":{"MON20058_DL_11":{"x":4,"y":-1.53,"rotation":93.1,"width":17,"height":17}},"MON20058_DL_12":{"MON20058_DL_12":{"x":7.06,"y":-1.46,"rotation":81.25,"width":23,"height":34}},"MON20058_DL_13":{"MON20058_DL_13":{"x":13.68,"y":-0.27,"rotation":55.72,"width":32,"height":37}},"MON20058_DL_14":{"MON20058_DL_14":{"type":"mesh","uvs":[1,1,0,1,0,0,1,0,0.42373,0.68029],"triangles":[4,2,3,1,2,4,4,3,0,1,4,0],"vertices":[13.66,-9.55,-12.33,-9.55,-12.33,17.44,13.66,17.44,-1.30999,-0.92],"hull":4}},"MON20058_DL_15":{"MON20058_DL_15":{"type":"mesh","uvs":[1,1,0,1,0,0,1,0,0.35469,0.69928],"triangles":[4,2,3,1,2,4,4,3,0,1,4,0],"vertices":[-9.42,8.76,11.42,6.25,8.31,-19.54999,-12.53,-17.04,3.09,-0.61],"hull":4}},"MON20058_DL_16":{"MON20058_DL_16":{"type":"weightedmesh","uvs":[0.99256,0.3673,0.77782,0.53121,0.80915,0.55628,0.83782,0.57921,1,0.75958,1,0.85121,0.80382,0.87449,0.53982,1,0.43874,1,0.36182,1,0.04763,0.8552,0.09783,0.70263,0.10176,0.67066,0.10559,0.63954,1.0E-5,0.43304,0,0.15995,0.21419,0,0.44723,0,0.88108,0,0.15782,0.90358,0.42582,0.66649,0.42539,0.72343,0.42588,0.69617,0.4274,0.40516],"triangles":[14,15,23,23,18,0,23,17,18,15,16,23,23,16,17,21,22,2,22,11,12,22,1,2,22,12,20,12,13,20,22,20,1,20,23,1,20,13,23,13,14,23,1,23,0,6,7,21,21,7,8,10,19,9,8,9,21,9,19,21,10,11,19,19,11,21,5,6,4,6,21,3,6,3,4,21,2,3,21,11,22],"vertices":[2,2,19.51,-23.27,0.32993,3,1.03,-23.26,0.67006,3,19,-12.86,14.25,0.09766,2,9.93,-14.04,0.71418,3,-8.66,-14.16,0.18814,3,19,-11.39,15.6,0.18163,2,8.47,-15.39,0.71285,3,-10.10999,-15.53,0.1055,3,19,-10.05,16.83,0.24949,2,7.13,-16.62,0.68709,3,-11.44,-16.77,0.0634,2,19,0.48,23.8,0.57327,2,-3.4,-23.59,0.42671,2,19,5.83,23.8,0.60614,2,-8.76,-23.59,0.39385,2,19,7.19,15.37,0.71938,2,-10.12,-15.16,0.28061,2,19,14.52,4.03,0.9989,2,-17.45,-3.82,0.00109,1,19,14.52,-0.3,1,1,19,14.52,-3.6,1,2,19,6.06,-17.1,0.92592,2,-8.99,17.31,0.07407,3,19,-2.84,-14.94,0.63827,2,-0.07,15.15,0.35322,3,-19.07,14.9,0.00849,3,19,-4.71,-14.77,0.51406,2,1.79,14.98,0.46478,3,-17.2,14.76,0.02115,3,19,-6.53,-14.61,0.38116,2,3.6,14.82,0.57546,3,-15.38,14.62,0.04335,3,19,-18.6,-19.14,0.02052,2,15.67,19.35,0.54327,3,-3.37,19.31,0.43619,2,2,31.63,19.35,0.095,3,12.58,19.52,0.90499,2,2,40.98,10.14999,2.9E-4,3,22.04,10.45,0.9997,1,3,22.18,0.44,1,2,2,40.98,-18.48,0.01196,3,22.42,-18.18,0.98803,2,19,8.89,-12.37,0.95277,2,-11.82,12.58,0.04722,1,2,2.03,1.05999,1,1,19,-1.63,-0.87,1,1,2,0.29,1.05999,1,2,2,17.29999,1,0.5,3,-1.5,0.98,0.5],"hull":19}},"MON20058_DL_17":{"MON20058_DL_17":{"x":11.48,"y":1.61,"rotation":93.49,"width":16,"height":37}},"MON20058_DL_18":{"MON20058_DL_18":{"x":4.86,"y":-0.64,"rotation":89.98,"width":14,"height":20}},"MON20058_DL_19":{"MON20058_DL_19":{"x":11.61,"y":1.58,"rotation":99.47,"width":26,"height":46}},"MON20058_DL_2":{"MON20058_DL_2":{"type":"mesh","uvs":[0.69898,0.88659,0.71217,0.81558,0.65394,0.70229,0.59194,0.61605,0.48293,0.54162,0.3607,0.6092,0.26861,0.52802,0.18774,0.59562,0.14635,0.66661,0.08426,0.78663,0,0.65305,0,0.45186,0.10791,0.2061,0.32705,0.06052,0.53576,0.01707,0.73317,0,0.9099,0,0.90984,0.18842,0.9154,0.38285,0.95104,0.56038,1,0.65169,1,0.77004,0.92083,0.86807,0.80611,0.95425,0.67073,1,0.08808,0.64968,0.1088,0.54994,0.20286,0.41472,0.35889,0.44183,0.43229,0.24574,0.62221,0.16465,0.76134,0.13934,0.56944,0.46219,0.66716,0.54845,0.74232,0.66005,0.8325,0.8021,0.79486,0.89,0.78,0.4741,0.83822,0.60091,0.89644,0.73957,0.95853,0.82139,0.88626,0.89404,0.74225,0.81898,0.7174,0.35133,0.82956,0.25638],"triangles":[31,15,16,30,14,15,30,15,31,17,31,16,29,13,14,29,14,30,12,13,29,44,31,17,43,30,31,43,31,44,44,17,18,43,44,18,27,12,29,28,27,29,11,12,27,43,32,29,43,29,30,28,29,32,37,43,18,33,32,43,6,27,28,4,28,32,37,33,43,26,11,27,26,27,6,37,18,19,7,26,6,38,37,19,33,37,38,5,28,4,6,28,5,3,32,33,4,32,3,26,10,11,25,26,7,25,10,26,34,33,38,2,3,33,8,25,7,34,2,33,20,39,38,20,38,19,34,38,39,39,20,21,9,10,25,9,25,8,35,34,39,1,2,34,42,1,34,35,42,34,40,39,21,35,39,40,22,35,40,0,1,42,36,42,35,41,36,35,0,42,36,22,41,35,23,36,41,36,23,24,36,24,0],"vertices":[-1.66,-28.36,8.10999,-30.48,24.19,-23.96,36.53,-16.79,47.51,-3.67,38.86,12.03,50.68,22.99,41.78,33.53,32.16999,39.16999,15.88,47.72,34.75,53.64,62.62,51.12,91.11,35.43,104.02,13.13,110.34,-13.28,112.44,-38.09,113.02,-60.23,94.01,-59.32,66.98,-58.72,42.12,-61.99,29.15,-67.5,12.72,-66.71,-0.41,-56.18,-11.69,-41.28,-17.24,-24.08,34.87,46.34,48.59,43.09,66.8,30.45,62.11,11.14,88.9,0.68,99.02,-23.56,101.71,-41.09999,58.03,-15,45.47,-26.63,29.52,-35.27,9.26,-45.59,-2.71,-40.31,55.12,-41.21,37.16,-47.64,17.56,-53.99,5.83,-61.2,-3.81,-51.69,7.46,-34.21,72.54,-34.21,85.05,-48.84],"hull":25}},"MON20058_DL_20":{"MON20058_DL_20":{"x":6.13,"y":0.97,"rotation":63.83,"width":21,"height":34}},"MON20058_DL_21":{"MON20058_DL_21":{"x":1.91,"y":-0.54,"rotation":67.34,"width":15,"height":20}},"MON20058_DL_22":{"MON20058_DL_22":{"x":11.43,"y":1.35,"rotation":110.62,"width":27,"height":41}},"MON20058_DL_23":{"MON20058_DL_23":{"x":14.05,"y":3.2,"rotation":177.93,"width":47,"height":33}},"MON20058_DL_24":{"MON20058_DL_24":{"x":3.41,"y":-0.01,"rotation":131.56,"width":16,"height":17}},"MON20058_DL_25":{"MON20058_DL_25":{"x":7.95,"y":-1.23,"rotation":125.11,"width":27,"height":31}},"MON20058_DL_26":{"MON20058_DL_26":{"x":10.7,"y":-0.84,"rotation":114.25,"width":24,"height":36}},"MON20058_DL_27":{"MON20058_DL_27":{"x":-16.13,"y":0.57,"rotation":131.56,"width":135,"height":131}},"MON20058_DL_28":{"MON20058_DL_28":{"type":"weightedmesh","uvs":[0.85663,0.24621,0.96113,0.43589,1,0.65788,1,0.7931,0.82198,0.82695,0.59554,1,0.43561,1,0.25765,1,0.2087,1,0,1,0,0.57336,0,0.30493,0,0,0.15631,0,0.37504,0,0.51706,0,0.66234,0,0.4012,0.26448,0.4192,0.51876,0.14493,0.30087,0.15475,0.51883,0.63626,0.27653,0.72281,0.47026,0.78324,0.70233,0.17948,0.73933,0.42736,0.70319,0.56836,0.49493,0.58734,0.7028,0.5338,0.27128,0.88465,0.68153],"triangles":[22,0,1,29,22,1,29,1,2,23,22,29,27,26,22,27,22,23,29,2,3,4,23,29,4,29,3,4,5,27,4,27,23,22,21,0,26,28,21,26,21,22,21,28,15,16,21,15,17,15,28,0,21,16,17,14,15,17,13,14,18,17,28,18,28,26,19,17,18,18,26,27,25,18,27,24,18,25,6,25,27,7,25,6,6,27,5,24,20,18,10,20,24,9,10,24,7,8,24,9,24,8,25,7,24,20,19,18,20,10,11,20,11,19,19,12,13,17,19,13,11,12,19],"vertices":[3,53,30.84,31.85,0.19989,54,4.51,31.83,0.60377,55,-24.76,27.91,0.19631,3,53,54.77,35.39,0.00873,54,28.5,34.88,0.26999,55,-1.67,35.13,0.72126,2,54,49.38,31.22,0.0305,55,19.51,35.21,0.96949,2,54,63.73,22.46,0.00147,55,35.18999,29.11,0.99852,2,49,22.28,53.29,0.04622,55,27.04,5.49,0.95377,2,49,29.22,21.81,0.64125,55,26.25,-26.73,0.35874,3,52,30.68,34.49,0.04389,49,25.69,0.28,0.93983,55,17.68,-46.8,0.01627,2,52,29.2,10.28,0.73891,49,25.29,-23.97,0.26108,2,52,31.11,-4.75,0.90694,49,27.87,-38.91,0.09305,1,52,19.29,-20.46999,1,3,50,45.61,-18.66,0.00443,51,18.91,-20.48,0.35965,52,-6.94,-20.39,0.6359,3,50,17.95,-20.16,0.48301,51,-8.76,-19.43,0.49571,52,-34.41,-16.85,0.02127,1,50,-13.46,-21.86,1,2,50,-14.61,-0.63,0.99867,31,-16.84,-29.79,0.00132,4,50,-16.21999,29.07,0.02957,48,-35.58,-0.71,0,31,-14.02,-0.18,0.9528,53,-21.99,-14.43,0.01761,2,31,-12.19,19.04,0.05174,53,-13.05,2.68,0.94825,3,53,-3.9,20.19,0.98096,54,-30.47,20.89,0.0187,55,-57.27,10.97,3.3E-4,2,48,-8.09,0.64999,0.5,31,13.48,0.77,0.5,2,49,-10.3,1.04999,0.5,48,18.25,1,0.5,2,50,16.45999,-0.5,0.5,51,-8.43,0.27,0.5,2,51,14.08,0.76,0.5,52,-9.83,1.2,0.5,2,53,19.74,3.84,0.5,54,-7.16,4.05,0.5,2,54,16.02,4.75,0.5,55,-8.64999,3.28,0.5,1,55,16.66,3.43,1,1,52,13.16,1.62,1,1,49,8.74,0.57,1,5,49,-11.06,21.47,0.24425,48,17.41,21.42,0.24728,53,35.43999,-14.77,0.00882,54,8.14999,-14.88,0.34023,55,-12.95,-17.43,0.15939,4,49,10.52,22.25,0.54323,48,39,22.28,0.01423,54,28.2,-22.93,0.0218,55,8.2,-21.83,0.42072,5,49,-34.45,18.70999,0.00595,48,-5.96,18.57,0.33874,31,15.88,18.65,0.12751,53,12.81,-8.25,0.35556,54,-14.33,-7.9,0.1722,2,54,41.63,15.81,0.01641,55,14.6,18.67,0.98358],"hull":17}},"MON20058_DL_3":{"MON20058_DL_3":{"type":"weightedmesh","uvs":[0.98611,0.3434,0.98611,0.51168,0.98611,0.66581,0.8456,0.78221,0.61027,0.90648,0.31725,1,0.19709,1,0.01388,0.8814,0.01388,0.74771,0.10538,0.64076,0.21575,0.50706,0.23478,0.34192,0.11904,0,0.37855,0,0.67649,0,0.62883,0.34344,0.62422,0.50858,0.44178,0.65644,0.27371,0.76026,0.19697,0.88609],"triangles":[4,5,19,7,19,6,5,6,19,19,18,4,4,18,3,18,19,8,19,7,8,18,17,3,8,9,18,18,9,17,3,17,2,17,16,2,16,1,2,9,10,17,17,10,16,16,15,1,15,0,1,10,11,16,16,11,15,11,13,15,15,14,0,15,13,14,11,12,13],"vertices":[2,7,26.07,12.99,0.36278,44,-0.27,13.22,0.63721,3,44,18.23,13.43,0.58691,45,-4.67999,12.61,0.40739,46,-22.05,12.63,0.00569,4,44,35.18999,13.63,0.01861,45,10.85,19.39,0.7257,46,-6.48,19.37,0.24242,47,-15.77,23.14,0.01324,3,45,24.61,19.87,0.26936,46,7.27,19.81,0.49812,47,-2.22,20.71999,0.23249,3,45,40.54,17.57,0.01007,46,23.18,17.46999,0.12482,47,12.86,15.13,0.86509,1,47,25.04,6.84,1,1,47,25.9,2.59999,1,1,47,14.42,-6.45,1,2,46,15.68,-9.17,0.5177,47,0.01,-9.37,0.48229,4,44,32.8,-18.1,0.00118,45,21.01,-10.77,0.25485,46,3.57,-10.82,0.74215,47,-12.17,-8.47999,0.0018,4,7,38.57,-17.61,0.00185,44,18.04,-14.3,0.326,45,5.94,-13.01,0.65262,46,-11.49,-13.01,0.0195,3,7,20.85,-13.54,0.57059,44,-0.12,-13.82,0.41723,45,-10.98,-19.65,0.01215,2,7,-16.86,-10.6,1,45,-43.8,-38.50999,0,2,7,-15.12,-1.42,1,45,-47.53,-29.95,0,1,7,-13.11,9.10999,1,2,7,23.67,0.36,0.5,44,-0.12,0.36,0.5,2,44,18.04,0.4,0.5,45,0.21,0.52999,0.5,2,45,17.75,1.01,0.5,46,0.35,0.97,0.5,2,46,13.23,-0.03,0.5,47,-0.49,0.06,0.5,1,47,13.62,0.1,1],"hull":15}},"MON20058_DL_4":{"MON20058_DL_4":{"type":"weightedmesh","uvs":[1,0.37124,0.68383,0.58487,0.46454,0.76071,0.28896,1,0.17378,1,0.06464,0.99476,0,0.77112,0,0.47786,0.17292,0.25018,0.42885,0,0.81685,0,0.99999,0,0.44939,0.33537,0.29529,0.54892,0.25218,0.74531],"triangles":[4,5,6,14,4,6,3,14,2,4,14,3,14,7,13,2,13,1,14,13,2,6,7,14,13,8,12,7,8,13,13,12,1,12,9,10,8,9,12,10,11,0,12,10,0,1,12,0],"vertices":[2,8,11.6,20.65,0.77243,38,-8.84,21.83,0.22756,3,8,31.31,15.62,0.08133,38,10.08,14.37,0.59118,39,-2.15,15.48,0.32747,3,38,26.51,14.94,0.0034,39,13.85,11.72,0.34691,40,1.96,11.74,0.64968,1,40,18.49,7.07,1,1,40,17.56,3,1,1,40,15.31,-2.93,1,2,39,15.98,-6.12,0.56704,40,-1.86,-5.82,0.43295,2,38,14.88,-11.89,0.63633,39,-4.41,-11.12,0.36366,2,8,19.93,-14.27,0.62978,38,-4.94999,-13.86,0.37021,1,8,-1.02,-13.49,1,1,8,-8.85,0.8,1,2,8,-10.62,4.03,0.99999,38,-32.97,8.13,0,2,8,20.18,-0.9,0.5,38,-3.02,-0.62,0.5,2,38,14.84,-0.54,0.5,39,-1.47,-0.16,0.5,2,39,17.03,3.52,0.5,40,2.29,2.95,0.5],"hull":12}},"MON20058_DL_5":{"MON20058_DL_5":{"type":"weightedmesh","uvs":[0.43816,0.1959,0.5655,0.32799,0.79981,0.49942,1,0.60059,1,0.86651,1,1,0.61134,1,0.321,0.70177,0.14272,0.48256,0.07259,0.2957,0,0,0.07168,0,0.158,0,0.26421,0.25591,0.36906,0.39894,0.56921,0.6156],"triangles":[8,13,14,8,9,13,14,0,1,14,13,0,10,11,9,9,11,13,11,12,13,13,12,0,7,14,15,7,8,14,14,1,15,15,1,2,6,4,5,7,15,6,6,15,4,15,2,4,2,3,4],"vertices":[1,37,10.2,-6.47,1,2,36,15.02,-7.46,0.41726,37,1.57,-7.36,0.58273,3,9,13.63,-10.07,0.37163,36,2.76,-9.64999,0.62833,37,-10.46,-10.57,3.0E-5,2,9,4.98,-10.87,0.91396,36,-5.36,-12.71,0.08603,1,9,-6.43,-0.5,1,1,9,-12.16,4.69999,1,1,9,-3.79,13.91,1,2,9,15.25,9.14999,0.51146,36,-0.77,9.31,0.48854,2,36,13.14,8.64999,0.71813,37,-1.64,8.54,0.28186,2,36,23.82,5.75,0.00374,37,9.24,6.54,0.99625,1,37,26.01,2.24,1,1,37,25.14,0.12,1,1,37,24.1,-2.43,1,1,37,9.07,0,1,2,36,14.19,0,0.5,37,0.12,0,0.5,2,9,13.6,-0.08,0.5,36,0.09,-0.02,0.5],"hull":13}},"MON20058_DL_6":{"MON20058_DL_6":{"x":0.47,"y":-0.95,"rotation":-175.76,"width":28,"height":18}},"MON20058_DL_7":{"MON20058_DL_7":{"x":6.59,"y":-3.03,"rotation":-179.98,"width":58,"height":27}},"MON20058_DL_8":{"MON20058_DL_8":{"x":38.2,"y":2.21,"rotation":-92.1,"width":78,"height":90}},"MON20058_DL_9":{"MON20058_DL_9":{"type":"weightedmesh","uvs":[0.72722,0.33688,0.82097,0.51522,1,0.69694,1,0.83305,0.70422,0.99444,0.48353,0.99444,0.31153,0.86185,0,0.69865,0,0.52585,0,0.33385,0,0.00555,0.40822,0.00555,0.80847,0.00555,0.30421,0.34169,0.32821,0.52302,0.56822,0.70436,0.6338,0.84425],"triangles":[16,15,2,3,16,2,6,7,15,6,15,16,5,6,16,4,16,3,5,16,4,7,8,14,15,14,1,7,14,15,15,1,2,14,13,0,14,0,1,8,9,13,8,13,14,13,9,10,0,11,12,11,13,10,13,11,0],"vertices":[3,12,19.96999,10.22,0.49415,41,0.06,10.3,0.50449,42,-12.92,14.44,0.00133,3,41,16.18,11.94,0.41485,42,2.98,11.36,0.58512,43,-15.36,9.29,2.0E-5,2,42,19.84,10.10999,0.34132,43,1.5,10.45,0.65867,1,43,13.54,8.14999,1,1,43,26.48,-1.53,1,1,43,25.49,-6.73,1,2,42,28.51,-10.33,0.00818,43,12.99,-8.55,0.99181,2,42,12.19,-12.63,0.77262,43,-2.83,-13.15,0.22737,2,41,16.39,-7.77,0.60012,42,-2.51,-7.58,0.39987,2,12,21.42,-7.17,0.54026,41,-0.87,-7.12,0.45972,1,12,-7.98,-10.08,1,1,12,-8.93999,-0.33,1,1,12,-9.89,9.22,1,2,12,21.4,0.16,0.5,41,0.11,0.14,0.5,2,41,16.44,0.1,0.5,42,-0.19,-0.05,0.5,2,42,17.11,0.09,0.5,43,0.22,0.14,0.5,1,43,12.88,-0.66,1],"hull":13}},"fx_gong":{"weaponom_00000":{"scaleX":2,"scaleY":2,"rotation":126.83,"width":100,"height":100}},"shadow":{"shadow":{"x":-2.75,"y":1.35,"scaleX":1.8,"scaleY":1.8,"width":85,"height":42}}}},"animations":{"wait_DL":{"slots":{"MON20058_DL_7":{"attachment":[{"time":0,"name":null},{"time":1.8,"name":"MON20058_DL_7"},{"time":1.9333,"name":null},{"time":2,"name":null}]},"fx_gong":{"attachment":[{"time":0,"name":"weaponom_00000"},{"time":2,"name":"weaponom_00000"}],"color":[{"time":0,"color":"ffffffff"},{"time":0.5,"color":"ffffff00"},{"time":1,"color":"ffffffff"},{"time":1.5,"color":"ffffff00"},{"time":2,"color":"ffffffff"}]}},"bones":{"bone":{"rotate":[{"time":0,"angle":0,"curve":"stepped"},{"time":0.5,"angle":0,"curve":"stepped"},{"time":1,"angle":0,"curve":"stepped"},{"time":1.5,"angle":0,"curve":"stepped"},{"time":2,"angle":0}],"translate":[{"time":0,"x":0,"y":0},{"time":0.5,"x":0,"y":-2.62},{"time":1,"x":0,"y":0},{"time":1.5,"x":0,"y":-2.62},{"time":2,"x":0,"y":0}],"scale":[{"time":0,"x":1,"y":1},{"time":0.5,"x":1.015,"y":0.962},{"time":1,"x":1,"y":1},{"time":1.5,"x":1.015,"y":0.962},{"time":2,"x":1,"y":1}]},"MON20058_DL_16":{"rotate":[{"time":0,"angle":0,"curve":"stepped"},{"time":0.5,"angle":0,"curve":"stepped"},{"time":1,"angle":0,"curve":"stepped"},{"time":1.5,"angle":0,"curve":"stepped"},{"time":2,"angle":0}],"translate":[{"time":0,"x":0,"y":0},{"time":0.5,"x":0,"y":-5.55},{"time":1,"x":0,"y":0},{"time":1.5,"x":0,"y":-5.55},{"time":2,"x":0,"y":0}],"scale":[{"time":0,"x":1,"y":1,"curve":"stepped"},{"time":0.5,"x":1,"y":1,"curve":"stepped"},{"time":1,"x":1,"y":1,"curve":"stepped"},{"time":1.5,"x":1,"y":1,"curve":"stepped"},{"time":2,"x":1,"y":1}]},"bone2":{"rotate":[{"time":0,"angle":0,"curve":"stepped"},{"time":0.5,"angle":0,"curve":"stepped"},{"time":1,"angle":0,"curve":"stepped"},{"time":1.5,"angle":0,"curve":"stepped"},{"time":2,"angle":0}],"translate":[{"time":0,"x":0,"y":0,"curve":"stepped"},{"time":0.5,"x":0,"y":0,"curve":"stepped"},{"time":1,"x":0,"y":0,"curve":"stepped"},{"time":1.5,"x":0,"y":0,"curve":"stepped"},{"time":2,"x":0,"y":0}],"scale":[{"time":0,"x":1,"y":1,"curve":"stepped"},{"time":0.5,"x":1,"y":1,"curve":"stepped"},{"time":1,"x":1,"y":1,"curve":"stepped"},{"time":1.5,"x":1,"y":1,"curve":"stepped"},{"time":2,"x":1,"y":1}]},"bone3":{"rotate":[{"time":0,"angle":0,"curve":"stepped"},{"time":0.5,"angle":0,"curve":"stepped"},{"time":1,"angle":0,"curve":"stepped"},{"time":1.5,"angle":0,"curve":"stepped"},{"time":2,"angle":0}],"translate":[{"time":0,"x":0,"y":0},{"time":0.5,"x":0,"y":-2.43},{"time":1,"x":0,"y":0},{"time":1.5,"x":0,"y":-2.43},{"time":2,"x":0,"y":0}],"scale":[{"time":0,"x":1,"y":1,"curve":"stepped"},{"time":0.5,"x":1,"y":1,"curve":"stepped"},{"time":1,"x":1,"y":1,"curve":"stepped"},{"time":1.5,"x":1,"y":1,"curve":"stepped"},{"time":2,"x":1,"y":1}]},"MON20058_DL_22":{"rotate":[{"time":0,"angle":0},{"time":0.5,"angle":-3.94},{"time":1,"angle":0},{"time":1.5,"angle":-3.94},{"time":2,"angle":0}],"translate":[{"time":0,"x":0,"y":0,"curve":"stepped"},{"time":0.5,"x":0,"y":0,"curve":"stepped"},{"time":1,"x":0,"y":0,"curve":"stepped"},{"time":1.5,"x":0,"y":0,"curve":"stepped"},{"time":2,"x":0,"y":0}],"scale":[{"time":0,"x":1,"y":1,"curve":"stepped"},{"time":0.5,"x":1,"y":1,"curve":"stepped"},{"time":1,"x":1,"y":1,"curve":"stepped"},{"time":1.5,"x":1,"y":1,"curve":"stepped"},{"time":2,"x":1,"y":1}]},"MON20058_DL_20":{"rotate":[{"time":0,"angle":0},{"time":0.5,"angle":6.22},{"time":1,"angle":0},{"time":1.5,"angle":6.22},{"time":2,"angle":0}],"translate":[{"time":0,"x":0,"y":0,"curve":"stepped"},{"time":0.5,"x":0,"y":0,"curve":"stepped"},{"time":1,"x":0,"y":0,"curve":"stepped"},{"time":1.5,"x":0,"y":0,"curve":"stepped"},{"time":2,"x":0,"y":0}],"scale":[{"time":0,"x":1,"y":1,"curve":"stepped"},{"time":0.5,"x":1,"y":1,"curve":"stepped"},{"time":1,"x":1,"y":1,"curve":"stepped"},{"time":1.5,"x":1,"y":1,"curve":"stepped"},{"time":2,"x":1,"y":1}]},"MON20058_DL_21":{"rotate":[{"time":0,"angle":0},{"time":0.5,"angle":1.05},{"time":1,"angle":0},{"time":1.5,"angle":1.05},{"time":2,"angle":0}],"translate":[{"time":0,"x":0,"y":0,"curve":"stepped"},{"time":0.5,"x":0,"y":0,"curve":"stepped"},{"time":1,"x":0,"y":0,"curve":"stepped"},{"time":1.5,"x":0,"y":0,"curve":"stepped"},{"time":2,"x":0,"y":0}],"scale":[{"time":0,"x":1,"y":1,"curve":"stepped"},{"time":0.5,"x":1,"y":1,"curve":"stepped"},{"time":1,"x":1,"y":1,"curve":"stepped"},{"time":1.5,"x":1,"y":1,"curve":"stepped"},{"time":2,"x":1,"y":1}]},"MON20058_DL_19":{"rotate":[{"time":0,"angle":0},{"time":0.5,"angle":-2.81},{"time":1,"angle":0},{"time":1.5,"angle":-2.81},{"time":2,"angle":0}],"translate":[{"time":0,"x":0,"y":0},{"time":0.5,"x":2.4,"y":0},{"time":1,"x":0,"y":0},{"time":1.5,"x":2.4,"y":0},{"time":2,"x":0,"y":0}],"scale":[{"time":0,"x":1,"y":1,"curve":"stepped"},{"time":0.5,"x":1,"y":1,"curve":"stepped"},{"time":1,"x":1,"y":1,"curve":"stepped"},{"time":1.5,"x":1,"y":1,"curve":"stepped"},{"time":2,"x":1,"y":1}]},"MON20058_DL_17":{"rotate":[{"time":0,"angle":0},{"time":0.5,"angle":7.61},{"time":1,"angle":0},{"time":1.5,"angle":7.61},{"time":2,"angle":0}],"translate":[{"time":0,"x":0,"y":0},{"time":0.5,"x":-4.38,"y":-0.93},{"time":1,"x":0,"y":0},{"time":1.5,"x":-4.38,"y":-0.93},{"time":2,"x":0,"y":0}],"scale":[{"time":0,"x":1,"y":1,"curve":"stepped"},{"time":0.5,"x":1,"y":1,"curve":"stepped"},{"time":1,"x":1,"y":1,"curve":"stepped"},{"time":1.5,"x":1,"y":1,"curve":"stepped"},{"time":2,"x":1,"y":1}]},"MON20058_DL_18":{"rotate":[{"time":0,"angle":0},{"time":0.5,"angle":-8.14},{"time":1,"angle":0},{"time":1.5,"angle":-8.14},{"time":2,"angle":0}],"translate":[{"time":0,"x":0,"y":0,"curve":"stepped"},{"time":0.5,"x":0,"y":0,"curve":"stepped"},{"time":1,"x":0,"y":0,"curve":"stepped"},{"time":1.5,"x":0,"y":0,"curve":"stepped"},{"time":2,"x":0,"y":0}],"scale":[{"time":0,"x":1,"y":1,"curve":"stepped"},{"time":0.5,"x":1,"y":1,"curve":"stepped"},{"time":1,"x":1,"y":1,"curve":"stepped"},{"time":1.5,"x":1,"y":1,"curve":"stepped"},{"time":2,"x":1,"y":1}]},"MON20058_DL_15":{"rotate":[{"time":0,"angle":0,"curve":"stepped"},{"time":0.3333,"angle":0,"curve":"stepped"},{"time":0.6666,"angle":0,"curve":"stepped"},{"time":1,"angle":0,"curve":"stepped"},{"time":1.3333,"angle":0,"curve":"stepped"},{"time":1.6666,"angle":0,"curve":"stepped"},{"time":2,"angle":0}],"translate":[{"time":0,"x":0,"y":0},{"time":0.3333,"x":0.9,"y":0.34},{"time":0.6666,"x":-1.91,"y":-0.68},{"time":1,"x":0,"y":0},{"time":1.3333,"x":0.9,"y":0.34},{"time":1.6666,"x":-1.91,"y":-0.68},{"time":2,"x":0,"y":0}],"scale":[{"time":0,"x":1,"y":1},{"time":0.3333,"x":1.147,"y":0.949},{"time":0.6666,"x":0.889,"y":1.086},{"time":1,"x":1,"y":1},{"time":1.3333,"x":1.147,"y":0.949},{"time":1.6666,"x":0.889,"y":1.086},{"time":2,"x":1,"y":1}]},"MON20058_DL_14":{"rotate":[{"time":0,"angle":0,"curve":"stepped"},{"time":0.3333,"angle":0,"curve":"stepped"},{"time":0.6666,"angle":0,"curve":"stepped"},{"time":1,"angle":0,"curve":"stepped"},{"time":1.3333,"angle":0,"curve":"stepped"},{"time":1.6666,"angle":0,"curve":"stepped"},{"time":2,"angle":0}],"translate":[{"time":0,"x":0,"y":0},{"time":0.3333,"x":0.94,"y":-2.95},{"time":0.6666,"x":-1.94,"y":0.96},{"time":1,"x":0,"y":0},{"time":1.3333,"x":0.94,"y":-2.95},{"time":1.6666,"x":-1.94,"y":0.96},{"time":2,"x":0,"y":0}],"scale":[{"time":0,"x":1,"y":1},{"time":0.3333,"x":1.147,"y":0.949},{"time":0.6666,"x":0.889,"y":1.086},{"time":1,"x":1,"y":1},{"time":1.3333,"x":1.147,"y":0.949},{"time":1.6666,"x":0.889,"y":1.086},{"time":2,"x":1,"y":1}]},"MON20058_DL_13":{"rotate":[{"time":0,"angle":0},{"time":0.1666,"angle":4.75},{"time":0.5,"angle":-3.96},{"time":0.6666,"angle":-4.85},{"time":1,"angle":0},{"time":1.1666,"angle":4.75},{"time":1.5,"angle":-3.96},{"time":1.6666,"angle":-4.85},{"time":2,"angle":0}],"translate":[{"time":0,"x":0,"y":0},{"time":0.5,"x":-5.54,"y":-0.07},{"time":1,"x":0,"y":0},{"time":1.5,"x":-5.54,"y":-0.07},{"time":2,"x":0,"y":0}],"scale":[{"time":0,"x":1,"y":1,"curve":"stepped"},{"time":0.5,"x":1,"y":1,"curve":"stepped"},{"time":1,"x":1,"y":1,"curve":"stepped"},{"time":1.5,"x":1,"y":1,"curve":"stepped"},{"time":2,"x":1,"y":1}]},"MON20058_DL_12":{"rotate":[{"time":0,"angle":0},{"time":0.1666,"angle":7.22},{"time":0.5,"angle":-3.89},{"time":0.6666,"angle":-7.7},{"time":1,"angle":0},{"time":1.1666,"angle":7.22},{"time":1.5,"angle":-3.89},{"time":1.6666,"angle":-7.7},{"time":2,"angle":0}],"translate":[{"time":0,"x":0,"y":0,"curve":"stepped"},{"time":0.5,"x":0,"y":0,"curve":"stepped"},{"time":1,"x":0,"y":0,"curve":"stepped"},{"time":1.5,"x":0,"y":0,"curve":"stepped"},{"time":2,"x":0,"y":0}],"scale":[{"time":0,"x":1,"y":1,"curve":"stepped"},{"time":0.5,"x":1,"y":1,"curve":"stepped"},{"time":1,"x":1,"y":1,"curve":"stepped"},{"time":1.5,"x":1,"y":1,"curve":"stepped"},{"time":2,"x":1,"y":1}]},"MON20058_DL_11":{"rotate":[{"time":0,"angle":0},{"time":0.1666,"angle":2.48},{"time":0.5,"angle":-9.19},{"time":0.6666,"angle":-12.11},{"time":1,"angle":0},{"time":1.1666,"angle":2.48},{"time":1.5,"angle":-9.19},{"time":1.6666,"angle":-12.11},{"time":2,"angle":0}],"translate":[{"time":0,"x":0,"y":0,"curve":"stepped"},{"time":0.5,"x":0,"y":0,"curve":"stepped"},{"time":1,"x":0,"y":0,"curve":"stepped"},{"time":1.5,"x":0,"y":0,"curve":"stepped"},{"time":2,"x":0,"y":0}],"scale":[{"time":0,"x":1,"y":1,"curve":"stepped"},{"time":0.5,"x":1,"y":1,"curve":"stepped"},{"time":1,"x":1,"y":1,"curve":"stepped"},{"time":1.5,"x":1,"y":1,"curve":"stepped"},{"time":2,"x":1,"y":1}]},"MON20058_DL_26":{"rotate":[{"time":0,"angle":0},{"time":0.1666,"angle":-4.85},{"time":0.5,"angle":2.81},{"time":0.6666,"angle":5.53},{"time":1,"angle":0},{"time":1.1666,"angle":-4.85},{"time":1.5,"angle":2.81},{"time":1.6666,"angle":5.53},{"time":2,"angle":0}],"translate":[{"time":0,"x":0,"y":0},{"time":0.5,"x":-5.54,"y":-0.07},{"time":1,"x":0,"y":0},{"time":1.5,"x":-5.54,"y":-0.07},{"time":2,"x":0,"y":0}],"scale":[{"time":0,"x":1,"y":1,"curve":"stepped"},{"time":0.5,"x":1,"y":1,"curve":"stepped"},{"time":1,"x":1,"y":1,"curve":"stepped"},{"time":1.5,"x":1,"y":1,"curve":"stepped"},{"time":2,"x":1,"y":1}]},"MON20058_DL_25":{"rotate":[{"time":0,"angle":0},{"time":0.1666,"angle":-4.02},{"time":0.5,"angle":5.32},{"time":0.6666,"angle":7.84},{"time":1,"angle":0},{"time":1.1666,"angle":-4.02},{"time":1.5,"angle":5.32},{"time":1.6666,"angle":7.84},{"time":2,"angle":0}],"translate":[{"time":0,"x":0,"y":0,"curve":"stepped"},{"time":0.5,"x":0,"y":0,"curve":"stepped"},{"time":1,"x":0,"y":0,"curve":"stepped"},{"time":1.5,"x":0,"y":0,"curve":"stepped"},{"time":2,"x":0,"y":0}],"scale":[{"time":0,"x":1,"y":1,"curve":"stepped"},{"time":0.5,"x":1,"y":1,"curve":"stepped"},{"time":1,"x":1,"y":1,"curve":"stepped"},{"time":1.5,"x":1,"y":1,"curve":"stepped"},{"time":2,"x":1,"y":1}]},"MON20058_DL_24":{"rotate":[{"time":0,"angle":0},{"time":0.1666,"angle":-2.2},{"time":0.5,"angle":2.39},{"time":0.6666,"angle":2.5},{"time":1,"angle":0},{"time":1.1666,"angle":-2.2},{"time":1.5,"angle":2.39},{"time":1.6666,"angle":2.5},{"time":2,"angle":0}],"translate":[{"time":0,"x":0,"y":0,"curve":"stepped"},{"time":0.5,"x":0,"y":0,"curve":"stepped"},{"time":1,"x":0,"y":0,"curve":"stepped"},{"time":1.5,"x":0,"y":0,"curve":"stepped"},{"time":2,"x":0,"y":0}],"scale":[{"time":0,"x":1,"y":1,"curve":"stepped"},{"time":0.5,"x":1,"y":1,"curve":"stepped"},{"time":1,"x":1,"y":1,"curve":"stepped"},{"time":1.5,"x":1,"y":1,"curve":"stepped"},{"time":2,"x":1,"y":1}]},"MON20058_DL_10":{"rotate":[{"time":0,"angle":0},{"time":0.1666,"angle":7.08},{"time":0.5,"angle":1.22},{"time":0.6666,"angle":-1.51},{"time":1,"angle":0},{"time":1.1666,"angle":7.08},{"time":1.5,"angle":1.22},{"time":1.6666,"angle":-1.51},{"time":2,"angle":0}],"translate":[{"time":0,"x":0,"y":0},{"time":0.5,"x":-2.89,"y":-0.03},{"time":1,"x":0,"y":0},{"time":1.5,"x":-2.89,"y":-0.03},{"time":2,"x":0,"y":0}],"scale":[{"time":0,"x":1,"y":1,"curve":"stepped"},{"time":0.5,"x":1,"y":1,"curve":"stepped"},{"time":1,"x":1,"y":1,"curve":"stepped"},{"time":1.5,"x":1,"y":1,"curve":"stepped"},{"time":2,"x":1,"y":1}]},"bone4":{"rotate":[{"time":0,"angle":0},{"time":0.1666,"angle":-16.54},{"time":0.5,"angle":9.28},{"time":0.8,"angle":-6.58},{"time":1,"angle":0},{"time":1.1666,"angle":-16.54},{"time":1.5,"angle":9.28},{"time":1.8,"angle":-6.58},{"time":2,"angle":0}],"translate":[{"time":0,"x":0,"y":0},{"time":0.1666,"x":-0.58,"y":1.33},{"time":0.5,"x":0,"y":0},{"time":0.6666,"x":0.06,"y":-2.13},{"time":1,"x":0,"y":0},{"time":1.1666,"x":-0.58,"y":1.33},{"time":1.5,"x":0,"y":0},{"time":1.6666,"x":0.06,"y":-2.13},{"time":2,"x":0,"y":0}],"scale":[{"time":0,"x":1,"y":1,"curve":"stepped"},{"time":0.5,"x":1,"y":1,"curve":"stepped"},{"time":1,"x":1,"y":1,"curve":"stepped"},{"time":1.5,"x":1,"y":1,"curve":"stepped"},{"time":2,"x":1,"y":1}]},"MON20058_DL_23":{"rotate":[{"time":0,"angle":0},{"time":0.1666,"angle":-4.61},{"time":0.5,"angle":3.65},{"time":0.6666,"angle":4.7},{"time":1,"angle":0},{"time":1.1666,"angle":-4.61},{"time":1.5,"angle":3.65},{"time":1.6666,"angle":4.7},{"time":2,"angle":0}],"translate":[{"time":0,"x":0,"y":0},{"time":0.5,"x":-2.89,"y":-0.03},{"time":1,"x":0,"y":0},{"time":1.5,"x":-2.89,"y":-0.03},{"time":2,"x":0,"y":0}],"scale":[{"time":0,"x":1,"y":1,"curve":"stepped"},{"time":0.5,"x":1,"y":1,"curve":"stepped"},{"time":1,"x":1,"y":1,"curve":"stepped"},{"time":1.5,"x":1,"y":1,"curve":"stepped"},{"time":2,"x":1,"y":1}]},"bone5":{"rotate":[{"time":0,"angle":0},{"time":0.1666,"angle":8.97},{"time":0.5,"angle":-5.59},{"time":0.6666,"angle":9.93},{"time":1,"angle":0},{"time":1.1666,"angle":8.97},{"time":1.5,"angle":-5.59},{"time":1.6666,"angle":9.93},{"time":2,"angle":0}],"translate":[{"time":0,"x":0,"y":0,"curve":"stepped"},{"time":0.5,"x":0,"y":0,"curve":"stepped"},{"time":1,"x":0,"y":0,"curve":"stepped"},{"time":1.5,"x":0,"y":0,"curve":"stepped"},{"time":2,"x":0,"y":0}],"scale":[{"time":0,"x":1,"y":1,"curve":"stepped"},{"time":0.5,"x":1,"y":1,"curve":"stepped"},{"time":1,"x":1,"y":1,"curve":"stepped"},{"time":1.5,"x":1,"y":1,"curve":"stepped"},{"time":2,"x":1,"y":1}]},"MON20058_DL_8":{"rotate":[{"time":0,"angle":0,"curve":"stepped"},{"time":0.5,"angle":0,"curve":"stepped"},{"time":1,"angle":0,"curve":"stepped"},{"time":1.5,"angle":0,"curve":"stepped"},{"time":2,"angle":0}],"translate":[{"time":0,"x":0,"y":0},{"time":0.5,"x":-3.34,"y":-0.04},{"time":1,"x":0,"y":0},{"time":1.5,"x":-3.34,"y":-0.04},{"time":2,"x":0,"y":0}],"scale":[{"time":0,"x":1,"y":1,"curve":"stepped"},{"time":0.5,"x":1,"y":1,"curve":"stepped"},{"time":1,"x":1,"y":1,"curve":"stepped"},{"time":1.5,"x":1,"y":1,"curve":"stepped"},{"time":2,"x":1,"y":1}]},"MON20058_DL_7":{"rotate":[{"time":0,"angle":0,"curve":"stepped"},{"time":0.5,"angle":0,"curve":"stepped"},{"time":1,"angle":0,"curve":"stepped"},{"time":1.5,"angle":0,"curve":"stepped"},{"time":2,"angle":0}],"translate":[{"time":0,"x":0,"y":0,"curve":"stepped"},{"time":0.5,"x":0,"y":0,"curve":"stepped"},{"time":1,"x":0,"y":0,"curve":"stepped"},{"time":1.5,"x":0,"y":0,"curve":"stepped"},{"time":2,"x":0,"y":0}],"scale":[{"time":0,"x":1,"y":1,"curve":"stepped"},{"time":0.5,"x":1,"y":1,"curve":"stepped"},{"time":1,"x":1,"y":1,"curve":"stepped"},{"time":1.5,"x":1,"y":1,"curve":"stepped"},{"time":2,"x":1,"y":1}]},"MON20058_DL_6":{"rotate":[{"time":0,"angle":0,"curve":"stepped"},{"time":0.5,"angle":0,"curve":"stepped"},{"time":1,"angle":0,"curve":"stepped"},{"time":1.5,"angle":0,"curve":"stepped"},{"time":2,"angle":0}],"translate":[{"time":0,"x":0,"y":0,"curve":"stepped"},{"time":0.5,"x":0,"y":0,"curve":"stepped"},{"time":1,"x":0,"y":0,"curve":"stepped"},{"time":1.5,"x":0,"y":0,"curve":"stepped"},{"time":2,"x":0,"y":0}],"scale":[{"time":0,"x":1,"y":1,"curve":"stepped"},{"time":0.5,"x":1,"y":1,"curve":"stepped"},{"time":1,"x":1,"y":1,"curve":"stepped"},{"time":1.5,"x":1,"y":1,"curve":"stepped"},{"time":2,"x":1,"y":1}]},"MON20058_DL_2":{"rotate":[{"time":0,"angle":0,"curve":"stepped"},{"time":0.5,"angle":0,"curve":"stepped"},{"time":1,"angle":0,"curve":"stepped"},{"time":1.5,"angle":0,"curve":"stepped"},{"time":2,"angle":0}],"translate":[{"time":0,"x":0,"y":0,"curve":"stepped"},{"time":0.5,"x":0,"y":0,"curve":"stepped"},{"time":1,"x":0,"y":0,"curve":"stepped"},{"time":1.5,"x":0,"y":0,"curve":"stepped"},{"time":2,"x":0,"y":0}],"scale":[{"time":0,"x":1,"y":1,"curve":"stepped"},{"time":0.5,"x":1,"y":1,"curve":"stepped"},{"time":1,"x":1,"y":1,"curve":"stepped"},{"time":1.5,"x":1,"y":1,"curve":"stepped"},{"time":2,"x":1,"y":1}]},"MON20058_DL_1":{"rotate":[{"time":0,"angle":0},{"time":0.3333,"angle":2.53},{"time":0.6666,"angle":-3.14},{"time":1,"angle":0},{"time":1.3333,"angle":2.53},{"time":1.6666,"angle":-3.14},{"time":2,"angle":0}],"translate":[{"time":0,"x":0,"y":0,"curve":"stepped"},{"time":0.3333,"x":0,"y":0,"curve":"stepped"},{"time":0.6666,"x":0,"y":0,"curve":"stepped"},{"time":1,"x":0,"y":0,"curve":"stepped"},{"time":1.3333,"x":0,"y":0,"curve":"stepped"},{"time":1.6666,"x":0,"y":0,"curve":"stepped"},{"time":2,"x":0,"y":0}],"scale":[{"time":0,"x":1,"y":1,"curve":"stepped"},{"time":0.3333,"x":1,"y":1,"curve":"stepped"},{"time":0.6666,"x":1,"y":1,"curve":"stepped"},{"time":1,"x":1,"y":1,"curve":"stepped"},{"time":1.3333,"x":1,"y":1,"curve":"stepped"},{"time":1.6666,"x":1,"y":1,"curve":"stepped"},{"time":2,"x":1,"y":1}]},"MON20058_DL_5":{"rotate":[{"time":0,"angle":0},{"time":0.3333,"angle":-3.77},{"time":0.6666,"angle":3.65},{"time":1,"angle":0},{"time":1.3333,"angle":-3.77},{"time":1.6666,"angle":3.65},{"time":2,"angle":0}],"translate":[{"time":0,"x":0,"y":0,"curve":"stepped"},{"time":0.3333,"x":0,"y":0,"curve":"stepped"},{"time":0.6666,"x":0,"y":0,"curve":"stepped"},{"time":1,"x":0,"y":0,"curve":"stepped"},{"time":1.3333,"x":0,"y":0,"curve":"stepped"},{"time":1.6666,"x":0,"y":0,"curve":"stepped"},{"time":2,"x":0,"y":0}],"scale":[{"time":0,"x":1,"y":1,"curve":"stepped"},{"time":0.3333,"x":1,"y":1,"curve":"stepped"},{"time":0.6666,"x":1,"y":1,"curve":"stepped"},{"time":1,"x":1,"y":1,"curve":"stepped"},{"time":1.3333,"x":1,"y":1,"curve":"stepped"},{"time":1.6666,"x":1,"y":1,"curve":"stepped"},{"time":2,"x":1,"y":1}]},"bone13":{"rotate":[{"time":0,"angle":0},{"time":0.3333,"angle":-5.88},{"time":0.6666,"angle":5.2},{"time":1,"angle":0},{"time":1.3333,"angle":-5.88},{"time":1.6666,"angle":5.2},{"time":2,"angle":0}],"translate":[{"time":0,"x":0,"y":0,"curve":"stepped"},{"time":0.3333,"x":0,"y":0,"curve":"stepped"},{"time":0.6666,"x":0,"y":0,"curve":"stepped"},{"time":1,"x":0,"y":0,"curve":"stepped"},{"time":1.3333,"x":0,"y":0,"curve":"stepped"},{"time":1.6666,"x":0,"y":0,"curve":"stepped"},{"time":2,"x":0,"y":0}],"scale":[{"time":0,"x":1,"y":1,"curve":"stepped"},{"time":0.3333,"x":1,"y":1,"curve":"stepped"},{"time":0.6666,"x":1,"y":1,"curve":"stepped"},{"time":1,"x":1,"y":1,"curve":"stepped"},{"time":1.3333,"x":1,"y":1,"curve":"stepped"},{"time":1.6666,"x":1,"y":1,"curve":"stepped"},{"time":2,"x":1,"y":1}]},"bone14":{"rotate":[{"time":0,"angle":0},{"time":0.3333,"angle":-6.03},{"time":0.6666,"angle":18.1},{"time":1,"angle":0},{"time":1.3333,"angle":-6.03},{"time":1.6666,"angle":18.1},{"time":2,"angle":0}],"translate":[{"time":0,"x":0,"y":0,"curve":"stepped"},{"time":0.3333,"x":0,"y":0,"curve":"stepped"},{"time":0.6666,"x":0,"y":0,"curve":"stepped"},{"time":1,"x":0,"y":0,"curve":"stepped"},{"time":1.3333,"x":0,"y":0,"curve":"stepped"},{"time":1.6666,"x":0,"y":0,"curve":"stepped"},{"time":2,"x":0,"y":0}],"scale":[{"time":0,"x":1,"y":1,"curve":"stepped"},{"time":0.3333,"x":1,"y":1,"curve":"stepped"},{"time":0.6666,"x":1,"y":1,"curve":"stepped"},{"time":1,"x":1,"y":1,"curve":"stepped"},{"time":1.3333,"x":1,"y":1,"curve":"stepped"},{"time":1.6666,"x":1,"y":1,"curve":"stepped"},{"time":2,"x":1,"y":1}]},"MON20058_DL_4":{"rotate":[{"time":0,"angle":0},{"time":0.3333,"angle":-3.02},{"time":0.6666,"angle":6.01},{"time":1,"angle":0},{"time":1.3333,"angle":-3.02},{"time":1.6666,"angle":6.01},{"time":2,"angle":0}],"translate":[{"time":0,"x":0,"y":0,"curve":"stepped"},{"time":0.3333,"x":0,"y":0,"curve":"stepped"},{"time":0.6666,"x":0,"y":0,"curve":"stepped"},{"time":1,"x":0,"y":0,"curve":"stepped"},{"time":1.3333,"x":0,"y":0,"curve":"stepped"},{"time":1.6666,"x":0,"y":0,"curve":"stepped"},{"time":2,"x":0,"y":0}],"scale":[{"time":0,"x":1,"y":1,"curve":"stepped"},{"time":0.3333,"x":1,"y":1,"curve":"stepped"},{"time":0.6666,"x":1,"y":1,"curve":"stepped"},{"time":1,"x":1,"y":1,"curve":"stepped"},{"time":1.3333,"x":1,"y":1,"curve":"stepped"},{"time":1.6666,"x":1,"y":1,"curve":"stepped"},{"time":2,"x":1,"y":1}]},"bone15":{"rotate":[{"time":0,"angle":0},{"time":0.3333,"angle":-7.42},{"time":0.6666,"angle":3.02},{"time":1,"angle":0},{"time":1.3333,"angle":-7.42},{"time":1.6666,"angle":3.02},{"time":2,"angle":0}],"translate":[{"time":0,"x":0,"y":0,"curve":"stepped"},{"time":0.3333,"x":0,"y":0,"curve":"stepped"},{"time":0.6666,"x":0,"y":0,"curve":"stepped"},{"time":1,"x":0,"y":0,"curve":"stepped"},{"time":1.3333,"x":0,"y":0,"curve":"stepped"},{"time":1.6666,"x":0,"y":0,"curve":"stepped"},{"time":2,"x":0,"y":0}],"scale":[{"time":0,"x":1,"y":1,"curve":"stepped"},{"time":0.3333,"x":1,"y":1,"curve":"stepped"},{"time":0.6666,"x":1,"y":1,"curve":"stepped"},{"time":1,"x":1,"y":1,"curve":"stepped"},{"time":1.3333,"x":1,"y":1,"curve":"stepped"},{"time":1.6666,"x":1,"y":1,"curve":"stepped"},{"time":2,"x":1,"y":1}]},"bone16":{"rotate":[{"time":0,"angle":0},{"time":0.3333,"angle":-5.93},{"time":0.6666,"angle":3.61},{"time":1,"angle":0},{"time":1.3333,"angle":-5.93},{"time":1.6666,"angle":3.61},{"time":2,"angle":0}],"translate":[{"time":0,"x":0,"y":0,"curve":"stepped"},{"time":0.3333,"x":0,"y":0,"curve":"stepped"},{"time":0.6666,"x":0,"y":0,"curve":"stepped"},{"time":1,"x":0,"y":0,"curve":"stepped"},{"time":1.3333,"x":0,"y":0,"curve":"stepped"},{"time":1.6666,"x":0,"y":0,"curve":"stepped"},{"time":2,"x":0,"y":0}],"scale":[{"time":0,"x":1,"y":1,"curve":"stepped"},{"time":0.3333,"x":1,"y":1,"curve":"stepped"},{"time":0.6666,"x":1,"y":1,"curve":"stepped"},{"time":1,"x":1,"y":1,"curve":"stepped"},{"time":1.3333,"x":1,"y":1,"curve":"stepped"},{"time":1.6666,"x":1,"y":1,"curve":"stepped"},{"time":2,"x":1,"y":1}]},"bone17":{"rotate":[{"time":0,"angle":0},{"time":0.3333,"angle":4.61},{"time":0.6666,"angle":-34.4},{"time":1,"angle":0},{"time":1.3333,"angle":4.61},{"time":1.6666,"angle":-34.4},{"time":2,"angle":0}],"translate":[{"time":0,"x":0,"y":0,"curve":"stepped"},{"time":0.6666,"x":0,"y":0,"curve":"stepped"},{"time":1,"x":0,"y":0,"curve":"stepped"},{"time":1.6666,"x":0,"y":0,"curve":"stepped"},{"time":2,"x":0,"y":0}],"scale":[{"time":0,"x":1,"y":1,"curve":"stepped"},{"time":0.6666,"x":1,"y":1,"curve":"stepped"},{"time":1,"x":1,"y":1,"curve":"stepped"},{"time":1.6666,"x":1,"y":1,"curve":"stepped"},{"time":2,"x":1,"y":1}]},"MON20058_DL_9":{"rotate":[{"time":0,"angle":0},{"time":0.3333,"angle":-2.96},{"time":0.6666,"angle":1.85},{"time":1,"angle":0},{"time":1.3333,"angle":-2.96},{"time":1.6666,"angle":1.85},{"time":2,"angle":0}],"translate":[{"time":0,"x":0,"y":0,"curve":"stepped"},{"time":0.3333,"x":0,"y":0,"curve":"stepped"},{"time":0.6666,"x":0,"y":0,"curve":"stepped"},{"time":1,"x":0,"y":0,"curve":"stepped"},{"time":1.3333,"x":0,"y":0,"curve":"stepped"},{"time":1.6666,"x":0,"y":0,"curve":"stepped"},{"time":2,"x":0,"y":0}],"scale":[{"time":0,"x":1,"y":1,"curve":"stepped"},{"time":0.3333,"x":1,"y":1,"curve":"stepped"},{"time":0.6666,"x":1,"y":1,"curve":"stepped"},{"time":1,"x":1,"y":1,"curve":"stepped"},{"time":1.3333,"x":1,"y":1,"curve":"stepped"},{"time":1.6666,"x":1,"y":1,"curve":"stepped"},{"time":2,"x":1,"y":1}]},"bone18":{"rotate":[{"time":0,"angle":0},{"time":0.3333,"angle":-2.98},{"time":0.6666,"angle":4.15},{"time":1,"angle":0},{"time":1.3333,"angle":-2.98},{"time":1.6666,"angle":4.15},{"time":2,"angle":0}],"translate":[{"time":0,"x":0,"y":0,"curve":"stepped"},{"time":0.3333,"x":0,"y":0,"curve":"stepped"},{"time":0.6666,"x":0,"y":0,"curve":"stepped"},{"time":1,"x":0,"y":0,"curve":"stepped"},{"time":1.3333,"x":0,"y":0,"curve":"stepped"},{"time":1.6666,"x":0,"y":0,"curve":"stepped"},{"time":2,"x":0,"y":0}],"scale":[{"time":0,"x":1,"y":1,"curve":"stepped"},{"time":0.3333,"x":1,"y":1,"curve":"stepped"},{"time":0.6666,"x":1,"y":1,"curve":"stepped"},{"time":1,"x":1,"y":1,"curve":"stepped"},{"time":1.3333,"x":1,"y":1,"curve":"stepped"},{"time":1.6666,"x":1,"y":1,"curve":"stepped"},{"time":2,"x":1,"y":1}]},"bone19":{"rotate":[{"time":0,"angle":0},{"time":0.3333,"angle":7.63},{"time":0.6666,"angle":-18.81},{"time":1,"angle":0},{"time":1.3333,"angle":7.63},{"time":1.6666,"angle":-18.81},{"time":2,"angle":0}],"translate":[{"time":0,"x":0,"y":0,"curve":"stepped"},{"time":0.3333,"x":0,"y":0,"curve":"stepped"},{"time":0.6666,"x":0,"y":0,"curve":"stepped"},{"time":1,"x":0,"y":0,"curve":"stepped"},{"time":1.3333,"x":0,"y":0,"curve":"stepped"},{"time":1.6666,"x":0,"y":0,"curve":"stepped"},{"time":2,"x":0,"y":0}],"scale":[{"time":0,"x":1,"y":1,"curve":"stepped"},{"time":0.3333,"x":1,"y":1,"curve":"stepped"},{"time":0.6666,"x":1,"y":1,"curve":"stepped"},{"time":1,"x":1,"y":1,"curve":"stepped"},{"time":1.3333,"x":1,"y":1,"curve":"stepped"},{"time":1.6666,"x":1,"y":1,"curve":"stepped"},{"time":2,"x":1,"y":1}]},"bone20":{"rotate":[{"time":0,"angle":0},{"time":0.3333,"angle":4.41},{"time":0.6666,"angle":-12.63},{"time":1,"angle":0},{"time":1.3333,"angle":4.41},{"time":1.6666,"angle":-12.63},{"time":2,"angle":0}],"translate":[{"time":0,"x":0,"y":0,"curve":"stepped"},{"time":0.3333,"x":0,"y":0,"curve":"stepped"},{"time":0.6666,"x":0,"y":0,"curve":"stepped"},{"time":1,"x":0,"y":0,"curve":"stepped"},{"time":1.3333,"x":0,"y":0,"curve":"stepped"},{"time":1.6666,"x":0,"y":0,"curve":"stepped"},{"time":2,"x":0,"y":0}],"scale":[{"time":0,"x":1,"y":1,"curve":"stepped"},{"time":0.3333,"x":1,"y":1,"curve":"stepped"},{"time":0.6666,"x":1,"y":1,"curve":"stepped"},{"time":1,"x":1,"y":1,"curve":"stepped"},{"time":1.3333,"x":1,"y":1,"curve":"stepped"},{"time":1.6666,"x":1,"y":1,"curve":"stepped"},{"time":2,"x":1,"y":1}]},"MON20058_DL_3":{"rotate":[{"time":0,"angle":0},{"time":0.3333,"angle":-4.69},{"time":0.6666,"angle":1.12},{"time":1,"angle":0},{"time":1.3333,"angle":-4.69},{"time":1.6666,"angle":1.12},{"time":2,"angle":0}],"translate":[{"time":0,"x":0,"y":0,"curve":"stepped"},{"time":0.3333,"x":0,"y":0,"curve":"stepped"},{"time":0.6666,"x":0,"y":0,"curve":"stepped"},{"time":1,"x":0,"y":0,"curve":"stepped"},{"time":1.3333,"x":0,"y":0,"curve":"stepped"},{"time":1.6666,"x":0,"y":0,"curve":"stepped"},{"time":2,"x":0,"y":0}],"scale":[{"time":0,"x":1,"y":1,"curve":"stepped"},{"time":0.3333,"x":1,"y":1,"curve":"stepped"},{"time":0.6666,"x":1,"y":1,"curve":"stepped"},{"time":1,"x":1,"y":1,"curve":"stepped"},{"time":1.3333,"x":1,"y":1,"curve":"stepped"},{"time":1.6666,"x":1,"y":1,"curve":"stepped"},{"time":2,"x":1,"y":1}]},"bone21":{"rotate":[{"time":0,"angle":0},{"time":0.3333,"angle":-2.6},{"time":0.6666,"angle":1.88},{"time":1,"angle":0},{"time":1.3333,"angle":-2.6},{"time":1.6666,"angle":1.88},{"time":2,"angle":0}],"translate":[{"time":0,"x":0,"y":0,"curve":"stepped"},{"time":0.3333,"x":0,"y":0,"curve":"stepped"},{"time":0.6666,"x":0,"y":0,"curve":"stepped"},{"time":1,"x":0,"y":0,"curve":"stepped"},{"time":1.3333,"x":0,"y":0,"curve":"stepped"},{"time":1.6666,"x":0,"y":0,"curve":"stepped"},{"time":2,"x":0,"y":0}],"scale":[{"time":0,"x":1,"y":1,"curve":"stepped"},{"time":0.3333,"x":1,"y":1,"curve":"stepped"},{"time":0.6666,"x":1,"y":1,"curve":"stepped"},{"time":1,"x":1,"y":1,"curve":"stepped"},{"time":1.3333,"x":1,"y":1,"curve":"stepped"},{"time":1.6666,"x":1,"y":1,"curve":"stepped"},{"time":2,"x":1,"y":1}]},"bone22":{"rotate":[{"time":0,"angle":0},{"time":0.3333,"angle":1.88},{"time":0.6666,"angle":-9.05},{"time":1,"angle":0},{"time":1.3333,"angle":1.88},{"time":1.6666,"angle":-9.05},{"time":2,"angle":0}],"translate":[{"time":0,"x":0,"y":0,"curve":"stepped"},{"time":0.3333,"x":0,"y":0,"curve":"stepped"},{"time":0.6666,"x":0,"y":0,"curve":"stepped"},{"time":1,"x":0,"y":0,"curve":"stepped"},{"time":1.3333,"x":0,"y":0,"curve":"stepped"},{"time":1.6666,"x":0,"y":0,"curve":"stepped"},{"time":2,"x":0,"y":0}],"scale":[{"time":0,"x":1,"y":1,"curve":"stepped"},{"time":0.3333,"x":1,"y":1,"curve":"stepped"},{"time":0.6666,"x":1,"y":1,"curve":"stepped"},{"time":1,"x":1,"y":1,"curve":"stepped"},{"time":1.3333,"x":1,"y":1,"curve":"stepped"},{"time":1.6666,"x":1,"y":1,"curve":"stepped"},{"time":2,"x":1,"y":1}]},"bone23":{"rotate":[{"time":0,"angle":0},{"time":0.3333,"angle":7.6},{"time":0.6666,"angle":-8.65},{"time":1,"angle":0},{"time":1.3333,"angle":7.6},{"time":1.6666,"angle":-8.65},{"time":2,"angle":0}],"translate":[{"time":0,"x":0,"y":0,"curve":"stepped"},{"time":0.3333,"x":0,"y":0,"curve":"stepped"},{"time":0.6666,"x":0,"y":0,"curve":"stepped"},{"time":1,"x":0,"y":0,"curve":"stepped"},{"time":1.3333,"x":0,"y":0,"curve":"stepped"},{"time":1.6666,"x":0,"y":0,"curve":"stepped"},{"time":2,"x":0,"y":0}],"scale":[{"time":0,"x":1,"y":1,"curve":"stepped"},{"time":0.3333,"x":1,"y":1,"curve":"stepped"},{"time":0.6666,"x":1,"y":1,"curve":"stepped"},{"time":1,"x":1,"y":1,"curve":"stepped"},{"time":1.3333,"x":1,"y":1,"curve":"stepped"},{"time":1.6666,"x":1,"y":1,"curve":"stepped"},{"time":2,"x":1,"y":1}]},"bone24":{"rotate":[{"time":0,"angle":0},{"time":0.3333,"angle":6},{"time":0.6666,"angle":-19.67},{"time":1,"angle":0},{"time":1.3333,"angle":6},{"time":1.6666,"angle":-19.67},{"time":2,"angle":0}],"translate":[{"time":0,"x":0,"y":0,"curve":"stepped"},{"time":0.3333,"x":0,"y":0,"curve":"stepped"},{"time":0.6666,"x":0,"y":0,"curve":"stepped"},{"time":1,"x":0,"y":0,"curve":"stepped"},{"time":1.3333,"x":0,"y":0,"curve":"stepped"},{"time":1.6666,"x":0,"y":0,"curve":"stepped"},{"time":2,"x":0,"y":0}],"scale":[{"time":0,"x":1,"y":1,"curve":"stepped"},{"time":0.3333,"x":1,"y":1,"curve":"stepped"},{"time":0.6666,"x":1,"y":1,"curve":"stepped"},{"time":1,"x":1,"y":1,"curve":"stepped"},{"time":1.3333,"x":1,"y":1,"curve":"stepped"},{"time":1.6666,"x":1,"y":1,"curve":"stepped"},{"time":2,"x":1,"y":1}]},"MON20058_DL_28":{"rotate":[{"time":0,"angle":0,"curve":"stepped"},{"time":0.3333,"angle":0},{"time":0.6666,"angle":-5.62},{"time":1,"angle":0,"curve":"stepped"},{"time":1.3333,"angle":0},{"time":1.6666,"angle":-5.62},{"time":2,"angle":0}],"translate":[{"time":0,"x":0,"y":0,"curve":"stepped"},{"time":0.3333,"x":0,"y":0,"curve":"stepped"},{"time":0.6666,"x":0,"y":0,"curve":"stepped"},{"time":1,"x":0,"y":0,"curve":"stepped"},{"time":1.3333,"x":0,"y":0,"curve":"stepped"},{"time":1.6666,"x":0,"y":0,"curve":"stepped"},{"time":2,"x":0,"y":0}],"scale":[{"time":0,"x":1,"y":1},{"time":0.3333,"x":0.833,"y":1.085},{"time":0.6666,"x":1.086,"y":0.944},{"time":1,"x":1,"y":1},{"time":1.3333,"x":0.833,"y":1.085},{"time":1.6666,"x":1.086,"y":0.944},{"time":2,"x":1,"y":1}]},"bone25":{"rotate":[{"time":0,"angle":0,"curve":"stepped"},{"time":0.3333,"angle":0,"curve":"stepped"},{"time":0.6666,"angle":0,"curve":"stepped"},{"time":1,"angle":0,"curve":"stepped"},{"time":1.3333,"angle":0,"curve":"stepped"},{"time":1.6666,"angle":0,"curve":"stepped"},{"time":2,"angle":0}],"translate":[{"time":0,"x":0,"y":0},{"time":0.3333,"x":-1.85,"y":0.13},{"time":0.6666,"x":0,"y":0,"curve":"stepped"},{"time":1,"x":0,"y":0},{"time":1.3333,"x":-1.85,"y":0.13},{"time":1.6666,"x":0,"y":0,"curve":"stepped"},{"time":2,"x":0,"y":0}],"scale":[{"time":0,"x":1,"y":1,"curve":"stepped"},{"time":0.3333,"x":1,"y":1,"curve":"stepped"},{"time":0.6666,"x":1,"y":1,"curve":"stepped"},{"time":1,"x":1,"y":1,"curve":"stepped"},{"time":1.3333,"x":1,"y":1,"curve":"stepped"},{"time":1.6666,"x":1,"y":1,"curve":"stepped"},{"time":2,"x":1,"y":1}]},"bone26":{"rotate":[{"time":0,"angle":0,"curve":"stepped"},{"time":0.3333,"angle":0},{"time":0.6666,"angle":11.16},{"time":1,"angle":0,"curve":"stepped"},{"time":1.3333,"angle":0},{"time":1.6666,"angle":11.16},{"time":2,"angle":0}],"translate":[{"time":0,"x":0,"y":0},{"time":0.3333,"x":-5.18,"y":0.29},{"time":0.6666,"x":0,"y":0,"curve":"stepped"},{"time":1,"x":0,"y":0},{"time":1.3333,"x":-5.18,"y":0.29},{"time":1.6666,"x":0,"y":0,"curve":"stepped"},{"time":2,"x":0,"y":0}],"scale":[{"time":0,"x":1,"y":1,"curve":"stepped"},{"time":0.3333,"x":1,"y":1,"curve":"stepped"},{"time":0.6666,"x":1,"y":1,"curve":"stepped"},{"time":1,"x":1,"y":1,"curve":"stepped"},{"time":1.3333,"x":1,"y":1,"curve":"stepped"},{"time":1.6666,"x":1,"y":1,"curve":"stepped"},{"time":2,"x":1,"y":1}]},"bone27":{"rotate":[{"time":0,"angle":0},{"time":0.3333,"angle":-4.34},{"time":0.6666,"angle":0,"curve":"stepped"},{"time":1,"angle":0},{"time":1.3333,"angle":-4.34},{"time":1.6666,"angle":0,"curve":"stepped"},{"time":2,"angle":0}],"translate":[{"time":0,"x":0,"y":0,"curve":"stepped"},{"time":0.3333,"x":0,"y":0,"curve":"stepped"},{"time":0.6666,"x":0,"y":0,"curve":"stepped"},{"time":1,"x":0,"y":0,"curve":"stepped"},{"time":1.3333,"x":0,"y":0,"curve":"stepped"},{"time":1.6666,"x":0,"y":0,"curve":"stepped"},{"time":2,"x":0,"y":0}],"scale":[{"time":0,"x":1,"y":1,"curve":"stepped"},{"time":0.3333,"x":1,"y":1,"curve":"stepped"},{"time":0.6666,"x":1,"y":1,"curve":"stepped"},{"time":1,"x":1,"y":1,"curve":"stepped"},{"time":1.3333,"x":1,"y":1,"curve":"stepped"},{"time":1.6666,"x":1,"y":1,"curve":"stepped"},{"time":2,"x":1,"y":1}]},"bone28":{"rotate":[{"time":0,"angle":0},{"time":0.3333,"angle":-4.7},{"time":0.6666,"angle":0,"curve":"stepped"},{"time":1,"angle":0},{"time":1.3333,"angle":-4.7},{"time":1.6666,"angle":0,"curve":"stepped"},{"time":2,"angle":0}],"translate":[{"time":0,"x":0,"y":0,"curve":"stepped"},{"time":0.3333,"x":0,"y":0,"curve":"stepped"},{"time":0.6666,"x":0,"y":0,"curve":"stepped"},{"time":1,"x":0,"y":0,"curve":"stepped"},{"time":1.3333,"x":0,"y":0,"curve":"stepped"},{"time":1.6666,"x":0,"y":0,"curve":"stepped"},{"time":2,"x":0,"y":0}],"scale":[{"time":0,"x":1,"y":1,"curve":"stepped"},{"time":0.3333,"x":1,"y":1,"curve":"stepped"},{"time":0.6666,"x":1,"y":1,"curve":"stepped"},{"time":1,"x":1,"y":1,"curve":"stepped"},{"time":1.3333,"x":1,"y":1,"curve":"stepped"},{"time":1.6666,"x":1,"y":1,"curve":"stepped"},{"time":2,"x":1,"y":1}]},"bone29":{"rotate":[{"time":0,"angle":0},{"time":0.3333,"angle":-8.42},{"time":0.6666,"angle":0,"curve":"stepped"},{"time":1,"angle":0},{"time":1.3333,"angle":-8.42},{"time":1.6666,"angle":0,"curve":"stepped"},{"time":2,"angle":0}],"translate":[{"time":0,"x":0,"y":0,"curve":"stepped"},{"time":0.3333,"x":0,"y":0,"curve":"stepped"},{"time":0.6666,"x":0,"y":0,"curve":"stepped"},{"time":1,"x":0,"y":0,"curve":"stepped"},{"time":1.3333,"x":0,"y":0,"curve":"stepped"},{"time":1.6666,"x":0,"y":0,"curve":"stepped"},{"time":2,"x":0,"y":0}],"scale":[{"time":0,"x":1,"y":1,"curve":"stepped"},{"time":0.3333,"x":1,"y":1,"curve":"stepped"},{"time":0.6666,"x":1,"y":1,"curve":"stepped"},{"time":1,"x":1,"y":1,"curve":"stepped"},{"time":1.3333,"x":1,"y":1,"curve":"stepped"},{"time":1.6666,"x":1,"y":1,"curve":"stepped"},{"time":2,"x":1,"y":1}]},"bone30":{"rotate":[{"time":0,"angle":0,"curve":"stepped"},{"time":0.3333,"angle":0,"curve":"stepped"},{"time":0.6666,"angle":0,"curve":"stepped"},{"time":1,"angle":0,"curve":"stepped"},{"time":1.3333,"angle":0,"curve":"stepped"},{"time":1.6666,"angle":0,"curve":"stepped"},{"time":2,"angle":0}],"translate":[{"time":0,"x":0,"y":0,"curve":"stepped"},{"time":0.3333,"x":0,"y":0,"curve":"stepped"},{"time":0.6666,"x":0,"y":0,"curve":"stepped"},{"time":1,"x":0,"y":0,"curve":"stepped"},{"time":1.3333,"x":0,"y":0,"curve":"stepped"},{"time":1.6666,"x":0,"y":0,"curve":"stepped"},{"time":2,"x":0,"y":0}],"scale":[{"time":0,"x":1,"y":1,"curve":"stepped"},{"time":0.3333,"x":1,"y":1,"curve":"stepped"},{"time":0.6666,"x":1,"y":1,"curve":"stepped"},{"time":1,"x":1,"y":1,"curve":"stepped"},{"time":1.3333,"x":1,"y":1,"curve":"stepped"},{"time":1.6666,"x":1,"y":1,"curve":"stepped"},{"time":2,"x":1,"y":1}]},"bone31":{"rotate":[{"time":0,"angle":0,"curve":"stepped"},{"time":0.3333,"angle":0},{"time":0.6666,"angle":-7.84},{"time":1,"angle":0,"curve":"stepped"},{"time":1.3333,"angle":0},{"time":1.6666,"angle":-7.84},{"time":2,"angle":0}],"translate":[{"time":0,"x":0,"y":0,"curve":"stepped"},{"time":0.3333,"x":0,"y":0,"curve":"stepped"},{"time":0.6666,"x":0,"y":0,"curve":"stepped"},{"time":1,"x":0,"y":0,"curve":"stepped"},{"time":1.3333,"x":0,"y":0,"curve":"stepped"},{"time":1.6666,"x":0,"y":0,"curve":"stepped"},{"time":2,"x":0,"y":0}],"scale":[{"time":0,"x":1,"y":1,"curve":"stepped"},{"time":0.3333,"x":1,"y":1,"curve":"stepped"},{"time":0.6666,"x":1,"y":1,"curve":"stepped"},{"time":1,"x":1,"y":1,"curve":"stepped"},{"time":1.3333,"x":1,"y":1,"curve":"stepped"},{"time":1.6666,"x":1,"y":1,"curve":"stepped"},{"time":2,"x":1,"y":1}]},"bone32":{"rotate":[{"time":0,"angle":0,"curve":"stepped"},{"time":0.3333,"angle":0},{"time":0.6666,"angle":25.87},{"time":1,"angle":0,"curve":"stepped"},{"time":1.3333,"angle":0},{"time":1.6666,"angle":25.87},{"time":2,"angle":0}],"translate":[{"time":0,"x":0,"y":0,"curve":"stepped"},{"time":0.3333,"x":0,"y":0,"curve":"stepped"},{"time":0.6666,"x":0,"y":0,"curve":"stepped"},{"time":1,"x":0,"y":0,"curve":"stepped"},{"time":1.3333,"x":0,"y":0,"curve":"stepped"},{"time":1.6666,"x":0,"y":0,"curve":"stepped"},{"time":2,"x":0,"y":0}],"scale":[{"time":0,"x":1,"y":1,"curve":"stepped"},{"time":0.3333,"x":1,"y":1,"curve":"stepped"},{"time":0.6666,"x":1,"y":1,"curve":"stepped"},{"time":1,"x":1,"y":1,"curve":"stepped"},{"time":1.3333,"x":1,"y":1,"curve":"stepped"},{"time":1.6666,"x":1,"y":1,"curve":"stepped"},{"time":2,"x":1,"y":1}]},"MON20058_DL_27":{"rotate":[{"time":0,"angle":0,"curve":"stepped"},{"time":0.5,"angle":0,"curve":"stepped"},{"time":1,"angle":0,"curve":"stepped"},{"time":1.5,"angle":0,"curve":"stepped"},{"time":2,"angle":0}],"translate":[{"time":0,"x":0,"y":0,"curve":"stepped"},{"time":0.5,"x":0,"y":0,"curve":"stepped"},{"time":1,"x":0,"y":0,"curve":"stepped"},{"time":1.5,"x":0,"y":0,"curve":"stepped"},{"time":2,"x":0,"y":0}],"scale":[{"time":0,"x":1,"y":1,"curve":"stepped"},{"time":0.5,"x":1,"y":1,"curve":"stepped"},{"time":1,"x":1,"y":1,"curve":"stepped"},{"time":1.5,"x":1,"y":1,"curve":"stepped"},{"time":2,"x":1,"y":1}]},"shadow":{"rotate":[{"time":0,"angle":0,"curve":"stepped"},{"time":0.5,"angle":0,"curve":"stepped"},{"time":1,"angle":0,"curve":"stepped"},{"time":1.5,"angle":0,"curve":"stepped"},{"time":2,"angle":0}],"translate":[{"time":0,"x":0,"y":0,"curve":"stepped"},{"time":0.5,"x":0,"y":0,"curve":"stepped"},{"time":1,"x":0,"y":0,"curve":"stepped"},{"time":1.5,"x":0,"y":0,"curve":"stepped"},{"time":2,"x":0,"y":0}],"scale":[{"time":0,"x":1,"y":1},{"time":0.5,"x":1.1,"y":1.1},{"time":1,"x":1,"y":1},{"time":1.5,"x":1.1,"y":1.1},{"time":2,"x":1,"y":1}]},"bone6":{"rotate":[{"time":0,"angle":0},{"time":0.3333,"angle":10.05},{"time":0.6666,"angle":-3.77},{"time":1,"angle":0},{"time":1.3333,"angle":10.05},{"time":1.6666,"angle":-3.77},{"time":2,"angle":0}],"translate":[{"time":0,"x":0,"y":0,"curve":"stepped"},{"time":0.3333,"x":0,"y":0,"curve":"stepped"},{"time":0.6666,"x":0,"y":0,"curve":"stepped"},{"time":1,"x":0,"y":0,"curve":"stepped"},{"time":1.3333,"x":0,"y":0,"curve":"stepped"},{"time":1.6666,"x":0,"y":0,"curve":"stepped"},{"time":2,"x":0,"y":0}],"scale":[{"time":0,"x":1,"y":1,"curve":"stepped"},{"time":0.3333,"x":1,"y":1,"curve":"stepped"},{"time":0.6666,"x":1,"y":1,"curve":"stepped"},{"time":1,"x":1,"y":1,"curve":"stepped"},{"time":1.3333,"x":1,"y":1,"curve":"stepped"},{"time":1.6666,"x":1,"y":1,"curve":"stepped"},{"time":2,"x":1,"y":1}]},"bone7":{"rotate":[{"time":0,"angle":0},{"time":0.3333,"angle":12.6},{"time":0.6666,"angle":-6.45},{"time":1,"angle":0},{"time":1.3333,"angle":12.6},{"time":1.6666,"angle":-6.45},{"time":2,"angle":0}],"translate":[{"time":0,"x":0,"y":0,"curve":"stepped"},{"time":0.3333,"x":0,"y":0,"curve":"stepped"},{"time":0.6666,"x":0,"y":0,"curve":"stepped"},{"time":1,"x":0,"y":0,"curve":"stepped"},{"time":1.3333,"x":0,"y":0,"curve":"stepped"},{"time":1.6666,"x":0,"y":0,"curve":"stepped"},{"time":2,"x":0,"y":0}],"scale":[{"time":0,"x":1,"y":1,"curve":"stepped"},{"time":0.3333,"x":1,"y":1,"curve":"stepped"},{"time":0.6666,"x":1,"y":1,"curve":"stepped"},{"time":1,"x":1,"y":1,"curve":"stepped"},{"time":1.3333,"x":1,"y":1,"curve":"stepped"},{"time":1.6666,"x":1,"y":1,"curve":"stepped"},{"time":2,"x":1,"y":1}]},"fx_gong":{"translate":[{"time":0,"x":-24.4,"y":2.44,"curve":"stepped"},{"time":2,"x":-24.4,"y":2.44}]}},"ffd":{"default":{"MON20058_DL_2":{"MON20058_DL_2":[{"time":0,"vertices":[-0.14016,-2.91264,0,0,0,0,0,0,0,0,0,0,0,0,0,0,0,0,0,0,0,0,0,0,0,0,0,0,0,0,0,0,0,0,0,0,0,0,0,0,0,0,0,0,0,0,0,0,1.6318,-1.92272]},{"time":0.3333,"vertices":[-0.19897,-1.60225,-0.4635,-1.59204,-0.97987,-3.54336,-0.61119,-4.05331,1.20941,0.02378,3.79001,0.05667,4.26277,0.15372,3.67677,4.45461,-0.68004,5.35058,1.51962,6.42721,-0.88994,2.02146,-1.70253,0.73784,-2.37213,0.61143,-2.8306,0.42332,-3.07582,0.16615,-2.96913,2.63444,-0.43697,1.94294,-2.69634,0.68696,-2.02207,-0.37767,-1.36365,-0.45711,-0.95714,0.91485,-0.53403,0.5294,-0.21591,-0.4763,1.65493,-0.41905,5.84851,0.57261,0.53023,3.55313,2.54593,1.81573,1.43729,1.51368,5.60267,0.05383,-2.49801,0.2705,-2.77114,0.03904,-0.67053,-0.24182,2.64863,-0.9931,-0.75418,-1.77116,-1.15611,-3.91055,-0.55731,-2.47061,1.76985,-2.22405,-1.85353,-3.97657,-1.35509,-3.44109,-0.72753,-1.14677,-0.39234,-0.51604,-0.11673,-0.43667,-0.50905,-2.79344,-2.2378,-3.03948,-2.32466,-0.25143]},{"time":0.6666,"vertices":[0.44309,-3.60833,0.47738,-0.29388,0.28278,-0.19134,0.13606,-0.0853,0.01404,0.09405,-1.81114,0.37537,0.00776,0.43451,0.13337,0.55633,0.1511,-1.68099,-2.47248,-5.54881,0.06313,-3.02618,-0.10739,0.80449,-0.42998,0.62422,-0.65467,0.37623,-1.90744,0.1058,-6.0596,-0.00747,-14.81895,0.13368,-0.64279,-0.54935,-0.30106,-0.57594,0.0085,-0.64862,0.16519,-0.73446,0.3735,-0.7453,0.55259,-0.62897,0.71374,-0.45528,0.63041,-3.87665,-1.50888,-2.53144,-0.0019,-0.59028,-0.18624,0.54897,-1.1285,0.34653,-0.50258,0.20128,-2.89427,0.01558,-8.95241,0.0865,-0.13286,-0.03561,0.01089,-0.19819,0.20116,-0.32736,0.44373,-0.48311,0.60153,-0.43159,-0.12929,-0.36997,0.08914,-0.47375,0.32842,-0.57861,0.4673,-0.68436,0.60116,-0.57664,0.48086,-0.34181,-1.82908,-0.18799,-9.0777,-0.01652]},{"time":1,"vertices":[-0.14016,-2.91264,0,0,0,0,0,0,0,0,0,0,0,0,0,0,0,0,0,0,0,0,0,0,0,0,0,0,0,0,0,0,0,0,0,0,0,0,0,0,0,0,0,0,0,0,0,0,1.6318,-1.92272]},{"time":1.3333,"vertices":[-0.19897,-1.60225,-0.4635,-1.59204,-0.97987,-3.54336,-0.61119,-4.05331,1.20941,0.02378,3.79001,0.05667,4.26277,0.15372,3.67677,4.45461,-0.68004,5.35058,1.51962,6.42721,-0.88994,2.02146,-1.70253,0.73784,-2.37213,0.61143,-2.8306,0.42332,-3.07582,0.16615,-2.96913,2.63444,-0.43697,1.94294,-2.69634,0.68696,-2.02207,-0.37767,-1.36365,-0.45711,-0.95714,0.91485,-0.53403,0.5294,-0.21591,-0.4763,1.65493,-0.41905,5.84851,0.57261,0.53023,3.55313,2.54593,1.81573,1.43729,1.51368,5.60267,0.05383,-2.49801,0.2705,-2.77114,0.03904,-0.67053,-0.24182,2.64863,-0.9931,-0.75418,-1.77116,-1.15611,-3.91055,-0.55731,-2.47061,1.76985,-2.22405,-1.85353,-3.97657,-1.35509,-3.44109,-0.72753,-1.14677,-0.39234,-0.51604,-0.11673,-0.43667,-0.50905,-2.79344,-2.2378,-3.03948,-2.32466,-0.25143]},{"time":1.6666,"vertices":[0.44309,-3.60833,0.47738,-0.29388,0.28278,-0.19134,0.13606,-0.0853,0.01404,0.09405,-1.81114,0.37537,0.00776,0.43451,0.13337,0.55633,0.1511,-1.68099,-2.47248,-5.54881,0.06313,-3.02618,-0.10739,0.80449,-0.42998,0.62422,-0.65467,0.37623,-1.90744,0.1058,-6.0596,-0.00747,-14.81895,0.13368,-0.64279,-0.54935,-0.30106,-0.57594,0.0085,-0.64862,0.16519,-0.73446,0.3735,-0.7453,0.55259,-0.62897,0.71374,-0.45528,0.63041,-3.87665,-1.50888,-2.53144,-0.0019,-0.59028,-0.18624,0.54897,-1.1285,0.34653,-0.50258,0.20128,-2.89427,0.01558,-8.95241,0.0865,-0.13286,-0.03561,0.01089,-0.19819,0.20116,-0.32736,0.44373,-0.48311,0.60153,-0.43159,-0.12929,-0.36997,0.08914,-0.47375,0.32842,-0.57861,0.4673,-0.68436,0.60116,-0.57664,0.48086,-0.34181,-1.82908,-0.18799,-9.0777,-0.01652]},{"time":2,"vertices":[-0.14016,-2.91264,0,0,0,0,0,0,0,0,0,0,0,0,0,0,0,0,0,0,0,0,0,0,0,0,0,0,0,0,0,0,0,0,0,0,0,0,0,0,0,0,0,0,0,0,0,0,1.6318,-1.92272]}]},"MON20058_DL_3":{"MON20058_DL_3":[{"time":0},{"time":0.3333,"offset":4,"vertices":[-0.56755,4.0399,-1.97916,3.56794,-1.47884,3.80272,-0.68107,4.8479,-2.37503,4.28152,-1.77462,4.56327,-0.28263,4.88797,-0.98953,1.78402,-0.73941,1.90145,-0.11766,2.03669]},{"time":0.6666,"curve":"stepped"},{"time":1},{"time":1.3333,"offset":4,"vertices":[-0.56755,4.0399,-1.97916,3.56794,-1.47884,3.80272,-0.68107,4.8479,-2.37503,4.28152,-1.77462,4.56327,-0.28263,4.88797,-0.98953,1.78402,-0.73941,1.90145,-0.11766,2.03669]},{"time":1.6666,"curve":"stepped"},{"time":2}]},"MON20058_DL_16":{"MON20058_DL_16":[{"time":0,"offset":1,"vertices":[-0.65199,0.00869,-0.65194,0,0,0,0,0,0,0,0,0,0,0,0,0,0,0,0,0,0,0,0,0,0,0,0,0,0,0,0,0,0,0,0,0,0,0,0,0,0,0,0,0,0,0,0,0,0,0,0,0,0,0,0,0,0,0,0,0,0,0,0,0,-0.81498,0,0.81498,-0.01071,0.81492]},{"time":0.5,"offset":5,"vertices":[-2.06895,-1.9E-4,2.06895,-0.0275,2.06878,2.5E-4,-1.9655,-2.5E-4,1.96551,-0.02615,1.96534,1.8E-4,-0.82757,-1.8E-4,0.82758,-0.01107,0.8275,0,0,0,0,0,0,0,0,0,0,0,0,0,0,0,0,0,0,0,0,0,0,0,0,1.5E-4,0.10345,-1.5E-4,-0.10345,0.00127,-0.10344,2.2E-4,0.93103,-2.2E-4,-0.93103,0.01217,-0.93096,1.8E-4,1.13792,-1.8E-4,-1.13791,0.01493,-1.13782,0,0,0,0,0,0,0,0,0,0,0,0,0,0,0,0,0,0,0,0,0,0,0,0,0,0,3.47026]},{"time":1,"offset":1,"vertices":[-0.65199,0.00869,-0.65194,0,0,0,0,0,0,0,0,0,0,0,0,0,0,0,0,0,0,0,0,0,0,0,0,0,0,0,0,0,0,0,0,0,0,0,0,0,0,0,0,0,0,0,0,0,0,0,0,0,0,0,0,0,0,0,0,0,0,0,0,0,-0.81498,0,0.81498,-0.01071,0.81492]},{"time":1.5,"offset":5,"vertices":[-2.06895,-1.9E-4,2.06895,-0.0275,2.06878,2.5E-4,-1.9655,-2.5E-4,1.96551,-0.02615,1.96534,1.8E-4,-0.82757,-1.8E-4,0.82758,-0.01107,0.8275,0,0,0,0,0,0,0,0,0,0,0,0,0,0,0,0,0,0,0,0,0,0,0,0,1.5E-4,0.10345,-1.5E-4,-0.10345,0.00127,-0.10344,2.2E-4,0.93103,-2.2E-4,-0.93103,0.01217,-0.93096,1.8E-4,1.13792,-1.8E-4,-1.13791,0.01493,-1.13782,0,0,0,0,0,0,0,0,0,0,0,0,0,0,0,0,0,0,0,0,0,0,0,0,0,0,3.47026]},{"time":2,"offset":1,"vertices":[-0.65199,0.00869,-0.65194,0,0,0,0,0,0,0,0,0,0,0,0,0,0,0,0,0,0,0,0,0,0,0,0,0,0,0,0,0,0,0,0,0,0,0,0,0,0,0,0,0,0,0,0,0,0,0,0,0,0,0,0,0,0,0,0,0,0,0,0,0,-0.81498,0,0.81498,-0.01071,0.81492]}]},"MON20058_DL_28":{"MON20058_DL_28":[{"time":0},{"time":0.3333,"vertices":[-0.21613,-2.59446,0.08561,-2.60212,-0.6217,-2.5282,-0.26952,-2.58735,0.03176,-2.60126,-0.6733,-2.51279,-1.85349,-1.98805,-2.32231,-1.41232,-2.94905,0.60195,-2.67617,1.37754,-9.04154,-10.56878,-11.30653,-8.10151,-10.91301,-3.26346,-11.48568,-0.50354,-7.06217,-3.47065,-7.49579,-1.5236,-7.87937,0.35727,0,0,0,0,7.41871,1.49539,7.55292,-0.46366,4.34978,4.97881,-0.27291,2.67024,-0.24677,2.67275,-0.39741,2.6546,-0.38197,3.73832,-0.3454,3.74186,-0.55634,3.71643,0,0,0,0,0,0,0,0,0,0,0,0,0,0,0,0,0,0,0,0,0,0,0,0,0.03149,-1.76779,0.00469,-1.76805,-6.75126,-1.0385,-6.46425,-1.08567,0,0,0,0,0,0,0,0,-6.6685,1.85096,-6.48472,1.90205,-5.9423,2.19476,-6.44365,1.48591,-11.69491,-4.06779,0,0,-4.00094,-1.40388,-5.20396,-0.67473,-5.00771,-0.70915,-4.88664,1.30455,-4.73009,1.35919,-5.3204,0.64419,-12.12194,-0.5468,-11.86824,-0.61106,-10.91007,4.24549,-12.0392,2.43888,-0.31383,-1.71853,0.03113,-1.74667,0.00469,-1.74693,-0.65395,-1.61992,-0.46207,-1.68479,-4.10644,1.34817,-4.46641,0.91913]},{"time":0.6666,"vertices":[-1.13755,-13.65506,0.45058,-13.6954,-3.27214,-13.30635,-1.41856,-13.61766,0.16717,-13.69086,-3.5437,-13.22523,-9.75524,-10.46347,-12.22273,-7.4333,-15.52135,3.16816,-14.08511,7.25021,0,0,0,0,-0.9694,-5.30821,-2.7822,-4.62358,2.76468,-10.21639,1.20555,-10.51467,-2.58678,-10.26262,0,0,0,0,0,0,0,0,0,0,0,0,0,0,0,0,0,0,0,0,0,0,0,0,0,0,0,0,0,0,0,0,0,0,0,0,0,0,0,0,0,0,0,0,0,0,0.16574,-9.30417,0.02471,-9.30557,-1.38114,-7.5622,0.1369,-7.68603,0,0,0,0,0,0,0,0,-0.12512,-7.35309,0.72686,-7.31848,-0.96493,-3.51772,-1.88083,-3.12546,-1.63023,-2.70961,0,0,-1.56797,-8.58504,-0.94495,-5.17413,0.09367,-5.25885,-1.96898,-4.87716,-1.39128,-5.07246,-2.71197,-4.50685,-1.22715,-6.71876,0.12156,-6.82879,-1.80675,-6.58667,-3.52167,-5.85216,-1.65176,-9.04493,0.16384,-9.19304,0.02471,-9.19441,-3.44187,-8.52592,-2.43198,-8.86736,-1.4061,-2.95042,-2.15211,-2.45986]},{"time":1},{"time":1.3333,"vertices":[-0.21613,-2.59446,0.08561,-2.60212,-0.6217,-2.5282,-0.26952,-2.58735,0.03176,-2.60126,-0.6733,-2.51279,-1.85349,-1.98805,-2.32231,-1.41232,-2.94905,0.60195,-2.67617,1.37754,-9.04154,-10.56878,-11.30653,-8.10151,-10.91301,-3.26346,-11.48568,-0.50354,-7.06217,-3.47065,-7.49579,-1.5236,-7.87937,0.35727,0,0,0,0,7.41871,1.49539,7.55292,-0.46366,4.34978,4.97881,-0.27291,2.67024,-0.24677,2.67275,-0.39741,2.6546,-0.38197,3.73832,-0.3454,3.74186,-0.55634,3.71643,0,0,0,0,0,0,0,0,0,0,0,0,0,0,0,0,0,0,0,0,0,0,0,0,0.03149,-1.76779,0.00469,-1.76805,-6.75126,-1.0385,-6.46425,-1.08567,0,0,0,0,0,0,0,0,-6.6685,1.85096,-6.48472,1.90205,-5.9423,2.19476,-6.44365,1.48591,-11.69491,-4.06779,0,0,-4.00094,-1.40388,-5.20396,-0.67473,-5.00771,-0.70915,-4.88664,1.30455,-4.73009,1.35919,-5.3204,0.64419,-12.12194,-0.5468,-11.86824,-0.61106,-10.91007,4.24549,-12.0392,2.43888,-0.31383,-1.71853,0.03113,-1.74667,0.00469,-1.74693,-0.65395,-1.61992,-0.46207,-1.68479,-4.10644,1.34817,-4.46641,0.91913]},{"time":1.6666,"vertices":[-1.13755,-13.65506,0.45058,-13.6954,-3.27214,-13.30635,-1.41856,-13.61766,0.16717,-13.69086,-3.5437,-13.22523,-9.75524,-10.46347,-12.22273,-7.4333,-15.52135,3.16816,-14.08511,7.25021,0,0,0,0,-0.9694,-5.30821,-2.7822,-4.62358,2.76468,-10.21639,1.20555,-10.51467,-2.58678,-10.26262,0,0,0,0,0,0,0,0,0,0,0,0,0,0,0,0,0,0,0,0,0,0,0,0,0,0,0,0,0,0,0,0,0,0,0,0,0,0,0,0,0,0,0,0,0,0,0.16574,-9.30417,0.02471,-9.30557,-1.38114,-7.5622,0.1369,-7.68603,0,0,0,0,0,0,0,0,-0.12512,-7.35309,0.72686,-7.31848,-0.96493,-3.51772,-1.88083,-3.12546,-1.63023,-2.70961,0,0,-1.56797,-8.58504,-0.94495,-5.17413,0.09367,-5.25885,-1.96898,-4.87716,-1.39128,-5.07246,-2.71197,-4.50685,-1.22715,-6.71876,0.12156,-6.82879,-1.80675,-6.58667,-3.52167,-5.85216,-1.65176,-9.04493,0.16384,-9.19304,0.02471,-9.19441,-3.44187,-8.52592,-2.43198,-8.86736,-1.4061,-2.95042,-2.15211,-2.45986]},{"time":2}]}}},"drawOrder":[{"time":0,"offsets":[{"slot":"fx_gong","offset":-26}]},{"time":2,"offsets":[{"slot":"fx_gong","offset":-26}]}]}}}