{"skeleton":{"hash":"P1J95WBjIaRrbxXl6fAQksFi6Sk","spine":"3.1.03","width":121.04,"height":128.2},"bones":[{"name":"root"},{"name":"bone","parent":"root","x":4.02,"y":33.79},{"name":"13","parent":"bone","length":18.49,"x":-9.23,"y":-15.17,"rotation":93.51},{"name":"bone2","parent":"13","length":21.25,"x":18.51,"y":-0.03,"rotation":-3.9},{"name":"1","parent":"bone2","length":31.59,"x":18.01,"y":-20.35,"rotation":-107.75},{"name":"3","parent":"bone2","length":19.3,"x":17.92,"y":-17.99,"rotation":-156.26},{"name":"6","parent":"3","length":18.29,"x":19.74,"y":-0.29,"rotation":-76.12},{"name":"2","parent":"6","length":10.82,"x":18.48,"y":-0.04,"rotation":-14.5},{"name":"5","parent":"bone2","length":30.58,"x":22.13,"y":-2.83,"rotation":-1.98},{"name":"4","parent":"5","length":9.9,"x":5.28,"y":20.67,"rotation":1.26},{"name":"7","parent":"2","length":24.35,"x":10.59,"y":-0.08,"rotation":-41.3},{"name":"8","parent":"7","length":35.96,"x":23.63,"y":-0.02,"rotation":-2.3},{"name":"18","parent":"bone2","length":13.95,"x":17.01,"y":13.49,"scaleX":1.207,"rotation":150.01},{"name":"19","parent":"18","length":18.1,"x":13.26,"y":-0.14,"scaleX":0.747,"rotation":0.46},{"name":"9","parent":"19","length":19.66,"x":18.2,"y":-0.95,"rotation":-76.31},{"name":"10","parent":"9","length":9.39,"x":11.17,"y":11.32,"rotation":-85.34},{"name":"11","parent":"bone","length":12.12,"x":8.98,"y":-14.87,"rotation":-87.54},{"name":"12","parent":"13","length":23.19,"x":3.21,"y":-0.6,"rotation":-91.79},{"name":"14","parent":"13","length":11.87,"x":4.6,"y":-0.4,"rotation":-161.43},{"name":"15","parent":"11","length":10.39,"x":11.61,"y":0.19,"rotation":0.41},{"name":"16","parent":"bone","length":11.41,"x":-22.49,"y":-12.1,"rotation":-90.86},{"name":"17","parent":"bone2","length":25.96,"x":21.17,"y":5.33,"rotation":103.9},{"name":"14 _1","parent":"13","length":7.03,"x":4.66,"y":5.57,"rotation":-178.46},{"name":"20","parent":"16","length":8.65,"x":10.9,"y":-0.35,"rotation":-0.29},{"name":"21","parent":"9","length":9.39,"x":4.42,"y":11.91,"rotation":-80.88},{"name":"22","parent":"9","length":9.39,"x":-2.92,"y":9.79,"rotation":-58.18},{"name":"bone3","parent":"14 _1","length":6.82,"x":7.03,"rotation":0.14},{"name":"bone4","parent":"bone3","length":7.01,"x":6.82,"rotation":-1.83},{"name":"shadow","parent":"root","length":23.7,"x":2.38,"y":0.23,"scaleX":1.076,"scaleY":1.108,"rotation":-0.41}],"slots":[{"name":"stage_sample","bone":"root","color":"ffffff55"},{"name":"shadow","bone":"shadow","attachment":"shadow"},{"name":"18_1","bone":"18","attachment":"18_1"},{"name":"18","bone":"19","attachment":"18"},{"name":"17","bone":"17","attachment":"17"},{"name":"16","bone":"20","attachment":"16"},{"name":"15","bone":"16","attachment":"15"},{"name":"14","bone":"14","attachment":"14"},{"name":"14 _1","bone":"14 _1","attachment":"14 _1"},{"name":"13","bone":"13","attachment":"13"},{"name":"12","bone":"12","attachment":"12"},{"name":"11","bone":"15","attachment":"11"},{"name":"10","bone":"11","attachment":"10"},{"name":"9","bone":"9","attachment":"9"},{"name":"5","bone":"5","attachment":"5"},{"name":"8","bone":"8","attachment":"8"},{"name":"7","bone":"7","attachment":"7"},{"name":"6","bone":"10","attachment":"6"},{"name":"19","bone":"21","attachment":"6"},{"name":"20","bone":"22","attachment":"6"},{"name":"4_1","bone":"3","attachment":"4_1"},{"name":"4","bone":"4"},{"name":"3","bone":"6","attachment":"3"},{"name":"2","bone":"2","attachment":"2"},{"name":"1","bone":"1","attachment":"1"}],"skins":{"default":{"1":{"1":{"x":9.58,"y":1.93,"rotation":18.18,"width":51,"height":43}},"10":{"10":{"x":7.02,"y":1.07,"rotation":87.54,"width":22,"height":17}},"11":{"11":{"x":5.86,"y":-0.6,"rotation":87.14,"width":22,"height":14}},"12":{"12":{"x":6.24,"y":1.39,"scaleX":1.005,"rotation":-1.73,"width":62,"height":32}},"13":{"13":{"type":"weightedmesh","uvs":[0.93585,0.11359,1,0.22307,1,0.54768,1,0.91767,0.95174,1,0.36417,1,0.07223,1,0,0.90634,0,0.52618,0,0.24194,0.07488,0.09849,0.18614,0,0.36115,0,0.84313,0,0.34305,0.50898],"triangles":[14,0,1,14,10,12,12,10,11,9,10,14,8,9,14,2,14,1,14,12,13,14,13,0,14,2,3,5,6,14,14,4,5,3,4,14,7,8,14,6,7,14],"vertices":[1,3,16.02,-32.95,1,2,2,27.67,-37.37,0.12,3,11.66,-36.63,0.88,2,2,14.71,-36.57,0.55058,3,-1.30999,-36.72,0.4494,2,2,-0.05,-35.66999,0.89,3,-16.11,-36.81,0.11,1,2,-3.17,-32.72,1,2,2,-1.12,0.7,0.99997,3,-19.64,-0.58999,2.0E-5,1,2,-0.11,17.31,1,1,2,3.87,21.19,1,2,2,19.04999,20.26,0.57509,3,-0.83,20.28,0.4249,2,2,30.4,19.56,0.19905,3,10.53,20.35,0.80094,2,2,35.87,14.95,0.04,3,16.29999,16.12,0.96,1,3,20.28,9.81,1,1,3,20.35,-0.16,1,1,3,20.53,-27.63,1,2,2,18.54,0.7,0.5,3,-0.01,0.73,0.5],"hull":14}},"14":{"14":{"type":"mesh","uvs":[1,1,0,1,0,0,1,0],"triangles":[1,2,3,1,3,0],"vertices":[30.6,25,9.54,-26.88,-17.32,-15.97,3.73,35.91],"hull":4}},"14 _1":{"14 _1":{"type":"weightedmesh","uvs":[1,0.2371,1,0.5571,1,1,0.80944,1,0.52547,1,0.26967,1,0.12194,1,0,0.6321,0,0.3121,0,0,0.44002,0,1,0,0.47418,0.3371,0.49128,0.5971],"triangles":[5,6,7,13,5,7,3,4,13,5,13,4,1,3,13,3,1,2,12,0,1,13,12,1,7,8,12,7,12,13,10,11,0,8,9,10,12,10,0,8,10,12],"vertices":[3,22,5.4,11.7,0.64123,26,-1.59,11.71,0.32891,27,-8.78,11.43,0.02985,3,22,13.37,10.99,0.13117,26,6.37,10.98,0.45772,27,-0.79,10.96,0.4111,2,26,17.4,9.97,0.0297,27,10.25,10.3,0.97029,2,26,17.02,5.8,0.01252,27,10,6.12,0.98747,1,27,9.63,-0.11,1,2,26,15.94,-6.02,0.03016,27,9.3,-5.73,0.96983,2,26,15.64,-9.25,0.06157,27,9.10999,-8.97,0.93842,3,22,13.3,-11.08,0.10415,26,6.24,-11.09,0.42244,27,-0.23,-11.1,0.47339,3,22,5.33,-10.37,0.58961,26,-1.72,-10.35999,0.33492,27,-8.21,-10.63,0.07545,2,22,-2.43,-9.68,0.92757,26,-9.49,-9.66,0.07242,1,22,-1.58,-0.04,1,2,22,-0.49,12.22,0.83522,26,-7.49,12.24,0.16477,2,22,6.87,-0.03,0.5,26,-0.15,-0.03,0.5,2,26,6.35,-0.25,0.5,27,-0.46,-0.26,0.5],"hull":12}},"15":{"15":{"x":6.73,"y":0.46,"rotation":90.84,"width":21,"height":17}},"16":{"16":{"x":5.31,"y":1.48,"rotation":91.12,"width":20,"height":12}},"17":{"17":{"x":4.77,"y":0.8,"rotation":171.56,"width":51,"height":40}},"18":{"18":{"x":9.02,"y":1.2,"scaleX":0.981,"rotation":120.13,"width":24,"height":26}},"18_1":{"18_1":{"x":5.89,"y":1.14,"scaleX":0.969,"scaleY":0.943,"rotation":120.61,"width":27,"height":25}},"19":{"6":{"x":4.74,"y":0.14,"rotation":-60.79,"width":11,"height":12}},"2":{"2":{"x":8.7,"y":0.74,"rotation":157.07,"width":25,"height":18}},"20":{"6":{"x":4.74,"y":0.14,"rotation":-60.79,"width":11,"height":12}},"3":{"3":{"x":10.97,"y":0.71,"scaleX":0.917,"scaleY":0.941,"rotation":142.63,"width":29,"height":25}},"4":{"4":{"x":2.35,"y":-4.43,"rotation":-91.27,"width":20,"height":7}},"4_1":{"4_1":{"x":10.13,"y":-0.23,"scaleX":1.012,"scaleY":1.086,"rotation":93.54,"width":23,"height":29}},"5":{"5":{"x":11.23,"y":4.29,"rotation":-90.01,"width":58,"height":66}},"6":{"6":{"x":4.74,"y":0.14,"rotation":-60.79,"width":11,"height":12}},"7":{"7":{"x":4.35,"y":0.96,"rotation":-161.39,"width":44,"height":25}},"8":{"8":{"x":21.73,"y":-0.78,"rotation":-159.09,"width":48,"height":40}},"9":{"9":{"x":4.77,"y":2.77,"rotation":-163.73,"width":28,"height":18}},"shadow":{"shadow":{"x":-3.04,"y":0.27,"scaleX":1.03,"scaleY":1.03,"rotation":0.4,"width":85,"height":42}}}},"animations":{"wait_DL":{"slots":{"4":{"attachment":[{"time":0,"name":null},{"time":0.7333,"name":"4"},{"time":0.9333,"name":null},{"time":2,"name":null}]}},"bones":{"root":{"rotate":[{"time":0,"angle":0,"curve":"stepped"},{"time":0.5,"angle":0,"curve":"stepped"},{"time":1,"angle":0,"curve":"stepped"},{"time":1.5,"angle":0,"curve":"stepped"},{"time":2,"angle":0}],"translate":[{"time":0,"x":0,"y":0,"curve":"stepped"},{"time":0.5,"x":0,"y":0,"curve":"stepped"},{"time":1,"x":0,"y":0,"curve":"stepped"},{"time":1.5,"x":0,"y":0,"curve":"stepped"},{"time":2,"x":0,"y":0}],"scale":[{"time":0,"x":1,"y":1,"curve":"stepped"},{"time":0.5,"x":1,"y":1,"curve":"stepped"},{"time":1,"x":1,"y":1,"curve":"stepped"},{"time":1.5,"x":1,"y":1,"curve":"stepped"},{"time":2,"x":1,"y":1}]},"bone":{"rotate":[{"time":0,"angle":0,"curve":"stepped"},{"time":0.5,"angle":0,"curve":"stepped"},{"time":1,"angle":0,"curve":"stepped"},{"time":1.5,"angle":0,"curve":"stepped"},{"time":2,"angle":0}],"translate":[{"time":0,"x":0,"y":0,"curve":"stepped"},{"time":0.5,"x":0,"y":0,"curve":"stepped"},{"time":1,"x":0,"y":0,"curve":"stepped"},{"time":1.5,"x":0,"y":0,"curve":"stepped"},{"time":2,"x":0,"y":0}],"scale":[{"time":0,"x":1,"y":1,"curve":"stepped"},{"time":0.5,"x":1,"y":1,"curve":"stepped"},{"time":1,"x":1,"y":1,"curve":"stepped"},{"time":1.5,"x":1,"y":1,"curve":"stepped"},{"time":2,"x":1,"y":1}]},"13":{"rotate":[{"time":0,"angle":0,"curve":[0.25,0,0.75,1]},{"time":0.5,"angle":1.26,"curve":[0.25,0,0.75,1]},{"time":1,"angle":0},{"time":1.5,"angle":1.26,"curve":[0.25,0,0.75,1]},{"time":2,"angle":0}],"translate":[{"time":0,"x":0,"y":0,"curve":[0.25,0,0.75,1]},{"time":0.5,"x":1.3,"y":-5.74,"curve":[0.25,0,0.75,1]},{"time":1,"x":0,"y":0},{"time":1.5,"x":1.3,"y":-5.74,"curve":[0.25,0,0.75,1]},{"time":2,"x":0,"y":0}],"scale":[{"time":0,"x":1,"y":1,"curve":"stepped"},{"time":0.5,"x":1,"y":1,"curve":"stepped"},{"time":1,"x":1,"y":1,"curve":"stepped"},{"time":1.5,"x":1,"y":1,"curve":"stepped"},{"time":2,"x":1,"y":1}]},"bone2":{"rotate":[{"time":0,"angle":0},{"time":0.5,"angle":3.27},{"time":1,"angle":0},{"time":1.5,"angle":3.27},{"time":2,"angle":0}],"translate":[{"time":0,"x":0,"y":0},{"time":0.5,"x":-1.04,"y":0.02},{"time":1,"x":0,"y":0},{"time":1.5,"x":-1.04,"y":0.02},{"time":2,"x":0,"y":0}],"scale":[{"time":0,"x":1,"y":1,"curve":"stepped"},{"time":0.5,"x":1,"y":1,"curve":"stepped"},{"time":1,"x":1,"y":1,"curve":"stepped"},{"time":1.5,"x":1,"y":1,"curve":"stepped"},{"time":2,"x":1,"y":1}]},"5":{"rotate":[{"time":0,"angle":0},{"time":0.3333,"angle":-3.81},{"time":0.6666,"angle":9.42},{"time":1,"angle":0},{"time":1.3333,"angle":-3.81},{"time":1.6666,"angle":9.42},{"time":2,"angle":0}],"translate":[{"time":0,"x":0,"y":0},{"time":0.3333,"x":2.7,"y":-0.96},{"time":0.6666,"x":-4.96,"y":0.66},{"time":1,"x":0,"y":0},{"time":1.3333,"x":2.7,"y":-0.96},{"time":1.6666,"x":-4.96,"y":0.66},{"time":2,"x":0,"y":0}],"scale":[{"time":0,"x":1,"y":1},{"time":0.6666,"x":0.972,"y":1.035},{"time":1,"x":1,"y":1},{"time":1.6666,"x":0.972,"y":1.035},{"time":2,"x":1,"y":1}]},"4":{"rotate":[{"time":0,"angle":0,"curve":"stepped"},{"time":0.5,"angle":0},{"time":0.7333,"angle":-0.51},{"time":1,"angle":0,"curve":"stepped"},{"time":1.5,"angle":0},{"time":1.7333,"angle":-0.51},{"time":2,"angle":0}],"translate":[{"time":0,"x":0,"y":0,"curve":"stepped"},{"time":0.5,"x":0,"y":0},{"time":0.7333,"x":0.05,"y":0.09},{"time":1,"x":0,"y":0,"curve":"stepped"},{"time":1.5,"x":0,"y":0},{"time":1.7333,"x":0.05,"y":0.09},{"time":2,"x":0,"y":0}],"scale":[{"time":0,"x":1,"y":1},{"time":0.5,"x":0.963,"y":1.039},{"time":0.7333,"x":1.072,"y":0.975},{"time":1,"x":1,"y":1},{"time":1.5,"x":0.963,"y":1.039},{"time":1.7333,"x":1.072,"y":0.975},{"time":2,"x":1,"y":1}]},"1":{"rotate":[{"time":0,"angle":0},{"time":0.3333,"angle":13.61},{"time":0.6666,"angle":-3.7},{"time":1,"angle":0},{"time":1.3333,"angle":13.61},{"time":1.6666,"angle":-3.7},{"time":2,"angle":0}],"translate":[{"time":0,"x":0,"y":0},{"time":0.3333,"x":1.08,"y":0.98},{"time":0.6666,"x":-3.08,"y":1.98},{"time":1,"x":0,"y":0},{"time":1.3333,"x":1.08,"y":0.98},{"time":1.6666,"x":-3.08,"y":1.98},{"time":2,"x":0,"y":0}],"scale":[{"time":0,"x":1,"y":1,"curve":"stepped"},{"time":0.3333,"x":1,"y":1,"curve":"stepped"},{"time":0.6666,"x":1,"y":1,"curve":"stepped"},{"time":1,"x":1,"y":1,"curve":"stepped"},{"time":1.3333,"x":1,"y":1,"curve":"stepped"},{"time":1.6666,"x":1,"y":1,"curve":"stepped"},{"time":2,"x":1,"y":1}]},"17":{"rotate":[{"time":0,"angle":0},{"time":0.3333,"angle":-19.72},{"time":0.6666,"angle":-3.66},{"time":1,"angle":0},{"time":1.3333,"angle":-19.72},{"time":1.6666,"angle":-3.66},{"time":2,"angle":0}],"translate":[{"time":0,"x":0,"y":0},{"time":0.3333,"x":0.34,"y":-0.01},{"time":0.6666,"x":-3.23,"y":0.75},{"time":1,"x":0,"y":0},{"time":1.3333,"x":0.34,"y":-0.01},{"time":1.6666,"x":-3.23,"y":0.75},{"time":2,"x":0,"y":0}],"scale":[{"time":0,"x":1,"y":1,"curve":"stepped"},{"time":0.3333,"x":1,"y":1,"curve":"stepped"},{"time":0.6666,"x":1,"y":1,"curve":"stepped"},{"time":1,"x":1,"y":1,"curve":"stepped"},{"time":1.3333,"x":1,"y":1,"curve":"stepped"},{"time":1.6666,"x":1,"y":1,"curve":"stepped"},{"time":2,"x":1,"y":1}]},"3":{"rotate":[{"time":0,"angle":0},{"time":0.1333,"angle":1.35},{"time":0.2666,"angle":-3.23},{"time":0.4,"angle":4.06},{"time":0.5666,"angle":6.83},{"time":0.6666,"angle":0},{"time":0.8333,"angle":-6.24},{"time":1,"angle":0},{"time":1.1333,"angle":1.35},{"time":1.2666,"angle":-3.23},{"time":1.4,"angle":4.06},{"time":1.5666,"angle":6.83},{"time":1.6666,"angle":0},{"time":1.8333,"angle":-6.24},{"time":2,"angle":0}],"translate":[{"time":0,"x":0,"y":0,"curve":"stepped"},{"time":0.1333,"x":0,"y":0,"curve":"stepped"},{"time":0.2666,"x":0,"y":0,"curve":"stepped"},{"time":0.4,"x":0,"y":0,"curve":"stepped"},{"time":0.5666,"x":0,"y":0,"curve":"stepped"},{"time":0.6666,"x":0,"y":0,"curve":"stepped"},{"time":0.8333,"x":0,"y":0,"curve":"stepped"},{"time":1,"x":0,"y":0,"curve":"stepped"},{"time":1.1333,"x":0,"y":0,"curve":"stepped"},{"time":1.2666,"x":0,"y":0,"curve":"stepped"},{"time":1.4,"x":0,"y":0,"curve":"stepped"},{"time":1.5666,"x":0,"y":0,"curve":"stepped"},{"time":1.6666,"x":0,"y":0,"curve":"stepped"},{"time":1.8333,"x":0,"y":0,"curve":"stepped"},{"time":2,"x":0,"y":0}],"scale":[{"time":0,"x":1,"y":1,"curve":"stepped"},{"time":0.1333,"x":1,"y":1,"curve":"stepped"},{"time":0.2666,"x":1,"y":1,"curve":"stepped"},{"time":0.4,"x":1,"y":1,"curve":"stepped"},{"time":0.5666,"x":1,"y":1,"curve":"stepped"},{"time":0.6666,"x":1,"y":1,"curve":"stepped"},{"time":0.8333,"x":1,"y":1,"curve":"stepped"},{"time":1,"x":1,"y":1,"curve":"stepped"},{"time":1.1333,"x":1,"y":1,"curve":"stepped"},{"time":1.2666,"x":1,"y":1,"curve":"stepped"},{"time":1.4,"x":1,"y":1,"curve":"stepped"},{"time":1.5666,"x":1,"y":1,"curve":"stepped"},{"time":1.6666,"x":1,"y":1,"curve":"stepped"},{"time":1.8333,"x":1,"y":1,"curve":"stepped"},{"time":2,"x":1,"y":1}]},"6":{"rotate":[{"time":0,"angle":0},{"time":0.1333,"angle":8.96},{"time":0.2666,"angle":10.74},{"time":0.4,"angle":-7.83},{"time":0.5666,"angle":-9.64},{"time":0.6666,"angle":2.51},{"time":0.8333,"angle":18.39},{"time":1,"angle":0},{"time":1.1333,"angle":8.96},{"time":1.2666,"angle":10.74},{"time":1.4,"angle":-7.83},{"time":1.5666,"angle":-9.64},{"time":1.6666,"angle":2.51},{"time":1.8333,"angle":18.39},{"time":2,"angle":0}],"translate":[{"time":0,"x":0,"y":0,"curve":"stepped"},{"time":0.1333,"x":0,"y":0,"curve":"stepped"},{"time":0.2666,"x":0,"y":0,"curve":"stepped"},{"time":0.4,"x":0,"y":0,"curve":"stepped"},{"time":0.5666,"x":0,"y":0,"curve":"stepped"},{"time":0.6666,"x":0,"y":0,"curve":"stepped"},{"time":0.8333,"x":0,"y":0,"curve":"stepped"},{"time":1,"x":0,"y":0,"curve":"stepped"},{"time":1.1333,"x":0,"y":0,"curve":"stepped"},{"time":1.2666,"x":0,"y":0,"curve":"stepped"},{"time":1.4,"x":0,"y":0,"curve":"stepped"},{"time":1.5666,"x":0,"y":0,"curve":"stepped"},{"time":1.6666,"x":0,"y":0,"curve":"stepped"},{"time":1.8333,"x":0,"y":0,"curve":"stepped"},{"time":2,"x":0,"y":0}],"scale":[{"time":0,"x":1,"y":1,"curve":"stepped"},{"time":0.1333,"x":1,"y":1,"curve":"stepped"},{"time":0.2666,"x":1,"y":1,"curve":"stepped"},{"time":0.4,"x":1,"y":1,"curve":"stepped"},{"time":0.5666,"x":1,"y":1,"curve":"stepped"},{"time":0.6666,"x":1,"y":1,"curve":"stepped"},{"time":0.8333,"x":1,"y":1,"curve":"stepped"},{"time":1,"x":1,"y":1,"curve":"stepped"},{"time":1.1333,"x":1,"y":1,"curve":"stepped"},{"time":1.2666,"x":1,"y":1,"curve":"stepped"},{"time":1.4,"x":1,"y":1,"curve":"stepped"},{"time":1.5666,"x":1,"y":1,"curve":"stepped"},{"time":1.6666,"x":1,"y":1,"curve":"stepped"},{"time":1.8333,"x":1,"y":1,"curve":"stepped"},{"time":2,"x":1,"y":1}]},"2":{"rotate":[{"time":0,"angle":0},{"time":0.1333,"angle":-7.88},{"time":0.2666,"angle":0},{"time":0.4,"angle":-12.47},{"time":0.5666,"angle":-26.07},{"time":0.6666,"angle":0,"curve":"stepped"},{"time":0.8333,"angle":0,"curve":"stepped"},{"time":1,"angle":0},{"time":1.1333,"angle":-7.88},{"time":1.2666,"angle":0},{"time":1.4,"angle":-12.47},{"time":1.5666,"angle":-26.07},{"time":1.6666,"angle":0,"curve":"stepped"},{"time":1.8333,"angle":0,"curve":"stepped"},{"time":2,"angle":0}],"translate":[{"time":0,"x":0,"y":0,"curve":"stepped"},{"time":0.1333,"x":0,"y":0,"curve":"stepped"},{"time":0.2666,"x":0,"y":0,"curve":"stepped"},{"time":0.4,"x":0,"y":0,"curve":"stepped"},{"time":0.5666,"x":0,"y":0,"curve":"stepped"},{"time":0.6666,"x":0,"y":0,"curve":"stepped"},{"time":0.8333,"x":0,"y":0,"curve":"stepped"},{"time":1,"x":0,"y":0,"curve":"stepped"},{"time":1.1333,"x":0,"y":0,"curve":"stepped"},{"time":1.2666,"x":0,"y":0,"curve":"stepped"},{"time":1.4,"x":0,"y":0,"curve":"stepped"},{"time":1.5666,"x":0,"y":0,"curve":"stepped"},{"time":1.6666,"x":0,"y":0,"curve":"stepped"},{"time":1.8333,"x":0,"y":0,"curve":"stepped"},{"time":2,"x":0,"y":0}],"scale":[{"time":0,"x":1,"y":1,"curve":"stepped"},{"time":0.1333,"x":1,"y":1,"curve":"stepped"},{"time":0.2666,"x":1,"y":1,"curve":"stepped"},{"time":0.4,"x":1,"y":1,"curve":"stepped"},{"time":0.5666,"x":1,"y":1,"curve":"stepped"},{"time":0.6666,"x":1,"y":1,"curve":"stepped"},{"time":0.8333,"x":1,"y":1,"curve":"stepped"},{"time":1,"x":1,"y":1,"curve":"stepped"},{"time":1.1333,"x":1,"y":1,"curve":"stepped"},{"time":1.2666,"x":1,"y":1,"curve":"stepped"},{"time":1.4,"x":1,"y":1,"curve":"stepped"},{"time":1.5666,"x":1,"y":1,"curve":"stepped"},{"time":1.6666,"x":1,"y":1,"curve":"stepped"},{"time":1.8333,"x":1,"y":1,"curve":"stepped"},{"time":2,"x":1,"y":1}]},"7":{"rotate":[{"time":0,"angle":0,"curve":"stepped"},{"time":0.1333,"angle":0,"curve":"stepped"},{"time":0.2666,"angle":0,"curve":"stepped"},{"time":0.4,"angle":0,"curve":"stepped"},{"time":0.5666,"angle":0,"curve":"stepped"},{"time":0.6666,"angle":0,"curve":"stepped"},{"time":0.8333,"angle":0,"curve":"stepped"},{"time":1,"angle":0,"curve":"stepped"},{"time":1.1333,"angle":0,"curve":"stepped"},{"time":1.2666,"angle":0,"curve":"stepped"},{"time":1.4,"angle":0,"curve":"stepped"},{"time":1.5666,"angle":0,"curve":"stepped"},{"time":1.6666,"angle":0,"curve":"stepped"},{"time":1.8333,"angle":0,"curve":"stepped"},{"time":2,"angle":0}],"translate":[{"time":0,"x":0,"y":0,"curve":"stepped"},{"time":0.1333,"x":0,"y":0,"curve":"stepped"},{"time":0.2666,"x":0,"y":0,"curve":"stepped"},{"time":0.4,"x":0,"y":0,"curve":"stepped"},{"time":0.5666,"x":0,"y":0,"curve":"stepped"},{"time":0.6666,"x":0,"y":0,"curve":"stepped"},{"time":0.8333,"x":0,"y":0,"curve":"stepped"},{"time":1,"x":0,"y":0,"curve":"stepped"},{"time":1.1333,"x":0,"y":0,"curve":"stepped"},{"time":1.2666,"x":0,"y":0,"curve":"stepped"},{"time":1.4,"x":0,"y":0,"curve":"stepped"},{"time":1.5666,"x":0,"y":0,"curve":"stepped"},{"time":1.6666,"x":0,"y":0,"curve":"stepped"},{"time":1.8333,"x":0,"y":0,"curve":"stepped"},{"time":2,"x":0,"y":0}],"scale":[{"time":0,"x":1,"y":1,"curve":"stepped"},{"time":0.1333,"x":1,"y":1,"curve":"stepped"},{"time":0.2666,"x":1,"y":1,"curve":"stepped"},{"time":0.4,"x":1,"y":1,"curve":"stepped"},{"time":0.5666,"x":1,"y":1,"curve":"stepped"},{"time":0.6666,"x":1,"y":1,"curve":"stepped"},{"time":0.8333,"x":1,"y":1,"curve":"stepped"},{"time":1,"x":1,"y":1,"curve":"stepped"},{"time":1.1333,"x":1,"y":1,"curve":"stepped"},{"time":1.2666,"x":1,"y":1,"curve":"stepped"},{"time":1.4,"x":1,"y":1,"curve":"stepped"},{"time":1.5666,"x":1,"y":1,"curve":"stepped"},{"time":1.6666,"x":1,"y":1,"curve":"stepped"},{"time":1.8333,"x":1,"y":1,"curve":"stepped"},{"time":2,"x":1,"y":1}]},"8":{"rotate":[{"time":0,"angle":0,"curve":"stepped"},{"time":0.1333,"angle":0,"curve":"stepped"},{"time":0.2666,"angle":0,"curve":"stepped"},{"time":0.4,"angle":0,"curve":"stepped"},{"time":0.5666,"angle":0,"curve":"stepped"},{"time":0.6666,"angle":0,"curve":"stepped"},{"time":0.8333,"angle":0,"curve":"stepped"},{"time":1,"angle":0,"curve":"stepped"},{"time":1.1333,"angle":0,"curve":"stepped"},{"time":1.2666,"angle":0,"curve":"stepped"},{"time":1.4,"angle":0,"curve":"stepped"},{"time":1.5666,"angle":0,"curve":"stepped"},{"time":1.6666,"angle":0,"curve":"stepped"},{"time":1.8333,"angle":0,"curve":"stepped"},{"time":2,"angle":0}],"translate":[{"time":0,"x":0,"y":0,"curve":"stepped"},{"time":0.1333,"x":0,"y":0,"curve":"stepped"},{"time":0.2666,"x":0,"y":0,"curve":"stepped"},{"time":0.4,"x":0,"y":0,"curve":"stepped"},{"time":0.5666,"x":0,"y":0,"curve":"stepped"},{"time":0.6666,"x":0,"y":0,"curve":"stepped"},{"time":0.8333,"x":0,"y":0,"curve":"stepped"},{"time":1,"x":0,"y":0,"curve":"stepped"},{"time":1.1333,"x":0,"y":0,"curve":"stepped"},{"time":1.2666,"x":0,"y":0,"curve":"stepped"},{"time":1.4,"x":0,"y":0,"curve":"stepped"},{"time":1.5666,"x":0,"y":0,"curve":"stepped"},{"time":1.6666,"x":0,"y":0,"curve":"stepped"},{"time":1.8333,"x":0,"y":0,"curve":"stepped"},{"time":2,"x":0,"y":0}],"scale":[{"time":0,"x":1,"y":1,"curve":"stepped"},{"time":0.1333,"x":1,"y":1,"curve":"stepped"},{"time":0.2666,"x":1,"y":1,"curve":"stepped"},{"time":0.4,"x":1,"y":1,"curve":"stepped"},{"time":0.5666,"x":1,"y":1,"curve":"stepped"},{"time":0.6666,"x":1,"y":1,"curve":"stepped"},{"time":0.8333,"x":1,"y":1,"curve":"stepped"},{"time":1,"x":1,"y":1,"curve":"stepped"},{"time":1.1333,"x":1,"y":1,"curve":"stepped"},{"time":1.2666,"x":1,"y":1,"curve":"stepped"},{"time":1.4,"x":1,"y":1,"curve":"stepped"},{"time":1.5666,"x":1,"y":1,"curve":"stepped"},{"time":1.6666,"x":1,"y":1,"curve":"stepped"},{"time":1.8333,"x":1,"y":1,"curve":"stepped"},{"time":2,"x":1,"y":1}]},"18":{"rotate":[{"time":0,"angle":-0.02},{"time":0.1333,"angle":11},{"time":0.2666,"angle":4.48},{"time":0.4,"angle":8.16},{"time":0.5666,"angle":-0.56},{"time":0.6666,"angle":0},{"time":0.8333,"angle":10.1},{"time":1,"angle":0},{"time":1.1333,"angle":11},{"time":1.2666,"angle":4.48},{"time":1.4,"angle":8.16},{"time":1.5666,"angle":-0.56},{"time":1.6666,"angle":0},{"time":1.8333,"angle":10.1},{"time":2,"angle":0}],"translate":[{"time":0,"x":0,"y":0,"curve":"stepped"},{"time":0.1333,"x":0,"y":0,"curve":"stepped"},{"time":0.2666,"x":0,"y":0,"curve":"stepped"},{"time":0.4,"x":0,"y":0,"curve":"stepped"},{"time":0.5666,"x":0,"y":0,"curve":"stepped"},{"time":0.6666,"x":0,"y":0,"curve":"stepped"},{"time":0.8333,"x":0,"y":0,"curve":"stepped"},{"time":1,"x":0,"y":0,"curve":"stepped"},{"time":1.1333,"x":0,"y":0,"curve":"stepped"},{"time":1.2666,"x":0,"y":0,"curve":"stepped"},{"time":1.4,"x":0,"y":0,"curve":"stepped"},{"time":1.5666,"x":0,"y":0,"curve":"stepped"},{"time":1.6666,"x":0,"y":0,"curve":"stepped"},{"time":1.8333,"x":0,"y":0,"curve":"stepped"},{"time":2,"x":0,"y":0}],"scale":[{"time":0,"x":1,"y":1},{"time":0.1333,"x":1.082,"y":1},{"time":0.2666,"x":1.13,"y":0.987},{"time":0.4,"x":1,"y":1.075},{"time":0.5666,"x":1,"y":1.077},{"time":0.6666,"x":1.038,"y":1.015},{"time":0.8333,"x":1.226,"y":0.964},{"time":1,"x":1,"y":1},{"time":1.1333,"x":1.082,"y":1},{"time":1.2666,"x":1.13,"y":0.987},{"time":1.4,"x":1,"y":1.075},{"time":1.5666,"x":1,"y":1.077},{"time":1.6666,"x":1.038,"y":1.015},{"time":1.8333,"x":1.226,"y":0.964},{"time":2,"x":1,"y":1}]},"19":{"rotate":[{"time":0,"angle":0},{"time":0.1333,"angle":-13.7},{"time":0.2666,"angle":0},{"time":0.4,"angle":-58.02},{"time":0.5666,"angle":-47.23},{"time":0.6666,"angle":0,"curve":"stepped"},{"time":0.8333,"angle":0,"curve":"stepped"},{"time":1,"angle":0},{"time":1.1333,"angle":-13.7},{"time":1.2666,"angle":0},{"time":1.4,"angle":-58.02},{"time":1.5666,"angle":-47.23},{"time":1.6666,"angle":0,"curve":"stepped"},{"time":1.8333,"angle":0,"curve":"stepped"},{"time":2,"angle":0}],"translate":[{"time":0,"x":0,"y":0,"curve":"stepped"},{"time":0.1333,"x":0,"y":0,"curve":"stepped"},{"time":0.2666,"x":0,"y":0,"curve":"stepped"},{"time":0.4,"x":0,"y":0,"curve":"stepped"},{"time":0.5666,"x":0,"y":0,"curve":"stepped"},{"time":0.6666,"x":0,"y":0,"curve":"stepped"},{"time":0.8333,"x":0,"y":0,"curve":"stepped"},{"time":1,"x":0,"y":0,"curve":"stepped"},{"time":1.1333,"x":0,"y":0,"curve":"stepped"},{"time":1.2666,"x":0,"y":0,"curve":"stepped"},{"time":1.4,"x":0,"y":0,"curve":"stepped"},{"time":1.5666,"x":0,"y":0,"curve":"stepped"},{"time":1.6666,"x":0,"y":0,"curve":"stepped"},{"time":1.8333,"x":0,"y":0,"curve":"stepped"},{"time":2,"x":0,"y":0}],"scale":[{"time":0,"x":1,"y":1,"curve":"stepped"},{"time":0.1333,"x":1,"y":1,"curve":"stepped"},{"time":0.2666,"x":1,"y":1,"curve":"stepped"},{"time":0.4,"x":1,"y":1,"curve":"stepped"},{"time":0.5666,"x":1,"y":1,"curve":"stepped"},{"time":0.6666,"x":1,"y":1,"curve":"stepped"},{"time":0.8333,"x":1,"y":1,"curve":"stepped"},{"time":1,"x":1,"y":1,"curve":"stepped"},{"time":1.1333,"x":1,"y":1,"curve":"stepped"},{"time":1.2666,"x":1,"y":1,"curve":"stepped"},{"time":1.4,"x":1,"y":1,"curve":"stepped"},{"time":1.5666,"x":1,"y":1,"curve":"stepped"},{"time":1.6666,"x":1,"y":1,"curve":"stepped"},{"time":1.8333,"x":1,"y":1,"curve":"stepped"},{"time":2,"x":1,"y":1}]},"9":{"rotate":[{"time":0,"angle":0,"curve":"stepped"},{"time":0.1333,"angle":0,"curve":"stepped"},{"time":0.2666,"angle":0},{"time":0.4,"angle":44.27},{"time":0.5666,"angle":23.96},{"time":0.6666,"angle":0,"curve":"stepped"},{"time":0.8333,"angle":0,"curve":"stepped"},{"time":1,"angle":0,"curve":"stepped"},{"time":1.1333,"angle":0,"curve":"stepped"},{"time":1.2666,"angle":0},{"time":1.4,"angle":44.27},{"time":1.5666,"angle":23.96},{"time":1.6666,"angle":0,"curve":"stepped"},{"time":1.8333,"angle":0,"curve":"stepped"},{"time":2,"angle":0}],"translate":[{"time":0,"x":0,"y":0,"curve":"stepped"},{"time":0.1333,"x":0,"y":0,"curve":"stepped"},{"time":0.2666,"x":0,"y":0,"curve":"stepped"},{"time":0.4,"x":0,"y":0,"curve":"stepped"},{"time":0.5666,"x":0,"y":0,"curve":"stepped"},{"time":0.6666,"x":0,"y":0,"curve":"stepped"},{"time":0.8333,"x":0,"y":0,"curve":"stepped"},{"time":1,"x":0,"y":0,"curve":"stepped"},{"time":1.1333,"x":0,"y":0,"curve":"stepped"},{"time":1.2666,"x":0,"y":0,"curve":"stepped"},{"time":1.4,"x":0,"y":0,"curve":"stepped"},{"time":1.5666,"x":0,"y":0,"curve":"stepped"},{"time":1.6666,"x":0,"y":0,"curve":"stepped"},{"time":1.8333,"x":0,"y":0,"curve":"stepped"},{"time":2,"x":0,"y":0}],"scale":[{"time":0,"x":1,"y":1,"curve":"stepped"},{"time":0.1333,"x":1,"y":1,"curve":"stepped"},{"time":0.2666,"x":1,"y":1,"curve":"stepped"},{"time":0.4,"x":1,"y":1,"curve":"stepped"},{"time":0.5666,"x":1,"y":1,"curve":"stepped"},{"time":0.6666,"x":1,"y":1,"curve":"stepped"},{"time":0.8333,"x":1,"y":1,"curve":"stepped"},{"time":1,"x":1,"y":1,"curve":"stepped"},{"time":1.1333,"x":1,"y":1,"curve":"stepped"},{"time":1.2666,"x":1,"y":1,"curve":"stepped"},{"time":1.4,"x":1,"y":1,"curve":"stepped"},{"time":1.5666,"x":1,"y":1,"curve":"stepped"},{"time":1.6666,"x":1,"y":1,"curve":"stepped"},{"time":1.8333,"x":1,"y":1,"curve":"stepped"},{"time":2,"x":1,"y":1}]},"10":{"rotate":[{"time":0,"angle":0,"curve":"stepped"},{"time":0.1333,"angle":0},{"time":0.2666,"angle":12.66},{"time":0.4,"angle":29.68},{"time":0.5666,"angle":11.49},{"time":0.6666,"angle":0},{"time":0.8333,"angle":26.34},{"time":1,"angle":0,"curve":"stepped"},{"time":1.1333,"angle":0},{"time":1.2666,"angle":12.66},{"time":1.4,"angle":29.68},{"time":1.5666,"angle":11.49},{"time":1.6666,"angle":0},{"time":1.8333,"angle":26.34},{"time":2,"angle":0}],"translate":[{"time":0,"x":0,"y":0,"curve":"stepped"},{"time":0.1333,"x":0,"y":0,"curve":"stepped"},{"time":0.2666,"x":0,"y":0,"curve":"stepped"},{"time":0.4,"x":0,"y":0,"curve":"stepped"},{"time":0.5666,"x":0,"y":0,"curve":"stepped"},{"time":0.6666,"x":0,"y":0,"curve":"stepped"},{"time":0.8333,"x":0,"y":0,"curve":"stepped"},{"time":1,"x":0,"y":0,"curve":"stepped"},{"time":1.1333,"x":0,"y":0,"curve":"stepped"},{"time":1.2666,"x":0,"y":0,"curve":"stepped"},{"time":1.4,"x":0,"y":0,"curve":"stepped"},{"time":1.5666,"x":0,"y":0,"curve":"stepped"},{"time":1.6666,"x":0,"y":0,"curve":"stepped"},{"time":1.8333,"x":0,"y":0,"curve":"stepped"},{"time":2,"x":0,"y":0}],"scale":[{"time":0,"x":1,"y":1,"curve":"stepped"},{"time":0.1333,"x":1,"y":1,"curve":"stepped"},{"time":0.2666,"x":1,"y":1,"curve":"stepped"},{"time":0.4,"x":1,"y":1,"curve":"stepped"},{"time":0.5666,"x":1,"y":1,"curve":"stepped"},{"time":0.6666,"x":1,"y":1,"curve":"stepped"},{"time":0.8333,"x":1,"y":1,"curve":"stepped"},{"time":1,"x":1,"y":1,"curve":"stepped"},{"time":1.1333,"x":1,"y":1,"curve":"stepped"},{"time":1.2666,"x":1,"y":1,"curve":"stepped"},{"time":1.4,"x":1,"y":1,"curve":"stepped"},{"time":1.5666,"x":1,"y":1,"curve":"stepped"},{"time":1.6666,"x":1,"y":1,"curve":"stepped"},{"time":1.8333,"x":1,"y":1,"curve":"stepped"},{"time":2,"x":1,"y":1}]},"12":{"rotate":[{"time":0,"angle":0,"curve":"stepped"},{"time":0.5,"angle":0,"curve":"stepped"},{"time":1,"angle":0,"curve":"stepped"},{"time":1.5,"angle":0,"curve":"stepped"},{"time":2,"angle":0}],"translate":[{"time":0,"x":0,"y":0,"curve":"stepped"},{"time":0.5,"x":0,"y":0,"curve":"stepped"},{"time":1,"x":0,"y":0,"curve":"stepped"},{"time":1.5,"x":0,"y":0,"curve":"stepped"},{"time":2,"x":0,"y":0}],"scale":[{"time":0,"x":1,"y":1,"curve":"stepped"},{"time":0.5,"x":1,"y":1,"curve":"stepped"},{"time":1,"x":1,"y":1,"curve":"stepped"},{"time":1.5,"x":1,"y":1,"curve":"stepped"},{"time":2,"x":1,"y":1}]},"14":{"rotate":[{"time":0,"angle":0,"curve":"stepped"},{"time":0.5,"angle":0,"curve":"stepped"},{"time":1,"angle":0,"curve":"stepped"},{"time":1.5,"angle":0,"curve":"stepped"},{"time":2,"angle":0}],"translate":[{"time":0,"x":0,"y":0,"curve":"stepped"},{"time":0.5,"x":0,"y":0,"curve":"stepped"},{"time":1,"x":0,"y":0,"curve":"stepped"},{"time":1.5,"x":0,"y":0,"curve":"stepped"},{"time":2,"x":0,"y":0}],"scale":[{"time":0,"x":1,"y":1,"curve":"stepped"},{"time":0.5,"x":1,"y":1,"curve":"stepped"},{"time":1,"x":1,"y":1,"curve":"stepped"},{"time":1.5,"x":1,"y":1,"curve":"stepped"},{"time":2,"x":1,"y":1}]},"11":{"rotate":[{"time":0,"angle":0},{"time":0.5,"angle":-17.68},{"time":1,"angle":0},{"time":1.5,"angle":-17.68},{"time":2,"angle":0}],"translate":[{"time":0,"x":0,"y":0},{"time":0.5,"x":2.15,"y":-3.13},{"time":1,"x":0,"y":0},{"time":1.5,"x":2.15,"y":-3.13},{"time":2,"x":0,"y":0}],"scale":[{"time":0,"x":1,"y":1},{"time":0.5,"x":0.864,"y":1},{"time":1,"x":1,"y":1},{"time":1.5,"x":0.864,"y":1},{"time":2,"x":1,"y":1}]},"15":{"rotate":[{"time":0,"angle":0},{"time":0.5,"angle":18.16},{"time":1,"angle":0},{"time":1.5,"angle":18.16},{"time":2,"angle":0}],"translate":[{"time":0,"x":0,"y":0,"curve":"stepped"},{"time":0.5,"x":0,"y":0,"curve":"stepped"},{"time":1,"x":0,"y":0,"curve":"stepped"},{"time":1.5,"x":0,"y":0,"curve":"stepped"},{"time":2,"x":0,"y":0}],"scale":[{"time":0,"x":1,"y":1,"curve":"stepped"},{"time":0.5,"x":1,"y":1,"curve":"stepped"},{"time":1,"x":1,"y":1,"curve":"stepped"},{"time":1.5,"x":1,"y":1,"curve":"stepped"},{"time":2,"x":1,"y":1}]},"16":{"rotate":[{"time":0,"angle":0},{"time":0.5,"angle":-13.92},{"time":1,"angle":0},{"time":1.5,"angle":-13.92},{"time":2,"angle":0}],"translate":[{"time":0,"x":0,"y":0},{"time":0.5,"x":0.42,"y":-1.88},{"time":1,"x":0,"y":0},{"time":1.5,"x":0.42,"y":-1.88},{"time":2,"x":0,"y":0}],"scale":[{"time":0,"x":1,"y":1},{"time":0.5,"x":0.891,"y":1},{"time":1,"x":1,"y":1},{"time":1.5,"x":0.891,"y":1},{"time":2,"x":1,"y":1}]},"20":{"rotate":[{"time":0,"angle":0},{"time":0.5,"angle":21.63},{"time":1,"angle":0},{"time":1.5,"angle":21.63},{"time":2,"angle":0}],"translate":[{"time":0,"x":0,"y":0,"curve":"stepped"},{"time":0.5,"x":0,"y":0,"curve":"stepped"},{"time":1,"x":0,"y":0,"curve":"stepped"},{"time":1.5,"x":0,"y":0,"curve":"stepped"},{"time":2,"x":0,"y":0}],"scale":[{"time":0,"x":1,"y":1,"curve":"stepped"},{"time":0.5,"x":1,"y":1,"curve":"stepped"},{"time":1,"x":1,"y":1,"curve":"stepped"},{"time":1.5,"x":1,"y":1,"curve":"stepped"},{"time":2,"x":1,"y":1}]},"shadow":{"rotate":[{"time":0,"angle":0,"curve":"stepped"},{"time":0.5,"angle":0,"curve":"stepped"},{"time":1,"angle":0,"curve":"stepped"},{"time":1.5,"angle":0,"curve":"stepped"},{"time":2,"angle":0}],"translate":[{"time":0,"x":0,"y":0,"curve":"stepped"},{"time":0.5,"x":0,"y":0,"curve":"stepped"},{"time":1,"x":0,"y":0,"curve":"stepped"},{"time":1.5,"x":0,"y":0,"curve":"stepped"},{"time":2,"x":0,"y":0}],"scale":[{"time":0,"x":1,"y":1},{"time":0.5,"x":1.118,"y":1.152},{"time":1,"x":1,"y":1},{"time":1.5,"x":1.118,"y":1.152},{"time":2,"x":1,"y":1}]},"14 _1":{"rotate":[{"time":0,"angle":0},{"time":0.2666,"angle":332.35},{"time":0.5,"angle":340.61},{"time":0.7333,"angle":351.32},{"time":1,"angle":0},{"time":1.2666,"angle":332.35},{"time":1.5,"angle":340.61},{"time":1.7333,"angle":351.32},{"time":2,"angle":0}],"translate":[{"time":0,"x":0,"y":0,"curve":"stepped"},{"time":1,"x":0,"y":0,"curve":"stepped"},{"time":2,"x":0,"y":0}],"scale":[{"time":0,"x":1,"y":1,"curve":"stepped"},{"time":1,"x":1,"y":1,"curve":"stepped"},{"time":2,"x":1,"y":1}]},"bone3":{"rotate":[{"time":0,"angle":0},{"time":0.2666,"angle":14.74},{"time":0.5,"angle":-22.35},{"time":0.7333,"angle":-17.31},{"time":1,"angle":0},{"time":1.2666,"angle":14.74},{"time":1.5,"angle":-22.35},{"time":1.7333,"angle":-17.31},{"time":2,"angle":0}],"translate":[{"time":0,"x":0,"y":0,"curve":"stepped"},{"time":1,"x":0,"y":0,"curve":"stepped"},{"time":2,"x":0,"y":0}],"scale":[{"time":0,"x":1,"y":1,"curve":"stepped"},{"time":1,"x":1,"y":1,"curve":"stepped"},{"time":2,"x":1,"y":1}]},"bone4":{"rotate":[{"time":0,"angle":0},{"time":0.2666,"angle":21.59},{"time":0.5,"angle":12.19},{"time":0.7333,"angle":-18.42},{"time":1,"angle":0},{"time":1.2666,"angle":21.59},{"time":1.5,"angle":12.19},{"time":1.7333,"angle":-18.42},{"time":2,"angle":0}],"translate":[{"time":0,"x":0,"y":0,"curve":"stepped"},{"time":1,"x":0,"y":0,"curve":"stepped"},{"time":2,"x":0,"y":0}],"scale":[{"time":0,"x":1,"y":1,"curve":"stepped"},{"time":1,"x":1,"y":1,"curve":"stepped"},{"time":2,"x":1,"y":1}]},"21":{"rotate":[{"time":0,"angle":0,"curve":"stepped"},{"time":0.1333,"angle":0},{"time":0.2666,"angle":5.77},{"time":0.4,"angle":11.87},{"time":0.5666,"angle":0,"curve":"stepped"},{"time":0.6666,"angle":0},{"time":0.8333,"angle":14.19},{"time":1,"angle":0,"curve":"stepped"},{"time":1.1333,"angle":0},{"time":1.2666,"angle":5.77},{"time":1.4,"angle":11.87},{"time":1.5666,"angle":0,"curve":"stepped"},{"time":1.6666,"angle":0},{"time":1.8333,"angle":14.19},{"time":2,"angle":0}],"translate":[{"time":0,"x":0,"y":0,"curve":"stepped"},{"time":0.1333,"x":0,"y":0,"curve":"stepped"},{"time":0.2666,"x":0,"y":0,"curve":"stepped"},{"time":0.4,"x":0,"y":0,"curve":"stepped"},{"time":0.5666,"x":0,"y":0,"curve":"stepped"},{"time":0.6666,"x":0,"y":0,"curve":"stepped"},{"time":0.8333,"x":0,"y":0,"curve":"stepped"},{"time":1,"x":0,"y":0,"curve":"stepped"},{"time":1.1333,"x":0,"y":0,"curve":"stepped"},{"time":1.2666,"x":0,"y":0,"curve":"stepped"},{"time":1.4,"x":0,"y":0,"curve":"stepped"},{"time":1.5666,"x":0,"y":0,"curve":"stepped"},{"time":1.6666,"x":0,"y":0,"curve":"stepped"},{"time":1.8333,"x":0,"y":0,"curve":"stepped"},{"time":2,"x":0,"y":0}],"scale":[{"time":0,"x":1,"y":1,"curve":"stepped"},{"time":0.1333,"x":1,"y":1,"curve":"stepped"},{"time":0.2666,"x":1,"y":1,"curve":"stepped"},{"time":0.4,"x":1,"y":1,"curve":"stepped"},{"time":0.5666,"x":1,"y":1,"curve":"stepped"},{"time":0.6666,"x":1,"y":1,"curve":"stepped"},{"time":0.8333,"x":1,"y":1,"curve":"stepped"},{"time":1,"x":1,"y":1,"curve":"stepped"},{"time":1.1333,"x":1,"y":1,"curve":"stepped"},{"time":1.2666,"x":1,"y":1,"curve":"stepped"},{"time":1.4,"x":1,"y":1,"curve":"stepped"},{"time":1.5666,"x":1,"y":1,"curve":"stepped"},{"time":1.6666,"x":1,"y":1,"curve":"stepped"},{"time":1.8333,"x":1,"y":1,"curve":"stepped"},{"time":2,"x":1,"y":1}]},"22":{"rotate":[{"time":0,"angle":0,"curve":"stepped"},{"time":0.1333,"angle":0},{"time":0.2666,"angle":-3.92},{"time":0.4,"angle":-8.74},{"time":0.5666,"angle":-24.5},{"time":0.6666,"angle":0},{"time":0.8333,"angle":1.94},{"time":1,"angle":0,"curve":"stepped"},{"time":1.1333,"angle":0},{"time":1.2666,"angle":-3.92},{"time":1.4,"angle":-8.74},{"time":1.5666,"angle":-24.5},{"time":1.6666,"angle":0},{"time":1.8333,"angle":1.94},{"time":2,"angle":0}],"translate":[{"time":0,"x":0,"y":0,"curve":"stepped"},{"time":0.1333,"x":0,"y":0,"curve":"stepped"},{"time":0.2666,"x":0,"y":0,"curve":"stepped"},{"time":0.4,"x":0,"y":0,"curve":"stepped"},{"time":0.5666,"x":0,"y":0,"curve":"stepped"},{"time":0.6666,"x":0,"y":0,"curve":"stepped"},{"time":0.8333,"x":0,"y":0,"curve":"stepped"},{"time":1,"x":0,"y":0,"curve":"stepped"},{"time":1.1333,"x":0,"y":0,"curve":"stepped"},{"time":1.2666,"x":0,"y":0,"curve":"stepped"},{"time":1.4,"x":0,"y":0,"curve":"stepped"},{"time":1.5666,"x":0,"y":0,"curve":"stepped"},{"time":1.6666,"x":0,"y":0,"curve":"stepped"},{"time":1.8333,"x":0,"y":0,"curve":"stepped"},{"time":2,"x":0,"y":0}],"scale":[{"time":0,"x":1,"y":1,"curve":"stepped"},{"time":0.1333,"x":1,"y":1,"curve":"stepped"},{"time":0.2666,"x":1,"y":1,"curve":"stepped"},{"time":0.4,"x":1,"y":1,"curve":"stepped"},{"time":0.5666,"x":1,"y":1,"curve":"stepped"},{"time":0.6666,"x":1,"y":1,"curve":"stepped"},{"time":0.8333,"x":1,"y":1,"curve":"stepped"},{"time":1,"x":1,"y":1,"curve":"stepped"},{"time":1.1333,"x":1,"y":1,"curve":"stepped"},{"time":1.2666,"x":1,"y":1,"curve":"stepped"},{"time":1.4,"x":1,"y":1,"curve":"stepped"},{"time":1.5666,"x":1,"y":1,"curve":"stepped"},{"time":1.6666,"x":1,"y":1,"curve":"stepped"},{"time":1.8333,"x":1,"y":1,"curve":"stepped"},{"time":2,"x":1,"y":1}]}},"ffd":{"default":{"14 _1":{"14 _1":[{"time":0},{"time":0.2666,"vertices":[-0.25518,-0.1025,-0.27295,-0.0335,-0.2682,0.06077,1.12324,0.15482,1.12531,-0.13893,1.01204,-0.51127,0,0,0,0,0.42617,-0.08622,0.3719,-0.22524,0.23254,-1.46254,-1.3145,-0.57694,-1.43216,-0.09844,-3.56513,-0.29909,-3.45625,0.9241,-1.53108,-0.615,-1.6377,-0.20102,-1.6092,0.36462,0,0,0,0,0,0,0,0,0,0,0,0,0,0,0,0,0.02616,-0.43401,-0.08621,-0.42617,0.66316,-0.88831,0.32371,-1.06022]},{"time":0.5,"vertices":[-1.83448,-0.00183,-1.69823,-0.69447,-1.79542,-0.37773,-0.51448,-0.825,-0.16491,-0.95832,-0.33455,-0.91303,-3.85911,-1.21066,-4.0139,-0.4969,-1.79093,-0.08649,-1.77728,0.23699,1.05593,0.33804,2.89453,0.19258,2.88199,-0.33107,1.26852,1.06441,1.43927,0.81896,1.81502,-1.13186,2.1083,-0.36279,2.0087,-0.736,1.27739,0.57841,0.96454,1.01806,1.1319,0.82802,0,0,0,0,0,0,0,0,0,0,-0.13395,-0.03105,-0.11233,-0.07934,1.24269,-0.80586,1.07752,-1.01618]},{"time":0.7333,"offset":6,"vertices":[-1.64787,-0.08348,-1.55015,-0.5658,-1.25906,-1.06702,-3.65577,1.59341,-3.98173,0.23114,-0.38755,-0.14146,-0.31477,-0.26676,2.51102,0.86606,3.40775,-0.51286,3.37531,0.69714,0,0,0,0,3.26796,0.71626,2.91167,1.64828,2.16244,2.5537,1.4897,0.48849,1.27952,0.90617,0.88739,1.29285,0,0,0,0,0,0,0,0,0,0,0,0,0,0,1.59729,0.43662,1.34797,0.9621]},{"time":1},{"time":1.2666,"vertices":[-0.25518,-0.1025,-0.27295,-0.0335,-0.2682,0.06077,1.12324,0.15482,1.12531,-0.13893,1.01204,-0.51127,0,0,0,0,0.42617,-0.08622,0.3719,-0.22524,0.23254,-1.46254,-1.3145,-0.57694,-1.43216,-0.09844,-3.56513,-0.29909,-3.45625,0.9241,-1.53108,-0.615,-1.6377,-0.20102,-1.6092,0.36462,0,0,0,0,0,0,0,0,0,0,0,0,0,0,0,0,0.02616,-0.43401,-0.08621,-0.42617,0.66316,-0.88831,0.32371,-1.06022]},{"time":1.5,"vertices":[-1.83448,-0.00183,-1.69823,-0.69447,-1.79542,-0.37773,-0.51448,-0.825,-0.16491,-0.95832,-0.33455,-0.91303,-3.85911,-1.21066,-4.0139,-0.4969,-1.79093,-0.08649,-1.77728,0.23699,1.05593,0.33804,2.89453,0.19258,2.88199,-0.33107,1.26852,1.06441,1.43927,0.81896,1.81502,-1.13186,2.1083,-0.36279,2.0087,-0.736,1.27739,0.57841,0.96454,1.01806,1.1319,0.82802,0,0,0,0,0,0,0,0,0,0,-0.13395,-0.03105,-0.11233,-0.07934,1.24269,-0.80586,1.07752,-1.01618]},{"time":1.7333,"offset":6,"vertices":[-1.64787,-0.08348,-1.55015,-0.5658,-1.25906,-1.06702,-3.65577,1.59341,-3.98173,0.23114,-0.38755,-0.14146,-0.31477,-0.26676,2.51102,0.86606,3.40775,-0.51286,3.37531,0.69714,0,0,0,0,3.26796,0.71626,2.91167,1.64828,2.16244,2.5537,1.4897,0.48849,1.27952,0.90617,0.88739,1.29285,0,0,0,0,0,0,0,0,0,0,0,0,0,0,1.59729,0.43662,1.34797,0.9621]},{"time":2}]}}}},"wait_special_DL":{"slots":{"4":{"attachment":[{"time":0,"name":null},{"time":0.3333,"name":null},{"time":0.5,"name":null},{"time":0.7333,"name":null},{"time":0.9333,"name":null},{"time":1.1333,"name":"4"},{"time":1.3666,"name":null},{"time":1.4666,"name":null},{"time":1.8,"name":null},{"time":2.1333,"name":null},{"time":2.3,"name":null},{"time":2.6333,"name":null}]}},"bones":{"bone4":{"rotate":[{"time":0,"angle":0},{"time":0.3333,"angle":12.19},{"time":0.5,"angle":-11.68},{"time":0.7333,"angle":14.84},{"time":0.9333,"angle":17.67},{"time":1.1333,"angle":0},{"time":1.2666,"angle":-19.22},{"time":1.4666,"angle":-3.25},{"time":1.6,"angle":16.25},{"time":1.8,"angle":18.78},{"time":1.9333,"angle":-1.66},{"time":2.1333,"angle":-11.69},{"time":2.3,"angle":20.15},{"time":2.6333,"angle":0}],"translate":[{"time":0,"x":0,"y":0,"curve":"stepped"},{"time":0.3333,"x":0,"y":0,"curve":"stepped"},{"time":0.5,"x":0,"y":0,"curve":"stepped"},{"time":0.7333,"x":0,"y":0,"curve":"stepped"},{"time":0.9333,"x":0,"y":0,"curve":"stepped"},{"time":1.1333,"x":0,"y":0,"curve":"stepped"},{"time":1.4666,"x":0,"y":0,"curve":"stepped"},{"time":1.8,"x":0,"y":0,"curve":"stepped"},{"time":2.1333,"x":0,"y":0,"curve":"stepped"},{"time":2.3,"x":0,"y":0,"curve":"stepped"},{"time":2.6333,"x":0,"y":0}],"scale":[{"time":0,"x":1,"y":1,"curve":"stepped"},{"time":0.3333,"x":1,"y":1,"curve":"stepped"},{"time":0.5,"x":1,"y":1,"curve":"stepped"},{"time":0.7333,"x":1,"y":1,"curve":"stepped"},{"time":0.9333,"x":1,"y":1,"curve":"stepped"},{"time":1.1333,"x":1,"y":1,"curve":"stepped"},{"time":1.4666,"x":1,"y":1,"curve":"stepped"},{"time":1.8,"x":1,"y":1,"curve":"stepped"},{"time":2.1333,"x":1,"y":1,"curve":"stepped"},{"time":2.3,"x":1,"y":1,"curve":"stepped"},{"time":2.6333,"x":1,"y":1}]},"17":{"rotate":[{"time":0,"angle":0,"curve":"stepped"},{"time":0.3333,"angle":0},{"time":0.5,"angle":-50.4},{"time":0.7333,"angle":-61.52},{"time":0.9333,"angle":-50.4},{"time":1.1333,"angle":-63.44},{"time":1.4666,"angle":-50.4},{"time":1.8,"angle":-63.44},{"time":2.1333,"angle":-50.4},{"time":2.3,"angle":-63.44},{"time":2.6333,"angle":0}],"translate":[{"time":0,"x":0,"y":0,"curve":"stepped"},{"time":0.3333,"x":0,"y":0},{"time":0.5,"x":-3.78,"y":-0.14,"curve":"stepped"},{"time":0.7333,"x":-3.78,"y":-0.14,"curve":"stepped"},{"time":0.9333,"x":-3.78,"y":-0.14,"curve":"stepped"},{"time":1.1333,"x":-3.78,"y":-0.14,"curve":"stepped"},{"time":1.4666,"x":-3.78,"y":-0.14,"curve":"stepped"},{"time":1.8,"x":-3.78,"y":-0.14,"curve":"stepped"},{"time":2.1333,"x":-3.78,"y":-0.14,"curve":"stepped"},{"time":2.3,"x":-3.78,"y":-0.14},{"time":2.6333,"x":0,"y":0}],"scale":[{"time":0,"x":1,"y":1,"curve":"stepped"},{"time":0.3333,"x":1,"y":1,"curve":"stepped"},{"time":0.5,"x":1,"y":1,"curve":"stepped"},{"time":0.7333,"x":1,"y":1,"curve":"stepped"},{"time":0.9333,"x":1,"y":1,"curve":"stepped"},{"time":1.1333,"x":1,"y":1,"curve":"stepped"},{"time":1.4666,"x":1,"y":1,"curve":"stepped"},{"time":1.8,"x":1,"y":1,"curve":"stepped"},{"time":2.1333,"x":1,"y":1,"curve":"stepped"},{"time":2.3,"x":1,"y":1,"curve":"stepped"},{"time":2.6333,"x":1,"y":1}]},"11":{"rotate":[{"time":0,"angle":0},{"time":0.3333,"angle":-17.68},{"time":0.5,"angle":15.57},{"time":0.7333,"angle":-0.19},{"time":0.9333,"angle":15.57},{"time":1.1333,"angle":12.79},{"time":1.4666,"angle":15.57},{"time":1.8,"angle":12.79},{"time":2.1333,"angle":15.57},{"time":2.3,"angle":12.79},{"time":2.6333,"angle":0}],"translate":[{"time":0,"x":0,"y":0},{"time":0.3333,"x":2.15,"y":-3.13},{"time":0.5,"x":0,"y":0,"curve":"stepped"},{"time":0.7333,"x":0,"y":0,"curve":"stepped"},{"time":0.9333,"x":0,"y":0},{"time":1.1333,"x":0.12,"y":-0.68},{"time":1.4666,"x":0,"y":0},{"time":1.8,"x":0.12,"y":-0.68},{"time":2.1333,"x":0,"y":0},{"time":2.3,"x":0.12,"y":-0.68},{"time":2.6333,"x":0,"y":0}],"scale":[{"time":0,"x":1,"y":1},{"time":0.3333,"x":0.864,"y":1},{"time":0.5,"x":1.119,"y":0.954},{"time":0.7333,"x":1.155,"y":0.954},{"time":0.9333,"x":1.119,"y":0.954,"curve":"stepped"},{"time":1.1333,"x":1.119,"y":0.954,"curve":"stepped"},{"time":1.4666,"x":1.119,"y":0.954,"curve":"stepped"},{"time":1.8,"x":1.119,"y":0.954,"curve":"stepped"},{"time":2.1333,"x":1.119,"y":0.954,"curve":"stepped"},{"time":2.3,"x":1.119,"y":0.954},{"time":2.6333,"x":1,"y":1}]},"6":{"rotate":[{"time":0,"angle":0.08},{"time":0.3333,"angle":-32.02},{"time":0.3666,"angle":-102.81},{"time":0.5,"angle":172.55},{"time":0.7333,"angle":76.86},{"time":0.9333,"angle":78.29},{"time":1.1333,"angle":124.9},{"time":1.2666,"angle":117.82},{"time":1.4666,"angle":78.29},{"time":1.6,"angle":77.18},{"time":1.8,"angle":124.9},{"time":1.9333,"angle":138.35},{"time":2.1333,"angle":78.29},{"time":2.3,"angle":68.52},{"time":2.3666,"angle":189.14},{"time":2.4333,"angle":-80.03},{"time":2.6333,"angle":0}],"translate":[{"time":0,"x":0,"y":0,"curve":"stepped"},{"time":0.3333,"x":0,"y":0,"curve":"stepped"},{"time":0.3666,"x":0,"y":0,"curve":"stepped"},{"time":0.5,"x":0,"y":0,"curve":"stepped"},{"time":0.7333,"x":0,"y":0,"curve":"stepped"},{"time":0.9333,"x":0,"y":0,"curve":"stepped"},{"time":1.1333,"x":0,"y":0,"curve":"stepped"},{"time":1.4666,"x":0,"y":0,"curve":"stepped"},{"time":1.8,"x":0,"y":0,"curve":"stepped"},{"time":2.1333,"x":0,"y":0,"curve":"stepped"},{"time":2.3,"x":0,"y":0,"curve":"stepped"},{"time":2.6333,"x":0,"y":0}],"scale":[{"time":0,"x":1,"y":1,"curve":"stepped"},{"time":0.3333,"x":1,"y":1,"curve":"stepped"},{"time":0.3666,"x":1,"y":1,"curve":"stepped"},{"time":0.5,"x":1,"y":1,"curve":"stepped"},{"time":0.7333,"x":1,"y":1,"curve":"stepped"},{"time":0.9333,"x":1,"y":1,"curve":"stepped"},{"time":1.1333,"x":1,"y":1,"curve":"stepped"},{"time":1.4666,"x":1,"y":1,"curve":"stepped"},{"time":1.8,"x":1,"y":1,"curve":"stepped"},{"time":2.1333,"x":1,"y":1,"curve":"stepped"},{"time":2.3,"x":1,"y":1,"curve":"stepped"},{"time":2.6333,"x":1,"y":1}]},"22":{"rotate":[{"time":0,"angle":0},{"time":0.3333,"angle":83.6},{"time":0.5,"angle":122.79,"curve":"stepped"},{"time":0.7333,"angle":122.79,"curve":"stepped"},{"time":0.9333,"angle":122.79,"curve":"stepped"},{"time":1.1333,"angle":122.79,"curve":"stepped"},{"time":1.4666,"angle":122.79,"curve":"stepped"},{"time":1.8,"angle":122.79,"curve":"stepped"},{"time":2.1333,"angle":122.79,"curve":"stepped"},{"time":2.3,"angle":122.79},{"time":2.6333,"angle":0}],"translate":[{"time":0,"x":0,"y":0},{"time":0.3333,"x":-0.44,"y":-3.42,"curve":"stepped"},{"time":0.5,"x":-0.44,"y":-3.42,"curve":"stepped"},{"time":0.7333,"x":-0.44,"y":-3.42,"curve":"stepped"},{"time":0.9333,"x":-0.44,"y":-3.42,"curve":"stepped"},{"time":1.1333,"x":-0.44,"y":-3.42,"curve":"stepped"},{"time":1.4666,"x":-0.44,"y":-3.42,"curve":"stepped"},{"time":1.8,"x":-0.44,"y":-3.42,"curve":"stepped"},{"time":2.1333,"x":-0.44,"y":-3.42,"curve":"stepped"},{"time":2.3,"x":-0.44,"y":-3.42},{"time":2.6333,"x":0,"y":0}],"scale":[{"time":0,"x":1,"y":1,"curve":"stepped"},{"time":0.3333,"x":1,"y":1,"curve":"stepped"},{"time":0.5,"x":1,"y":1,"curve":"stepped"},{"time":0.7333,"x":1,"y":1,"curve":"stepped"},{"time":0.9333,"x":1,"y":1,"curve":"stepped"},{"time":1.1333,"x":1,"y":1,"curve":"stepped"},{"time":1.4666,"x":1,"y":1,"curve":"stepped"},{"time":1.8,"x":1,"y":1,"curve":"stepped"},{"time":2.1333,"x":1,"y":1,"curve":"stepped"},{"time":2.3,"x":1,"y":1,"curve":"stepped"},{"time":2.6333,"x":1,"y":1}]},"5":{"rotate":[{"time":0,"angle":0,"curve":"stepped"},{"time":0.3333,"angle":0},{"time":0.5,"angle":-8.11},{"time":0.7333,"angle":-9.82},{"time":0.9333,"angle":-8.11},{"time":1.1333,"angle":-3.51},{"time":1.4666,"angle":-8.11},{"time":1.8,"angle":-3.51},{"time":2.1333,"angle":-8.11},{"time":2.3,"angle":-3.51},{"time":2.6333,"angle":0}],"translate":[{"time":0,"x":0,"y":0,"curve":"stepped"},{"time":0.3333,"x":0,"y":0},{"time":0.5,"x":0.86,"y":-8.57},{"time":0.7333,"x":-0.26,"y":-7.04},{"time":0.9333,"x":0.86,"y":-8.57,"curve":"stepped"},{"time":1.1333,"x":0.86,"y":-8.57,"curve":"stepped"},{"time":1.4666,"x":0.86,"y":-8.57,"curve":"stepped"},{"time":1.8,"x":0.86,"y":-8.57,"curve":"stepped"},{"time":2.1333,"x":0.86,"y":-8.57,"curve":"stepped"},{"time":2.3,"x":0.86,"y":-8.57},{"time":2.6333,"x":0,"y":0}],"scale":[{"time":0,"x":1,"y":1,"curve":"stepped"},{"time":0.3333,"x":1,"y":1,"curve":"stepped"},{"time":0.5,"x":1,"y":1,"curve":"stepped"},{"time":0.7333,"x":1,"y":1,"curve":"stepped"},{"time":0.9333,"x":1,"y":1,"curve":"stepped"},{"time":1.1333,"x":1,"y":1,"curve":"stepped"},{"time":1.4666,"x":1,"y":1,"curve":"stepped"},{"time":1.8,"x":1,"y":1,"curve":"stepped"},{"time":2.1333,"x":1,"y":1,"curve":"stepped"},{"time":2.3,"x":1,"y":1,"curve":"stepped"},{"time":2.6333,"x":1,"y":1}]},"18":{"rotate":[{"time":0,"angle":0},{"time":0.3333,"angle":-8.66},{"time":0.5,"angle":-57.16},{"time":0.7333,"angle":-93.22},{"time":0.9333,"angle":-80.54},{"time":1.1333,"angle":-103.73},{"time":1.4666,"angle":-79.94},{"time":1.8,"angle":-103.73},{"time":2.1333,"angle":-79.94},{"time":2.3,"angle":-103.73},{"time":2.6333,"angle":-0.02}],"translate":[{"time":0,"x":0,"y":0,"curve":"stepped"},{"time":0.3333,"x":0,"y":0,"curve":"stepped"},{"time":0.5,"x":0,"y":0,"curve":"stepped"},{"time":0.7333,"x":0,"y":0,"curve":"stepped"},{"time":0.9333,"x":0,"y":0,"curve":"stepped"},{"time":1.1333,"x":0,"y":0,"curve":"stepped"},{"time":1.4666,"x":0,"y":0,"curve":"stepped"},{"time":1.8,"x":0,"y":0,"curve":"stepped"},{"time":2.1333,"x":0,"y":0,"curve":"stepped"},{"time":2.3,"x":0,"y":0,"curve":"stepped"},{"time":2.6333,"x":0,"y":0}],"scale":[{"time":0,"x":1,"y":1,"curve":"stepped"},{"time":0.3333,"x":1,"y":1,"curve":"stepped"},{"time":0.5,"x":1,"y":1,"curve":"stepped"},{"time":0.7333,"x":1,"y":1,"curve":"stepped"},{"time":0.9333,"x":1,"y":1,"curve":"stepped"},{"time":1.1333,"x":1,"y":1,"curve":"stepped"},{"time":1.4666,"x":1,"y":1,"curve":"stepped"},{"time":1.8,"x":1,"y":1,"curve":"stepped"},{"time":2.1333,"x":1,"y":1,"curve":"stepped"},{"time":2.3,"x":1,"y":1,"curve":"stepped"},{"time":2.6333,"x":1,"y":1}]},"1":{"rotate":[{"time":0,"angle":0,"curve":"stepped"},{"time":0.3333,"angle":0},{"time":0.5,"angle":48.52},{"time":0.7333,"angle":52.58},{"time":0.9333,"angle":54.93},{"time":1.1333,"angle":61.11},{"time":1.4666,"angle":54.93},{"time":1.8,"angle":61.11},{"time":2.1333,"angle":54.93},{"time":2.3,"angle":61.11},{"time":2.6333,"angle":0}],"translate":[{"time":0,"x":0,"y":0,"curve":"stepped"},{"time":0.3333,"x":0,"y":0,"curve":"stepped"},{"time":0.5,"x":0,"y":0,"curve":"stepped"},{"time":0.7333,"x":0,"y":0,"curve":"stepped"},{"time":0.9333,"x":0,"y":0,"curve":"stepped"},{"time":1.1333,"x":0,"y":0,"curve":"stepped"},{"time":1.4666,"x":0,"y":0,"curve":"stepped"},{"time":1.8,"x":0,"y":0,"curve":"stepped"},{"time":2.1333,"x":0,"y":0,"curve":"stepped"},{"time":2.3,"x":0,"y":0,"curve":"stepped"},{"time":2.6333,"x":0,"y":0}],"scale":[{"time":0,"x":1,"y":1,"curve":"stepped"},{"time":0.3333,"x":1,"y":1,"curve":"stepped"},{"time":0.5,"x":1,"y":1,"curve":"stepped"},{"time":0.7333,"x":1,"y":1,"curve":"stepped"},{"time":0.9333,"x":1,"y":1,"curve":"stepped"},{"time":1.1333,"x":1,"y":1,"curve":"stepped"},{"time":1.4666,"x":1,"y":1,"curve":"stepped"},{"time":1.8,"x":1,"y":1,"curve":"stepped"},{"time":2.1333,"x":1,"y":1,"curve":"stepped"},{"time":2.3,"x":1,"y":1,"curve":"stepped"},{"time":2.6333,"x":1,"y":1}]},"root":{"rotate":[{"time":0,"angle":0,"curve":"stepped"},{"time":0.3333,"angle":0,"curve":"stepped"},{"time":0.5,"angle":0,"curve":"stepped"},{"time":0.7333,"angle":0,"curve":"stepped"},{"time":0.9333,"angle":0,"curve":"stepped"},{"time":1.1333,"angle":0,"curve":"stepped"},{"time":1.4666,"angle":0,"curve":"stepped"},{"time":1.8,"angle":0,"curve":"stepped"},{"time":2.1333,"angle":0,"curve":"stepped"},{"time":2.3,"angle":0,"curve":"stepped"},{"time":2.6333,"angle":0}],"translate":[{"time":0,"x":0,"y":0,"curve":"stepped"},{"time":0.3333,"x":0,"y":0,"curve":"stepped"},{"time":0.5,"x":0,"y":0,"curve":"stepped"},{"time":0.7333,"x":0,"y":0,"curve":"stepped"},{"time":0.9333,"x":0,"y":0,"curve":"stepped"},{"time":1.1333,"x":0,"y":0,"curve":"stepped"},{"time":1.4666,"x":0,"y":0,"curve":"stepped"},{"time":1.8,"x":0,"y":0,"curve":"stepped"},{"time":2.1333,"x":0,"y":0,"curve":"stepped"},{"time":2.3,"x":0,"y":0,"curve":"stepped"},{"time":2.6333,"x":0,"y":0}],"scale":[{"time":0,"x":1,"y":1,"curve":"stepped"},{"time":0.3333,"x":1,"y":1,"curve":"stepped"},{"time":0.5,"x":1,"y":1,"curve":"stepped"},{"time":0.7333,"x":1,"y":1,"curve":"stepped"},{"time":0.9333,"x":1,"y":1,"curve":"stepped"},{"time":1.1333,"x":1,"y":1,"curve":"stepped"},{"time":1.4666,"x":1,"y":1,"curve":"stepped"},{"time":1.8,"x":1,"y":1,"curve":"stepped"},{"time":2.1333,"x":1,"y":1,"curve":"stepped"},{"time":2.3,"x":1,"y":1,"curve":"stepped"},{"time":2.6333,"x":1,"y":1}]},"14 _1":{"rotate":[{"time":0,"angle":0},{"time":0.3333,"angle":-19.38},{"time":0.5,"angle":356.47},{"time":0.7333,"angle":0},{"time":0.9333,"angle":343.22},{"time":1.1333,"angle":335.56},{"time":1.4666,"angle":11.67},{"time":1.8,"angle":327.06},{"time":2.1333,"angle":0},{"time":2.3,"angle":-1.38},{"time":2.6333,"angle":0}],"translate":[{"time":0,"x":0,"y":0,"curve":"stepped"},{"time":0.3333,"x":0,"y":0,"curve":"stepped"},{"time":0.5,"x":0,"y":0,"curve":"stepped"},{"time":0.7333,"x":0,"y":0,"curve":"stepped"},{"time":0.9333,"x":0,"y":0,"curve":"stepped"},{"time":1.1333,"x":0,"y":0,"curve":"stepped"},{"time":1.4666,"x":0,"y":0,"curve":"stepped"},{"time":1.8,"x":0,"y":0,"curve":"stepped"},{"time":2.1333,"x":0,"y":0,"curve":"stepped"},{"time":2.3,"x":0,"y":0,"curve":"stepped"},{"time":2.6333,"x":0,"y":0}],"scale":[{"time":0,"x":1,"y":1,"curve":"stepped"},{"time":0.3333,"x":1,"y":1,"curve":"stepped"},{"time":0.5,"x":1,"y":1,"curve":"stepped"},{"time":0.7333,"x":1,"y":1,"curve":"stepped"},{"time":0.9333,"x":1,"y":1,"curve":"stepped"},{"time":1.1333,"x":1,"y":1,"curve":"stepped"},{"time":1.4666,"x":1,"y":1,"curve":"stepped"},{"time":1.8,"x":1,"y":1,"curve":"stepped"},{"time":2.1333,"x":1,"y":1,"curve":"stepped"},{"time":2.3,"x":1,"y":1,"curve":"stepped"},{"time":2.6333,"x":1,"y":1}]},"bone":{"rotate":[{"time":0,"angle":0,"curve":"stepped"},{"time":0.3333,"angle":0,"curve":"stepped"},{"time":0.5,"angle":0},{"time":0.7333,"angle":-4.42},{"time":0.9333,"angle":0,"curve":"stepped"},{"time":1.1333,"angle":0,"curve":"stepped"},{"time":1.4666,"angle":0,"curve":"stepped"},{"time":1.8,"angle":0,"curve":"stepped"},{"time":2.1333,"angle":0,"curve":"stepped"},{"time":2.3,"angle":0,"curve":"stepped"},{"time":2.6333,"angle":0}],"translate":[{"time":0,"x":0,"y":0,"curve":"stepped"},{"time":0.3333,"x":0,"y":0},{"time":0.5,"x":1.2,"y":2.4},{"time":0.7333,"x":9.3,"y":4.5},{"time":0.9333,"x":1.2,"y":2.4,"curve":"stepped"},{"time":1.1333,"x":1.2,"y":2.4,"curve":"stepped"},{"time":1.4666,"x":1.2,"y":2.4,"curve":"stepped"},{"time":1.8,"x":1.2,"y":2.4,"curve":"stepped"},{"time":2.1333,"x":1.2,"y":2.4,"curve":"stepped"},{"time":2.3,"x":1.2,"y":2.4},{"time":2.6333,"x":0,"y":0}],"scale":[{"time":0,"x":1,"y":1,"curve":"stepped"},{"time":0.3333,"x":1,"y":1,"curve":"stepped"},{"time":0.5,"x":1,"y":1,"curve":"stepped"},{"time":0.7333,"x":1,"y":1,"curve":"stepped"},{"time":0.9333,"x":1,"y":1,"curve":"stepped"},{"time":1.1333,"x":1,"y":1,"curve":"stepped"},{"time":1.4666,"x":1,"y":1,"curve":"stepped"},{"time":1.8,"x":1,"y":1,"curve":"stepped"},{"time":2.1333,"x":1,"y":1,"curve":"stepped"},{"time":2.3,"x":1,"y":1,"curve":"stepped"},{"time":2.6333,"x":1,"y":1}]},"21":{"rotate":[{"time":0,"angle":0},{"time":0.3333,"angle":95.19},{"time":0.5,"angle":126.13,"curve":"stepped"},{"time":0.7333,"angle":126.13,"curve":"stepped"},{"time":0.9333,"angle":126.13,"curve":"stepped"},{"time":1.1333,"angle":126.13,"curve":"stepped"},{"time":1.4666,"angle":126.13,"curve":"stepped"},{"time":1.8,"angle":126.13,"curve":"stepped"},{"time":2.1333,"angle":126.13,"curve":"stepped"},{"time":2.3,"angle":126.13},{"time":2.6333,"angle":0}],"translate":[{"time":0,"x":0,"y":0},{"time":0.3333,"x":0.46,"y":-5.1,"curve":"stepped"},{"time":0.5,"x":0.46,"y":-5.1,"curve":"stepped"},{"time":0.7333,"x":0.46,"y":-5.1,"curve":"stepped"},{"time":0.9333,"x":0.46,"y":-5.1,"curve":"stepped"},{"time":1.1333,"x":0.46,"y":-5.1,"curve":"stepped"},{"time":1.4666,"x":0.46,"y":-5.1,"curve":"stepped"},{"time":1.8,"x":0.46,"y":-5.1,"curve":"stepped"},{"time":2.1333,"x":0.46,"y":-5.1,"curve":"stepped"},{"time":2.3,"x":0.46,"y":-5.1},{"time":2.6333,"x":0,"y":0}],"scale":[{"time":0,"x":1,"y":1,"curve":"stepped"},{"time":0.3333,"x":1,"y":1,"curve":"stepped"},{"time":0.5,"x":1,"y":1,"curve":"stepped"},{"time":0.7333,"x":1,"y":1,"curve":"stepped"},{"time":0.9333,"x":1,"y":1,"curve":"stepped"},{"time":1.1333,"x":1,"y":1,"curve":"stepped"},{"time":1.4666,"x":1,"y":1,"curve":"stepped"},{"time":1.8,"x":1,"y":1,"curve":"stepped"},{"time":2.1333,"x":1,"y":1,"curve":"stepped"},{"time":2.3,"x":1,"y":1,"curve":"stepped"},{"time":2.6333,"x":1,"y":1}]},"14":{"rotate":[{"time":0,"angle":0,"curve":"stepped"},{"time":0.3333,"angle":0,"curve":"stepped"},{"time":0.5,"angle":0,"curve":"stepped"},{"time":0.7333,"angle":0,"curve":"stepped"},{"time":0.9333,"angle":0,"curve":"stepped"},{"time":1.1333,"angle":0,"curve":"stepped"},{"time":1.4666,"angle":0,"curve":"stepped"},{"time":1.8,"angle":0,"curve":"stepped"},{"time":2.1333,"angle":0,"curve":"stepped"},{"time":2.3,"angle":0,"curve":"stepped"},{"time":2.6333,"angle":0}],"translate":[{"time":0,"x":0,"y":0,"curve":"stepped"},{"time":0.3333,"x":0,"y":0,"curve":"stepped"},{"time":0.5,"x":0,"y":0,"curve":"stepped"},{"time":0.7333,"x":0,"y":0,"curve":"stepped"},{"time":0.9333,"x":0,"y":0,"curve":"stepped"},{"time":1.1333,"x":0,"y":0,"curve":"stepped"},{"time":1.4666,"x":0,"y":0,"curve":"stepped"},{"time":1.8,"x":0,"y":0,"curve":"stepped"},{"time":2.1333,"x":0,"y":0,"curve":"stepped"},{"time":2.3,"x":0,"y":0,"curve":"stepped"},{"time":2.6333,"x":0,"y":0}],"scale":[{"time":0,"x":1,"y":1,"curve":"stepped"},{"time":0.3333,"x":1,"y":1,"curve":"stepped"},{"time":0.5,"x":1,"y":1,"curve":"stepped"},{"time":0.7333,"x":1,"y":1,"curve":"stepped"},{"time":0.9333,"x":1,"y":1,"curve":"stepped"},{"time":1.1333,"x":1,"y":1,"curve":"stepped"},{"time":1.4666,"x":1,"y":1,"curve":"stepped"},{"time":1.8,"x":1,"y":1,"curve":"stepped"},{"time":2.1333,"x":1,"y":1,"curve":"stepped"},{"time":2.3,"x":1,"y":1,"curve":"stepped"},{"time":2.6333,"x":1,"y":1}]},"8":{"rotate":[{"time":0,"angle":0,"curve":"stepped"},{"time":0.3333,"angle":0,"curve":"stepped"},{"time":0.3666,"angle":0,"curve":"stepped"},{"time":0.5,"angle":0,"curve":"stepped"},{"time":0.7333,"angle":0,"curve":"stepped"},{"time":0.9333,"angle":0,"curve":"stepped"},{"time":1.1333,"angle":0,"curve":"stepped"},{"time":1.4666,"angle":0,"curve":"stepped"},{"time":1.8,"angle":0,"curve":"stepped"},{"time":2.1333,"angle":0,"curve":"stepped"},{"time":2.3,"angle":0,"curve":"stepped"},{"time":2.6333,"angle":0}],"translate":[{"time":0,"x":0,"y":0,"curve":"stepped"},{"time":0.3333,"x":0,"y":0,"curve":"stepped"},{"time":0.3666,"x":0,"y":0,"curve":"stepped"},{"time":0.5,"x":0,"y":0,"curve":"stepped"},{"time":0.7333,"x":0,"y":0,"curve":"stepped"},{"time":0.9333,"x":0,"y":0,"curve":"stepped"},{"time":1.1333,"x":0,"y":0,"curve":"stepped"},{"time":1.4666,"x":0,"y":0,"curve":"stepped"},{"time":1.8,"x":0,"y":0,"curve":"stepped"},{"time":2.1333,"x":0,"y":0,"curve":"stepped"},{"time":2.3,"x":0,"y":0,"curve":"stepped"},{"time":2.6333,"x":0,"y":0}],"scale":[{"time":0,"x":1,"y":1,"curve":"stepped"},{"time":0.3333,"x":1,"y":1,"curve":"stepped"},{"time":0.3666,"x":1,"y":1,"curve":"stepped"},{"time":0.5,"x":1,"y":1,"curve":"stepped"},{"time":0.7333,"x":1,"y":1,"curve":"stepped"},{"time":0.9333,"x":1,"y":1,"curve":"stepped"},{"time":1.1333,"x":1,"y":1,"curve":"stepped"},{"time":1.4666,"x":1,"y":1,"curve":"stepped"},{"time":1.8,"x":1,"y":1,"curve":"stepped"},{"time":2.1333,"x":1,"y":1,"curve":"stepped"},{"time":2.3,"x":1,"y":1,"curve":"stepped"},{"time":2.6333,"x":1,"y":1}]},"19":{"rotate":[{"time":0,"angle":0},{"time":0.3333,"angle":-63.74},{"time":0.5,"angle":-1.72},{"time":0.7333,"angle":-3.01},{"time":0.9333,"angle":-28.11},{"time":1.1333,"angle":-49.03},{"time":1.4666,"angle":-1.72},{"time":1.8,"angle":-49.03},{"time":2.1333,"angle":-1.72},{"time":2.3,"angle":-49.03},{"time":2.6333,"angle":0}],"translate":[{"time":0,"x":0,"y":0,"curve":"stepped"},{"time":0.3333,"x":0,"y":0,"curve":"stepped"},{"time":0.5,"x":0,"y":0,"curve":"stepped"},{"time":0.7333,"x":0,"y":0,"curve":"stepped"},{"time":0.9333,"x":0,"y":0,"curve":"stepped"},{"time":1.1333,"x":0,"y":0,"curve":"stepped"},{"time":1.4666,"x":0,"y":0,"curve":"stepped"},{"time":1.8,"x":0,"y":0,"curve":"stepped"},{"time":2.1333,"x":0,"y":0,"curve":"stepped"},{"time":2.3,"x":0,"y":0,"curve":"stepped"},{"time":2.6333,"x":0,"y":0}],"scale":[{"time":0,"x":1,"y":1,"curve":"stepped"},{"time":0.3333,"x":1,"y":1,"curve":"stepped"},{"time":0.5,"x":1,"y":1,"curve":"stepped"},{"time":0.7333,"x":1,"y":1,"curve":"stepped"},{"time":0.9333,"x":1,"y":1,"curve":"stepped"},{"time":1.1333,"x":1,"y":1,"curve":"stepped"},{"time":1.4666,"x":1,"y":1,"curve":"stepped"},{"time":1.8,"x":1,"y":1,"curve":"stepped"},{"time":2.1333,"x":1,"y":1,"curve":"stepped"},{"time":2.3,"x":1,"y":1,"curve":"stepped"},{"time":2.6333,"x":1,"y":1}]},"20":{"rotate":[{"time":0,"angle":0},{"time":0.3333,"angle":21.63},{"time":0.5,"angle":16.74},{"time":0.7333,"angle":21.51},{"time":0.9333,"angle":16.74},{"time":1.1333,"angle":26.22},{"time":1.4666,"angle":16.74},{"time":1.8,"angle":26.22},{"time":2.1333,"angle":16.74},{"time":2.3,"angle":26.22},{"time":2.6333,"angle":0}],"translate":[{"time":0,"x":0,"y":0,"curve":"stepped"},{"time":0.3333,"x":0,"y":0,"curve":"stepped"},{"time":0.5,"x":0,"y":0,"curve":"stepped"},{"time":0.7333,"x":0,"y":0,"curve":"stepped"},{"time":0.9333,"x":0,"y":0},{"time":1.1333,"x":-1.15,"y":0.93},{"time":1.4666,"x":0,"y":0},{"time":1.8,"x":-1.15,"y":0.93},{"time":2.1333,"x":0,"y":0},{"time":2.3,"x":-1.15,"y":0.93},{"time":2.6333,"x":0,"y":0}],"scale":[{"time":0,"x":1,"y":1,"curve":"stepped"},{"time":0.3333,"x":1,"y":1,"curve":"stepped"},{"time":0.5,"x":1,"y":1,"curve":"stepped"},{"time":0.7333,"x":1,"y":1,"curve":"stepped"},{"time":0.9333,"x":1,"y":1,"curve":"stepped"},{"time":1.1333,"x":1,"y":1,"curve":"stepped"},{"time":1.4666,"x":1,"y":1,"curve":"stepped"},{"time":1.8,"x":1,"y":1,"curve":"stepped"},{"time":2.1333,"x":1,"y":1,"curve":"stepped"},{"time":2.3,"x":1,"y":1,"curve":"stepped"},{"time":2.6333,"x":1,"y":1}]},"bone2":{"rotate":[{"time":0,"angle":0},{"time":0.3333,"angle":9.86},{"time":0.5,"angle":2.86},{"time":0.7333,"angle":-7.18},{"time":0.9333,"angle":-6.05},{"time":1.1333,"angle":-2.16},{"time":1.4666,"angle":-6.05},{"time":1.8,"angle":-2.16},{"time":2.1333,"angle":-6.05},{"time":2.3,"angle":-2.16},{"time":2.6333,"angle":0}],"translate":[{"time":0,"x":0,"y":0},{"time":0.3333,"x":-1.04,"y":0.02},{"time":0.5,"x":-0.54,"y":0.03},{"time":0.7333,"x":1.45,"y":0.18},{"time":0.9333,"x":-0.54,"y":0.03,"curve":"stepped"},{"time":1.1333,"x":-0.54,"y":0.03,"curve":"stepped"},{"time":1.4666,"x":-0.54,"y":0.03,"curve":"stepped"},{"time":1.8,"x":-0.54,"y":0.03,"curve":"stepped"},{"time":2.1333,"x":-0.54,"y":0.03,"curve":"stepped"},{"time":2.3,"x":-0.54,"y":0.03},{"time":2.6333,"x":0,"y":0}],"scale":[{"time":0,"x":1,"y":1,"curve":"stepped"},{"time":0.3333,"x":1,"y":1,"curve":"stepped"},{"time":0.5,"x":1,"y":1,"curve":"stepped"},{"time":0.7333,"x":1,"y":1,"curve":"stepped"},{"time":0.9333,"x":1,"y":1,"curve":"stepped"},{"time":1.1333,"x":1,"y":1,"curve":"stepped"},{"time":1.4666,"x":1,"y":1,"curve":"stepped"},{"time":1.8,"x":1,"y":1,"curve":"stepped"},{"time":2.1333,"x":1,"y":1,"curve":"stepped"},{"time":2.3,"x":1,"y":1,"curve":"stepped"},{"time":2.6333,"x":1,"y":1}]},"2":{"rotate":[{"time":0,"angle":0},{"time":0.3333,"angle":-11.84},{"time":0.3666,"angle":37.12},{"time":0.5,"angle":59.91},{"time":0.7333,"angle":72.84},{"time":0.9333,"angle":9.2},{"time":1.1333,"angle":10.3},{"time":1.2666,"angle":59.67},{"time":1.4666,"angle":55.39},{"time":1.6,"angle":-2.98},{"time":1.8,"angle":10.3},{"time":1.9333,"angle":52.31},{"time":2.1333,"angle":55.39},{"time":2.3,"angle":10.3},{"time":2.4333,"angle":-25.52},{"time":2.6333,"angle":0}],"translate":[{"time":0,"x":0,"y":0,"curve":"stepped"},{"time":0.3333,"x":0,"y":0,"curve":"stepped"},{"time":0.3666,"x":0,"y":0,"curve":"stepped"},{"time":0.5,"x":0,"y":0,"curve":"stepped"},{"time":0.7333,"x":0,"y":0,"curve":"stepped"},{"time":0.9333,"x":0,"y":0,"curve":"stepped"},{"time":1.1333,"x":0,"y":0,"curve":"stepped"},{"time":1.4666,"x":0,"y":0,"curve":"stepped"},{"time":1.8,"x":0,"y":0,"curve":"stepped"},{"time":2.1333,"x":0,"y":0,"curve":"stepped"},{"time":2.3,"x":0,"y":0,"curve":"stepped"},{"time":2.6333,"x":0,"y":0}],"scale":[{"time":0,"x":1,"y":1,"curve":"stepped"},{"time":0.3333,"x":1,"y":1,"curve":"stepped"},{"time":0.3666,"x":1,"y":1,"curve":"stepped"},{"time":0.5,"x":1,"y":1,"curve":"stepped"},{"time":0.7333,"x":1,"y":1,"curve":"stepped"},{"time":0.9333,"x":1,"y":1,"curve":"stepped"},{"time":1.1333,"x":1,"y":1,"curve":"stepped"},{"time":1.4666,"x":1,"y":1,"curve":"stepped"},{"time":1.8,"x":1,"y":1,"curve":"stepped"},{"time":2.1333,"x":1,"y":1,"curve":"stepped"},{"time":2.3,"x":1,"y":1,"curve":"stepped"},{"time":2.6333,"x":1,"y":1}]},"4":{"rotate":[{"time":0,"angle":0,"curve":"stepped"},{"time":0.3333,"angle":0,"curve":"stepped"},{"time":0.5,"angle":0,"curve":"stepped"},{"time":0.7333,"angle":0,"curve":"stepped"},{"time":0.9333,"angle":0,"curve":"stepped"},{"time":1.1333,"angle":0,"curve":"stepped"},{"time":1.4666,"angle":0,"curve":"stepped"},{"time":1.8,"angle":0,"curve":"stepped"},{"time":2.1333,"angle":0,"curve":"stepped"},{"time":2.3,"angle":0,"curve":"stepped"},{"time":2.6333,"angle":0}],"translate":[{"time":0,"x":0,"y":0,"curve":"stepped"},{"time":0.3333,"x":0,"y":0,"curve":"stepped"},{"time":0.5,"x":0,"y":0,"curve":"stepped"},{"time":0.7333,"x":0,"y":0,"curve":"stepped"},{"time":0.9333,"x":0,"y":0,"curve":"stepped"},{"time":1.1333,"x":0,"y":0,"curve":"stepped"},{"time":1.4666,"x":0,"y":0,"curve":"stepped"},{"time":1.8,"x":0,"y":0,"curve":"stepped"},{"time":2.1333,"x":0,"y":0,"curve":"stepped"},{"time":2.3,"x":0,"y":0,"curve":"stepped"},{"time":2.6333,"x":0,"y":0}],"scale":[{"time":0,"x":1,"y":1},{"time":0.3333,"x":0.963,"y":1.039},{"time":0.5,"x":1,"y":1,"curve":"stepped"},{"time":0.7333,"x":1,"y":1,"curve":"stepped"},{"time":0.9333,"x":1,"y":1,"curve":"stepped"},{"time":1.1333,"x":1,"y":1,"curve":"stepped"},{"time":1.4666,"x":1,"y":1,"curve":"stepped"},{"time":1.8,"x":1,"y":1,"curve":"stepped"},{"time":2.1333,"x":1,"y":1,"curve":"stepped"},{"time":2.3,"x":1,"y":1,"curve":"stepped"},{"time":2.6333,"x":1,"y":1}]},"15":{"rotate":[{"time":0,"angle":0},{"time":0.3333,"angle":18.16},{"time":0.5,"angle":-2.29},{"time":0.7333,"angle":10.79},{"time":0.9333,"angle":-2.29},{"time":1.1333,"angle":-3.06},{"time":1.4666,"angle":-2.29},{"time":1.8,"angle":-3.06},{"time":2.1333,"angle":-2.29},{"time":2.3,"angle":-3.06},{"time":2.6333,"angle":0}],"translate":[{"time":0,"x":0,"y":0,"curve":"stepped"},{"time":0.3333,"x":0,"y":0,"curve":"stepped"},{"time":0.5,"x":0,"y":0,"curve":"stepped"},{"time":0.7333,"x":0,"y":0,"curve":"stepped"},{"time":0.9333,"x":0,"y":0},{"time":1.1333,"x":-0.05,"y":0.71},{"time":1.4666,"x":0,"y":0},{"time":1.8,"x":-0.05,"y":0.71},{"time":2.1333,"x":0,"y":0},{"time":2.3,"x":-0.05,"y":0.71},{"time":2.6333,"x":0,"y":0}],"scale":[{"time":0,"x":1,"y":1,"curve":"stepped"},{"time":0.3333,"x":1,"y":1,"curve":"stepped"},{"time":0.5,"x":1,"y":1,"curve":"stepped"},{"time":0.7333,"x":1,"y":1,"curve":"stepped"},{"time":0.9333,"x":1,"y":1,"curve":"stepped"},{"time":1.1333,"x":1,"y":1,"curve":"stepped"},{"time":1.4666,"x":1,"y":1,"curve":"stepped"},{"time":1.8,"x":1,"y":1,"curve":"stepped"},{"time":2.1333,"x":1,"y":1,"curve":"stepped"},{"time":2.3,"x":1,"y":1,"curve":"stepped"},{"time":2.6333,"x":1,"y":1}]},"shadow":{"rotate":[{"time":0,"angle":0,"curve":"stepped"},{"time":0.3333,"angle":0,"curve":"stepped"},{"time":0.5,"angle":0,"curve":"stepped"},{"time":0.7333,"angle":0,"curve":"stepped"},{"time":0.9333,"angle":0,"curve":"stepped"},{"time":1.1333,"angle":0,"curve":"stepped"},{"time":1.4666,"angle":0,"curve":"stepped"},{"time":1.8,"angle":0,"curve":"stepped"},{"time":2.1333,"angle":0,"curve":"stepped"},{"time":2.3,"angle":0,"curve":"stepped"},{"time":2.6333,"angle":0}],"translate":[{"time":0,"x":0,"y":0,"curve":"stepped"},{"time":0.3333,"x":0,"y":0,"curve":"stepped"},{"time":0.5,"x":0,"y":0},{"time":0.7333,"x":6.57,"y":0},{"time":0.9333,"x":0,"y":0,"curve":"stepped"},{"time":1.1333,"x":0,"y":0,"curve":"stepped"},{"time":1.4666,"x":0,"y":0,"curve":"stepped"},{"time":1.8,"x":0,"y":0,"curve":"stepped"},{"time":2.1333,"x":0,"y":0,"curve":"stepped"},{"time":2.3,"x":0,"y":0,"curve":"stepped"},{"time":2.6333,"x":0,"y":0}],"scale":[{"time":0,"x":1,"y":1},{"time":0.3333,"x":1.118,"y":1.152},{"time":0.5,"x":0.976,"y":1},{"time":0.7333,"x":0.93,"y":0.95},{"time":0.9333,"x":1,"y":1},{"time":1.1333,"x":1.051,"y":1.065},{"time":1.4666,"x":1,"y":1},{"time":1.8,"x":1.051,"y":1.065},{"time":2.1333,"x":1,"y":1},{"time":2.3,"x":1.051,"y":1.065},{"time":2.6333,"x":0.995,"y":0.995}]},"12":{"rotate":[{"time":0,"angle":0,"curve":"stepped"},{"time":0.3333,"angle":0,"curve":"stepped"},{"time":0.5,"angle":0,"curve":"stepped"},{"time":0.7333,"angle":0,"curve":"stepped"},{"time":0.9333,"angle":0,"curve":"stepped"},{"time":1.1333,"angle":0,"curve":"stepped"},{"time":1.4666,"angle":0,"curve":"stepped"},{"time":1.8,"angle":0,"curve":"stepped"},{"time":2.1333,"angle":0,"curve":"stepped"},{"time":2.3,"angle":0,"curve":"stepped"},{"time":2.6333,"angle":0}],"translate":[{"time":0,"x":0,"y":0,"curve":"stepped"},{"time":0.3333,"x":0,"y":0,"curve":"stepped"},{"time":0.5,"x":0,"y":0,"curve":"stepped"},{"time":0.7333,"x":0,"y":0,"curve":"stepped"},{"time":0.9333,"x":0,"y":0,"curve":"stepped"},{"time":1.1333,"x":0,"y":0,"curve":"stepped"},{"time":1.4666,"x":0,"y":0,"curve":"stepped"},{"time":1.8,"x":0,"y":0,"curve":"stepped"},{"time":2.1333,"x":0,"y":0,"curve":"stepped"},{"time":2.3,"x":0,"y":0,"curve":"stepped"},{"time":2.6333,"x":0,"y":0}],"scale":[{"time":0,"x":1,"y":1,"curve":"stepped"},{"time":0.3333,"x":1,"y":1,"curve":"stepped"},{"time":0.5,"x":1,"y":1,"curve":"stepped"},{"time":0.7333,"x":1,"y":1,"curve":"stepped"},{"time":0.9333,"x":1,"y":1,"curve":"stepped"},{"time":1.1333,"x":1,"y":1,"curve":"stepped"},{"time":1.4666,"x":1,"y":1,"curve":"stepped"},{"time":1.8,"x":1,"y":1,"curve":"stepped"},{"time":2.1333,"x":1,"y":1,"curve":"stepped"},{"time":2.3,"x":1,"y":1,"curve":"stepped"},{"time":2.6333,"x":1,"y":1}]},"bone3":{"rotate":[{"time":0,"angle":0},{"time":0.3333,"angle":-22.35},{"time":0.5,"angle":-9.15},{"time":0.7333,"angle":15.07},{"time":0.9333,"angle":10.69},{"time":1.1333,"angle":-20.56},{"time":1.2666,"angle":-15.7},{"time":1.4666,"angle":-5.89},{"time":1.6,"angle":11.29},{"time":1.8,"angle":12.78},{"time":1.9333,"angle":-23.82},{"time":2.1333,"angle":-9.63},{"time":2.3,"angle":18.1},{"time":2.6333,"angle":0}],"translate":[{"time":0,"x":0,"y":0,"curve":"stepped"},{"time":0.3333,"x":0,"y":0,"curve":"stepped"},{"time":0.5,"x":0,"y":0,"curve":"stepped"},{"time":0.7333,"x":0,"y":0,"curve":"stepped"},{"time":0.9333,"x":0,"y":0,"curve":"stepped"},{"time":1.1333,"x":0,"y":0,"curve":"stepped"},{"time":1.4666,"x":0,"y":0,"curve":"stepped"},{"time":1.8,"x":0,"y":0,"curve":"stepped"},{"time":2.1333,"x":0,"y":0,"curve":"stepped"},{"time":2.3,"x":0,"y":0,"curve":"stepped"},{"time":2.6333,"x":0,"y":0}],"scale":[{"time":0,"x":1,"y":1,"curve":"stepped"},{"time":0.3333,"x":1,"y":1,"curve":"stepped"},{"time":0.5,"x":1,"y":1,"curve":"stepped"},{"time":0.7333,"x":1,"y":1,"curve":"stepped"},{"time":0.9333,"x":1,"y":1,"curve":"stepped"},{"time":1.1333,"x":1,"y":1,"curve":"stepped"},{"time":1.4666,"x":1,"y":1,"curve":"stepped"},{"time":1.8,"x":1,"y":1,"curve":"stepped"},{"time":2.1333,"x":1,"y":1,"curve":"stepped"},{"time":2.3,"x":1,"y":1,"curve":"stepped"},{"time":2.6333,"x":1,"y":1}]},"3":{"rotate":[{"time":0,"angle":0},{"time":0.3333,"angle":25.41},{"time":0.3666,"angle":36.56},{"time":0.5,"angle":92.29},{"time":0.7333,"angle":106.43},{"time":0.9333,"angle":110.07},{"time":1.1333,"angle":127.43},{"time":1.2666,"angle":129.86},{"time":1.4666,"angle":110.07},{"time":1.6,"angle":124.65},{"time":1.8,"angle":127.43},{"time":1.9333,"angle":114.41},{"time":2.1333,"angle":110.07},{"time":2.3,"angle":136.41},{"time":2.4333,"angle":45.1},{"time":2.6333,"angle":0}],"translate":[{"time":0,"x":0,"y":0,"curve":"stepped"},{"time":0.3333,"x":0,"y":0},{"time":0.3666,"x":-0.43,"y":-2.83},{"time":0.5,"x":-2.61,"y":-16.99,"curve":"stepped"},{"time":0.7333,"x":-2.61,"y":-16.99,"curve":"stepped"},{"time":0.9333,"x":-2.61,"y":-16.99,"curve":"stepped"},{"time":1.1333,"x":-2.61,"y":-16.99,"curve":"stepped"},{"time":1.4666,"x":-2.61,"y":-16.99,"curve":"stepped"},{"time":1.8,"x":-2.61,"y":-16.99,"curve":"stepped"},{"time":2.1333,"x":-2.61,"y":-16.99,"curve":"stepped"},{"time":2.3,"x":-2.61,"y":-16.99},{"time":2.6333,"x":0,"y":0}],"scale":[{"time":0,"x":1,"y":1,"curve":"stepped"},{"time":0.3333,"x":1,"y":1},{"time":0.3666,"x":1.024,"y":0.99},{"time":0.5,"x":1.147,"y":0.944,"curve":"stepped"},{"time":0.7333,"x":1.147,"y":0.944,"curve":"stepped"},{"time":0.9333,"x":1.147,"y":0.944,"curve":"stepped"},{"time":1.1333,"x":1.147,"y":0.944,"curve":"stepped"},{"time":1.4666,"x":1.147,"y":0.944,"curve":"stepped"},{"time":1.8,"x":1.147,"y":0.944,"curve":"stepped"},{"time":2.1333,"x":1.147,"y":0.944,"curve":"stepped"},{"time":2.3,"x":1.147,"y":0.944},{"time":2.6333,"x":1,"y":1}]},"16":{"rotate":[{"time":0,"angle":0},{"time":0.3333,"angle":-13.92},{"time":0.5,"angle":-13.91},{"time":0.7333,"angle":-36.5},{"time":0.9333,"angle":-13.91},{"time":1.1333,"angle":-22.01},{"time":1.4666,"angle":-13.91},{"time":1.8,"angle":-22.01},{"time":2.1333,"angle":-13.91},{"time":2.3,"angle":-22.01},{"time":2.6333,"angle":0}],"translate":[{"time":0,"x":0,"y":0},{"time":0.3333,"x":0.42,"y":-1.88},{"time":0.5,"x":0,"y":0,"curve":"stepped"},{"time":0.7333,"x":0,"y":0,"curve":"stepped"},{"time":0.9333,"x":0,"y":0},{"time":1.1333,"x":0.53,"y":-1.53},{"time":1.4666,"x":0,"y":0},{"time":1.8,"x":0.53,"y":-1.53},{"time":2.1333,"x":0,"y":0},{"time":2.3,"x":0.53,"y":-1.53},{"time":2.6333,"x":0,"y":0}],"scale":[{"time":0,"x":1,"y":1},{"time":0.3333,"x":0.891,"y":1},{"time":0.5,"x":1.187,"y":1},{"time":0.7333,"x":1.219,"y":1},{"time":0.9333,"x":1.187,"y":1,"curve":"stepped"},{"time":1.1333,"x":1.187,"y":1,"curve":"stepped"},{"time":1.4666,"x":1.187,"y":1,"curve":"stepped"},{"time":1.8,"x":1.187,"y":1,"curve":"stepped"},{"time":2.1333,"x":1.187,"y":1,"curve":"stepped"},{"time":2.3,"x":1.187,"y":1},{"time":2.6333,"x":1,"y":1}]},"9":{"rotate":[{"time":0,"angle":0},{"time":0.3333,"angle":61.42},{"time":0.5,"angle":29.44},{"time":0.7333,"angle":44.37,"curve":"stepped"},{"time":0.9333,"angle":44.37},{"time":1.1333,"angle":48.1},{"time":1.4666,"angle":44.37},{"time":1.8,"angle":48.1},{"time":2.1333,"angle":44.37},{"time":2.3,"angle":48.1},{"time":2.6333,"angle":0}],"translate":[{"time":0,"x":0,"y":0,"curve":"stepped"},{"time":0.3333,"x":0,"y":0,"curve":"stepped"},{"time":0.5,"x":0,"y":0,"curve":"stepped"},{"time":0.7333,"x":0,"y":0,"curve":"stepped"},{"time":0.9333,"x":0,"y":0,"curve":"stepped"},{"time":1.1333,"x":0,"y":0,"curve":"stepped"},{"time":1.4666,"x":0,"y":0,"curve":"stepped"},{"time":1.8,"x":0,"y":0,"curve":"stepped"},{"time":2.1333,"x":0,"y":0,"curve":"stepped"},{"time":2.3,"x":0,"y":0,"curve":"stepped"},{"time":2.6333,"x":0,"y":0}],"scale":[{"time":0,"x":1,"y":1,"curve":"stepped"},{"time":0.3333,"x":1,"y":1,"curve":"stepped"},{"time":0.5,"x":1,"y":1,"curve":"stepped"},{"time":0.7333,"x":1,"y":1,"curve":"stepped"},{"time":0.9333,"x":1,"y":1,"curve":"stepped"},{"time":1.1333,"x":1,"y":1,"curve":"stepped"},{"time":1.4666,"x":1,"y":1,"curve":"stepped"},{"time":1.8,"x":1,"y":1,"curve":"stepped"},{"time":2.1333,"x":1,"y":1,"curve":"stepped"},{"time":2.3,"x":1,"y":1,"curve":"stepped"},{"time":2.6333,"x":1,"y":1}]},"7":{"rotate":[{"time":0,"angle":0,"curve":"stepped"},{"time":0.3333,"angle":0,"curve":"stepped"},{"time":0.3666,"angle":0,"curve":"stepped"},{"time":0.5,"angle":0,"curve":"stepped"},{"time":0.7333,"angle":0,"curve":"stepped"},{"time":0.9333,"angle":0,"curve":"stepped"},{"time":1.1333,"angle":0,"curve":"stepped"},{"time":1.4666,"angle":0,"curve":"stepped"},{"time":1.8,"angle":0,"curve":"stepped"},{"time":2.1333,"angle":0,"curve":"stepped"},{"time":2.3,"angle":0,"curve":"stepped"},{"time":2.6333,"angle":0}],"translate":[{"time":0,"x":0,"y":0,"curve":"stepped"},{"time":0.3333,"x":0,"y":0,"curve":"stepped"},{"time":0.3666,"x":0,"y":0,"curve":"stepped"},{"time":0.5,"x":0,"y":0,"curve":"stepped"},{"time":0.7333,"x":0,"y":0,"curve":"stepped"},{"time":0.9333,"x":0,"y":0,"curve":"stepped"},{"time":1.1333,"x":0,"y":0,"curve":"stepped"},{"time":1.4666,"x":0,"y":0,"curve":"stepped"},{"time":1.8,"x":0,"y":0,"curve":"stepped"},{"time":2.1333,"x":0,"y":0,"curve":"stepped"},{"time":2.3,"x":0,"y":0,"curve":"stepped"},{"time":2.6333,"x":0,"y":0}],"scale":[{"time":0,"x":1,"y":1,"curve":"stepped"},{"time":0.3333,"x":1,"y":1,"curve":"stepped"},{"time":0.3666,"x":1,"y":1,"curve":"stepped"},{"time":0.5,"x":1,"y":1,"curve":"stepped"},{"time":0.7333,"x":1,"y":1,"curve":"stepped"},{"time":0.9333,"x":1,"y":1,"curve":"stepped"},{"time":1.1333,"x":1,"y":1,"curve":"stepped"},{"time":1.4666,"x":1,"y":1,"curve":"stepped"},{"time":1.8,"x":1,"y":1,"curve":"stepped"},{"time":2.1333,"x":1,"y":1,"curve":"stepped"},{"time":2.3,"x":1,"y":1,"curve":"stepped"},{"time":2.6333,"x":1,"y":1}]},"10":{"rotate":[{"time":0,"angle":0},{"time":0.3333,"angle":80.88},{"time":0.5,"angle":99.48,"curve":"stepped"},{"time":0.7333,"angle":99.48,"curve":"stepped"},{"time":0.9333,"angle":99.48,"curve":"stepped"},{"time":1.1333,"angle":99.48,"curve":"stepped"},{"time":1.4666,"angle":99.48,"curve":"stepped"},{"time":1.8,"angle":99.48,"curve":"stepped"},{"time":2.1333,"angle":99.48,"curve":"stepped"},{"time":2.3,"angle":99.48},{"time":2.6333,"angle":0}],"translate":[{"time":0,"x":0,"y":0},{"time":0.3333,"x":-0.42,"y":-6.26,"curve":"stepped"},{"time":0.5,"x":-0.42,"y":-6.26,"curve":"stepped"},{"time":0.7333,"x":-0.42,"y":-6.26,"curve":"stepped"},{"time":0.9333,"x":-0.42,"y":-6.26,"curve":"stepped"},{"time":1.1333,"x":-0.42,"y":-6.26,"curve":"stepped"},{"time":1.4666,"x":-0.42,"y":-6.26,"curve":"stepped"},{"time":1.8,"x":-0.42,"y":-6.26,"curve":"stepped"},{"time":2.1333,"x":-0.42,"y":-6.26,"curve":"stepped"},{"time":2.3,"x":-0.42,"y":-6.26},{"time":2.6333,"x":0,"y":0}],"scale":[{"time":0,"x":1,"y":1,"curve":"stepped"},{"time":0.3333,"x":1,"y":1,"curve":"stepped"},{"time":0.5,"x":1,"y":1,"curve":"stepped"},{"time":0.7333,"x":1,"y":1,"curve":"stepped"},{"time":0.9333,"x":1,"y":1,"curve":"stepped"},{"time":1.1333,"x":1,"y":1,"curve":"stepped"},{"time":1.4666,"x":1,"y":1,"curve":"stepped"},{"time":1.8,"x":1,"y":1,"curve":"stepped"},{"time":2.1333,"x":1,"y":1,"curve":"stepped"},{"time":2.3,"x":1,"y":1,"curve":"stepped"},{"time":2.6333,"x":1,"y":1}]},"13":{"rotate":[{"time":0,"angle":0},{"time":0.3333,"angle":-1.83,"curve":[0.25,0,0.75,1]},{"time":0.5,"angle":-3.62},{"time":0.7333,"angle":-10.39},{"time":0.9333,"angle":-3.62},{"time":1.1333,"angle":0.4},{"time":1.4666,"angle":-3.62},{"time":1.8,"angle":0.4},{"time":2.1333,"angle":-3.62},{"time":2.3,"angle":0.4},{"time":2.6333,"angle":0}],"translate":[{"time":0,"x":0,"y":0},{"time":0.3333,"x":1.3,"y":-5.74,"curve":[0.25,0,0.75,1]},{"time":0.5,"x":-1.37,"y":4.57},{"time":0.7333,"x":0.24,"y":7.74},{"time":0.9333,"x":-1.37,"y":4.57},{"time":1.1333,"x":-1.31,"y":2.08},{"time":1.4666,"x":-1.37,"y":4.57},{"time":1.8,"x":-1.31,"y":2.08},{"time":2.1333,"x":-1.37,"y":4.57},{"time":2.3,"x":-1.31,"y":2.08},{"time":2.6333,"x":0,"y":0}],"scale":[{"time":0,"x":1,"y":1,"curve":"stepped"},{"time":0.3333,"x":1,"y":1,"curve":"stepped"},{"time":0.5,"x":1,"y":1,"curve":"stepped"},{"time":0.7333,"x":1,"y":1,"curve":"stepped"},{"time":0.9333,"x":1,"y":1,"curve":"stepped"},{"time":1.1333,"x":1,"y":1,"curve":"stepped"},{"time":1.4666,"x":1,"y":1,"curve":"stepped"},{"time":1.8,"x":1,"y":1,"curve":"stepped"},{"time":2.1333,"x":1,"y":1,"curve":"stepped"},{"time":2.3,"x":1,"y":1,"curve":"stepped"},{"time":2.6333,"x":1,"y":1}]}},"ffd":{"default":{"14 _1":{"14 _1":[{"time":0},{"time":0.3333,"vertices":[-1.83448,-0.00183,-1.69823,-0.69447,-1.79542,-0.37773,-0.51448,-0.825,-0.16491,-0.95832,-0.33455,-0.91303,-3.85911,-1.21066,-4.0139,-0.4969,-1.79093,-0.08649,-1.77728,0.23699,1.05593,0.33804,2.89453,0.19258,2.88199,-0.33107,1.26852,1.06441,1.43927,0.81896,1.81502,-1.13186,2.1083,-0.36279,2.0087,-0.736,1.27739,0.57841,0.96454,1.01806,1.1319,0.82802,0,0,0,0,0,0,0,0,0,0,-0.13395,-0.03105,-0.11233,-0.07934,1.24269,-0.80586,1.07752,-1.01618]},{"time":0.5,"offset":12,"vertices":[-2.45411,0.28336,-2.45265,-0.29754,-0.54563,0.00234,-0.53114,-0.12513,1.03722,-0.46717,3.8921,-2.61894,4.39642,-1.63789,2.59552,-1.56408,2.88923,-0.91487,2.40642,-1.41218,2.59786,-1.01847,2.7641,-0.38376,0,0,0,0,0,0,0,0,0,0,0,0,0,0,0,0,0,0,0,0,1.06601,-0.9909,1.26803,-0.71466]},{"time":0.7333,"offset":6,"vertices":[4.0404,1.12818,4.19492,0.02818,4.09337,-0.91754,4.03861,1.76303,4.3319,0.80792,2.94733,0.47015,2.97743,-0.20588,1.69151,-0.34001,0.10654,-0.01019,0.10146,-0.03394,-1.5116,-0.07019,-1.48857,0.27212,-1.01838,-0.39201,-1.08555,-0.11098,-1.08266,0.1364,0,0,0,0,0,0,0,0,0,0,0,0,0,0,0,0,0,0,0,0,1.18187,-0.00569,1.15019,-0.27179]},{"time":0.9333,"vertices":[-1.03199,-0.2826,-1.06668,-0.08382,-1.04902,0.21076,2.177,0.15242,2.16693,-0.25902,2.01375,-0.84111,3.35246,2.41004,3.88331,1.40257,3.18336,0.46482,3.18925,-0.42245,1.40542,-0.60976,0,0,0,0,-1.83855,0.17752,-1.72012,0.67302,-0.80718,0.11178,-0.77182,0.26133,-0.67108,0.46224,0,0,0,0,0,0,0,0,0,0,0,0,0,0,0,0,0,0,0,0,1.93685,-0.06244,1.84612,-0.58916]},{"time":1.1333,"vertices":[-1.79896,0.62707,-1.90491,-0.03947,-1.90272,-0.09968,-0.98632,0.56654,-1.12206,0.18716,-1.12743,0.15159,-3.23576,-1.96074,-3.17216,-2.06211,-0.75154,-1.44635,-0.70543,-1.4694,2.03344,-0.21236,4.52479,0.38836,4.51029,0.53133,6.56012,-2.09436,6.62317,-1.8858,3.35465,-0.5456,3.33485,0.6583,3.3124,0.76349,0,0,0,0,0,0,0,0,0,0,0,0,-2.67507,0.21328,-2.58188,-0.73282,0,0,0,0,1.3405,-0.28481,1.34886,-0.24225]},{"time":1.2666,"vertices":[-1.07937,0.37624,-1.14294,-0.02368,-1.14163,-0.05981,-0.81752,0.34624,-0.89662,-0.03731,-0.81612,-0.28283,-1.95614,-2.46283,-1.62938,-2.61586,0.09733,-1.62976,0.19014,-1.59224,3.403,-2.08041,6.08652,-3.03187,6.68766,-1.96972,6.16898,-3.97956,6.73375,-3.0804,2.68515,-0.42562,2.71297,0.50821,2.66598,0.87268,0,0,0,0,0,0,0,0,0,0,0,0,-1.60504,0.12797,-1.54913,-0.43969,0,0,0,0,0.8043,-0.17088,0.80931,-0.14535]},{"time":1.4666,"offset":6,"vertices":[1.35459,-0.31621,1.37941,-0.17953,1.38988,-0.05705,1.72603,-2.49068,1.93918,-2.32865,1.37065,-1.90489,1.5335,-1.7765,2.06963,-4.36885,3.2718,-3.87883,3.60149,-3.57495,1.21869,-3.07207,1.48513,-2.95258,-0.29515,0.61827,-0.35538,0.58577,-0.40575,0.55213]},{"time":1.6,"offset":6,"vertices":[2.58539,0.26956,2.65558,-0.01961,2.62016,-0.42113,3.14047,0.48158,3.56777,-0.13347,4.77518,0.65784,5.1981,-0.3387,2.78385,-1.72759,2.00595,-1.80902,2.29694,-1.68319,-2.36568,-1.47396,-2.03604,-0.59671,1.157,-1.33548,0.75367,-1.58973,0.2036,-1.79512,-0.13368,-0.02119,-0.13503,0.00925,-0.12646,0.04823,0,0,0,0,0,0,0,0,0,0,0,0,0,0,1.72494,-0.03654,1.66143,-0.46509]},{"time":1.8,"offset":6,"vertices":[1.00256,0.15895,1.0127,-0.06943,0.94846,-0.36168,2.55181,2.0974,3.05247,1.26225,3.57915,0.26334,3.50044,-0.79165,3.41175,-0.35949,1.49166,-1.4928,0.99162,-1.86283,-2.19109,-1.78297,-2.61574,-1.06663,-0.85093,-0.68306,-0.98221,-0.47532,-1.07811,-0.16826,-0.33421,-0.05298,-0.33758,0.02314,-0.31616,0.12057,0,0,0,0,0,0,0,0,0,0,0,0,0,0,1.66102,-0.01213,1.58532,-0.4959]},{"time":1.9333,"offset":6,"vertices":[-0.51546,0.11079,-0.42184,-0.47579,-0.43214,-0.7129,-2.00277,-0.76918,-1.82823,-1.12536,0.3805,-0.20965,0.46749,-0.56671,4.57378,-1.1809,6.57879,-2.73326,6.37597,-2.74516,1.95687,-1.83707,1.74274,-1.20715,1.96428,-0.59767,2.00316,0.07363,1.93659,0.11824,-0.20052,-0.03179,-0.20255,0.01388,-0.1897,0.07234]},{"time":2.1333,"offset":6,"vertices":[-1.1766,0.02979,-1.16551,-0.16446,-1.09498,-0.43211,-2.87577,-0.29773,-2.727,-0.9611,-0.00131,-0.75665,0.17542,-0.73611,3.01488,-1.22626,4.80767,-2.67168,5.29909,-1.47537,4.26032,-2.34546,4.69065,-1.28596,0.63908,-0.12321,0.65068,-0.01626,0.63655,0.13613]},{"time":2.3,"offset":6,"vertices":[2.75969,1.09007,2.96225,0.1711,2.86566,-0.7695,4.166,1.4117,4.39858,0.0294,3.65351,1.85362,4.05114,0.61013,0.67328,0.12682,0,0,0,0,-2.14746,-0.15881,-2.0884,0.5248,-2.07357,-0.49548,-2.12444,0.17874,-1.96034,0.83799,0,0,0,0,0,0,0,0,0,0,0,0,0,0,0,0,0,0,0,0,1.41399,0.34448,1.45056,-0.11784]},{"time":2.6333}]}}},"drawOrder":[{"time":0.3666,"offsets":[{"slot":"8","offset":6},{"slot":"7","offset":6},{"slot":"1","offset":-4}]},{"time":2.5666}]}}}