{"skeleton":{"hash":"1dTPnWSI9GeramfwwpSFLcTXoDQ","spine":"3.1.03","width":254.63,"height":215.98},"bones":[{"name":"root"},{"name":"bone","parent":"root","x":0.58,"y":41.19},{"name":"MON30056_DL_12","parent":"bone","length":38.6,"x":-7.96,"y":-6.28,"rotation":92.7},{"name":"bone2","parent":"MON30056_DL_12","length":38.28,"x":38.6,"y":0.26,"rotation":-13.65},{"name":"MON30056_DL_14","parent":"bone2","length":45.46,"x":29.33,"y":24.89,"rotation":175.01},{"name":"MON30056_DL_13","parent":"MON30056_DL_14","length":22.95,"x":44.82,"y":-0.27,"rotation":9.82},{"name":"MON30056_DL_15","parent":"MON30056_DL_13","length":18.02,"x":22.33,"y":-0.26,"rotation":13.29},{"name":"MON30056_DL_16","parent":"MON30056_DL_15","length":60.82,"x":6.62,"y":20.85,"rotation":-85.94},{"name":"FX_WEAPON","parent":"MON30056_DL_16","length":36.17,"x":63.47,"y":-1.86,"rotation":-101.23},{"name":"MON30056_DL_1","parent":"bone2","length":64.11,"x":37.92,"y":0.07,"rotation":10.02},{"name":"MON30055_DL_17","parent":"MON30056_DL_1","length":11.39,"x":51.01,"y":16.38,"rotation":-98.06},{"name":"MON30055_DL_18","parent":"MON30056_DL_1","length":11.35,"x":49.44,"y":19.7,"rotation":98.5},{"name":"MON30056_DL_2","parent":"bone2","length":68.4,"x":13,"y":-38.42,"rotation":-50.41},{"name":"MON30056_DL_3","parent":"MON30056_DL_1","length":10.63,"x":-11.79,"y":16.86,"rotation":175.94},{"name":"MON30056_DL_4","parent":"bone2","length":43.19,"x":42.7,"y":-57.15,"rotation":-153.97},{"name":"MON30056_DL_5","parent":"MON30056_DL_4","length":27.38,"x":42.47,"y":-0.11,"rotation":-7.18},{"name":"MON30056_DL_6","parent":"bone2","length":41.87,"x":1.6,"y":34.29,"rotation":26.21},{"name":"MON30056_DL_7","parent":"MON30056_DL_12","length":19.52,"x":5.01,"y":9.47,"rotation":-2.7},{"name":"MON30056_DL_8","parent":"MON30056_DL_7","length":5.62,"x":-21.06,"y":-3.98,"rotation":179.1},{"name":"MON30056_DL_9","parent":"MON30056_DL_5","length":16.2,"x":26.73,"y":-0.03,"rotation":-13.99},{"name":"MON30056_DL_10","parent":"bone","length":18.21,"x":30.34,"y":-4.77,"rotation":-88.18},{"name":"MON30056_DL_11","parent":"MON30056_DL_10","length":20.53,"x":18.21,"y":0.08},{"name":"MON30056_DL_17","parent":"bone","length":17.14,"x":-17.99,"y":-2.71,"rotation":-99.72},{"name":"MON30056_DL_18","parent":"MON30056_DL_17","length":19.2,"x":16.16,"y":-0.25,"rotation":7.62},{"name":"bone3","parent":"MON30056_DL_3","length":9.65,"x":10.63,"y":-0.07,"rotation":10.7},{"name":"bone4","parent":"bone3","length":7.72,"x":9.65,"y":0.03,"rotation":4.05},{"name":"bone5","parent":"MON30056_DL_8","length":6.32,"x":5.62,"rotation":-5.84},{"name":"bone6","parent":"MON30055_DL_17","length":13.92,"x":11.39,"y":-0.04,"rotation":-22.26},{"name":"bone7","parent":"bone6","length":14.35,"x":13.92,"y":-0.08,"rotation":-4.95},{"name":"bone8","parent":"bone7","length":13.21,"x":14.35,"y":-0.04,"rotation":12.86},{"name":"bone9","parent":"MON30055_DL_18","length":9.3,"x":11.35,"y":0.02,"rotation":43.84},{"name":"bone10","parent":"bone9","length":9.06,"x":9.3,"y":0.03,"rotation":25.09}],"slots":[{"name":"MON30056_DL_15","bone":"MON30056_DL_15","attachment":"MON30056_DL_15"},{"name":"MON30056_DL_14","bone":"MON30056_DL_14","attachment":"MON30056_DL_14"},{"name":"MON30056_DL_13","bone":"MON30056_DL_13","attachment":"MON30056_DL_13"},{"name":"FX/FX_WEAPON_R","bone":"FX_WEAPON","attachment":"FX/FX_WEAPON_R"},{"name":"MON30056_DL_16","bone":"MON30056_DL_16","attachment":"MON30056_DL_16"},{"name":"MON30056_DL_12","bone":"MON30056_DL_12","attachment":"MON30056_DL_12"},{"name":"MON30056_DL_11","bone":"MON30056_DL_17","attachment":"MON30056_DL_11"},{"name":"MON30056_DL_10","bone":"MON30056_DL_18","attachment":"MON30056_DL_10"},{"name":"MON30056_DL_9","bone":"MON30056_DL_10","attachment":"MON30056_DL_9"},{"name":"MON30056_DL_8","bone":"MON30056_DL_11","attachment":"MON30056_DL_8"},{"name":"MON30056_DL_7","bone":"MON30056_DL_8","attachment":"MON30056_DL_7"},{"name":"MON30056_DL_6","bone":"MON30056_DL_6","attachment":"MON30056_DL_6"},{"name":"MON30056_DL_5","bone":"MON30056_DL_9","attachment":"MON30056_DL_5"},{"name":"MON30056_DL_4","bone":"MON30056_DL_4","attachment":"MON30056_DL_4"},{"name":"MON30056_DL_3","bone":"MON30056_DL_5","attachment":"MON30056_DL_3"},{"name":"MON30056_DL_1","bone":"MON30056_DL_3","attachment":"MON30056_DL_1"},{"name":"MON30056_DL_2","bone":"MON30056_DL_2","attachment":"MON30056_DL_2"},{"name":"MON30055_DL_18","bone":"MON30055_DL_18","attachment":"MON30055_DL_18"},{"name":"MON30055_DL_17","bone":"MON30055_DL_17","attachment":"MON30055_DL_17"}],"skins":{"default":{"FX/FX_WEAPON_R":{"FX/FX_WEAPON_R":{"x":0.43,"y":-0.43,"scaleX":2,"scaleY":2,"rotation":-90,"width":49,"height":57}},"MON30055_DL_17":{"MON30055_DL_17":{"type":"weightedmesh","uvs":[0.83055,0.41043,1,0.74024,1,1,0.70448,1,0.43058,1,0.13782,0.81185,0,0.6469,0,0.21417,0,0,0.34265,0,0.50635,0,0.26073,0.26583,0.49366,0.48235,0.70454,0.73492,0.65098,0.1831],"triangles":[13,0,1,2,3,13,2,13,1,12,14,0,13,12,0,4,5,12,13,4,12,3,4,13,11,10,14,10,11,9,12,11,14,12,5,11,11,7,8,9,11,8,6,7,11,5,6,11],"vertices":[3,27,28.51,11.57,0.01944,28,13.52,12.88,0.54915,29,2.08,12.79,0.43139,2,28,27.34,9.51,1.2E-4,29,14.79,6.42,0.99987,1,29,18.19,-1.44,1,2,28,19.53,-6.83,0.27684,29,3.54,-7.77,0.72314,4,10,23.88,-22.72,0.02892,27,20.15,-16.26,0.13402,28,7.6,-15.57,0.81284,29,-10.03,-13.63,0.0242,3,10,7.29,-19.06,0.52551,27,3.41,-19.15,0.39448,28,-8.81,-19.9,0.08,3,10,-0.9,-14.85,0.95,27,-5.77,-18.36,0.04066,28,-18.04,-19.91,0.00933,1,10,-3.14,-0.75,1,1,10,-4.23999,6.22,1,3,10,14.02,9.12,0.66,27,-1.03,9.47999,0.33943,28,-15.73,8.24,5.6E-4,3,10,22.76,10.5,0.01183,27,6.52,14.07,0.90116,28,-8.6,13.46,0.08699,2,10,11.03,-0.23,0.5,27,-0.26,-0.31,0.5,2,27,14.19,0.1,0.5,28,0.25,0.22,0.5,2,28,14.36,0.22,0.5,29,0.07,0.26,0.5,3,27,16.33,12.96,0.51454,28,1.27,13.2,0.47695,29,-9.79,15.83,0.00849],"hull":11}},"MON30055_DL_18":{"MON30055_DL_18":{"type":"weightedmesh","uvs":[1,0.1874,1,0.49637,0.713,0.65085,0.45893,0.8343,0.31374,1,0.10115,1,0,1,0,0.19706,0.34486,0,1,0,0.40189,0.24051,0.18412,0.51568],"triangles":[3,11,2,6,7,11,5,6,11,11,4,5,3,4,11,7,8,10,11,7,10,10,8,9,0,10,9,10,0,1,2,10,1,11,10,2],"vertices":[1,11,-5.09,0.18,1,3,11,-3.91,9.06,0.98057,30,-4.73999,17.09,0.00129,31,-5.48,21.41,0.01812,3,11,4.35,12.48,0.63555,30,3.58,13.83,0.11284,31,0.67,14.92,0.25159,3,11,11.85,16.85,0.07721,30,12.02,11.78,0.04712,31,7.44,9.49,0.87565,2,11,16.37,21.1,0.00311,31,13.03,6.79,0.99688,1,31,14.37,1.21,1,1,31,15.01,-1.43,1,3,11,21.7,-3.09,0.00565,30,5.3,-9.42,0.98933,31,-7.63,-6.86,0.00501,3,11,11.72,-7.53,0.68936,30,-4.96,-5.7,0.31061,31,-15.36,0.85,1.0E-5,1,11,-5.81,-5.19999,1,2,11,11.11,-0.41,0.5,30,-0.47,-0.15,0.5,2,30,9.42,0.22,0.5,31,0.19,0.12,0.5],"hull":10}},"MON30056_DL_1":{"MON30056_DL_1":{"type":"weightedmesh","uvs":[1,0.60958,1,0.8311,0.7479,0.85317,0.74591,0.9249,0.65619,0.89363,0.6502,0.94513,0.46278,1,0.25997,1,0.16064,1,0,0.83892,0,0.75851,0,0.59782,0,0,1,0,0.24898,0.72058,0.23433,0.84055,0.24532,0.9301,0.13761,0.60678,0.07181,0.66444,0.19024,0.65533,0.13596,0.72294,0.08168,0.82678,0.04385,0.75092,0.32348,0.65837,0.39421,0.72057,0.45342,0.7934,0.54882,0.88595,0.39914,0.60071,0.49125,0.66595,0.54389,0.76306,0.07713,0.91627,0.53257,0.94881],"triangles":[6,7,16,8,16,7,8,30,16,31,6,16,30,21,15,16,15,25,30,15,16,12,17,11,13,27,12,27,17,12,27,13,0,23,19,17,27,23,17,18,11,17,28,27,0,24,23,27,24,27,28,14,19,23,14,23,24,20,18,17,20,17,19,20,19,14,18,10,11,22,18,20,22,10,18,2,29,28,25,24,28,29,25,28,21,22,20,0,2,28,9,10,22,9,22,21,15,20,14,21,20,15,15,14,24,15,24,25,1,2,0,4,26,29,25,29,26,2,4,29,30,9,21,3,4,2,5,26,4,31,25,26,31,26,5,16,25,31,6,31,5],"vertices":[1,9,6.24,-63.76,1,1,9,-19.45,-64.18,1,1,9,-22.44,-37.25,1,1,9,-30.77,-37.18,1,1,9,-27.3,-27.52,1,1,9,-33.28,-26.97,1,1,25,12.23,21.67,1,1,25,8.55,0.29,1,1,25,6.74,-10.18,1,1,9,-22.1,42.78,1,1,9,-12.77,42.93,1,1,9,5.86,43.24,1,1,9,75.19999,44.37,1,1,9,76.94,-62.61,1,1,9,-7.94,16.37,1,2,13,10.12,-0.12,0.48,24,-0.51,0.03,0.52,2,24,9.93,0.17,0.58,25,0.29,0.12,0.42,1,9,5.06,28.5,1,1,9,-1.73,35.43,1,1,9,-0.47,22.77,1,1,9,-7.43,28.47,1,1,9,-20.54999,34.06,1,1,9,-11.81,38.25,1,1,9,-0.58999,8.51,1,1,9,-7.68,0.83,1,1,9,-16.03,-5.63,1,1,9,-26.59,-16.02,1,1,9,6.22,0.52999,1,1,9,-1.17999,-9.43999,1,1,9,-12.35,-15.26,1,2,24,6.54,-17.57,0.62,25,-4.33,-17.34,0.38,1,9,-33.91,-14.4,1],"hull":14}},"MON30056_DL_10":{"MON30056_DL_10":{"x":8.58,"y":2.12,"rotation":92.1,"width":41,"height":26}},"MON30056_DL_11":{"MON30056_DL_11":{"x":10.42,"y":1.61,"rotation":99.72,"width":39,"height":26}},"MON30056_DL_12":{"MON30056_DL_12":{"type":"weightedmesh","uvs":[0.96296,0.10656,0.96296,0.20618,0.96296,0.63359,0.89799,0.71071,0.85815,0.8971,0.62522,0.99999,0.49037,1,0.27583,1,0.15937,1,0.04904,0.87461,0.03536,0.70858,0,0.65287,0,0.19654,0.16857,0,0.36165,0,0.82443,0,0.25744,0.33151,0.24212,0.50826,0.50263,0.67536,0.63748,0.7075,0.79992,0.54361,0.58231,0.25438,0.75701,0.29937],"triangles":[19,18,20,10,11,17,3,20,2,19,20,3,10,7,9,17,7,10,4,19,3,19,6,18,5,19,4,7,8,9,18,7,17,18,6,7,19,5,6,15,0,1,21,14,15,22,21,15,1,22,15,16,13,14,16,14,21,12,13,16,17,12,16,20,22,1,20,1,2,11,12,17,21,17,16,20,18,21,20,21,22,18,17,21],"vertices":[1,3,52.63,-64.03,1,2,3,42.56,-65.99,0.87729,2,64.37,-73.91,0.1227,2,3,-0.64999,-74.37,0.42223,2,20.39,-71.83999,0.57776,2,3,-9.78,-68.99,0.313,2,12.79,-64.46,0.68699,2,3,-29.45,-68.42,0.14472,2,-6.18,-59.26,0.85527,1,2,-15.54,-32.64,1,2,3,-47.41,-31.45,0.00429,2,-14.9,-19.08,0.9957,1,2,-13.81,4.05,1,1,2,-13.22,16.61,1,1,2,0.23,27.91,1,2,3,-25.87,25.22,0.0874,2,19.41,30.89,0.91259,2,3,-24.67,26.9,0.13411,2,20.98,32.24,0.86588,1,3,24.62,41.63,1,1,3,47.08,22.27,1,1,3,51.05,1.8,1,1,3,60.56,-47.26,1,2,3,15.38,6.35,0.99705,2,55.05,2.8,0.00294,2,3,-2.8,4.51,0.47581,2,36.93999,5.31,0.52418,2,3,-14.25,-23.33,0.13456,2,19.23,-19.03,0.86543,2,3,-14.23,-40.86,0.19897,2,15.12,-36.07,0.80102,2,3,5.09,-55.32,0.52133,2,30.48,-54.69,0.47866,1,3,29.86,-26.57,1,2,3,28.9,-45.98,0.78105,2,55.82,-51.24,0.21894],"hull":16}},"MON30056_DL_13":{"MON30056_DL_13":{"x":11.25,"y":-1.47,"rotation":96.11,"width":37,"height":34}},"MON30056_DL_14":{"MON30056_DL_14":{"x":23.2,"y":2.73,"rotation":105.94,"width":45,"height":58}},"MON30056_DL_15":{"MON30056_DL_15":{"x":8.54,"y":0.91,"rotation":82.82,"width":34,"height":27}},"MON30056_DL_16":{"MON30056_DL_16":{"x":40.42,"y":2.37,"rotation":168.76,"width":117,"height":81}},"MON30056_DL_2":{"MON30056_DL_2":{"x":40.23,"y":0.25,"rotation":-28.63,"width":111,"height":98}},"MON30056_DL_3":{"MON30056_DL_3":{"x":16.32,"y":4.54,"rotation":82.11,"width":52,"height":48}},"MON30056_DL_4":{"MON30056_DL_4":{"x":25.61,"y":0.52,"rotation":74.93,"width":46,"height":62}},"MON30056_DL_5":{"MON30056_DL_5":{"x":8.49,"y":-3.51,"rotation":96.1,"width":45,"height":35}},"MON30056_DL_6":{"MON30056_DL_6":{"x":24.19,"y":-9.79,"rotation":-103.19,"width":76,"height":75}},"MON30056_DL_7":{"MON30056_DL_7":{"type":"weightedmesh","uvs":[0.48331,0.10239,0.9659,0.14049,0.9659,0.65216,0.39439,0.74481,0.40893,0.85612,0.40604,0.92174,0.31638,0.9836,0.18612,0.98359,0.09605,0.9836,0.04449,0.86747,0.05869,0.69731,0,0.58193,0,0.45151,0,0.10233,0.08632,0,0.35426,0,0.18735,0.77757,0.35912,0.60852,0.4365,0.22161,0.41948,0.48121,0.18599,0.85842,0.33711,0.85686,0.34719,0.74309],"triangles":[6,7,20,8,9,20,7,8,20,21,3,4,16,10,11,22,16,17,21,16,22,21,22,3,16,9,10,20,16,21,20,9,16,5,21,4,21,6,20,6,21,5,22,17,3,18,12,13,14,15,18,18,13,14,18,15,0,19,12,18,19,17,12,18,0,1,1,19,18,2,19,1,3,17,19,3,19,2,12,16,11,16,12,17],"vertices":[1,17,17.57,-30.56,1,1,17,17.06,-69.39,1,1,17,-14.14,-69.48,1,1,17,-19.64,-27.14,1,2,18,2.73,21.27,0.55,26,-5.04,20.86,0.45,2,18,6.97,20.18,0.58,26,-0.71,20.21999,0.42,2,18,12.09,10.99,0.2,26,5.31,11.6,0.8,1,26,8.22,-0.4,1,3,17,-34.56,7.01,0.00149,18,14.84,-9.1,0.04462,26,10.09,-8.12,0.95388,2,18,8.39999,-14.27,0.29822,26,4.21,-13.91,0.70177,1,18,-2.11999,-13.89,1,1,17,-10.09,15.52,1,1,17,-2.13,15.55,1,1,17,19.16,15.6,1,1,17,25.42,8.02,1,1,17,25.49,-15.55,1,1,18,0.94,-0.19,1,1,17,-11.83,-20.07,1,1,17,13.05,-21.43,1,1,17,-4.05,-24.27,1,2,18,5.98,-0.68,0.5,26,0.42,-0.64,0.5,2,18,3.78,14.19,0.87056,26,-3.27,13.93,0.12943,1,18,-3.12,14.43,1],"hull":16}},"MON30056_DL_8":{"MON30056_DL_8":{"x":8.23,"y":-3.77,"rotation":88.18,"width":47,"height":30}},"MON30056_DL_9":{"MON30056_DL_9":{"x":9.62,"y":-1.02,"rotation":88.18,"width":45,"height":29}}}},"animations":{"wait":{"bones":{"root":{"rotate":[{"time":0,"angle":0,"curve":"stepped"},{"time":1.2666,"angle":0}],"translate":[{"time":0,"x":0,"y":0,"curve":"stepped"},{"time":1.2666,"x":0,"y":0}],"scale":[{"time":0,"x":1,"y":1,"curve":"stepped"},{"time":1.2666,"x":1,"y":1}]},"bone":{"rotate":[{"time":0,"angle":0,"curve":"stepped"},{"time":1.2666,"angle":0}],"translate":[{"time":0,"x":0,"y":0,"curve":"stepped"},{"time":1.2666,"x":0,"y":0}],"scale":[{"time":0,"x":1,"y":1,"curve":"stepped"},{"time":1.2666,"x":1,"y":1}]},"MON30056_DL_10":{"rotate":[{"time":0,"angle":0},{"time":0.6666,"angle":-16.06},{"time":1.2666,"angle":0}],"translate":[{"time":0,"x":0,"y":0},{"time":0.6666,"x":2.16,"y":-9.95},{"time":1.2666,"x":0,"y":0}],"scale":[{"time":0,"x":1,"y":1},{"time":0.6666,"x":0.764,"y":1},{"time":1.2666,"x":1,"y":1}]},"MON30056_DL_12":{"rotate":[{"time":0,"angle":0,"curve":"stepped"},{"time":1.2666,"angle":0}],"translate":[{"time":0,"x":0,"y":0,"curve":[0.25,0,0.515,0.92]},{"time":0.6666,"x":-3.94,"y":-14.22,"curve":[0.296,0.04,0.807,1]},{"time":1.2666,"x":0,"y":0}],"scale":[{"time":0,"x":1,"y":1,"curve":"stepped"},{"time":1.2666,"x":1,"y":1}]},"MON30056_DL_11":{"rotate":[{"time":0,"angle":0},{"time":0.6666,"angle":14.9},{"time":1.2666,"angle":0}],"translate":[{"time":0,"x":0,"y":0},{"time":0.6666,"x":-1.38,"y":2.41},{"time":1.2666,"x":0,"y":0}],"scale":[{"time":0,"x":1,"y":1,"curve":"stepped"},{"time":1.2666,"x":1,"y":1}]},"MON30056_DL_17":{"rotate":[{"time":0,"angle":0},{"time":0.6666,"angle":5.36},{"time":1.2666,"angle":0}],"translate":[{"time":0,"x":0,"y":0},{"time":0.6666,"x":-3.03,"y":-6.06},{"time":1.2666,"x":0,"y":0}],"scale":[{"time":0,"x":1,"y":1},{"time":0.6666,"x":0.806,"y":1},{"time":1.2666,"x":1,"y":1}]},"MON30056_DL_7":{"rotate":[{"time":0,"angle":0,"curve":"stepped"},{"time":1.2666,"angle":0}],"translate":[{"time":0,"x":0,"y":0,"curve":"stepped"},{"time":1.2666,"x":0,"y":0}],"scale":[{"time":0,"x":1,"y":1,"curve":"stepped"},{"time":1.2666,"x":1,"y":1}]},"bone2":{"rotate":[{"time":0,"angle":0,"curve":"stepped"},{"time":1.2666,"angle":0}],"translate":[{"time":0,"x":0,"y":0,"curve":"stepped"},{"time":1.2666,"x":0,"y":0}],"scale":[{"time":0,"x":1,"y":1,"curve":"stepped"},{"time":1.2666,"x":1,"y":1}]},"MON30056_DL_1":{"rotate":[{"time":0,"angle":0},{"time":0.3333,"angle":-2.18},{"time":0.8666,"angle":4.65},{"time":1.2666,"angle":0}],"translate":[{"time":0,"x":0,"y":0},{"time":0.8666,"x":-2.1,"y":-0.4},{"time":1.2666,"x":0,"y":0}],"scale":[{"time":0,"x":1,"y":1},{"time":0.8666,"x":1,"y":1.005},{"time":1.2666,"x":1,"y":1}]},"MON30056_DL_14":{"rotate":[{"time":0,"angle":0},{"time":0.4666,"angle":-27.75},{"time":0.8,"angle":-7.79},{"time":1.2666,"angle":0}],"translate":[{"time":0,"x":0,"y":0,"curve":"stepped"},{"time":1.2666,"x":0,"y":0}],"scale":[{"time":0,"x":1,"y":1,"curve":"stepped"},{"time":1.2666,"x":1,"y":1}]},"MON30056_DL_18":{"rotate":[{"time":0,"angle":0},{"time":0.6666,"angle":-4.05},{"time":1.2666,"angle":0}],"translate":[{"time":0,"x":0,"y":0,"curve":"stepped"},{"time":1.2666,"x":0,"y":0}],"scale":[{"time":0,"x":1,"y":1,"curve":"stepped"},{"time":1.2666,"x":1,"y":1}]},"MON30056_DL_2":{"rotate":[{"time":0,"angle":0},{"time":0.6666,"angle":13.24},{"time":1.2666,"angle":0}],"translate":[{"time":0,"x":0,"y":0,"curve":"stepped"},{"time":0.6666,"x":0,"y":0,"curve":"stepped"},{"time":1.2666,"x":0,"y":0}],"scale":[{"time":0,"x":1,"y":1,"curve":"stepped"},{"time":0.6666,"x":1,"y":1,"curve":"stepped"},{"time":1.2666,"x":1,"y":1}]},"MON30056_DL_4":{"rotate":[{"time":0,"angle":0},{"time":0.4666,"angle":20.93},{"time":0.8,"angle":6.18},{"time":1.2666,"angle":0}],"translate":[{"time":0,"x":0,"y":0,"curve":"stepped"},{"time":1.2666,"x":0,"y":0}],"scale":[{"time":0,"x":1,"y":1,"curve":"stepped"},{"time":1.2666,"x":1,"y":1}]},"MON30056_DL_6":{"rotate":[{"time":0,"angle":0},{"time":0.6666,"angle":-14.11},{"time":1.2666,"angle":0}],"translate":[{"time":0,"x":0,"y":0,"curve":"stepped"},{"time":1.2666,"x":0,"y":0}],"scale":[{"time":0,"x":1,"y":1,"curve":"stepped"},{"time":1.2666,"x":1,"y":1}]},"MON30056_DL_8":{"rotate":[{"time":0,"angle":0},{"time":0.4,"angle":-353.17},{"time":0.8,"angle":-32.22},{"time":1.2666,"angle":0}],"translate":[{"time":0,"x":0,"y":0,"curve":"stepped"},{"time":1.2666,"x":0,"y":0}],"scale":[{"time":0,"x":1,"y":1,"curve":"stepped"},{"time":1.2666,"x":1,"y":1}]},"MON30056_DL_13":{"rotate":[{"time":0,"angle":0},{"time":0.4666,"angle":12.77},{"time":0.8,"angle":-5.41},{"time":1.2666,"angle":0}],"translate":[{"time":0,"x":0,"y":0,"curve":"stepped"},{"time":1.2666,"x":0,"y":0}],"scale":[{"time":0,"x":1,"y":1},{"time":0.4666,"x":1,"y":1.112},{"time":1.2666,"x":1,"y":1}]},"MON30056_DL_3":{"rotate":[{"time":0,"angle":0},{"time":0.4,"angle":-20.51},{"time":0.8666,"angle":-4.63},{"time":1.2666,"angle":0}],"translate":[{"time":0,"x":0,"y":0,"curve":"stepped"},{"time":1.2666,"x":0,"y":0}],"scale":[{"time":0,"x":1,"y":1,"curve":"stepped"},{"time":1.2666,"x":1,"y":1}]},"MON30056_DL_5":{"rotate":[{"time":0,"angle":0},{"time":0.1666,"angle":-18.72},{"time":0.4666,"angle":-10.36},{"time":0.8,"angle":3.47},{"time":1.2666,"angle":0}],"translate":[{"time":0,"x":0,"y":0,"curve":"stepped"},{"time":1.2666,"x":0,"y":0}],"scale":[{"time":0,"x":1,"y":1,"curve":"stepped"},{"time":1.2666,"x":1,"y":1}]},"bone5":{"rotate":[{"time":0,"angle":0},{"time":0.4,"angle":15.26},{"time":0.8,"angle":-5.43},{"time":1.2666,"angle":0}],"translate":[{"time":0,"x":0,"y":0,"curve":"stepped"},{"time":1.2666,"x":0,"y":0}],"scale":[{"time":0,"x":1,"y":1,"curve":"stepped"},{"time":1.2666,"x":1,"y":1}]},"MON30056_DL_15":{"rotate":[{"time":0,"angle":0},{"time":0.4666,"angle":1.74},{"time":0.8,"angle":-7.75},{"time":1.2666,"angle":0}],"translate":[{"time":0,"x":0,"y":0,"curve":"stepped"},{"time":1.2666,"x":0,"y":0}],"scale":[{"time":0,"x":1,"y":1,"curve":"stepped"},{"time":1.2666,"x":1,"y":1}]},"MON30056_DL_9":{"rotate":[{"time":0,"angle":0},{"time":0.1666,"angle":-8.81},{"time":0.8,"angle":20.06},{"time":1.2666,"angle":0}],"translate":[{"time":0,"x":0,"y":0,"curve":"stepped"},{"time":1.2666,"x":0,"y":0}],"scale":[{"time":0,"x":1,"y":1,"curve":"stepped"},{"time":1.2666,"x":1,"y":1}]},"bone3":{"rotate":[{"time":0,"angle":0},{"time":0.4,"angle":3.92},{"time":0.8666,"angle":-43},{"time":1.2666,"angle":0}],"translate":[{"time":0,"x":0,"y":0,"curve":"stepped"},{"time":1.2666,"x":0,"y":0}],"scale":[{"time":0,"x":1,"y":1,"curve":"stepped"},{"time":1.2666,"x":1,"y":1}]},"MON30056_DL_16":{"rotate":[{"time":0,"angle":0,"curve":"stepped"},{"time":1.2666,"angle":0}],"translate":[{"time":0,"x":0,"y":0,"curve":"stepped"},{"time":1.2666,"x":0,"y":0}],"scale":[{"time":0,"x":1,"y":1},{"time":0.4666,"x":1.141,"y":1.123},{"time":0.8,"x":1.189,"y":1.108},{"time":1.2666,"x":1,"y":1}]},"bone4":{"rotate":[{"time":0,"angle":0},{"time":0.8666,"angle":-17.92},{"time":1.2666,"angle":0}],"translate":[{"time":0,"x":0,"y":0,"curve":"stepped"},{"time":1.2666,"x":0,"y":0}],"scale":[{"time":0,"x":1,"y":1,"curve":"stepped"},{"time":1.2666,"x":1,"y":1}]},"MON30055_DL_17":{"rotate":[{"time":0,"angle":0},{"time":0.4,"angle":14.48},{"time":0.8,"angle":6.26},{"time":1.2666,"angle":0}],"translate":[{"time":0,"x":0,"y":0,"curve":"stepped"},{"time":1.2666,"x":0,"y":0}],"scale":[{"time":0,"x":1,"y":1,"curve":"stepped"},{"time":1.2666,"x":1,"y":1}]},"MON30055_DL_18":{"rotate":[{"time":0,"angle":0},{"time":0.4,"angle":-7.93},{"time":0.8,"angle":15.9},{"time":1.2666,"angle":0}],"translate":[{"time":0,"x":0,"y":0,"curve":"stepped"},{"time":1.2666,"x":0,"y":0}],"scale":[{"time":0,"x":1,"y":1,"curve":"stepped"},{"time":1.2666,"x":1,"y":1}]},"bone9":{"rotate":[{"time":0,"angle":0},{"time":0.4,"angle":-17.83},{"time":0.8,"angle":-34.83},{"time":1.2666,"angle":0}],"translate":[{"time":0,"x":0,"y":0,"curve":"stepped"},{"time":1.2666,"x":0,"y":0}],"scale":[{"time":0,"x":1,"y":1,"curve":"stepped"},{"time":1.2666,"x":1,"y":1}]},"bone10":{"rotate":[{"time":0,"angle":0},{"time":0.4,"angle":-10.09},{"time":0.8,"angle":-41.84},{"time":1.2666,"angle":0}],"translate":[{"time":0,"x":0,"y":0,"curve":"stepped"},{"time":1.2666,"x":0,"y":0}],"scale":[{"time":0,"x":1,"y":1,"curve":"stepped"},{"time":1.2666,"x":1,"y":1}]},"bone6":{"rotate":[{"time":0,"angle":0},{"time":0.4,"angle":7.31},{"time":0.8,"angle":1.37},{"time":1.2666,"angle":0}],"translate":[{"time":0,"x":0,"y":0,"curve":"stepped"},{"time":1.2666,"x":0,"y":0}],"scale":[{"time":0,"x":1,"y":1,"curve":"stepped"},{"time":1.2666,"x":1,"y":1}]},"bone7":{"rotate":[{"time":0,"angle":0},{"time":0.4,"angle":-12.52},{"time":0.8,"angle":11.07},{"time":1.2666,"angle":0}],"translate":[{"time":0,"x":0,"y":0,"curve":"stepped"},{"time":1.2666,"x":0,"y":0}],"scale":[{"time":0,"x":1,"y":1,"curve":"stepped"},{"time":1.2666,"x":1,"y":1}]},"bone8":{"rotate":[{"time":0,"angle":0},{"time":0.4,"angle":-26.45},{"time":0.8,"angle":-5.59},{"time":1.2666,"angle":0}],"translate":[{"time":0,"x":0,"y":0,"curve":"stepped"},{"time":1.2666,"x":0,"y":0}],"scale":[{"time":0,"x":1,"y":1,"curve":"stepped"},{"time":1.2666,"x":1,"y":1}]}},"ffd":{"default":{"MON30056_DL_1":{"MON30056_DL_1":[{"time":0},{"time":0.4,"offset":8,"vertices":[-0.27367,-2.39883,-0.24615,3.51899,-1.47431,-1.73882,0,0,2.83089,-1.85782,0,0,0,0,0,0,0,0,0,0,0.97964,0.00996,0,0,0,0,0,0,0,0,0,0,-1.67056,-2.06459,0,0,-0.69602,-1.60411,1.54506,3.72166,-0.22706,-0.70175,0.46508,0.23788,-0.47587,-1.19268,-0.26163,-2.112,4.64077,-5.01393,0,0,-0.88975,0.15207,0,0,5.74443,3.42732,5.48418,3.83504,-1.67277,-2.07493]},{"time":0.8666,"offset":8,"vertices":[0.81264,-2.77237,-0.94202,0.06099,-22.6582,3.77354,1.78839,4.96683,10.34436,3.56271,0,0,0,0,0,0,0,0,0,0,0,0,0,0,0,0,0.48089,4.00862,-0.50012,4.00613,0,0,-1.64857,0.10674,0,0,0,0,-1.94077,0.91126,0,0,0,0,0,0,0,0,-2.01221,3.06537,0,0,-0.73447,0.04755,-2.31535,1.25056,14.53793,3.71822,13.21624,7.08039,-4.68222,2.52225]},{"time":1.2666}]},"MON30056_DL_7":{"MON30056_DL_7":[{"time":0},{"time":0.4,"vertices":[0.08527,0.7201,-0.29613,0.57092,0.63915,-2.03946,-0.02899,1.09727,-0.09017,-1.20965,-0.28711,-1.17861,1.33883,2.41486,1.71621,2.16292,2.96572,4.04938,3.58883,3.50891,1.54887,3.08417,2.96239,1.81414,-3.13377,-1.49889,-3.337,-0.96546,-5.8534,-1.47029,-6.01523,-0.49185,0.46543,-0.40134,0.42582,1.17334,0.45761,1.0957,0.54271,0.88782,0.49351,0.79655,0.2634,0.70234,-0.31676,-1.18688,0.07109,1.04903,0.15659,0.80046,0.06092,0.95638,-0.32229,-1.23996,-0.52108,-1.17048,0.92354,1.0969,1.09068,0.93076,0.59794,0.0491]},{"time":0.8,"vertices":[0.04591,0.38774,-0.15945,0.30742,1.62838,-2.97355,-0.01561,0.59084,-1.80814,-1.04362,-1.80356,-1.36328,-1.36519,-1.14621,-0.64352,-1.64245,1.85498,-2.53585,2.56507,-2.42053,4.2427,-2.02478,10.27071,20.11059,1.88669,-22.47455,5.98464,-21.59641,2.36152,-5.50464,3.4417,-4.75361,6.66787,-2.24992,0.22928,0.6318,0.2464,0.58999,0.29223,0.47805,0.26573,0.42891,0.14183,0.37818,0.63964,0.23464,0.86927,-1.69812,0.08432,0.43102,0.0328,0.51497,3.1371,-0.8335,2.99865,-0.14582,2.08741,-2.86967,3.21166,-2.61558,-1.13823,-0.58124]},{"time":1.2666}]},"MON30056_DL_12":{"MON30056_DL_12":[{"time":0},{"time":0.3333,"offset":34,"vertices":[4.47693,1.34007,4.66677,0.24431,2.03234,4.18233,0,0,0,0,0,0,3.75534,2.62129,4.26832,1.65976,3.01898,1.53156,3.29536,0.77486,1.82612,0.35343,1.85791,-0.08805,0,0,0,0,3.37241,-0.29456,3.2073,-1.08306,1.45795,-0.19145,1.54629,-0.64797,1.34939,-0.99498]},{"time":0.8666,"offset":6,"vertices":[5.53711,-4.13827,4.40256,-5.3294,0,0,0,0,0,0,0,0,0,0,0,0,0,0,0,0,0,0,0,0,0,0,0,0,1.39905,5.00705,2.54249,4.53471,-2.44667,6.69856,0,0,0,0,0,0,-2.1164,3.24412,-1.28997,3.65233,-5.86542,1.63895,-5.31208,2.97843,-0.90887,-1.59678,-1.2604,-1.33682,0.70682,-3.65223,-0.17612,-3.71583,2.60866,-3.6901,1.6629,-4.20199,-2.11431,-0.61218,2.45926,-4.66627,1.2871,-5.11522]},{"time":1.2666}]}}}}}}