{"skeleton":{"hash":"kMZgFhtEYWDGDEoxfayhJzGL684","spine":"3.1.03","width":203.74,"height":208.71},"bones":[{"name":"root"},{"name":"bone","parent":"root","x":10.29,"y":68.38},{"name":"MON30081_DL_14","parent":"bone","length":10.25,"x":-10.6,"y":-4.67,"rotation":85.2},{"name":"bone2","parent":"MON30081_DL_14","length":12.45,"x":10.25,"rotation":-26.65},{"name":"MON30080_DL_017","parent":"bone2","length":6.87,"x":3.49,"y":6.31,"rotation":81.3},{"name":"MON30081_DL_0","parent":"bone2","length":11.08,"x":12.13,"y":-8.76,"rotation":-18.07},{"name":"bone3","parent":"bone2","length":9.35,"x":12.45,"y":0.04,"rotation":30.54},{"name":"MON30081_DL_12","parent":"bone3","length":42.16,"x":7.84,"y":1.5,"rotation":0.99},{"name":"MON30081_DL_1","parent":"MON30081_DL_12","length":23.81,"x":76.17,"y":-8.73,"rotation":145.58},{"name":"MON30081_DL_2","parent":"MON30081_DL_12","length":24.84,"x":75.85,"y":-11.09,"rotation":-149.48},{"name":"MON30081_DL_7","parent":"bone2","length":19.37,"x":15.72,"y":-9.58,"rotation":-121.17},{"name":"MON30081_DL_5","parent":"MON30081_DL_7","length":17.36,"x":18.99,"y":0.25,"rotation":-15.06},{"name":"MON30081_DL_3","parent":"MON30081_DL_5","length":10.71,"x":17.35,"y":-0.18,"rotation":-3.59},{"name":"MON30081_DL_011","parent":"MON30081_DL_12","length":12.55,"x":16.62,"y":12.52,"rotation":2.56},{"name":"MON30081_DL_11","parent":"MON30081_DL_12","length":37.9,"x":80.82,"y":-2.11,"rotation":122.75},{"name":"MON30081_DL_012","parent":"MON30081_DL_12","length":6.66,"x":5.11,"y":10.43,"rotation":178.02},{"name":"MON30081_DL_13","parent":"bone2","length":6.97,"x":-2.31,"y":2.86,"rotation":31.23},{"name":"MON30081_DL_15","parent":"MON30081_DL_14","length":13.97,"x":-1.38,"y":-0.25,"scaleX":0.92,"rotation":-178.19},{"name":"MON30081_DL_16","parent":"MON30081_DL_14","length":14.21,"x":-1.55,"y":-11.97,"rotation":-143.31},{"name":"MON30081_DL_17","parent":"MON30081_DL_14","length":14.04,"x":-3.82,"y":6.79,"rotation":163.27},{"name":"MON30081_DL_18","parent":"bone2","length":20.6,"x":4.7,"y":5.87,"rotation":179.83},{"name":"MON30081_DL_19","parent":"MON30081_DL_18","length":17.89,"x":19.44,"y":0.16,"rotation":-1.59},{"name":"MON30081_DL_20","parent":"MON30081_DL_19","length":7.08,"x":17.72,"y":-0.13,"rotation":7.33},{"name":"MON30081_DL_21","parent":"bone","length":25.61,"x":0.26,"y":-16.47,"rotation":-80.92},{"name":"MON30081_DL_22","parent":"MON30081_DL_20","length":48.61,"x":3.76,"y":-0.17,"rotation":-88.55},{"name":"MON30081_DL_23","parent":"MON30081_DL_21","length":29.84,"x":25.1,"y":0.06,"rotation":-3.06},{"name":"MON30081_DL_24","parent":"bone","length":25.86,"x":-14.94,"y":-16.97,"rotation":-108.52},{"name":"MON30081_DL_25","parent":"MON30081_DL_12","length":17.88,"x":24.2,"y":-20.74,"rotation":176.77},{"name":"MON30081_DL_26","parent":"MON30081_DL_25","length":15.93,"x":17.83,"y":0.17,"rotation":5.63},{"name":"MON30081_DL_27","parent":"MON30081_DL_24","length":26.44,"x":25.36,"y":-0.14,"rotation":7.11},{"name":"MON30081_DL_28","parent":"MON30081_DL_12","length":19.06,"x":40.06,"y":33.2,"rotation":-156.85},{"name":"bone4","parent":"MON30081_DL_1","length":15.75,"x":24.28,"y":0.03,"rotation":12.76},{"name":"bone5","parent":"bone4","length":14.43,"x":15.28,"y":-0.19,"rotation":-5.87},{"name":"bone6","parent":"bone5","length":12.71,"x":14.43,"rotation":-15.7},{"name":"bone7","parent":"MON30081_DL_2","length":20.74,"x":24.84,"y":-0.11,"rotation":-16.78},{"name":"bone8","parent":"bone7","length":16.47,"x":20.74,"y":0.02,"rotation":-11.8},{"name":"bone9","parent":"bone8","length":18.81,"x":16.47,"rotation":-12.57},{"name":"bone10","parent":"MON30081_DL_11","length":20.5,"x":37.95,"y":0.23,"rotation":40.54},{"name":"bone11","parent":"bone10","length":15.55,"x":20.68,"y":-0.03,"rotation":18.79},{"name":"bone12","parent":"bone11","length":13.73,"x":15.55,"y":0.04,"rotation":16.74},{"name":"bone14","parent":"MON30081_DL_26","length":10.89,"x":15.32,"y":-0.11,"rotation":4.15},{"name":"bone15","parent":"bone14","length":18.66,"x":10.17,"y":0.38,"rotation":-1.41},{"name":"bone18","parent":"MON30081_DL_28","length":16.27,"x":19.06,"y":-0.05,"rotation":-13.77},{"name":"bone19","parent":"bone18","length":13.28,"x":16.27,"rotation":-20.62},{"name":"fx_wuqi","parent":"MON30081_DL_22","length":18.22,"x":67.78,"y":1.56,"rotation":87},{"name":"shadow","parent":"root","length":19.74,"x":-0.11,"y":-3.36,"rotation":-90}],"slots":[{"name":"BG3","bone":"root","color":"ffffff71"},{"name":"shadow","bone":"shadow","attachment":"shadow"},{"name":"MON30081_DL_25","bone":"MON30081_DL_26","attachment":"MON30081_DL_25"},{"name":"MON30081_DL_23","bone":"MON30081_DL_28","attachment":"MON30081_DL_23"},{"name":"MON30081_DL_22","bone":"MON30081_DL_22","attachment":"MON30081_DL_22"},{"name":"MON30081_DL_21","bone":"MON30081_DL_24","attachment":"MON30081_DL_21"},{"name":"MON30081_DL_20","bone":"MON30081_DL_27","attachment":"MON30081_DL_20"},{"name":"MON30081_DL_19","bone":"MON30081_DL_21","attachment":"MON30081_DL_19"},{"name":"MON30081_DL_18","bone":"MON30081_DL_23","attachment":"MON30081_DL_18"},{"name":"MON30081_DL_17","bone":"MON30081_DL_18","attachment":"MON30081_DL_17"},{"name":"MON30081_DL_16","bone":"MON30081_DL_19","attachment":"MON30081_DL_16"},{"name":"MON30081_DL_15","bone":"MON30081_DL_20","attachment":"MON30081_DL_15"},{"name":"MON30081_DL_14","bone":"MON30081_DL_17","attachment":"MON30081_DL_14"},{"name":"MON30080_DL_017","bone":"MON30080_DL_017","attachment":"MON30080_DL_017"},{"name":"MON30081_DL_13","bone":"MON30081_DL_13","attachment":"MON30081_DL_13"},{"name":"MON30081_DL_12","bone":"MON30081_DL_12","attachment":"MON30081_DL_12"},{"name":"MON30081_DL_012","bone":"MON30081_DL_012","attachment":"MON30081_DL_016"},{"name":"MON30081_DL_011","bone":"MON30081_DL_011"},{"name":"MON30081_DL_11","bone":"MON30081_DL_11","attachment":"MON30081_DL_11"},{"name":"MON30081_DL_7","bone":"MON30081_DL_7","attachment":"MON30081_DL_7"},{"name":"MON30081_DL_5","bone":"MON30081_DL_5","attachment":"MON30081_DL_5"},{"name":"MON30081_DL_3","bone":"MON30081_DL_3","attachment":"MON30081_DL_3"},{"name":"MON30081_DL_2","bone":"MON30081_DL_2","attachment":"MON30081_DL_2"},{"name":"MON30081_DL_1","bone":"MON30081_DL_1","attachment":"MON30081_DL_1"},{"name":"MON30081_DL_0","bone":"MON30081_DL_0","attachment":"MON30081_DL_0"},{"name":"fx_wuqi","bone":"fx_wuqi","attachment":"mao_00017","blend":"additive"}],"skins":{"default":{"MON30080_DL_017":{"MON30080_DL_017":{"x":2.87,"y":-0.09,"rotation":-139.7,"width":10,"height":18}},"MON30081_DL_0":{"MON30081_DL_0":{"x":5.27,"y":0.08,"rotation":-39.84,"width":18,"height":19}},"MON30081_DL_011":{"MON30081_DL_011":{"x":9.11,"y":-8.94,"rotation":-92.33,"width":54,"height":21},"MON30081_DL_013":{"x":9.11,"y":-8.94,"rotation":-92.33,"width":55,"height":26}},"MON30081_DL_012":{"MON30081_DL_012":{"x":2.41,"y":2.61,"rotation":92.21,"width":14,"height":8},"MON30081_DL_014":{"x":2.41,"y":2.61,"rotation":92.21,"width":16,"height":11},"MON30081_DL_015":{"x":2.71,"y":2.35,"rotation":92.21,"width":16,"height":10},"MON30081_DL_016":{"x":0.89,"y":1.97,"rotation":92.21,"width":16,"height":9}},"MON30081_DL_1":{"MON30081_DL_1":{"type":"weightedmesh","uvs":[1,0.44914,0.82693,0.69162,0.57362,0.87441,0.3148,1,0,1,0,0.87068,0.08352,0.73639,0.18264,0.45288,0.35335,0.21786,0.67825,0,1,0,0.60957,0.3836,0.46643,0.60683,0.29636,0.82539],"triangles":[4,13,3,3,13,2,13,5,6,13,4,5,13,12,2,2,12,1,13,6,7,12,13,7,12,11,1,1,11,0,7,8,12,12,8,11,11,10,0,11,9,10,11,8,9],"vertices":[3,8,18.2,16.29,0.60903,31,-2.33,17.2,0.3826,32,-19.29999,15.5,0.00835,3,8,34.68999,18.93,0.03678,31,14.32,16.14,0.59933,32,-2.61999,16.15,0.36386,3,31,28.83,10.56,0.03986,32,12.38,12.08,0.77722,33,-5.23999,11.08,0.1829,2,32,24.36,6.15,0.04721,33,7.89,8.60999,0.95278,1,33,17.03,-0.94,1,2,32,23.49,-9.28,0.00811,33,11.23,-6.48,0.99188,3,31,28.68,-11.72,0.01551,32,14.49,-10.1,0.43961,33,2.79,-9.7,0.54486,3,8,38.04,-11.72,0.02847,31,10.83,-14.5,0.74473,32,-2.97,-14.68,0.22678,2,8,21.99,-14.18,0.66289,31,-5.36,-13.36,0.3371,1,8,3.11,-10.73,1,1,8,-4.62,0.34,1,2,8,24.26,0.52,0.5,31,0.08,0.48,0.5,2,31,15.17,0.13,0.5,32,-0.14,0.31,0.5,2,32,15.16,0.38,0.5,33,0.6,0.56,0.5],"hull":11}},"MON30081_DL_11":{"MON30081_DL_11":{"type":"weightedmesh","uvs":[1,0.17639,0.78727,0.27831,0.62951,0.48216,0.4821,0.64754,0.40192,0.81485,0.37606,1,0.31272,1,0.21313,1,0.03985,0.88793,0,0.75139,0,0.50716,0,0.27254,0.1433,0.14177,0.44589,0,1,0,0.29555,0.3505,0.20283,0.58913,0.2061,0.80316,0.62267,0.14474,0.20407,0.67043],"triangles":[5,6,4,4,6,17,8,17,7,6,7,17,8,9,17,3,4,19,9,19,17,4,17,19,9,16,19,9,10,16,19,16,3,2,3,15,3,16,15,16,10,15,10,11,15,15,18,2,2,18,1,11,12,15,15,13,18,15,12,13,0,1,14,1,18,14,18,13,14],"vertices":[1,14,-2.96,11.09,1,2,14,11.71,11.1,0.99271,37,-12.88,25.31,0.00728,3,14,28.01,19.51,0.56934,37,4.96999,21.11,0.38394,38,-8.05,25.08,0.04671,4,14,42.18,25.73,0.04723,37,19.78,16.62,0.40597,38,4.51,16.06,0.50969,39,-5.95,18.51,0.03709,3,37,33.62,15.91,0.01031,38,17.37999,10.93,0.28924,39,4.88,9.89,0.70042,1,39,18.06,3.8,1,1,39,16.87,0.32,1,1,39,15,-5.13,1,2,38,22.3,-10.26,0.25625,39,3.48,-11.81,0.74374,3,37,35.57,-7.83,0.00945,38,11.57,-12.17,0.82053,39,-7.33,-10.56,0.17,3,14,59.76,1.39,0.00186,37,17.32,-13.29,0.80622,38,-7.46,-11.47,0.1919,2,14,49.86,-13.99,0.30382,37,-0.2,-18.54999,0.69617,2,14,37.34999,-18.07,0.74818,37,-12.36,-13.51,0.25181,1,14,16.6,-17.86,1,1,14,-10.41,-0.47,1,2,14,38.73,0.39,0.5,37,0.69,-0.38,0.5,2,37,20.07,-0.19,0.5,38,-0.63,0.04,0.5,2,38,16.04999,-0.38,0.5,39,0.35,-0.55,0.5,1,14,13.92,-0.04,1,2,38,5.7,-0.11,0.99919,39,-9.47999,2.68,8.0E-4],"hull":15}},"MON30081_DL_12":{"MON30081_DL_12":{"x":42.57,"y":-10.77,"rotation":-89.77,"width":107,"height":101}},"MON30081_DL_13":{"MON30081_DL_13":{"x":1.56,"y":-2.15,"rotation":-88.86,"width":21,"height":13}},"MON30081_DL_14":{"MON30081_DL_14":{"type":"weightedmesh","uvs":[0.8071,0.04985,0.81376,0.09891,1,0.13146,1,0.27904,1,0.42878,0.83255,0.50691,0.75202,0.53729,0.76008,0.58287,1,0.75648,1,1,0.373,1,0,1,0,0.75214,0.09171,0.59589,0.08903,0.39189,0.25813,0.14015,0.42187,0.12061,0.42328,0.05743,0.42455,0,0.60929,0,0.80034,0,0.60774,0.18813,0.39292,0.62802,0.6526,0.62246,0.2236,0.62159,0.41382,0.38321,0.48361,0.18138,0.76276,0.151,0.65003,0.37019,0.60869,0.07302,0.13701,0.76813,0.3851,0.77413,0.8012,0.78395],"triangles":[12,13,30,11,12,30,11,30,10,32,7,8,32,8,9,9,10,32,10,30,31,10,31,32,19,17,18,29,17,19,29,19,20,29,20,0,26,16,17,27,29,0,27,0,1,29,26,17,21,26,29,21,29,27,1,2,3,28,21,27,3,28,27,3,27,1,25,15,16,25,16,26,21,28,25,21,25,26,14,15,25,5,28,3,4,5,3,6,28,5,30,13,24,23,7,32,23,28,6,23,6,7,25,24,14,22,24,25,23,22,25,24,13,14,25,28,23,31,24,22,31,22,23,32,31,23,30,24,31],"vertices":[1,3,21.68,-3.57,1,1,3,19.95,-4.96,1,1,3,22.3,-11.89,1,2,2,17.95,-21.34,0.0223,3,16.45,-15.62,0.97769,2,2,10.94,-22.05,0.07095,3,10.52,-19.4,0.92904,2,2,6.64,-16.1,0.20171,3,4,-16.01,0.79828,2,2,4.92999,-13.2,0.38305,3,1.16999,-14.18,0.61694,1,2,2.85,-13.96,1,1,18,8.87,6.33,1,1,18,18.62999,0.74,1,1,17,18.54,0.67,1,1,19,16.93,-1.38,1,1,19,6.27,-4.78,1,1,2,-0.74,9.99,1,2,2,9.34,11.68,0.69662,3,-6.04,10.03,0.30337,1,3,6.8,11.65,1,2,2,23.11,1.27,0.00442,3,10.92,6.9,0.99557,1,3,13.45,8.45,1,1,3,15.76,9.85999,1,1,3,19.53,3.94,1,2,3,23.43,-2.17,0.98967,18,-25.19,19.37,0.01032,1,3,12.5,-0.34,1,1,2,-0.52999,-0.82,1,1,2,0.64,-9.46,1,1,2,-0.85,3.61,1,2,2,10.8,0.31,0.5,3,0.35,0.52,0.5,1,3,9.77,3.39,1,2,3,16.93,-4.56,0.97202,18,-20.12999,14.63,0.02797,2,2,12.62,-8.46,0.12925,3,5.92,-6.5,0.87074,2,3,16.79999,2.28,0.99916,18,-26.2,11.45,8.3E-4,1,19,4.71999,-0.23,1,1,17,7.13,0.19,1,1,18,6.36,-0.01,1],"hull":21}},"MON30081_DL_15":{"MON30081_DL_15":{"x":4.36,"y":0.01,"scaleX":1.154,"scaleY":1.144,"rotation":122.43,"width":11,"height":11}},"MON30081_DL_16":{"MON30081_DL_16":{"x":6.91,"y":0.67,"rotation":123.41,"width":20,"height":24}},"MON30081_DL_17":{"MON30081_DL_17":{"x":10.03,"y":-0.01,"rotation":127.11,"width":17,"height":21}},"MON30081_DL_18":{"MON30081_DL_18":{"x":13.15,"y":0.24,"rotation":85.62,"width":12,"height":36}},"MON30081_DL_19":{"MON30081_DL_19":{"x":13.07,"y":-0.13,"rotation":82.57,"width":16,"height":30}},"MON30081_DL_2":{"MON30081_DL_2":{"type":"weightedmesh","uvs":[0.79448,0.09448,1,0.24692,1,0.49735,1,0.72818,1,0.86102,0.75936,1,0.64291,1,0.47844,1,0.42577,0.81311,0.19752,0.85013,0.2619,0.5605,0.16826,0.32531,0.08837,0.22709,0,0.11843,0,0,0.10354,0,0.47844,0,0.622,0.27933,0.77135,0.51866,0.7679,0.71033,0.43639,0.17933],"triangles":[4,5,19,5,6,19,19,6,8,6,7,8,19,3,4,9,10,8,19,8,18,19,18,3,18,2,3,18,8,10,10,17,18,10,11,17,2,18,1,18,17,1,11,20,17,11,12,20,17,0,1,17,20,0,12,15,20,12,13,15,20,16,0,20,15,16,13,14,15],"vertices":[3,9,13.84,13.11,0.97412,34,-14.35,9.49,0.02586,35,-36.29,2.09999,1.0E-5,3,9,28.47,12.1,0.40274,34,-0.05,12.75,0.59721,35,-22.96,8.21,4.0E-5,2,34,20.86,7.62,0.6014,35,-1.43,7.46,0.39858,2,35,18.4,6.76,0.34421,36,0.41,7.02,0.65578,1,36,11.64,9.10999,1,1,36,24.8,3.73,1,1,36,25.49,0.06,1,1,36,26.45,-5.1,1,3,34,42.85,-16.7,3.7E-4,35,25.06,-11.85,0.06894,36,10.96,-9.7,0.93066,2,35,27.99,-19.26,0.10246,36,15.42,-16.29999,0.89753,4,9,39.66999,-21.94,0.00289,34,20.5,-16.61,0.44007,35,3.16,-16.33,0.47971,36,-9.43999,-18.84,0.07731,3,9,20.73,-14.23,0.57987,34,0.14,-14.7,0.41888,35,-17.15,-18.62,0.00124,2,9,12.16,-12.13,0.94567,34,-8.66,-15.16,0.05432,1,9,2.68,-9.82,1,1,9,-6.08,-4.63,1,1,9,-4.4,-1.78,1,2,9,1.7,8.54,0.99999,35,-44.77,-7.71,0,2,9,24.72,0.27,0.5,34,-0.23,0.34,0.5,2,34,20.89,0.07,0.5,35,0.13,0.08,0.5,2,35,16.61,-0.6,0.5,36,0.26,-0.56,0.5,1,9,14.29,-0.46,1],"hull":17}},"MON30081_DL_20":{"MON30081_DL_20":{"x":10.98,"y":-0.22,"rotation":101.4,"width":16,"height":35}},"MON30081_DL_21":{"MON30081_DL_21":{"x":13.53,"y":1.28,"rotation":108.57,"width":19,"height":30}},"MON30081_DL_22":{"MON30081_DL_22":{"x":33.7,"y":-4.22,"rotation":-145.61,"width":140,"height":107}},"MON30081_DL_23":{"MON30081_DL_23":{"type":"weightedmesh","uvs":[1,0.12971,1,0.35203,1,0.67072,1,0.88108,0.81278,1,0.65333,1,0.456,1,0.52204,0.70217,0.27761,0.48284,0,0.29444,0,0,0.23648,0,0.79394,0,0.69463,0.40195,0.8257,0.69874],"triangles":[14,2,3,5,7,14,4,5,14,6,7,5,3,4,14,14,13,1,2,14,1,7,8,13,7,13,14,9,10,11,13,12,0,13,11,12,1,13,0,8,9,11,13,8,11],"vertices":[1,30,8.42,11.22,1,2,30,19.45999,6.51,0.63166,42,-1.16999,6.47,0.36833,2,42,15.8,3.67,0.67281,43,-1.72,3.27,0.32718,1,43,9.41,5.49,1,2,42,32.68,-3.27,0,43,16.51,2.7,1,2,42,32.11,-6.73,0,43,17.2,-0.73,0.99999,2,42,31.4,-11.02,0,43,18.04,-4.98999,0.99999,2,42,15.77,-6.97,0.47271,43,1.98,-6.7,0.52727,2,30,19.71999,-10.87,0.38022,42,3.21,-10.35,0.61977,2,30,7.97,-12.5,0.97205,42,-7.82,-14.72,0.02794,2,30,-6.65,-6.26,0.99999,42,-23.51,-12.14,0,2,30,-4.61,-1.47,0.99999,42,-22.66,-7,0,1,30,0.2,9.8,1,2,30,19.29999,-0.72,0.28044,42,0.39,-0.58999,0.71954,2,42,16.67,-0.35,0.5,43,0.5,-0.18,0.5],"hull":13}},"MON30081_DL_25":{"MON30081_DL_25":{"type":"weightedmesh","uvs":[1,0.2736,0.82715,0.43221,0.6066,0.571,0.64166,0.64876,0.77434,0.70979,0.79162,0.83908,0.52894,1,0.43669,1,0.28975,1,0.28354,0.91528,0.15928,0.82876,0.19034,0.70258,0.17792,0.61607,0,0.55118,0,0.45745,0,0.29523,0.22451,0.15644,0.40074,0.09185,0.77745,0,1,0,0.36152,0.37292,0.36812,0.58038,0.39116,0.68687,0.41118,0.82455,0.68041,0.90631,0.42339,0.90852],"triangles":[6,24,5,24,6,25,8,25,7,6,7,25,8,9,25,9,23,25,9,10,23,25,23,24,5,24,4,24,23,4,23,11,22,23,10,11,23,3,4,23,22,3,11,21,22,11,12,21,22,2,3,22,21,2,20,21,12,20,12,14,21,20,2,2,20,1,14,12,13,20,14,15,20,15,16,1,20,0,20,18,0,20,17,18,20,16,17,18,19,0],"vertices":[3,27,6.49,29.14,0.88719,28,-8.43,29.94,0.11268,41,-32.43999,30.54,1.1E-4,4,27,19.95999,22.09,0.5765,28,4.27,21.6,0.40561,40,-9.43999,22.46,0.01775,41,-20.15,21.59,1.2E-4,4,27,32,12.66,0.04887,28,15.32,11.04,0.51185,40,0.81,11.12,0.39882,41,-9.62,10.51,0.04044,4,27,38.72,14.67,4.1E-4,28,22.21,12.38,0.08844,40,7.77,11.96,0.48914,41,-2.67,11.52,0.42198,3,28,26.7,18.71999,0.00236,40,12.72,17.96999,0.24136,41,2.10999,17.64,0.75626,2,40,22.18,18.87,0.09749,41,11.55,18.77,0.9025,1,41,24.81,4.58,1,1,41,24.52,0.26,1,1,41,24.07,-6.62,1,1,41,17.06,-6.47,1,2,40,19.42,-11.68,0.04661,41,9.53,-11.84,0.95338,3,28,25.13,-8.72999,0.05702,40,9.14999,-9.31,0.53612,41,-0.78,-9.71,0.40684,4,27,36.43,-7.25,0.00666,28,17.77,-9.22,0.51242,40,1.78,-9.25,0.45021,41,-8.14999,-9.84,0.03069,3,27,32.7,-15.88,0.06876,28,13.22,-17.43,0.79239,40,-3.35,-17.12,0.13884,3,27,25.14,-16.49,0.20548,28,5.63,-17.29999,0.73962,40,-10.91,-16.43,0.05489,2,27,12.04,-17.54999,0.68168,28,-7.5,-17.07,0.31831,2,27,-0.01,-7.94,0.99524,28,-18.54999,-6.32,0.00474,2,27,-5.89,-0.11,0.99999,41,-48.98,3.41,0,2,27,-14.74,16.93,0.99992,41,-55.24,21.56,7.0E-5,2,27,-15.59,27.35,0.99991,41,-54.55,32,8.0E-5,2,27,16.94,-0.11,0.5,28,-0.91,-0.19,0.5,2,28,14.13,-0.29,0.68747,40,-1.19,-0.08,0.31252,2,40,9.24,0.2,0.5,41,-0.92,-0.2,0.5,1,41,10.26,0,1,2,40,28.17,12.14,0.01462,41,17.7,12.19,0.98537,1,41,17.09,0.12,1],"hull":20}},"MON30081_DL_3":{"MON30081_DL_3":{"x":5.93,"y":-0.65,"scaleX":1.111,"scaleY":1.071,"rotation":88.87,"width":12,"height":14}},"MON30081_DL_5":{"MON30081_DL_5":{"x":7.72,"y":-1.21,"rotation":85.3,"width":14,"height":24}},"MON30081_DL_7":{"MON30081_DL_7":{"x":9.24,"y":-0.19,"rotation":66.25,"width":14,"height":24}},"fx_wuqi":{"mao_00017":{"x":-2.28,"y":-12.98,"scaleX":2,"scaleY":2,"rotation":119.63,"width":36,"height":30}},"shadow":{"shadow":{"x":-1.48,"y":-1.06,"rotation":90,"width":85,"height":42}}}},"animations":{"wait_DL":{"slots":{"MON30081_DL_011":{"attachment":[{"time":0,"name":null},{"time":1.2,"name":null},{"time":1.3333,"name":"MON30081_DL_011"},{"time":1.6,"name":null},{"time":2.4,"name":null}]},"fx_wuqi":{"attachment":[{"time":0,"name":"mao_00017"},{"time":0.0333,"name":null},{"time":0.0666,"name":"mao_00017"},{"time":0.1333,"name":null},{"time":0.1666,"name":"mao_00017"},{"time":0.3,"name":null},{"time":0.3666,"name":"mao_00017"},{"time":0.5,"name":null},{"time":0.5333,"name":"mao_00017"},{"time":0.6,"name":null},{"time":0.6333,"name":"mao_00017"},{"time":0.8333,"name":null},{"time":0.9,"name":"mao_00017"},{"time":1,"name":null},{"time":1.0333,"name":"mao_00017"},{"time":1.1666,"name":null},{"time":1.2,"name":"mao_00017"},{"time":1.2333,"name":null},{"time":1.2666,"name":"mao_00017"},{"time":1.3333,"name":null},{"time":1.3666,"name":"mao_00017"},{"time":1.5,"name":null},{"time":1.5666,"name":"mao_00017"},{"time":1.7,"name":null},{"time":1.7333,"name":"mao_00017"},{"time":1.8,"name":null},{"time":1.8333,"name":"mao_00017"},{"time":2.0333,"name":null},{"time":2.1,"name":"mao_00017"},{"time":2.2,"name":null},{"time":2.2333,"name":"mao_00017"},{"time":2.3666,"name":null},{"time":2.4,"name":"mao_00017"}]}},"bones":{"root":{"rotate":[{"time":0,"angle":0,"curve":"stepped"},{"time":1.2,"angle":0,"curve":"stepped"},{"time":2.4,"angle":0}],"translate":[{"time":0,"x":0,"y":0,"curve":"stepped"},{"time":1.2,"x":0,"y":0,"curve":"stepped"},{"time":2.4,"x":0,"y":0}],"scale":[{"time":0,"x":1,"y":1,"curve":"stepped"},{"time":1.2,"x":1,"y":1,"curve":"stepped"},{"time":2.4,"x":1,"y":1}]},"bone":{"rotate":[{"time":0,"angle":0,"curve":"stepped"},{"time":1.2,"angle":0,"curve":"stepped"},{"time":2.4,"angle":0}],"translate":[{"time":0,"x":0,"y":0,"curve":"stepped"},{"time":1.2,"x":0,"y":0,"curve":"stepped"},{"time":2.4,"x":0,"y":0}],"scale":[{"time":0,"x":1,"y":1,"curve":"stepped"},{"time":1.2,"x":1,"y":1,"curve":"stepped"},{"time":2.4,"x":1,"y":1}]},"MON30081_DL_14":{"rotate":[{"time":0,"angle":0,"curve":[0.25,0,0.75,1]},{"time":0.6666,"angle":2.56,"curve":[0.25,0,0.75,1]},{"time":1.2,"angle":0,"curve":[0.25,0,0.75,1]},{"time":1.8666,"angle":2.56,"curve":[0.25,0,0.75,1]},{"time":2.4,"angle":0}],"translate":[{"time":0,"x":0,"y":0,"curve":[0.25,0,0.75,1]},{"time":0.6666,"x":-1.58,"y":-7.5,"curve":[0.25,0,0.75,1]},{"time":1.2,"x":0,"y":0,"curve":[0.25,0,0.75,1]},{"time":1.8666,"x":-1.58,"y":-7.5,"curve":[0.25,0,0.75,1]},{"time":2.4,"x":0,"y":0}],"scale":[{"time":0,"x":1,"y":1,"curve":"stepped"},{"time":1.2,"x":1,"y":1,"curve":"stepped"},{"time":2.4,"x":1,"y":1}]},"bone2":{"rotate":[{"time":0,"angle":0,"curve":"stepped"},{"time":1.2,"angle":0,"curve":"stepped"},{"time":2.4,"angle":0}],"translate":[{"time":0,"x":0,"y":0,"curve":"stepped"},{"time":1.2,"x":0,"y":0,"curve":"stepped"},{"time":2.4,"x":0,"y":0}],"scale":[{"time":0,"x":1,"y":1,"curve":"stepped"},{"time":1.2,"x":1,"y":1,"curve":"stepped"},{"time":2.4,"x":1,"y":1}]},"bone3":{"rotate":[{"time":0,"angle":0},{"time":0.7333,"angle":0.81},{"time":1.2,"angle":0},{"time":1.9333,"angle":0.81},{"time":2.4,"angle":0}],"translate":[{"time":0,"x":0,"y":0,"curve":"stepped"},{"time":1.2,"x":0,"y":0,"curve":"stepped"},{"time":2.4,"x":0,"y":0}],"scale":[{"time":0,"x":1,"y":1,"curve":"stepped"},{"time":1.2,"x":1,"y":1,"curve":"stepped"},{"time":2.4,"x":1,"y":1}]},"MON30081_DL_15":{"rotate":[{"time":0,"angle":0,"curve":"stepped"},{"time":1.2,"angle":0,"curve":"stepped"},{"time":2.4,"angle":0}],"translate":[{"time":0,"x":0,"y":0,"curve":"stepped"},{"time":1.2,"x":0,"y":0,"curve":"stepped"},{"time":2.4,"x":0,"y":0}],"scale":[{"time":0,"x":1,"y":1},{"time":0.4666,"x":0.841,"y":1},{"time":0.8666,"x":1.037,"y":1},{"time":1.2,"x":1,"y":1},{"time":1.6666,"x":0.841,"y":1},{"time":2.0666,"x":1.037,"y":1},{"time":2.4,"x":1,"y":1}]},"MON30081_DL_16":{"rotate":[{"time":0,"angle":0},{"time":0.4666,"angle":12.86},{"time":0.8666,"angle":-2.97},{"time":1.2,"angle":0},{"time":1.6666,"angle":12.86},{"time":2.0666,"angle":-2.97},{"time":2.4,"angle":0}],"translate":[{"time":0,"x":0,"y":0,"curve":"stepped"},{"time":1.2,"x":0,"y":0,"curve":"stepped"},{"time":2.4,"x":0,"y":0}],"scale":[{"time":0,"x":1,"y":1},{"time":0.4666,"x":1.003,"y":0.964},{"time":0.8666,"x":0.973,"y":1},{"time":1.2,"x":1,"y":1},{"time":1.6666,"x":1.003,"y":0.964},{"time":2.0666,"x":0.973,"y":1},{"time":2.4,"x":1,"y":1}]},"MON30081_DL_17":{"rotate":[{"time":0,"angle":0},{"time":0.4666,"angle":-23.75},{"time":0.8666,"angle":-9.46},{"time":1.2,"angle":0},{"time":1.6666,"angle":-23.75},{"time":2.0666,"angle":-9.46},{"time":2.4,"angle":0}],"translate":[{"time":0,"x":0,"y":0,"curve":"stepped"},{"time":1.2,"x":0,"y":0,"curve":"stepped"},{"time":2.4,"x":0,"y":0}],"scale":[{"time":0,"x":1,"y":1},{"time":0.4666,"x":0.934,"y":1},{"time":0.8666,"x":0.992,"y":1},{"time":1.2,"x":1,"y":1},{"time":1.6666,"x":0.934,"y":1},{"time":2.0666,"x":0.992,"y":1},{"time":2.4,"x":1,"y":1}]},"MON30081_DL_13":{"rotate":[{"time":0,"angle":0,"curve":"stepped"},{"time":1.2,"angle":0,"curve":"stepped"},{"time":2.4,"angle":0}],"translate":[{"time":0,"x":0,"y":0},{"time":0.4666,"x":0.45,"y":-0.1},{"time":0.8,"x":-0.2,"y":-0.11},{"time":1.2,"x":0,"y":0},{"time":1.6666,"x":0.45,"y":-0.1},{"time":2,"x":-0.2,"y":-0.11},{"time":2.4,"x":0,"y":0}],"scale":[{"time":0,"x":1,"y":1},{"time":0.4666,"x":1.103,"y":1.142},{"time":0.8,"x":1.188,"y":0.989},{"time":1.2,"x":1,"y":1},{"time":1.6666,"x":1.103,"y":1.142},{"time":2,"x":1.188,"y":0.989},{"time":2.4,"x":1,"y":1}]},"MON30081_DL_12":{"rotate":[{"time":0,"angle":0},{"time":0.6,"angle":5.23},{"time":1.2,"angle":0},{"time":1.8,"angle":5.23},{"time":2.4,"angle":0}],"translate":[{"time":0,"x":0,"y":0},{"time":0.6,"x":-1.17,"y":0.05},{"time":1.2,"x":0,"y":0},{"time":1.8,"x":-1.17,"y":0.05},{"time":2.4,"x":0,"y":0}],"scale":[{"time":0,"x":1,"y":1,"curve":"stepped"},{"time":1.2,"x":1,"y":1,"curve":"stepped"},{"time":2.4,"x":1,"y":1}]},"MON30081_DL_011":{"rotate":[{"time":0,"angle":0,"curve":"stepped"},{"time":1.2,"angle":0,"curve":"stepped"},{"time":2.4,"angle":0}],"translate":[{"time":0,"x":0,"y":0,"curve":"stepped"},{"time":1.2,"x":0,"y":0,"curve":"stepped"},{"time":2.4,"x":0,"y":0}],"scale":[{"time":0,"x":1,"y":1,"curve":"stepped"},{"time":1.2,"x":1,"y":1,"curve":"stepped"},{"time":2.4,"x":1,"y":1}]},"MON30081_DL_012":{"rotate":[{"time":0,"angle":0,"curve":"stepped"},{"time":1.2,"angle":0,"curve":"stepped"},{"time":2.4,"angle":0}],"translate":[{"time":0,"x":0,"y":0,"curve":"stepped"},{"time":1.2,"x":0,"y":0,"curve":"stepped"},{"time":2.4,"x":0,"y":0}],"scale":[{"time":0,"x":1,"y":1,"curve":"stepped"},{"time":1.2,"x":1,"y":1,"curve":"stepped"},{"time":2.4,"x":1,"y":1}]},"MON30081_DL_1":{"rotate":[{"time":0,"angle":0,"curve":"stepped"},{"time":0.6,"angle":0,"curve":"stepped"},{"time":1.2,"angle":0,"curve":"stepped"},{"time":1.8,"angle":0,"curve":"stepped"},{"time":2.4,"angle":0}],"translate":[{"time":0,"x":0,"y":0,"curve":"stepped"},{"time":0.6,"x":0,"y":0,"curve":"stepped"},{"time":1.2,"x":0,"y":0,"curve":"stepped"},{"time":1.8,"x":0,"y":0,"curve":"stepped"},{"time":2.4,"x":0,"y":0}],"scale":[{"time":0,"x":1,"y":1,"curve":"stepped"},{"time":0.6,"x":1,"y":1,"curve":"stepped"},{"time":1.2,"x":1,"y":1,"curve":"stepped"},{"time":1.8,"x":1,"y":1,"curve":"stepped"},{"time":2.4,"x":1,"y":1}]},"bone4":{"rotate":[{"time":0,"angle":0},{"time":0.6,"angle":-6.14},{"time":1.2,"angle":0},{"time":1.8,"angle":-6.14},{"time":2.4,"angle":0}],"translate":[{"time":0,"x":0,"y":0,"curve":"stepped"},{"time":0.6,"x":0,"y":0,"curve":"stepped"},{"time":1.2,"x":0,"y":0,"curve":"stepped"},{"time":1.8,"x":0,"y":0,"curve":"stepped"},{"time":2.4,"x":0,"y":0}],"scale":[{"time":0,"x":1,"y":1,"curve":"stepped"},{"time":0.6,"x":1,"y":1,"curve":"stepped"},{"time":1.2,"x":1,"y":1,"curve":"stepped"},{"time":1.8,"x":1,"y":1,"curve":"stepped"},{"time":2.4,"x":1,"y":1}]},"bone5":{"rotate":[{"time":0,"angle":0},{"time":0.6,"angle":-10.43},{"time":1.2,"angle":0},{"time":1.8,"angle":-10.43},{"time":2.4,"angle":0}],"translate":[{"time":0,"x":0,"y":0,"curve":"stepped"},{"time":0.6,"x":0,"y":0,"curve":"stepped"},{"time":1.2,"x":0,"y":0,"curve":"stepped"},{"time":1.8,"x":0,"y":0,"curve":"stepped"},{"time":2.4,"x":0,"y":0}],"scale":[{"time":0,"x":1,"y":1,"curve":"stepped"},{"time":0.6,"x":1,"y":1,"curve":"stepped"},{"time":1.2,"x":1,"y":1,"curve":"stepped"},{"time":1.8,"x":1,"y":1,"curve":"stepped"},{"time":2.4,"x":1,"y":1}]},"bone6":{"rotate":[{"time":0,"angle":0},{"time":0.6,"angle":-4.86},{"time":1.2,"angle":0},{"time":1.8,"angle":-4.86},{"time":2.4,"angle":0}],"translate":[{"time":0,"x":0,"y":0,"curve":"stepped"},{"time":0.6,"x":0,"y":0,"curve":"stepped"},{"time":1.2,"x":0,"y":0,"curve":"stepped"},{"time":1.8,"x":0,"y":0,"curve":"stepped"},{"time":2.4,"x":0,"y":0}],"scale":[{"time":0,"x":1,"y":1,"curve":"stepped"},{"time":0.6,"x":1,"y":1,"curve":"stepped"},{"time":1.2,"x":1,"y":1,"curve":"stepped"},{"time":1.8,"x":1,"y":1,"curve":"stepped"},{"time":2.4,"x":1,"y":1}]},"MON30081_DL_2":{"rotate":[{"time":0,"angle":0,"curve":"stepped"},{"time":0.6,"angle":0,"curve":"stepped"},{"time":1.2,"angle":0,"curve":"stepped"},{"time":1.8,"angle":0,"curve":"stepped"},{"time":2.4,"angle":0}],"translate":[{"time":0,"x":0,"y":0,"curve":"stepped"},{"time":0.6,"x":0,"y":0,"curve":"stepped"},{"time":1.2,"x":0,"y":0,"curve":"stepped"},{"time":1.8,"x":0,"y":0,"curve":"stepped"},{"time":2.4,"x":0,"y":0}],"scale":[{"time":0,"x":1,"y":1,"curve":"stepped"},{"time":0.6,"x":1,"y":1,"curve":"stepped"},{"time":1.2,"x":1,"y":1,"curve":"stepped"},{"time":1.8,"x":1,"y":1,"curve":"stepped"},{"time":2.4,"x":1,"y":1}]},"bone7":{"rotate":[{"time":0,"angle":0},{"time":0.6,"angle":3.72},{"time":1.2,"angle":0},{"time":1.8,"angle":3.72},{"time":2.4,"angle":0}],"translate":[{"time":0,"x":0,"y":0,"curve":"stepped"},{"time":0.6,"x":0,"y":0,"curve":"stepped"},{"time":1.2,"x":0,"y":0,"curve":"stepped"},{"time":1.8,"x":0,"y":0,"curve":"stepped"},{"time":2.4,"x":0,"y":0}],"scale":[{"time":0,"x":1,"y":1,"curve":"stepped"},{"time":0.6,"x":1,"y":1,"curve":"stepped"},{"time":1.2,"x":1,"y":1,"curve":"stepped"},{"time":1.8,"x":1,"y":1,"curve":"stepped"},{"time":2.4,"x":1,"y":1}]},"bone8":{"rotate":[{"time":0,"angle":0},{"time":0.6,"angle":7.72},{"time":1.2,"angle":0},{"time":1.8,"angle":7.72},{"time":2.4,"angle":0}],"translate":[{"time":0,"x":0,"y":0,"curve":"stepped"},{"time":0.6,"x":0,"y":0,"curve":"stepped"},{"time":1.2,"x":0,"y":0,"curve":"stepped"},{"time":1.8,"x":0,"y":0,"curve":"stepped"},{"time":2.4,"x":0,"y":0}],"scale":[{"time":0,"x":1,"y":1,"curve":"stepped"},{"time":0.6,"x":1,"y":1,"curve":"stepped"},{"time":1.2,"x":1,"y":1,"curve":"stepped"},{"time":1.8,"x":1,"y":1,"curve":"stepped"},{"time":2.4,"x":1,"y":1}]},"bone9":{"rotate":[{"time":0,"angle":0,"curve":"stepped"},{"time":0.6,"angle":0,"curve":"stepped"},{"time":1.2,"angle":0,"curve":"stepped"},{"time":1.8,"angle":0,"curve":"stepped"},{"time":2.4,"angle":0}],"translate":[{"time":0,"x":0,"y":0,"curve":"stepped"},{"time":0.6,"x":0,"y":0,"curve":"stepped"},{"time":1.2,"x":0,"y":0,"curve":"stepped"},{"time":1.8,"x":0,"y":0,"curve":"stepped"},{"time":2.4,"x":0,"y":0}],"scale":[{"time":0,"x":1,"y":1,"curve":"stepped"},{"time":0.6,"x":1,"y":1,"curve":"stepped"},{"time":1.2,"x":1,"y":1,"curve":"stepped"},{"time":1.8,"x":1,"y":1,"curve":"stepped"},{"time":2.4,"x":1,"y":1}]},"MON30081_DL_11":{"rotate":[{"time":0,"angle":0,"curve":"stepped"},{"time":0.6,"angle":0,"curve":"stepped"},{"time":1.2,"angle":0,"curve":"stepped"},{"time":1.8,"angle":0,"curve":"stepped"},{"time":2.4,"angle":0}],"translate":[{"time":0,"x":0,"y":0,"curve":"stepped"},{"time":0.6,"x":0,"y":0,"curve":"stepped"},{"time":1.2,"x":0,"y":0,"curve":"stepped"},{"time":1.8,"x":0,"y":0,"curve":"stepped"},{"time":2.4,"x":0,"y":0}],"scale":[{"time":0,"x":1,"y":1,"curve":"stepped"},{"time":0.6,"x":1,"y":1,"curve":"stepped"},{"time":1.2,"x":1,"y":1,"curve":"stepped"},{"time":1.8,"x":1,"y":1,"curve":"stepped"},{"time":2.4,"x":1,"y":1}]},"bone10":{"rotate":[{"time":0,"angle":0},{"time":0.6,"angle":-10.24},{"time":1.2,"angle":0},{"time":1.8,"angle":-10.24},{"time":2.4,"angle":0}],"translate":[{"time":0,"x":0,"y":0,"curve":"stepped"},{"time":0.6,"x":0,"y":0,"curve":"stepped"},{"time":1.2,"x":0,"y":0,"curve":"stepped"},{"time":1.8,"x":0,"y":0,"curve":"stepped"},{"time":2.4,"x":0,"y":0}],"scale":[{"time":0,"x":1,"y":1,"curve":"stepped"},{"time":0.6,"x":1,"y":1,"curve":"stepped"},{"time":1.2,"x":1,"y":1,"curve":"stepped"},{"time":1.8,"x":1,"y":1,"curve":"stepped"},{"time":2.4,"x":1,"y":1}]},"bone11":{"rotate":[{"time":0,"angle":0,"curve":"stepped"},{"time":0.6,"angle":0,"curve":"stepped"},{"time":1.2,"angle":0,"curve":"stepped"},{"time":1.8,"angle":0,"curve":"stepped"},{"time":2.4,"angle":0}],"translate":[{"time":0,"x":0,"y":0,"curve":"stepped"},{"time":0.6,"x":0,"y":0,"curve":"stepped"},{"time":1.2,"x":0,"y":0,"curve":"stepped"},{"time":1.8,"x":0,"y":0,"curve":"stepped"},{"time":2.4,"x":0,"y":0}],"scale":[{"time":0,"x":1,"y":1,"curve":"stepped"},{"time":0.6,"x":1,"y":1,"curve":"stepped"},{"time":1.2,"x":1,"y":1,"curve":"stepped"},{"time":1.8,"x":1,"y":1,"curve":"stepped"},{"time":2.4,"x":1,"y":1}]},"bone12":{"rotate":[{"time":0,"angle":0},{"time":0.6,"angle":-10.63},{"time":1.2,"angle":0},{"time":1.8,"angle":-10.63},{"time":2.4,"angle":0}],"translate":[{"time":0,"x":0,"y":0,"curve":"stepped"},{"time":0.6,"x":0,"y":0,"curve":"stepped"},{"time":1.2,"x":0,"y":0,"curve":"stepped"},{"time":1.8,"x":0,"y":0,"curve":"stepped"},{"time":2.4,"x":0,"y":0}],"scale":[{"time":0,"x":1,"y":1,"curve":"stepped"},{"time":0.6,"x":1,"y":1,"curve":"stepped"},{"time":1.2,"x":1,"y":1,"curve":"stepped"},{"time":1.8,"x":1,"y":1,"curve":"stepped"},{"time":2.4,"x":1,"y":1}]},"MON30081_DL_25":{"rotate":[{"time":0,"angle":0},{"time":0.3333,"angle":-352.46},{"time":0.6666,"angle":1.63},{"time":1.2,"angle":0},{"time":1.5333,"angle":-352.46},{"time":1.8666,"angle":1.63},{"time":2.4,"angle":0}],"translate":[{"time":0,"x":0,"y":0,"curve":"stepped"},{"time":1.2,"x":0,"y":0,"curve":"stepped"},{"time":2.4,"x":0,"y":0}],"scale":[{"time":0,"x":1,"y":1,"curve":"stepped"},{"time":1.2,"x":1,"y":1,"curve":"stepped"},{"time":2.4,"x":1,"y":1}]},"MON30081_DL_26":{"rotate":[{"time":0,"angle":0},{"time":0.3333,"angle":-5.45},{"time":0.6666,"angle":7.96},{"time":1.2,"angle":0},{"time":1.5333,"angle":-5.45},{"time":1.8666,"angle":7.96},{"time":2.4,"angle":0}],"translate":[{"time":0,"x":0,"y":0,"curve":"stepped"},{"time":1.2,"x":0,"y":0,"curve":"stepped"},{"time":2.4,"x":0,"y":0}],"scale":[{"time":0,"x":1,"y":1,"curve":"stepped"},{"time":1.2,"x":1,"y":1,"curve":"stepped"},{"time":2.4,"x":1,"y":1}]},"bone14":{"rotate":[{"time":0,"angle":0},{"time":0.3333,"angle":-13.61},{"time":0.6666,"angle":4.54},{"time":0.8333,"angle":15.92},{"time":1.2,"angle":0},{"time":1.5333,"angle":-13.61},{"time":1.8666,"angle":4.54},{"time":2.0333,"angle":15.92},{"time":2.4,"angle":0}],"translate":[{"time":0,"x":0,"y":0,"curve":"stepped"},{"time":1.2,"x":0,"y":0,"curve":"stepped"},{"time":2.4,"x":0,"y":0}],"scale":[{"time":0,"x":1,"y":1,"curve":"stepped"},{"time":1.2,"x":1,"y":1,"curve":"stepped"},{"time":2.4,"x":1,"y":1}]},"bone15":{"rotate":[{"time":0,"angle":0},{"time":0.3333,"angle":-6.05},{"time":0.6666,"angle":6.94},{"time":0.8333,"angle":14.54},{"time":1.2,"angle":0},{"time":1.5333,"angle":-6.05},{"time":1.8666,"angle":6.94},{"time":2.0333,"angle":14.54},{"time":2.4,"angle":0}],"translate":[{"time":0,"x":0,"y":0,"curve":"stepped"},{"time":1.2,"x":0,"y":0,"curve":"stepped"},{"time":2.4,"x":0,"y":0}],"scale":[{"time":0,"x":1,"y":1,"curve":"stepped"},{"time":1.2,"x":1,"y":1,"curve":"stepped"},{"time":2.4,"x":1,"y":1}]},"MON30081_DL_0":{"rotate":[{"time":0,"angle":0},{"time":0.5,"angle":12.66},{"time":0.8333,"angle":2.71},{"time":1.2,"angle":0},{"time":1.7,"angle":12.66},{"time":2.0333,"angle":2.71},{"time":2.4,"angle":0}],"translate":[{"time":0,"x":0,"y":0,"curve":"stepped"},{"time":1.2,"x":0,"y":0,"curve":"stepped"},{"time":2.4,"x":0,"y":0}],"scale":[{"time":0,"x":1,"y":1,"curve":"stepped"},{"time":1.2,"x":1,"y":1,"curve":"stepped"},{"time":2.4,"x":1,"y":1}]},"MON30081_DL_7":{"rotate":[{"time":0,"angle":0},{"time":0.4666,"angle":24.59},{"time":0.7333,"angle":9.26},{"time":1.2,"angle":0},{"time":1.6666,"angle":24.59},{"time":1.9333,"angle":9.26},{"time":2.4,"angle":0}],"translate":[{"time":0,"x":0,"y":0,"curve":"stepped"},{"time":0.4666,"x":0,"y":0,"curve":"stepped"},{"time":1.2,"x":0,"y":0,"curve":"stepped"},{"time":1.6666,"x":0,"y":0,"curve":"stepped"},{"time":2.4,"x":0,"y":0}],"scale":[{"time":0,"x":1,"y":1,"curve":"stepped"},{"time":0.4666,"x":1,"y":1,"curve":"stepped"},{"time":1.2,"x":1,"y":1,"curve":"stepped"},{"time":1.6666,"x":1,"y":1,"curve":"stepped"},{"time":2.4,"x":1,"y":1}]},"MON30081_DL_5":{"rotate":[{"time":0,"angle":0},{"time":0.4666,"angle":-2.89},{"time":0.7333,"angle":12.15},{"time":1.2,"angle":0},{"time":1.6666,"angle":-2.89},{"time":1.9333,"angle":12.15},{"time":2.4,"angle":0}],"translate":[{"time":0,"x":0,"y":0,"curve":"stepped"},{"time":0.4666,"x":0,"y":0,"curve":"stepped"},{"time":1.2,"x":0,"y":0,"curve":"stepped"},{"time":1.6666,"x":0,"y":0,"curve":"stepped"},{"time":2.4,"x":0,"y":0}],"scale":[{"time":0,"x":1,"y":1,"curve":"stepped"},{"time":0.4666,"x":1,"y":1,"curve":"stepped"},{"time":1.2,"x":1,"y":1,"curve":"stepped"},{"time":1.6666,"x":1,"y":1,"curve":"stepped"},{"time":2.4,"x":1,"y":1}]},"MON30081_DL_3":{"rotate":[{"time":0,"angle":0},{"time":0.4666,"angle":20.49},{"time":0.7333,"angle":34.38},{"time":1.2,"angle":0},{"time":1.6666,"angle":20.49},{"time":1.9333,"angle":34.38},{"time":2.4,"angle":0}],"translate":[{"time":0,"x":0,"y":0,"curve":"stepped"},{"time":0.4666,"x":0,"y":0,"curve":"stepped"},{"time":1.2,"x":0,"y":0,"curve":"stepped"},{"time":1.6666,"x":0,"y":0,"curve":"stepped"},{"time":2.4,"x":0,"y":0}],"scale":[{"time":0,"x":1,"y":1,"curve":"stepped"},{"time":0.4666,"x":1,"y":1,"curve":"stepped"},{"time":1.2,"x":1,"y":1,"curve":"stepped"},{"time":1.6666,"x":1,"y":1,"curve":"stepped"},{"time":2.4,"x":1,"y":1}]},"MON30081_DL_18":{"rotate":[{"time":0,"angle":0},{"time":0.6,"angle":-20.06},{"time":1.2,"angle":0},{"time":1.8,"angle":-20.06},{"time":2.4,"angle":0}],"translate":[{"time":0,"x":0,"y":0,"curve":"stepped"},{"time":1.2,"x":0,"y":0,"curve":"stepped"},{"time":2.4,"x":0,"y":0}],"scale":[{"time":0,"x":1,"y":1,"curve":"stepped"},{"time":1.2,"x":1,"y":1,"curve":"stepped"},{"time":2.4,"x":1,"y":1}]},"MON30081_DL_19":{"rotate":[{"time":0,"angle":0},{"time":0.6,"angle":-13.12},{"time":1.2,"angle":0},{"time":1.8,"angle":-13.12},{"time":2.4,"angle":0}],"translate":[{"time":0,"x":0,"y":0,"curve":"stepped"},{"time":1.2,"x":0,"y":0,"curve":"stepped"},{"time":2.4,"x":0,"y":0}],"scale":[{"time":0,"x":1,"y":1,"curve":"stepped"},{"time":1.2,"x":1,"y":1,"curve":"stepped"},{"time":2.4,"x":1,"y":1}]},"MON30081_DL_20":{"rotate":[{"time":0,"angle":0},{"time":0.6,"angle":14.55},{"time":1.2,"angle":0},{"time":1.8,"angle":14.55},{"time":2.4,"angle":0}],"translate":[{"time":0,"x":0,"y":0,"curve":"stepped"},{"time":1.2,"x":0,"y":0,"curve":"stepped"},{"time":2.4,"x":0,"y":0}],"scale":[{"time":0,"x":1,"y":1,"curve":"stepped"},{"time":1.2,"x":1,"y":1,"curve":"stepped"},{"time":2.4,"x":1,"y":1}]},"MON30081_DL_22":{"rotate":[{"time":0,"angle":0,"curve":"stepped"},{"time":1.2,"angle":0,"curve":"stepped"},{"time":2.4,"angle":0}],"translate":[{"time":0,"x":0,"y":0,"curve":"stepped"},{"time":1.2,"x":0,"y":0,"curve":"stepped"},{"time":2.4,"x":0,"y":0}],"scale":[{"time":0,"x":1,"y":1},{"time":0.6,"x":0.91,"y":0.731},{"time":1.2,"x":1,"y":1},{"time":1.8,"x":0.91,"y":0.731},{"time":2.4,"x":1,"y":1}]},"MON30081_DL_21":{"rotate":[{"time":0,"angle":0},{"time":0.7333,"angle":-6.11},{"time":1.2,"angle":0},{"time":1.9333,"angle":-6.11},{"time":2.4,"angle":0}],"translate":[{"time":0,"x":0,"y":0,"curve":"stepped"},{"time":1.2,"x":0,"y":0,"curve":"stepped"},{"time":2.4,"x":0,"y":0}],"scale":[{"time":0,"x":1,"y":1,"curve":"stepped"},{"time":1.2,"x":1,"y":1,"curve":"stepped"},{"time":2.4,"x":1,"y":1}]},"MON30081_DL_23":{"rotate":[{"time":0,"angle":0},{"time":0.7333,"angle":10.43},{"time":1.2,"angle":0},{"time":1.9333,"angle":10.43},{"time":2.4,"angle":0}],"translate":[{"time":0,"x":0,"y":0},{"time":0.7333,"x":-0.38,"y":0.65},{"time":1.2,"x":0,"y":0},{"time":1.9333,"x":-0.38,"y":0.65},{"time":2.4,"x":0,"y":0}],"scale":[{"time":0,"x":1,"y":1,"curve":"stepped"},{"time":1.2,"x":1,"y":1,"curve":"stepped"},{"time":2.4,"x":1,"y":1}]},"MON30081_DL_24":{"rotate":[{"time":0,"angle":0},{"time":0.7333,"angle":-8.82},{"time":1.2,"angle":0},{"time":1.9333,"angle":-8.82},{"time":2.4,"angle":0}],"translate":[{"time":0,"x":0,"y":0},{"time":0.7333,"x":-0.25,"y":-3.31},{"time":1.2,"x":0,"y":0},{"time":1.9333,"x":-0.25,"y":-3.31},{"time":2.4,"x":0,"y":0}],"scale":[{"time":0,"x":1,"y":1,"curve":"stepped"},{"time":1.2,"x":1,"y":1,"curve":"stepped"},{"time":2.4,"x":1,"y":1}]},"MON30081_DL_27":{"rotate":[{"time":0,"angle":0},{"time":0.7333,"angle":16.27},{"time":1.2,"angle":0},{"time":1.9333,"angle":16.27},{"time":2.4,"angle":0}],"translate":[{"time":0,"x":0,"y":0},{"time":0.7333,"x":-2.81,"y":-0.5},{"time":1.2,"x":0,"y":0},{"time":1.9333,"x":-2.81,"y":-0.5},{"time":2.4,"x":0,"y":0}],"scale":[{"time":0,"x":1,"y":1,"curve":"stepped"},{"time":1.2,"x":1,"y":1,"curve":"stepped"},{"time":2.4,"x":1,"y":1}]},"MON30081_DL_28":{"rotate":[{"time":0,"angle":0},{"time":0.4666,"angle":-3.09},{"time":0.8,"angle":-4.58},{"time":1.2,"angle":0},{"time":1.6666,"angle":-3.09},{"time":2,"angle":-4.58},{"time":2.4,"angle":0}],"translate":[{"time":0,"x":0,"y":0,"curve":"stepped"},{"time":1.2,"x":0,"y":0,"curve":"stepped"},{"time":2.4,"x":0,"y":0}],"scale":[{"time":0,"x":1,"y":1,"curve":"stepped"},{"time":1.2,"x":1,"y":1,"curve":"stepped"},{"time":2.4,"x":1,"y":1}]},"bone18":{"rotate":[{"time":0,"angle":0},{"time":0.4666,"angle":16.74},{"time":0.8,"angle":4.54},{"time":1.2,"angle":0},{"time":1.6666,"angle":16.74},{"time":2,"angle":4.54},{"time":2.4,"angle":0}],"translate":[{"time":0,"x":0,"y":0,"curve":"stepped"},{"time":1.2,"x":0,"y":0,"curve":"stepped"},{"time":2.4,"x":0,"y":0}],"scale":[{"time":0,"x":1,"y":1,"curve":"stepped"},{"time":1.2,"x":1,"y":1,"curve":"stepped"},{"time":2.4,"x":1,"y":1}]},"bone19":{"rotate":[{"time":0,"angle":0},{"time":0.4666,"angle":13.55},{"time":1.2,"angle":0},{"time":1.6666,"angle":13.55},{"time":2.4,"angle":0}],"translate":[{"time":0,"x":0,"y":0,"curve":"stepped"},{"time":1.2,"x":0,"y":0,"curve":"stepped"},{"time":2.4,"x":0,"y":0}],"scale":[{"time":0,"x":1,"y":1,"curve":"stepped"},{"time":1.2,"x":1,"y":1,"curve":"stepped"},{"time":2.4,"x":1,"y":1}]},"shadow":{"rotate":[{"time":0,"angle":0,"curve":"stepped"},{"time":1.2,"angle":0,"curve":"stepped"},{"time":2.4,"angle":0}],"translate":[{"time":0,"x":0,"y":0,"curve":"stepped"},{"time":1.2,"x":0,"y":0,"curve":"stepped"},{"time":2.4,"x":0,"y":0}],"scale":[{"time":0,"x":1,"y":1},{"time":0.6666,"x":1.096,"y":1.096},{"time":1.2,"x":1,"y":1},{"time":1.8666,"x":1.096,"y":1.096},{"time":2.4,"x":1,"y":1}]},"MON30080_DL_017":{"rotate":[{"time":0,"angle":0},{"time":0.6,"angle":-14.56},{"time":1.2,"angle":0},{"time":1.8,"angle":-14.56},{"time":2.4,"angle":0}],"translate":[{"time":0,"x":0,"y":0,"curve":"stepped"},{"time":1.2,"x":0,"y":0,"curve":"stepped"},{"time":2.4,"x":0,"y":0}],"scale":[{"time":0,"x":1,"y":1},{"time":0.6,"x":1.101,"y":0.994},{"time":1.2,"x":1,"y":1},{"time":1.8,"x":1.101,"y":0.994},{"time":2.4,"x":1,"y":1}]}}},"wait_special_DL":{}}}