{"skeleton":{"hash":"NsyVrWCqR8QWdzqVUm0ifq31/HE","spine":"3.1.03","width":170.8,"height":206.41},"bones":[{"name":"root"},{"name":"bone","parent":"root","x":-10.71,"y":66.05},{"name":"MON20075_DL_13","parent":"bone","length":17.5,"x":-6.44,"y":-5.53,"rotation":86.22},{"name":"bone2","parent":"MON20075_DL_13","length":21,"x":17.5,"rotation":-18.9},{"name":"MON20075_DL_8","parent":"bone2","length":16.77,"x":20.39,"y":-0.01,"rotation":17.47},{"name":"MON20075_DL_1","parent":"MON20075_DL_8","length":13.32,"x":51.08,"y":22.14,"rotation":6.45},{"name":"MON20075_DL_0","parent":"MON20075_DL_1","length":17.76,"x":-9.15,"y":-52.21,"rotation":177.77},{"name":"MON20075_DL_2","parent":"MON20075_DL_1","length":12.59,"x":12.33,"y":8.9,"rotation":22.42},{"name":"MON20075_DL_3","parent":"MON20075_DL_1","length":19.75,"x":13.52,"y":-17.47,"rotation":-61.39},{"name":"MON20075_DL_4","parent":"MON20075_DL_1","length":19.99,"x":6.7,"y":-31.53,"rotation":-118.83},{"name":"MON20075_DL_5","parent":"MON20075_DL_1","length":10.08,"x":6.37,"y":20.28,"rotation":138.41},{"name":"MON20075_DL_6","parent":"MON20075_DL_8","length":5.91,"x":3.42,"y":9.03,"rotation":95.17},{"name":"MON20075_DL_7","parent":"MON20075_DL_8","length":5.71,"x":23.32,"y":15.54,"rotation":95.17},{"name":"MON20075_DL_9","parent":"MON20075_DL_1","length":18.25,"x":-3.1,"y":20.2,"rotation":-172.87},{"name":"MON20075_DL_12","parent":"bone2","length":21.06,"x":16.26,"y":-19.24,"rotation":-134.41},{"name":"MON20075_DL_11","parent":"MON20075_DL_12","length":15.63,"x":19.82,"y":-0.15,"rotation":-16.9},{"name":"MON20075_DL_10","parent":"MON20075_DL_11","length":6.66,"x":14.5,"y":-0.05,"rotation":-6.06},{"name":"MON20075_DL_16","parent":"bone2","length":24.09,"x":7.17,"y":6.83,"rotation":166.36},{"name":"MON20075_DL_15","parent":"MON20075_DL_16","length":17.53,"x":22.71,"y":-0.3,"rotation":-7},{"name":"MON20075_DL_14","parent":"MON20075_DL_15","length":7.33,"x":16.75,"y":0.01,"rotation":-3.77},{"name":"bone3","parent":"bone","length":5.98,"x":-9.84,"y":-7.56,"rotation":-93.65},{"name":"MON20075_DL_17","parent":"bone3","length":19.68,"x":6.7,"y":1.23,"rotation":2.87},{"name":"MON20075_DL_18","parent":"MON20075_DL_14","length":21.62,"x":3.38,"y":-3.15,"rotation":-91.08},{"name":"bone4","parent":"bone3","length":8.55,"x":2.06,"y":13.62,"rotation":44.25},{"name":"bone5","parent":"bone4","length":10.71,"x":8.55,"y":0.02,"rotation":-4.27},{"name":"bone6","parent":"bone3","length":7.44,"x":4.41,"y":-7.35,"rotation":-21.74},{"name":"bone7","parent":"bone6","length":6.77,"x":7.44,"y":0.01,"rotation":2.16},{"name":"bone8","parent":"MON20075_DL_17","length":16.07,"x":18.72,"y":-0.16,"rotation":4.91},{"name":"bone9","parent":"bone8","length":17.48,"x":16.07,"rotation":2.41},{"name":"bone10","parent":"MON20075_DL_17","length":15.67,"x":4.29,"y":-8.2,"rotation":-13.47},{"name":"bone11","parent":"bone10","length":14.77,"x":15.67,"rotation":8.37},{"name":"bone12","parent":"bone11","length":13.07,"x":14.77,"rotation":-19.2},{"name":"bone13","parent":"MON20075_DL_17","length":15.75,"x":1.52,"y":12.47,"rotation":22},{"name":"bone14","parent":"bone13","length":16.59,"x":15.91,"y":-0.09,"rotation":7.63},{"name":"bone15","parent":"bone14","length":15.97,"x":16.73,"y":-0.08,"rotation":12.32},{"name":"bone16","parent":"MON20075_DL_3","length":17.09,"x":20.27,"y":-0.37,"rotation":-15.89},{"name":"bone17","parent":"bone16","length":12.85,"x":17.09,"y":0.01,"rotation":-6.05},{"name":"bone18","parent":"MON20075_DL_4","length":15.17,"x":20.25,"y":0.21,"rotation":22.08},{"name":"bone19","parent":"bone18","length":10.61,"x":15.17,"y":-0.03,"rotation":35.88},{"name":"bone20","parent":"bone19","length":8.6,"x":10.5,"y":0.35,"rotation":33.29},{"name":"bone21","parent":"MON20075_DL_0","length":14.07,"x":17.76,"rotation":-13.7},{"name":"bone22","parent":"bone21","length":12.86,"x":14.07,"rotation":-8.39},{"name":"bone23","parent":"MON20075_DL_9","length":14.11,"x":18.25,"rotation":1.23},{"name":"bone24","parent":"bone23","length":13.71,"x":14.11,"rotation":4.07},{"name":"bone27","parent":"bone15","length":14.99,"x":15.74,"y":-0.02,"rotation":41.21},{"name":"shadow","parent":"root","length":8.77,"x":-2.06,"y":-1.36}],"slots":[{"name":"shadow","bone":"shadow","attachment":"shadow"},{"name":"MON20075_DL_18","bone":"MON20075_DL_18","attachment":"MON20075_DL_18"},{"name":"MON20075_DL_16","bone":"MON20075_DL_16","attachment":"MON20075_DL_16"},{"name":"MON20075_DL_17","bone":"MON20075_DL_17","attachment":"MON20075_DL_17"},{"name":"MON20075_DL_13","bone":"MON20075_DL_13","attachment":"MON20075_DL_13"},{"name":"MON20075_DL_9","bone":"MON20075_DL_9","attachment":"MON20075_DL_9"},{"name":"MON20075_DL_12","bone":"MON20075_DL_12","attachment":"MON20075_DL_12"},{"name":"MON20075_DL_15","bone":"MON20075_DL_15","attachment":"MON20075_DL_15"},{"name":"MON20075_DL_8","bone":"MON20075_DL_8","attachment":"MON20075_DL_8"},{"name":"MON20075_DL_7","bone":"MON20075_DL_7"},{"name":"MON20075_DL_14","bone":"MON20075_DL_14","attachment":"MON20075_DL_14"},{"name":"MON20075_DL_11","bone":"MON20075_DL_11","attachment":"MON20075_DL_11"},{"name":"MON20075_DL_10","bone":"MON20075_DL_10","attachment":"MON20075_DL_10"},{"name":"MON20075_DL_6","bone":"MON20075_DL_6"},{"name":"MON20075_DL_0","bone":"MON20075_DL_0","attachment":"MON20075_DL_0"},{"name":"MON20075_DL_2","bone":"MON20075_DL_2","attachment":"MON20075_DL_2"},{"name":"MON20075_DL_3","bone":"MON20075_DL_3","attachment":"MON20075_DL_3"},{"name":"MON20075_DL_4","bone":"MON20075_DL_4","attachment":"MON20075_DL_4"},{"name":"MON20075_DL_5","bone":"MON20075_DL_5","attachment":"MON20075_DL_5"},{"name":"MON20075_DL_1","bone":"MON20075_DL_1","attachment":"MON20075_DL_1"}],"skins":{"default":{"MON20075_DL_0":{"MON20075_DL_0":{"type":"weightedmesh","uvs":[1,0.20535,1,0.29823,1,0.50979,0.89494,0.73168,0.52402,0.99771,0.23141,0.99313,0,0.99998,0.05504,0.66203,0.11898,0.45563,0.03211,0.18989,0.18101,1.0E-5,0.82955,1.0E-5,0.7492,0.12594,0.68877,0.23632,0.67474,0.50722,0.57169,0.70072],"triangles":[12,10,11,12,11,0,13,10,12,9,10,13,13,12,0,1,13,0,8,9,13,14,8,13,14,13,1,14,1,2,15,8,14,7,8,15,3,14,2,15,14,3,5,7,15,4,5,15,4,15,3,6,7,5],"vertices":[1,6,-2.76,9.28,1,2,40,-15.94,5.79,0.00335,6,3.64,9.39,0.99664,2,40,-1.81,9.47,0.44802,6,18.23,9.63,0.55197,3,41,-1.66,9.87,0.33713,40,13.86,10.01,0.66059,6,33.59999,6.45,0.00226,1,41,19.98,5.86,1,2,41,23.44,-3.08,0.99999,40,36.81,-6.46,0,2,41,26.84,-9.88,0.99998,40,39.18999,-13.68,1.0E-5,3,41,4.67,-17.34,0.54606,40,16.17,-17.83,0.41179,6,29.25,-21.14,0.04214,3,41,-9.25,-20.98,0.01723,40,1.86,-19.4,0.38049,6,14.98,-19.29,0.60227,2,40,-15.16,-26.79,0.00461,6,-3.3,-22.44,0.99538,1,6,-16.48,-17.78,1,1,6,-16.83,3.46,1,1,6,-8.1,0.98,1,1,6,-0.45,-0.87,1,2,40,0.7,-0.88,0.5,6,18.23,-1.02,0.5,2,41,0.51,-0.71,0.5,40,14.47,-0.77,0.5],"hull":12}},"MON20075_DL_1":{"MON20075_DL_1":{"x":1.05,"y":0.34,"rotation":-91.27,"width":25,"height":30}},"MON20075_DL_10":{"MON20075_DL_10":{"x":4.57,"y":0.38,"rotation":89.97,"width":13,"height":16}},"MON20075_DL_11":{"MON20075_DL_11":{"x":6.45,"y":-0.63,"rotation":83.93,"width":15,"height":28}},"MON20075_DL_12":{"MON20075_DL_12":{"x":5.82,"y":0.92,"rotation":66.9,"width":20,"height":32}},"MON20075_DL_13":{"MON20075_DL_13":{"type":"weightedmesh","uvs":[0.75447,0.08573,1,0.12124,1,0.27684,0.89866,0.35653,0.75916,0.46625,0.70022,0.52639,0.74094,0.55713,0.75063,0.6186,0.87278,0.73176,0.93288,0.96228,0.90927,0.98827,0.85726,1,0.57032,0.88824,0.3842,0.7639,0.29501,0.8114,0.23103,0.7611,0.1853,0.81947,0.07013,0.96647,0,0.96228,0,0.83375,0.04558,0.76346,0.1112,0.66227,0.12552,0.61756,0.12128,0.57331,0.167,0.53076,0.13649,0.47495,0,0.43944,0,0.3278,0,0.27539,0.27698,0.15837,0.39232,0.10965,0.4017,0,0.58931,0,0.74508,0,0.38961,0.61385,0.31052,0.69245,0.4544,0.68804,0.3206,0.63843,0.46203,0.6441,0.17802,0.67239,0.10594,0.79612,0.57787,0.6591,0.71514,0.77626,0.32887,0.60467,0.18642,0.62408,0.1946,0.58439,0.45216,0.59624,0.51506,0.15404,0.29963,0.34654,0.30953,0.47666,0.51165,0.3933,0.68002,0.34315,0.76982,0.16844,0.14479,0.33686],"triangles":[12,41,42,12,36,41,42,7,8,42,41,7,36,38,41,41,6,7,41,38,6,12,42,11,11,42,10,10,42,9,42,8,9,17,40,16,17,18,40,40,19,20,40,18,19,16,40,15,40,39,15,40,21,39,40,20,21,21,22,39,39,22,44,44,22,45,22,23,45,23,24,45,13,36,12,14,35,13,14,15,35,13,35,36,15,39,35,39,44,35,35,37,36,35,44,37,36,37,38,44,45,37,37,45,43,38,5,6,38,37,34,37,43,34,34,46,38,38,46,5,46,34,49,45,49,43,34,43,49,46,50,5,46,49,50,45,24,49,24,25,49,50,51,5,5,51,4,25,48,49,49,48,50,25,53,48,25,26,53,26,27,53,53,27,28,4,51,3,50,47,51,50,48,47,51,52,3,3,52,2,48,30,47,53,29,48,48,29,30,51,47,52,29,53,28,52,1,2,47,0,52,47,32,0,32,33,0,52,0,1,30,31,47,47,31,32],"vertices":[4,3,24.66,-7.7,0.97764,2,38.34,-15.27,0.01308,25,-51.39,7.49,0,23,-27.03,33.31,0.00927,4,3,27.07,-19.74,0.91999,2,36.73,-27.43,0.04963,25,-54.36,19.4,0,23,-17.36,40.88,0.03036,4,3,17.29999,-23.81,0.84485,2,26.17,-28.13,0.10374,25,-44.8,23.93,0,23,-9.33,33.99,0.05139,4,3,10.39,-21.32,0.71604,2,20.43,-23.53,0.19586,25,-37.77,21.77,0,23,-8.45,26.69,0.08808,4,3,0.87,-17.87999,0.32204,2,12.54,-17.2,0.42799,25,-28.1,18.79,0,23,-7.23,16.65,0.24995,4,3,-4.01,-16.79,0.10109,2,8.27,-14.59,0.43826,25,-23.17,17.93,0,23,-6.01,11.79,0.46063,5,3,-5.17,-19.44,0.04829,2,6.32,-16.71999,0.31748,25,-22.14,20.62999,0,24,-12.53,11.02,0.00131,23,-3.12,11.95,0.6329,5,3,-8.84,-21.49,0.01248,2,2.18,-17.45999,0.1388,25,-18.56,22.84,0,24,-8.88,8.93,0.0354,23,0.35,9.59,0.81329,3,25,-14.17,31.55,0,24,0.85,9.18999,0.61184,23,10.09,9.12,0.38815,3,25,-1.27,40.93,0,24,15.22,2.27,0.99982,23,23.9,1.16,1.7E-4,3,25,0.82,40.64,0,24,15.96,0.29,0.99988,23,24.49,-0.86,1.1E-4,2,25,2.63,38.68,0,24,15.09,-2.23,1,3,20,14.48,13.08,0.10617,24,0.64,-9.05,0.5098,23,8.52,-9.04,0.384,4,2,-8.85,-0.2,0.03785,20,6.62,3.44,0.77237,24,-11.57,-11.38,0.0071,23,-3.82,-10.46,0.18265,2,20,10.12,-0.7,0.96653,25,2.84,8.28,0.03345,3,20,6.9,-4.05,0.53491,25,1.09,3.99,0.44123,26,-6.19,4.21,0.02384,3,20,11.01,-6.03,0.05053,25,5.64,3.66,0.51002,26,-1.66,3.71,0.43942,3,20,21.34,-11.03,8.0E-5,25,17.09,2.84,0.0013,26,9.75,2.46,0.9986,3,20,21.27,-14.48,1.0E-5,25,18.29999,-0.37,5.6E-4,26,10.84,-0.8,0.99941,1,26,2.8,-4.23999,1,2,25,5.13,-4.15,0.56866,26,-2.46,-4.07,0.43133,3,2,-2.84,13.59,0.01318,20,0.57,-10.33,0.02033,25,-2.46,-4.19,0.96646,4,3,-20.58,6.8,5.5E-4,2,0.23,13.09,0.09812,20,-2.5,-9.83,0.21241,25,-5.51,-4.86,0.6889,4,3,-17.87999,8.14999,0.00618,2,3.22,13.5,0.22838,20,-5.49,-10.22,0.26742,25,-8.14,-6.33,0.49801,4,3,-14.35,7.2,0.0305,2,6.26,11.45,0.4718,20,-8.52,-8.17,0.23687,25,-11.71,-5.55,0.2608,4,3,-11.42,10.04,0.13748,2,9.93999,13.19,0.65733,20,-12.21,-9.91,0.10221,25,-14.5,-8.52,0.10295,4,3,-11.77,17.14,0.26187,2,11.91,20.03,0.65159,20,-14.2,-16.73,0.0408,25,-13.82,-15.6,0.04573,4,3,-4.76,20.07,0.38014,2,19.49,20.53,0.57503,20,-21.77,-17.20999,0.0194,25,-20.68,-18.86,0.0254,4,3,-1.47,21.44,0.42711,2,23.05,20.76,0.53955,20,-25.33,-17.44,0.01361,25,-23.9,-20.37999,0.01971,4,3,11.09,11.98,0.83076,2,31.88,7.74,0.15943,20,-34.13,-4.4,0.004,25,-36.9,-11.52,0.00579,2,3,16.32,8.04,0.99884,2,35.55,2.32,0.00115,2,3,23.38,10.49,1,25,-49.25,-10.61,0,1,3,26.92,2,1,2,3,29.86,-5.03,0.99966,23,-31.75,36.75999,3.3E-4,1,2,1.34,0.2,1,1,20,2,-0.46,1,3,2,-3.48,-3.29,0.36225,20,1.25,6.55,0.25057,23,-5.5,-4.48999,0.38717,1,20,-1.69,-0.2,1,3,2,-0.47,-3.47,0.73634,20,-1.75,6.73,0.10465,23,-7.53,-2.27,0.15899,3,2,-3.31,10.28,0.02145,20,1.04999,-7.02,0.28024,25,-3.24,-0.94,0.6983,2,25,5.87,-0.52,0.5,26,-1.58,-0.48,0.5,1,23,-3.06,1.37,1,2,24,-1.28,1.16999,0.5,23,7.36,1.29,0.5,3,2,1.76,3.21,0.66926,20,-4.01,0.05,0.31806,25,-10.57,3.76,0.01267,3,2,0,10.09,0.02145,20,-2.25,-6.82,0.28024,25,-6.38,-1.97,0.6983,4,3,-17.19,4.54,0.00268,2,2.71,9.85999,0.22868,20,-4.96999,-6.59,0.36819,25,-8.99,-2.76,0.40044,2,2,2.73,-2.77,0.90999,23,-10.31,-0.52,0.09,2,3,15.85,1.33,0.78241,2,32.93999,-3.87,0.21758,4,3,-0.28,6.03,0.46591,2,19.18,5.79,0.52133,20,-21.43,-2.48,0.00552,25,-25.81,-5.04,0.00722,4,3,-8.26,2.17,0.21786,2,10.39,4.73,0.70925,20,-12.63,-1.44,0.0363,25,-18.03,-0.81,0.03657,4,3,0.77,-4.78,0.35618,2,16.69,-4.77,0.54562,25,-27.39,5.7,0,23,-18.89,10.67,0.09818,4,3,7.1,-11.08,0.50531,2,20.64,-12.78,0.35583,25,-34.00999,11.7,0,23,-16.11,19.15,0.13884,4,3,19.76,-10.56,0.8674,2,32.78,-16.39,0.09183,25,-46.63,10.58,0,23,-22.27,30.22,0.04075,4,3,-2.59999,13.28,0.42159,2,19.34,13.41,0.54908,20,-21.61,-10.1,0.01269,25,-23.16,-12.18,0.01662],"hull":34}},"MON20075_DL_14":{"MON20075_DL_14":{"x":1.09,"y":-5.79,"rotation":137.06,"width":17,"height":15}},"MON20075_DL_15":{"MON20075_DL_15":{"x":5.17,"y":-3.6,"rotation":133.21,"width":21,"height":19}},"MON20075_DL_16":{"MON20075_DL_16":{"x":10.63,"y":-2.52,"rotation":126.55,"width":24,"height":29}},"MON20075_DL_17":{"MON20075_DL_17":{"type":"weightedmesh","uvs":[0.68651,0.24905,0.7961,0.4842,0.86957,0.60026,0.90639,0.66989,1,0.7505,1,0.85393,1,0.92469,0.8627,0.94112,0.64153,0.96758,0.37066,1,0.24622,0.97441,0,0.92378,0,0.80404,0.06506,0.61692,0.11835,0.39051,0.18208,0,0.26859,0,0.33747,0,0.43991,0,0.54939,0,0.33732,0.4152,0.34605,0.67917,0.2084,0.42597,0.19595,0.65999,0.12628,0.94975,0.53159,0.37727,0.6198,0.62227,0.72745,0.81013,0.26974,0.42084,0.26772,0.66916,0.44074,0.39501,0.48162,0.65099,0.56468,0.97678,0.8774,0.83423],"triangles":[27,2,3,33,27,3,33,3,4,33,4,5,33,5,6,7,27,33,7,33,6,8,27,7,26,1,2,27,26,2,27,31,26,27,32,31,8,32,27,25,0,1,26,25,1,31,30,25,31,25,26,25,18,19,25,19,0,30,18,25,10,29,21,9,21,31,9,31,32,10,21,9,20,30,31,29,28,20,20,21,29,31,21,20,20,16,17,17,18,30,20,17,30,28,16,20,22,14,16,16,14,15,28,22,16,13,14,22,23,13,22,29,22,28,23,22,29,12,24,11,23,12,13,23,24,12,24,23,29,10,24,29],"vertices":[3,32,11.79,7.39,0.46361,33,-3.08,7.97,0.53513,34,-17.64,12.09,0.00123,3,33,11.54,6.93,0.45821,34,-3.58,7.96,0.50482,44,-9.27,18.74,0.03695,3,33,18.25,7.85,0.0237,34,3.17,7.43,0.32795,44,-4.54,13.88,0.64834,2,34,9.8,7.3,0.03005,44,0.36,9.42,0.96994,1,44,4.44,5.37,1,1,44,5.21999,-0.43,1,1,44,5.75,-4.39,1,1,44,-1.35,-5.75,1,3,28,18.24,20.79999,0.17984,34,12.75,-14.65,0.66389,44,-11.88,-9.03,0.15626,1,28,17.86,-0.15,1,2,31,12.57,13.23,0.44742,28,15.33,-9.5,0.55257,2,31,16.73,-5.75,0.99995,28,8.92,-27.85,4.0E-5,2,31,11.54,-8.17,0.9883,30,22.99,-11.51,0.01169,3,31,0.14,-7.96,0.51143,30,12.29,-7.57,0.48713,29,28.94,-5.69,0.00142,3,30,-0.87,-4.8,0.44274,29,15.51,-4.87,0.55716,32,4.63,-33.16999,7.0E-5,2,29,-7.12,-5.54,0.93761,21,-3.91,-11.94,0.06238,4,29,-8.75,0.9,0.5198,21,-4,-5.28,0.46447,32,-11.78,-14.38,0.01571,33,-29.34,-10.47999,0,4,29,-10.06,6.05,0.11363,21,-4.07,0.02,0.85536,32,-9.85999,-9.43999,0.031,33,-26.78,-5.83,0,3,21,-4.17999,7.91,0.29727,32,-7,-2.08,0.7027,33,-22.97,1.07,1.0E-5,1,32,-3.95,5.77,1,2,21,19.41,0.33,0.5,27,0.73,0.43,0.5,2,27,15.68,0.02,0.5,28,-0.39,0.04,0.5,2,30,0.41,2.3,0.5,29,15.75,2.33999,0.5,2,31,-1.91,2.19,0.5,30,13.69,2.69,0.5,2,31,15.22,4.27,0.9852,28,12.89,-18.52,0.01479,2,32,15.45,-3.23,0.5,33,-0.86,-3.05,0.5,2,33,14.55,-3.79,0.5,34,-2.92,-3.16,0.5,2,34,10.53,-3.92,0.5,44,-6.48,0.49,0.5,4,30,-0.35,6.97,0.20173,29,14.3,6.85,0.25009,21,19.79999,-4.86,0.24704,27,0.67,-4.78,0.30111,4,31,-3.77,7.42,0.10692,30,13.64,8.25,0.22976,27,14.68,-5.94,0.46287,28,-1.64,-5.88,0.20043,5,21,18.16,8.27,0.23994,27,0.16,8.46,0.29782,28,-15.53,9.12,0.00599,32,13.85,-10.12,0.20935,33,-3.36,-9.66,0.24688,6,21,32.61,11.62,0.00577,27,14.84,10.55,0.32974,28,-0.78,10.59,0.23141,32,28.5,-12.43,0.00301,33,10.84,-13.9,0.34172,34,-8.71,-12.24,0.08832,4,28,18.26,14.84,0.37937,33,30.07,-17.19,0.00418,34,9.37,-19.56,0.5856,44,-17.66,-10.51,0.0308,1,44,-0.96,-0.13,1],"hull":20}},"MON20075_DL_18":{"MON20075_DL_18":{"x":37.87,"y":-4.03,"rotation":-131.95,"width":88,"height":119}},"MON20075_DL_2":{"MON20075_DL_2":{"x":12.86,"y":-0.37,"rotation":-113.85,"width":20,"height":37}},"MON20075_DL_3":{"MON20075_DL_3":{"type":"weightedmesh","uvs":[0.94862,0.24335,1,0.35143,1,0.67762,0.76448,0.72715,0.53075,0.78357,0.29736,1,0,1,0,0.83594,0.12726,0.41366,0.37998,0.1126,0.60374,0,0.78576,0,0.2059,0.75251,0.46191,0.4718,0.70521,0.33381],"triangles":[14,10,11,14,11,0,14,0,1,1,3,14,2,3,1,9,10,14,13,9,14,13,14,3,4,13,3,8,9,13,12,8,13,12,13,4,7,8,12,6,7,12,5,12,4,6,12,5],"vertices":[1,36,17.59,0.57,1,1,36,20.59,-3.46,1,1,36,19.06,-14.11,1,2,35,18.41,-13.61,0.31658,36,2.74,-13.41,0.68341,3,8,19.37,-12.02,0.3759,35,2.32,-11.45,0.61668,36,-13.48,-12.95,0.00741,1,8,1.86,-10.12,1,3,8,-15.88,0.17,0.99997,35,-34.91999,-9.35999,2.0E-5,36,-50.74,-14.79,0,3,8,-13.16,4.85,0.99997,35,-33.59,-4.11,2.0E-5,36,-49.97,-9.43,0,2,8,1.41,12.49,1,36,-39.29,3.1,0,3,8,21.48,12.34,0.49391,35,-2.31,12.56,0.50528,36,-20.61,10.43999,7.8E-4,3,8,36.7,7.8,7.7E-4,35,13.56,12.37,0.82279,36,-4.8,11.92,0.17643,2,35,25.73,9.28,0.09685,36,7.62,10.12,0.90314,1,8,0.5,0.1,1,2,8,20.42,-0.74,0.36943,35,0.25,-0.31,0.63056,2,35,17.64,-0.02,0.5,36,0.55,0.01,0.5],"hull":12}},"MON20075_DL_4":{"MON20075_DL_4":{"type":"weightedmesh","uvs":[1,0.55458,0.95083,0.7805,0.70321,1,0.41037,1,0.08781,0.56924,0,0.4146,0,0,0.21101,0,0.44879,0.15492,0.64722,0.1099,0.80008,0,1,0,0.17085,0.27659,0.47233,0.54084,0.72856,0.57334,0.88147,0.42001],"triangles":[15,10,11,9,10,15,15,11,0,15,14,9,1,14,15,0,1,15,2,14,1,14,13,9,2,13,14,3,13,2,12,6,7,12,7,8,5,6,12,13,8,9,12,8,13,4,5,12,4,12,13,3,4,13],"vertices":[2,38,14.43,-7.43,0.62304,39,-0.99,-8.66,0.37694,3,37,29.11,-5.74,0.03966,38,7.94,-12.8,0.9088,39,-9.35999,-9.59,0.05152,3,9,40.04,-7.77,0.00236,37,15.34,-14.84,0.71615,38,-8.54,-12.09,0.28148,2,9,24.76,-15.82,0.3217,37,-1.85,-16.54999,0.67829,1,9,0.89,-11.34,1,1,9,-6.2,-8.97,1,1,9,-12.96,3.86,1,1,9,-1.95,9.66,1,4,9,12.98,11.4,0.7776,37,-2.52,13.1,0.19901,38,-6.63,21.01,0.00198,39,-2.98,26.68,0.02138,4,9,22.61,18.25,0.10536,37,8.96,15.83,0.43653,38,4.27,16.48,0.11885,39,3.64,16.9,0.33923,4,9,28.8,25.85,0.00165,37,17.54999,20.54999,0.09398,38,14,15.27,0.0472,39,11.11,10.55,0.85715,1,39,16.37,0,1,1,9,0.46,0,1,2,9,20.5,0.09,0.5,37,0.19,-0.2,0.5,2,37,15.34,0.16,0.5,38,0.26,0.05,0.5,2,38,10.75,0.15,0.5,39,0.1,-0.3,0.5],"hull":12}},"MON20075_DL_5":{"MON20075_DL_5":{"x":1.31,"y":2.14,"rotation":130.45,"width":23,"height":29}},"MON20075_DL_6":{"MON20075_DL_6":{"x":1.54,"y":-1.24,"rotation":-179.99,"width":23,"height":14}},"MON20075_DL_7":{"MON20075_DL_7":{"x":-4.59,"y":-7.73,"rotation":-179.99,"width":57,"height":27}},"MON20075_DL_8":{"MON20075_DL_8":{"x":52.14,"y":-1.06,"rotation":-84.82,"width":104,"height":114}},"MON20075_DL_9":{"MON20075_DL_9":{"type":"weightedmesh","uvs":[0.65311,0.24269,0.81316,0.47738,0.86119,0.68029,1,0.86609,1,1,0.76522,1,0.43718,1,0.29915,0.87374,0.14111,0.72919,0,0.53606,0,0.26225,0,0,0.23702,0,0.64508,0,0.30107,0.25247,0.40511,0.50917,0.51715,0.69741,0.6491,0.85836],"triangles":[14,12,13,14,13,0,10,11,12,10,12,14,15,14,0,15,0,1,9,10,14,9,14,15,16,15,1,16,1,2,8,9,15,8,15,16,17,16,2,17,2,3,7,8,16,7,16,17,6,7,17,5,17,3,6,17,5,5,3,4],"vertices":[1,13,2.08999,6.41,1,2,42,1.23,7.4,0.43779,13,19.32,7.42,0.5622,2,43,2.11999,5.86,0.46894,42,15.81,5.99,0.53105,1,43,16.14,6.87,1,1,43,23.73,5.99,1,1,43,22.77,1.4,1,1,43,21.37,-6.98,1,2,43,12.71,-9.45,0.76387,42,27.46,-8.53,0.23612,2,43,1.77,-10.35999,0.49352,42,16.62,-10.21,0.50647,2,42,2.39,-10.93,0.60972,13,20.87999,-10.89,0.39027,1,13,1.38,-8,1,1,13,-17.29,-5.23,1,1,13,-16.53,-0.07,1,1,13,-15.21,8.8,1,1,13,1.65,-1.34,1,2,42,1.98,-1.82,0.5,13,20.27,-1.79,0.5,2,43,1.51,-1.78,0.5,42,15.75,-1.67,0.5,2,43,14.02,0.58,0.76595,42,28.06,1.58,0.23404],"hull":14}},"shadow":{"shadow":{"x":7.5,"y":10.43,"scaleX":1.6,"scaleY":1.6,"width":85,"height":42}}}},"animations":{"wait_DL":{"slots":{"MON20075_DL_7":{"attachment":[{"time":0,"name":null},{"time":1,"name":null},{"time":1.8,"name":"MON20075_DL_7"},{"time":1.9,"name":null},{"time":2,"name":null}]}},"bones":{"bone":{"rotate":[{"time":0,"angle":0,"curve":"stepped"},{"time":0.5,"angle":0,"curve":"stepped"},{"time":1,"angle":0,"curve":"stepped"},{"time":1.5,"angle":0,"curve":"stepped"},{"time":2,"angle":0}],"translate":[{"time":0,"x":0,"y":-1.25},{"time":0.5,"x":0,"y":-8.13},{"time":1,"x":0,"y":-1.25},{"time":1.5,"x":0,"y":-8.13},{"time":2,"x":0,"y":-1.25}],"scale":[{"time":0,"x":1,"y":1},{"time":0.5,"x":1.021,"y":0.978},{"time":1,"x":1,"y":1},{"time":1.5,"x":1.021,"y":0.978},{"time":2,"x":1,"y":1}]},"MON20075_DL_13":{"rotate":[{"time":0,"angle":0},{"time":0.3333,"angle":2.43},{"time":0.6666,"angle":2.07},{"time":1,"angle":0},{"time":1.3333,"angle":2.43},{"time":1.6666,"angle":2.07},{"time":2,"angle":0}],"translate":[{"time":0,"x":0,"y":0},{"time":0.5,"x":0,"y":-0.53},{"time":1,"x":0,"y":0},{"time":1.5,"x":0,"y":-0.53},{"time":2,"x":0,"y":0}],"scale":[{"time":0,"x":1,"y":1,"curve":"stepped"},{"time":0.5,"x":1,"y":1,"curve":"stepped"},{"time":1,"x":1,"y":1,"curve":"stepped"},{"time":1.5,"x":1,"y":1,"curve":"stepped"},{"time":2,"x":1,"y":1}]},"bone2":{"rotate":[{"time":0,"angle":0},{"time":0.3333,"angle":2.1},{"time":0.6666,"angle":1.86},{"time":1,"angle":0},{"time":1.3333,"angle":2.1},{"time":1.6666,"angle":1.86},{"time":2,"angle":0}],"translate":[{"time":0,"x":0,"y":0},{"time":0.5,"x":-1.6,"y":-0.1},{"time":1,"x":0,"y":0},{"time":1.5,"x":-1.6,"y":-0.1},{"time":2,"x":0,"y":0}],"scale":[{"time":0,"x":1,"y":1,"curve":"stepped"},{"time":0.5,"x":1,"y":1,"curve":"stepped"},{"time":1,"x":1,"y":1,"curve":"stepped"},{"time":1.5,"x":1,"y":1,"curve":"stepped"},{"time":2,"x":1,"y":1}]},"MON20075_DL_8":{"rotate":[{"time":0,"angle":0},{"time":0.3333,"angle":-7.04},{"time":0.6666,"angle":-7.3},{"time":1,"angle":0},{"time":1.3333,"angle":-7.04},{"time":1.6666,"angle":-7.3},{"time":2,"angle":0}],"translate":[{"time":0,"x":0,"y":0},{"time":0.5,"x":-2.19,"y":-0.08},{"time":1,"x":0,"y":0},{"time":1.5,"x":-2.19,"y":-0.08},{"time":2,"x":0,"y":0}],"scale":[{"time":0,"x":1,"y":1,"curve":"stepped"},{"time":0.5,"x":1,"y":1,"curve":"stepped"},{"time":1,"x":1,"y":1,"curve":"stepped"},{"time":1.5,"x":1,"y":1,"curve":"stepped"},{"time":2,"x":1,"y":1}]},"bone3":{"rotate":[{"time":0,"angle":0,"curve":"stepped"},{"time":0.5,"angle":0,"curve":"stepped"},{"time":1,"angle":0,"curve":"stepped"},{"time":1.5,"angle":0,"curve":"stepped"},{"time":2,"angle":0}],"translate":[{"time":0,"x":0,"y":0,"curve":"stepped"},{"time":0.5,"x":0,"y":0,"curve":"stepped"},{"time":1,"x":0,"y":0,"curve":"stepped"},{"time":1.5,"x":0,"y":0,"curve":"stepped"},{"time":2,"x":0,"y":0}],"scale":[{"time":0,"x":1,"y":1,"curve":"stepped"},{"time":0.5,"x":1,"y":1,"curve":"stepped"},{"time":1,"x":1,"y":1,"curve":"stepped"},{"time":1.5,"x":1,"y":1,"curve":"stepped"},{"time":2,"x":1,"y":1}]},"bone4":{"rotate":[{"time":0,"angle":0},{"time":0.3333,"angle":15.3},{"time":0.6666,"angle":-2.51},{"time":1,"angle":0},{"time":1.3333,"angle":15.3},{"time":1.6666,"angle":-2.51},{"time":2,"angle":0}],"translate":[{"time":0,"x":0,"y":0,"curve":"stepped"},{"time":0.3333,"x":0,"y":0,"curve":"stepped"},{"time":0.6666,"x":0,"y":0,"curve":"stepped"},{"time":1,"x":0,"y":0,"curve":"stepped"},{"time":1.3333,"x":0,"y":0,"curve":"stepped"},{"time":1.6666,"x":0,"y":0,"curve":"stepped"},{"time":2,"x":0,"y":0}],"scale":[{"time":0,"x":1,"y":1,"curve":"stepped"},{"time":0.3333,"x":1,"y":1,"curve":"stepped"},{"time":0.6666,"x":1,"y":1,"curve":"stepped"},{"time":1,"x":1,"y":1,"curve":"stepped"},{"time":1.3333,"x":1,"y":1,"curve":"stepped"},{"time":1.6666,"x":1,"y":1,"curve":"stepped"},{"time":2,"x":1,"y":1}]},"bone5":{"rotate":[{"time":0,"angle":0},{"time":0.3333,"angle":-4.6},{"time":0.6666,"angle":13.11},{"time":1,"angle":0},{"time":1.3333,"angle":-4.6},{"time":1.6666,"angle":13.11},{"time":2,"angle":0}],"translate":[{"time":0,"x":0,"y":0,"curve":"stepped"},{"time":0.3333,"x":0,"y":0,"curve":"stepped"},{"time":0.6666,"x":0,"y":0,"curve":"stepped"},{"time":1,"x":0,"y":0,"curve":"stepped"},{"time":1.3333,"x":0,"y":0,"curve":"stepped"},{"time":1.6666,"x":0,"y":0,"curve":"stepped"},{"time":2,"x":0,"y":0}],"scale":[{"time":0,"x":1,"y":1,"curve":"stepped"},{"time":0.3333,"x":1,"y":1,"curve":"stepped"},{"time":0.6666,"x":1,"y":1,"curve":"stepped"},{"time":1,"x":1,"y":1,"curve":"stepped"},{"time":1.3333,"x":1,"y":1,"curve":"stepped"},{"time":1.6666,"x":1,"y":1,"curve":"stepped"},{"time":2,"x":1,"y":1}]},"bone6":{"rotate":[{"time":0,"angle":0},{"time":0.3333,"angle":-17.97},{"time":0.6666,"angle":1.98},{"time":1,"angle":0},{"time":1.3333,"angle":-17.97},{"time":1.6666,"angle":1.98},{"time":2,"angle":0}],"translate":[{"time":0,"x":0,"y":0,"curve":"stepped"},{"time":0.3333,"x":0,"y":0,"curve":"stepped"},{"time":0.6666,"x":0,"y":0,"curve":"stepped"},{"time":1,"x":0,"y":0,"curve":"stepped"},{"time":1.3333,"x":0,"y":0,"curve":"stepped"},{"time":1.6666,"x":0,"y":0,"curve":"stepped"},{"time":2,"x":0,"y":0}],"scale":[{"time":0,"x":1,"y":1,"curve":"stepped"},{"time":0.3333,"x":1,"y":1,"curve":"stepped"},{"time":0.6666,"x":1,"y":1,"curve":"stepped"},{"time":1,"x":1,"y":1,"curve":"stepped"},{"time":1.3333,"x":1,"y":1,"curve":"stepped"},{"time":1.6666,"x":1,"y":1,"curve":"stepped"},{"time":2,"x":1,"y":1}]},"bone7":{"rotate":[{"time":0,"angle":0},{"time":0.3333,"angle":8.74},{"time":0.6666,"angle":-21.31},{"time":1,"angle":0},{"time":1.3333,"angle":8.74},{"time":1.6666,"angle":-21.31},{"time":2,"angle":0}],"translate":[{"time":0,"x":0,"y":0,"curve":"stepped"},{"time":0.3333,"x":0,"y":0,"curve":"stepped"},{"time":0.6666,"x":0,"y":0,"curve":"stepped"},{"time":1,"x":0,"y":0,"curve":"stepped"},{"time":1.3333,"x":0,"y":0,"curve":"stepped"},{"time":1.6666,"x":0,"y":0,"curve":"stepped"},{"time":2,"x":0,"y":0}],"scale":[{"time":0,"x":1,"y":1,"curve":"stepped"},{"time":0.3333,"x":1,"y":1,"curve":"stepped"},{"time":0.6666,"x":1,"y":1,"curve":"stepped"},{"time":1,"x":1,"y":1,"curve":"stepped"},{"time":1.3333,"x":1,"y":1,"curve":"stepped"},{"time":1.6666,"x":1,"y":1,"curve":"stepped"},{"time":2,"x":1,"y":1}]},"MON20075_DL_17":{"rotate":[{"time":0,"angle":0,"curve":"stepped"},{"time":1,"angle":0,"curve":"stepped"},{"time":2,"angle":0}],"translate":[{"time":0,"x":0,"y":0},{"time":0.5,"x":0.4,"y":0.02},{"time":1,"x":0,"y":0},{"time":1.5,"x":0.4,"y":0.02},{"time":2,"x":0,"y":0}],"scale":[{"time":0,"x":1,"y":1},{"time":0.5,"x":0.891,"y":1.073},{"time":1,"x":1,"y":1},{"time":1.5,"x":0.891,"y":1.073},{"time":2,"x":1,"y":1}]},"MON20075_DL_12":{"rotate":[{"time":0,"angle":0},{"time":0.1666,"angle":-4.08},{"time":0.5,"angle":13.38},{"time":0.6666,"angle":13.59},{"time":1,"angle":0},{"time":1.1666,"angle":-4.08},{"time":1.5,"angle":13.38},{"time":1.6666,"angle":13.59},{"time":2,"angle":0}],"translate":[{"time":0,"x":0,"y":0},{"time":0.5,"x":-1.15,"y":-0.48},{"time":1,"x":0,"y":0},{"time":1.5,"x":-1.15,"y":-0.48},{"time":2,"x":0,"y":0}],"scale":[{"time":0,"x":1,"y":1,"curve":"stepped"},{"time":0.5,"x":1,"y":1,"curve":"stepped"},{"time":1,"x":1,"y":1,"curve":"stepped"},{"time":1.5,"x":1,"y":1,"curve":"stepped"},{"time":2,"x":1,"y":1}]},"MON20075_DL_11":{"rotate":[{"time":0,"angle":0},{"time":0.1666,"angle":-7.51},{"time":0.5,"angle":11.34},{"time":0.6666,"angle":16.03},{"time":1,"angle":0},{"time":1.1666,"angle":-7.51},{"time":1.5,"angle":11.34},{"time":1.6666,"angle":16.03},{"time":2,"angle":0}],"translate":[{"time":0,"x":0,"y":0,"curve":"stepped"},{"time":0.5,"x":0,"y":0,"curve":"stepped"},{"time":1,"x":0,"y":0,"curve":"stepped"},{"time":1.5,"x":0,"y":0,"curve":"stepped"},{"time":2,"x":0,"y":0}],"scale":[{"time":0,"x":1,"y":1,"curve":"stepped"},{"time":0.5,"x":1,"y":1,"curve":"stepped"},{"time":1,"x":1,"y":1,"curve":"stepped"},{"time":1.5,"x":1,"y":1,"curve":"stepped"},{"time":2,"x":1,"y":1}]},"MON20075_DL_10":{"rotate":[{"time":0,"angle":0},{"time":0.1666,"angle":-11.75},{"time":0.5,"angle":-15.07},{"time":0.6666,"angle":14.61},{"time":1,"angle":0},{"time":1.1666,"angle":-11.75},{"time":1.5,"angle":-15.07},{"time":1.6666,"angle":14.61},{"time":2,"angle":0}],"translate":[{"time":0,"x":0,"y":0,"curve":"stepped"},{"time":0.5,"x":0,"y":0,"curve":"stepped"},{"time":1,"x":0,"y":0,"curve":"stepped"},{"time":1.5,"x":0,"y":0,"curve":"stepped"},{"time":2,"x":0,"y":0}],"scale":[{"time":0,"x":1,"y":1,"curve":"stepped"},{"time":0.5,"x":1,"y":1,"curve":"stepped"},{"time":1,"x":1,"y":1,"curve":"stepped"},{"time":1.5,"x":1,"y":1,"curve":"stepped"},{"time":2,"x":1,"y":1}]},"MON20075_DL_16":{"rotate":[{"time":0,"angle":0},{"time":0.1666,"angle":-2.83},{"time":0.5,"angle":4.32},{"time":0.6666,"angle":4.28},{"time":1,"angle":0},{"time":1.1666,"angle":-2.83},{"time":1.5,"angle":4.32},{"time":1.6666,"angle":4.28},{"time":2,"angle":0}],"translate":[{"time":0,"x":0,"y":0},{"time":0.5,"x":2.45,"y":0.72},{"time":1,"x":0,"y":0},{"time":1.5,"x":2.45,"y":0.72},{"time":2,"x":0,"y":0}],"scale":[{"time":0,"x":1,"y":1,"curve":"stepped"},{"time":0.5,"x":1,"y":1,"curve":"stepped"},{"time":1,"x":1,"y":1,"curve":"stepped"},{"time":1.5,"x":1,"y":1,"curve":"stepped"},{"time":2,"x":1,"y":1}]},"MON20075_DL_15":{"rotate":[{"time":0,"angle":0},{"time":0.1666,"angle":-5.93},{"time":0.5,"angle":-6.97},{"time":0.6666,"angle":-1.85},{"time":1,"angle":0},{"time":1.1666,"angle":-5.93},{"time":1.5,"angle":-6.97},{"time":1.6666,"angle":-1.85},{"time":2,"angle":0}],"translate":[{"time":0,"x":0,"y":0,"curve":"stepped"},{"time":0.5,"x":0,"y":0,"curve":"stepped"},{"time":1,"x":0,"y":0,"curve":"stepped"},{"time":1.5,"x":0,"y":0,"curve":"stepped"},{"time":2,"x":0,"y":0}],"scale":[{"time":0,"x":1,"y":1,"curve":"stepped"},{"time":0.5,"x":1,"y":1,"curve":"stepped"},{"time":1,"x":1,"y":1,"curve":"stepped"},{"time":1.5,"x":1,"y":1,"curve":"stepped"},{"time":2,"x":1,"y":1}]},"MON20075_DL_14":{"rotate":[{"time":0,"angle":0},{"time":0.1666,"angle":-1.23},{"time":0.5,"angle":0.03},{"time":0.6666,"angle":1.73},{"time":1,"angle":0},{"time":1.1666,"angle":-1.23},{"time":1.5,"angle":0.03},{"time":1.6666,"angle":1.73},{"time":2,"angle":0}],"translate":[{"time":0,"x":0,"y":0,"curve":"stepped"},{"time":0.5,"x":0,"y":0,"curve":"stepped"},{"time":1,"x":0,"y":0,"curve":"stepped"},{"time":1.5,"x":0,"y":0,"curve":"stepped"},{"time":2,"x":0,"y":0}],"scale":[{"time":0,"x":1,"y":1,"curve":"stepped"},{"time":0.5,"x":1,"y":1,"curve":"stepped"},{"time":1,"x":1,"y":1,"curve":"stepped"},{"time":1.5,"x":1,"y":1,"curve":"stepped"},{"time":2,"x":1,"y":1}]},"MON20075_DL_18":{"rotate":[{"time":0,"angle":0,"curve":"stepped"},{"time":0.5,"angle":0,"curve":"stepped"},{"time":1,"angle":0,"curve":"stepped"},{"time":1.5,"angle":0,"curve":"stepped"},{"time":2,"angle":0}],"translate":[{"time":0,"x":0,"y":0,"curve":"stepped"},{"time":0.5,"x":0,"y":0,"curve":"stepped"},{"time":1,"x":0,"y":0,"curve":"stepped"},{"time":1.5,"x":0,"y":0,"curve":"stepped"},{"time":2,"x":0,"y":0}],"scale":[{"time":0,"x":1,"y":1,"curve":"stepped"},{"time":0.5,"x":1,"y":1,"curve":"stepped"},{"time":1,"x":1,"y":1,"curve":"stepped"},{"time":1.5,"x":1,"y":1,"curve":"stepped"},{"time":2,"x":1,"y":1}]},"MON20075_DL_6":{"rotate":[{"time":0,"angle":0,"curve":"stepped"},{"time":0.5,"angle":0,"curve":"stepped"},{"time":1,"angle":0,"curve":"stepped"},{"time":1.5,"angle":0,"curve":"stepped"},{"time":2,"angle":0}],"translate":[{"time":0,"x":0,"y":0,"curve":"stepped"},{"time":0.5,"x":0,"y":0,"curve":"stepped"},{"time":1,"x":0,"y":0,"curve":"stepped"},{"time":1.5,"x":0,"y":0,"curve":"stepped"},{"time":2,"x":0,"y":0}],"scale":[{"time":0,"x":1,"y":1,"curve":"stepped"},{"time":0.5,"x":1,"y":1,"curve":"stepped"},{"time":1,"x":1,"y":1,"curve":"stepped"},{"time":1.5,"x":1,"y":1,"curve":"stepped"},{"time":2,"x":1,"y":1}]},"MON20075_DL_7":{"rotate":[{"time":0,"angle":0,"curve":"stepped"},{"time":0.5,"angle":0,"curve":"stepped"},{"time":1,"angle":0,"curve":"stepped"},{"time":1.5,"angle":0,"curve":"stepped"},{"time":2,"angle":0}],"translate":[{"time":0,"x":0,"y":0,"curve":"stepped"},{"time":0.5,"x":0,"y":0,"curve":"stepped"},{"time":1,"x":0,"y":0,"curve":"stepped"},{"time":1.5,"x":0,"y":0,"curve":"stepped"},{"time":2,"x":0,"y":0}],"scale":[{"time":0,"x":1,"y":1,"curve":"stepped"},{"time":0.5,"x":1,"y":1,"curve":"stepped"},{"time":1,"x":1,"y":1,"curve":"stepped"},{"time":1.5,"x":1,"y":1,"curve":"stepped"},{"time":2,"x":1,"y":1}]},"shadow":{"scale":[{"time":0,"x":1,"y":1},{"time":0.5,"x":1.1,"y":1.1},{"time":1,"x":1,"y":1},{"time":1.5,"x":1.1,"y":1.1},{"time":2,"x":1,"y":1}]},"MON20075_DL_9":{"rotate":[{"time":0,"angle":0},{"time":0.3333,"angle":346.88},{"time":0.6666,"angle":-1.68},{"time":1,"angle":0},{"time":1.3333,"angle":346.88},{"time":1.6666,"angle":-1.68},{"time":2,"angle":0}],"translate":[{"time":0,"x":0,"y":0,"curve":"stepped"},{"time":0.3333,"x":0,"y":0,"curve":"stepped"},{"time":1,"x":0,"y":0,"curve":"stepped"},{"time":1.3333,"x":0,"y":0,"curve":"stepped"},{"time":2,"x":0,"y":0}],"scale":[{"time":0,"x":1,"y":1,"curve":"stepped"},{"time":0.3333,"x":1,"y":1,"curve":"stepped"},{"time":1,"x":1,"y":1,"curve":"stepped"},{"time":1.3333,"x":1,"y":1,"curve":"stepped"},{"time":2,"x":1,"y":1}]},"bone23":{"rotate":[{"time":0,"angle":0},{"time":0.3333,"angle":3.34},{"time":0.6666,"angle":-13.94},{"time":1,"angle":0},{"time":1.3333,"angle":3.34},{"time":1.6666,"angle":-13.94},{"time":2,"angle":0}],"translate":[{"time":0,"x":0,"y":0,"curve":"stepped"},{"time":0.3333,"x":0,"y":0,"curve":"stepped"},{"time":1,"x":0,"y":0,"curve":"stepped"},{"time":1.3333,"x":0,"y":0,"curve":"stepped"},{"time":2,"x":0,"y":0}],"scale":[{"time":0,"x":1,"y":1,"curve":"stepped"},{"time":0.3333,"x":1,"y":1,"curve":"stepped"},{"time":1,"x":1,"y":1,"curve":"stepped"},{"time":1.3333,"x":1,"y":1,"curve":"stepped"},{"time":2,"x":1,"y":1}]},"bone24":{"rotate":[{"time":0,"angle":0},{"time":0.3333,"angle":17.78},{"time":0.6666,"angle":-13.81},{"time":1,"angle":0},{"time":1.3333,"angle":17.78},{"time":1.6666,"angle":-13.81},{"time":2,"angle":0}],"translate":[{"time":0,"x":0,"y":0,"curve":"stepped"},{"time":0.3333,"x":0,"y":0,"curve":"stepped"},{"time":1,"x":0,"y":0,"curve":"stepped"},{"time":1.3333,"x":0,"y":0,"curve":"stepped"},{"time":2,"x":0,"y":0}],"scale":[{"time":0,"x":1,"y":1,"curve":"stepped"},{"time":0.3333,"x":1,"y":1,"curve":"stepped"},{"time":1,"x":1,"y":1,"curve":"stepped"},{"time":1.3333,"x":1,"y":1,"curve":"stepped"},{"time":2,"x":1,"y":1}]},"bone22":{"rotate":[{"time":0,"angle":0},{"time":0.3333,"angle":-15.97},{"time":0.6666,"angle":29.25},{"time":1,"angle":0},{"time":1.3333,"angle":-15.97},{"time":1.6666,"angle":29.25},{"time":2,"angle":0}],"translate":[{"time":0,"x":0,"y":0,"curve":"stepped"},{"time":0.3333,"x":0,"y":0,"curve":"stepped"},{"time":1,"x":0,"y":0,"curve":"stepped"},{"time":1.3333,"x":0,"y":0,"curve":"stepped"},{"time":2,"x":0,"y":0}],"scale":[{"time":0,"x":1,"y":1,"curve":"stepped"},{"time":0.3333,"x":1,"y":1,"curve":"stepped"},{"time":1,"x":1,"y":1,"curve":"stepped"},{"time":1.3333,"x":1,"y":1,"curve":"stepped"},{"time":2,"x":1,"y":1}]},"bone21":{"rotate":[{"time":0,"angle":0},{"time":0.3333,"angle":12.29},{"time":0.6666,"angle":14.06},{"time":1,"angle":0},{"time":1.3333,"angle":12.29},{"time":1.6666,"angle":14.06},{"time":2,"angle":0}],"translate":[{"time":0,"x":0,"y":0,"curve":"stepped"},{"time":0.3333,"x":0,"y":0,"curve":"stepped"},{"time":1,"x":0,"y":0,"curve":"stepped"},{"time":1.3333,"x":0,"y":0,"curve":"stepped"},{"time":2,"x":0,"y":0}],"scale":[{"time":0,"x":1,"y":1,"curve":"stepped"},{"time":0.3333,"x":1,"y":1,"curve":"stepped"},{"time":1,"x":1,"y":1,"curve":"stepped"},{"time":1.3333,"x":1,"y":1,"curve":"stepped"},{"time":2,"x":1,"y":1}]},"MON20075_DL_0":{"rotate":[{"time":0,"angle":0},{"time":0.3333,"angle":-348.56},{"time":0.6666,"angle":-2},{"time":1,"angle":0},{"time":1.3333,"angle":-348.56},{"time":1.6666,"angle":-2},{"time":2,"angle":0}],"translate":[{"time":0,"x":0,"y":0,"curve":"stepped"},{"time":0.3333,"x":0,"y":0,"curve":"stepped"},{"time":1,"x":0,"y":0,"curve":"stepped"},{"time":1.3333,"x":0,"y":0,"curve":"stepped"},{"time":2,"x":0,"y":0}],"scale":[{"time":0,"x":1,"y":1,"curve":"stepped"},{"time":0.3333,"x":1,"y":1,"curve":"stepped"},{"time":1,"x":1,"y":1,"curve":"stepped"},{"time":1.3333,"x":1,"y":1,"curve":"stepped"},{"time":2,"x":1,"y":1}]},"bone18":{"rotate":[{"time":0,"angle":0,"curve":"stepped"},{"time":0.3333,"angle":0,"curve":"stepped"},{"time":1,"angle":0,"curve":"stepped"},{"time":1.3333,"angle":0,"curve":"stepped"},{"time":2,"angle":0}],"translate":[{"time":0,"x":0,"y":0},{"time":0.3333,"x":-0.93,"y":1.61},{"time":0.6666,"x":0.33,"y":-0.52},{"time":1,"x":0,"y":0},{"time":1.3333,"x":-0.93,"y":1.61},{"time":1.6666,"x":0.33,"y":-0.52},{"time":2,"x":0,"y":0}],"scale":[{"time":0,"x":1,"y":1,"curve":"stepped"},{"time":0.3333,"x":1,"y":1,"curve":"stepped"},{"time":1,"x":1,"y":1,"curve":"stepped"},{"time":1.3333,"x":1,"y":1,"curve":"stepped"},{"time":2,"x":1,"y":1}]},"bone19":{"rotate":[{"time":0,"angle":0},{"time":0.3333,"angle":1.61},{"time":0.6666,"angle":4.28},{"time":1,"angle":0},{"time":1.3333,"angle":1.61},{"time":1.6666,"angle":4.28},{"time":2,"angle":0}],"translate":[{"time":0,"x":0,"y":0},{"time":0.3333,"x":-0.17,"y":1.22},{"time":0.6666,"x":0.05,"y":-0.3},{"time":1,"x":0,"y":0},{"time":1.3333,"x":-0.17,"y":1.22},{"time":1.6666,"x":0.05,"y":-0.3},{"time":2,"x":0,"y":0}],"scale":[{"time":0,"x":1,"y":1,"curve":"stepped"},{"time":0.3333,"x":1,"y":1,"curve":"stepped"},{"time":1,"x":1,"y":1,"curve":"stepped"},{"time":1.3333,"x":1,"y":1,"curve":"stepped"},{"time":2,"x":1,"y":1}]},"bone20":{"rotate":[{"time":0,"angle":0},{"time":0.3333,"angle":-5.97},{"time":0.6666,"angle":-3.04},{"time":1,"angle":0},{"time":1.3333,"angle":-5.97},{"time":1.6666,"angle":-3.04},{"time":2,"angle":0}],"translate":[{"time":0,"x":0,"y":0},{"time":0.3333,"x":-1.37,"y":-2.43},{"time":0.6666,"x":0.32,"y":0.7},{"time":1,"x":0,"y":0},{"time":1.3333,"x":-1.37,"y":-2.43},{"time":1.6666,"x":0.32,"y":0.7},{"time":2,"x":0,"y":0}],"scale":[{"time":0,"x":1,"y":1,"curve":"stepped"},{"time":0.3333,"x":1,"y":1,"curve":"stepped"},{"time":1,"x":1,"y":1,"curve":"stepped"},{"time":1.3333,"x":1,"y":1,"curve":"stepped"},{"time":2,"x":1,"y":1}]},"MON20075_DL_3":{"rotate":[{"time":0,"angle":0,"curve":"stepped"},{"time":0.3333,"angle":0,"curve":"stepped"},{"time":1,"angle":0,"curve":"stepped"},{"time":1.3333,"angle":0,"curve":"stepped"},{"time":2,"angle":0}],"translate":[{"time":0,"x":0,"y":0,"curve":"stepped"},{"time":0.3333,"x":0,"y":0,"curve":"stepped"},{"time":1,"x":0,"y":0,"curve":"stepped"},{"time":1.3333,"x":0,"y":0,"curve":"stepped"},{"time":2,"x":0,"y":0}],"scale":[{"time":0,"x":1,"y":1,"curve":"stepped"},{"time":0.3333,"x":1,"y":1,"curve":"stepped"},{"time":1,"x":1,"y":1,"curve":"stepped"},{"time":1.3333,"x":1,"y":1,"curve":"stepped"},{"time":2,"x":1,"y":1}]},"bone16":{"rotate":[{"time":0,"angle":0,"curve":"stepped"},{"time":0.3333,"angle":0,"curve":"stepped"},{"time":1,"angle":0,"curve":"stepped"},{"time":1.3333,"angle":0,"curve":"stepped"},{"time":2,"angle":0}],"translate":[{"time":0,"x":0,"y":0},{"time":0.3333,"x":-0.72,"y":-1.39},{"time":0.6333,"x":0.48,"y":0.99},{"time":1,"x":0,"y":0},{"time":1.3333,"x":-0.72,"y":-1.39},{"time":1.6333,"x":0.48,"y":0.99},{"time":2,"x":0,"y":0}],"scale":[{"time":0,"x":1,"y":1,"curve":"stepped"},{"time":0.3333,"x":1,"y":1,"curve":"stepped"},{"time":1,"x":1,"y":1,"curve":"stepped"},{"time":1.3333,"x":1,"y":1,"curve":"stepped"},{"time":2,"x":1,"y":1}]},"bone17":{"rotate":[{"time":0,"angle":0,"curve":"stepped"},{"time":0.3333,"angle":0,"curve":"stepped"},{"time":1,"angle":0,"curve":"stepped"},{"time":1.3333,"angle":0,"curve":"stepped"},{"time":2,"angle":0}],"translate":[{"time":0,"x":0,"y":0},{"time":0.3333,"x":0.54,"y":2.7},{"time":0.6333,"x":-0.35,"y":-2},{"time":1,"x":0,"y":0},{"time":1.3333,"x":0.54,"y":2.7},{"time":1.6333,"x":-0.35,"y":-2},{"time":2,"x":0,"y":0}],"scale":[{"time":0,"x":1,"y":1,"curve":"stepped"},{"time":0.3333,"x":1,"y":1,"curve":"stepped"},{"time":1,"x":1,"y":1,"curve":"stepped"},{"time":1.3333,"x":1,"y":1,"curve":"stepped"},{"time":2,"x":1,"y":1}]}},"ffd":{"default":{"MON20075_DL_9":{"MON20075_DL_9":[{"time":0},{"time":0.3333,"offset":40,"vertices":[0.19519,-1.79107,0.33763,-1.76974,-0.16368,-1.01641,0.11154,-1.02347]},{"time":0.6666,"offset":10,"vertices":[-1.22701,0.61579,-0.83872,-6.58219,-1.14176,-7.09888,-1.81186,-4.00357,-0.20438,-0.11704,-0.22998,-0.0506,1.15388,1.71521,1.61383,1.29158,0,0,0,0,0,0,0,0,0,0,0,0,0,0,0.09759,-0.89553,0.16881,-0.88487,0.5729,0.65756,1.02898,0.40484,0.2042,0.1169,0.22979,0.05047]},{"time":1},{"time":1.3333,"offset":40,"vertices":[0.19519,-1.79107,0.33763,-1.76974,-0.16368,-1.01641,0.11154,-1.02347]},{"time":1.6666,"offset":10,"vertices":[-1.22701,0.61579,-0.83872,-6.58219,-1.14176,-7.09888,-1.81186,-4.00357,-0.20438,-0.11704,-0.22998,-0.0506,1.15388,1.71521,1.61383,1.29158,0,0,0,0,0,0,0,0,0,0,0,0,0,0,0.09759,-0.89553,0.16881,-0.88487,0.5729,0.65756,1.02898,0.40484,0.2042,0.1169,0.22979,0.05047]},{"time":2}]},"MON20075_DL_13":{"MON20075_DL_13":[{"time":0},{"time":0.3333,"offset":168,"vertices":[0.66827,0.21854,0.70288,0.01632,-0.70162,-0.04459,-0.5114,-0.48261,0,0,0,0,0,0,0,0,1.30376,0.42636,1.37128,0.03184,-1.36884,-0.08701,-0.99774,-0.94153,1.30376,0.42636,1.37128,0.03184,-1.36884,-0.08701,-0.99774,-0.94153,1.64044,1.01584,1.86388,0.49898,-1.84212,-0.57357,-1.05106,-1.61835,0,0,0,0,0,0,0,0,0,0,0,0,0,0,0,0,0,0,0,0,0,0,0,0,0,0,0,0,0,0,0,0,0,0,0,0,0,0,0,0,0,0,0,0,0,0,0,0,0,0,0,0,0,0,0,0,0,0,0,0,0,0,0,0,0,0,0,0,0,0,0,0,0,0,0,0,-2.0E-5,1.0E-5,4.0E-5,0,0,0,0,0,0.44549,0.14572,0.46866,0.0109,-0.46775,-0.02974,-0.34093,-0.32174,2.78803,-0.4079,2.55168,-1.19525,-2.69627,-0.81959,-0.37506,2.79253,0.25894,-0.79197,0.01943,-0.83292,-0.57192,0.60607,0.69003,0.46687,0,0,0,0,0,0,0,0,1.14076,0.37307,1.19992,0.02787,-1.19775,-0.07614,-0.87302,-0.82384]},{"time":0.6666,"offset":176,"vertices":[0.29125,-0.85924,0.02695,-0.90674,-0.05748,0.90531,-0.36002,0.83272,-1.0291,-1.77115,-1.50233,-1.39218,1.45455,1.44208,0.88194,1.84885,0.52268,-2.07615,-0.10795,-2.13794,0.03583,2.14035,-0.68949,2.02677,0,0,0,0,0,0,0,0,0,0,0,0,0,0,0,0,0,0,0,0,0,0,0,0,0,0,0,0,0,0,0,0,0,0,0,0,0,0,0,0,0,0,0,0,0,0,0,0,0,0,0,0,0,0,0,0,0,0,0,0,0,0,0,0,0,0,0,0,0,0,0,0,0,0,0,0,0,0,0,0,0,0,0,0,-2.1812,-0.73931,-2.30188,-0.06847,2.29832,0.14608,2.11407,0.91397,-1.69403,-0.57418,-1.78774,-0.05316,1.78497,0.11344,1.64187,0.70985,-1.69053,0.38285,-1.50436,0.86085,1.7162,-0.24435,0.60461,-1.62434,0,0,0,0,0,0,0,0,0,0,0,0,0,0,0,0,-1.87409,-1.11425,-2.11805,-0.51679,2.09954,0.58792,1.77758,1.26265]},{"time":1},{"time":1.3333,"offset":168,"vertices":[0.66827,0.21854,0.70288,0.01632,-0.70162,-0.04459,-0.5114,-0.48261,0,0,0,0,0,0,0,0,1.30376,0.42636,1.37128,0.03184,-1.36884,-0.08701,-0.99774,-0.94153,1.30376,0.42636,1.37128,0.03184,-1.36884,-0.08701,-0.99774,-0.94153,1.64044,1.01584,1.86388,0.49898,-1.84212,-0.57357,-1.05106,-1.61835,0,0,0,0,0,0,0,0,0,0,0,0,0,0,0,0,0,0,0,0,0,0,0,0,0,0,0,0,0,0,0,0,0,0,0,0,0,0,0,0,0,0,0,0,0,0,0,0,0,0,0,0,0,0,0,0,0,0,0,0,0,0,0,0,0,0,0,0,0,0,0,0,0,0,0,0,-2.0E-5,1.0E-5,4.0E-5,0,0,0,0,0,0.44549,0.14572,0.46866,0.0109,-0.46775,-0.02974,-0.34093,-0.32174,2.78803,-0.4079,2.55168,-1.19525,-2.69627,-0.81959,-0.37506,2.79253,0.25894,-0.79197,0.01943,-0.83292,-0.57192,0.60607,0.69003,0.46687,0,0,0,0,0,0,0,0,1.14076,0.37307,1.19992,0.02787,-1.19775,-0.07614,-0.87302,-0.82384]},{"time":1.6666,"offset":176,"vertices":[0.29125,-0.85924,0.02695,-0.90674,-0.05748,0.90531,-0.36002,0.83272,-1.0291,-1.77115,-1.50233,-1.39218,1.45455,1.44208,0.88194,1.84885,0.52268,-2.07615,-0.10795,-2.13794,0.03583,2.14035,-0.68949,2.02677,0,0,0,0,0,0,0,0,0,0,0,0,0,0,0,0,0,0,0,0,0,0,0,0,0,0,0,0,0,0,0,0,0,0,0,0,0,0,0,0,0,0,0,0,0,0,0,0,0,0,0,0,0,0,0,0,0,0,0,0,0,0,0,0,0,0,0,0,0,0,0,0,0,0,0,0,0,0,0,0,0,0,0,0,-2.1812,-0.73931,-2.30188,-0.06847,2.29832,0.14608,2.11407,0.91397,-1.69403,-0.57418,-1.78774,-0.05316,1.78497,0.11344,1.64187,0.70985,-1.69053,0.38285,-1.50436,0.86085,1.7162,-0.24435,0.60461,-1.62434,0,0,0,0,0,0,0,0,0,0,0,0,0,0,0,0,-1.87409,-1.11425,-2.11805,-0.51679,2.09954,0.58792,1.77758,1.26265]},{"time":2}]}}}}}}