{"skeleton":{"hash":"e3+HkMp0Ddk7/y9bul5C6N4JziU","spine":"3.1.03","width":287.81,"height":365.59},"bones":[{"name":"root"},{"name":"MON10076_DL_7","parent":"root","length":16.08,"x":-82.33,"y":228.37,"rotation":158.32},{"name":"MON10076_DL_1","parent":"MON10076_DL_7","length":12.73,"x":16.22,"y":-6.46,"rotation":-114.5},{"name":"MON10076_DL_2","parent":"MON10076_DL_7","length":15.51,"x":-0.11,"y":5.24,"rotation":168.31},{"name":"MON10076_DL_3","parent":"MON10076_DL_2","length":15.23,"x":15.51,"rotation":-7.11},{"name":"bone14","parent":"MON10076_DL_7","length":14.08,"x":16.08,"y":0.03,"rotation":-4.89},{"name":"MON10076_DL_6","parent":"bone14","length":21.54,"x":13.2,"rotation":-4.24},{"name":"MON10076_DL_4","parent":"MON10076_DL_6","length":14.19,"x":16.77,"y":7.23,"rotation":101.35},{"name":"MON10076_DL_5","parent":"MON10076_DL_6","length":13.28,"x":7.38,"y":4.82,"rotation":72.57},{"name":"MON10076_DL_8","parent":"MON10076_DL_7","length":15.2,"x":-3.48,"y":-0.12,"rotation":-177.97},{"name":"MON10076_DL_9","parent":"MON10076_DL_8","length":11.1,"x":8.92,"y":-3.69,"rotation":1.74},{"name":"MON10076_DL_10","parent":"MON10076_DL_7","length":12.96,"x":11.36,"y":14.21,"rotation":166.27},{"name":"MON10076_DL_11","parent":"MON10076_DL_10","length":13.1,"x":11.73,"y":-0.02,"rotation":-3.26},{"name":"bone","parent":"root","x":11.3,"y":61.46},{"name":"MON10076_DL_20","parent":"bone","length":35.89,"x":-20.71,"y":-9.98,"rotation":88.81},{"name":"bone2","parent":"MON10076_DL_20","length":37.96,"x":35.89,"rotation":-11.8},{"name":"MON10076_DL_14","parent":"bone2","length":62.91,"x":39.02,"y":0.72,"scaleX":1.04,"scaleY":1.03,"rotation":11.97},{"name":"MON10076_DL_12","parent":"MON10076_DL_14","length":12.95,"x":15.91,"y":21.73,"rotation":0.97},{"name":"bone17","parent":"MON10076_DL_1","length":13.41,"x":12.73,"y":0.03,"rotation":3.07},{"name":"bone18","parent":"bone17","length":14.91,"x":13.41,"rotation":6.71},{"name":"MON10076_DL_13","parent":"bone18","length":16.75,"x":4.82,"y":-5.47,"rotation":-52.28},{"name":"MON10076_DL_15","parent":"MON10076_DL_20","length":27.03,"x":8.92,"y":27.33,"rotation":-30.91},{"name":"MON10076_DL_17","parent":"bone2","length":36.48,"x":40.33,"y":-43.28,"rotation":-131.84},{"name":"MON10076_DL_18","parent":"MON10076_DL_17","length":34.38,"x":34.36,"rotation":-27.38},{"name":"MON10076_DL_16","parent":"MON10076_DL_18","length":22.19,"x":32.76,"y":-0.13,"rotation":-5.84},{"name":"MON10076_DL_19","parent":"MON10076_DL_20","length":31.28,"x":-5.4,"y":-0.2,"rotation":-178.82},{"name":"MON10076_DL_22","parent":"bone2","length":38.7,"x":16.8,"y":28.91,"rotation":144.81},{"name":"MON10076_DL_23","parent":"MON10076_DL_22","length":27.66,"x":34.57,"y":-0.21,"rotation":-28.14},{"name":"MON10076_DL_21","parent":"MON10076_DL_23","length":14.54,"x":25.33,"y":-0.6,"rotation":-5.76},{"name":"MON10076_DL_26","parent":"bone","length":24.75,"x":9.76,"y":-10.22,"rotation":-79.6},{"name":"MON10076_DL_25","parent":"MON10076_DL_26","length":19.06,"x":22.61,"y":-0.31,"rotation":-2.12},{"name":"MON10076_DL_24","parent":"MON10076_DL_25","length":15.53,"x":17.6,"y":-0.49,"rotation":-1.96},{"name":"MON10076_DL_29","parent":"bone","length":22.36,"x":-33.1,"y":-10.56,"rotation":-94.4},{"name":"MON10076_DL_28","parent":"MON10076_DL_29","length":19.96,"x":22.04,"y":-0.37,"rotation":-0.54},{"name":"MON10076_DL_27","parent":"MON10076_DL_28","length":22.99,"x":19.25,"y":0.27,"rotation":-67.6},{"name":"MON10076_DL_30","parent":"MON10076_DL_21","length":37.24,"x":5.15,"y":-0.28,"rotation":-93.77},{"name":"MON10076_DL_31","parent":"bone2","length":30.18,"x":33.26,"y":-7.38,"rotation":-167},{"name":"MON10076_DL_32","parent":"MON10076_DL_31","length":26.14,"x":6.56,"y":49.38,"rotation":19.18},{"name":"MON10076_DL_33","parent":"MON10076_DL_31","length":22.32,"x":10.59,"y":-40.48,"rotation":-2.69},{"name":"MON10076_DL_34","parent":"bone14","length":12.79,"x":7.72,"y":2.81,"scaleX":1.161,"rotation":-11.45},{"name":"bone25","parent":"MON10076_DL_34","length":12.41,"x":12.79,"rotation":-1.38},{"name":"bone26","parent":"bone25","length":13.48,"x":12.41,"rotation":-12.34},{"name":"MON10076_DL_35","parent":"bone26","length":11.24,"x":5.19,"y":4.98,"rotation":41.66},{"name":"bone3","parent":"MON10076_DL_15","length":30.57,"x":27.03,"y":0.11,"rotation":-21.49},{"name":"bone4","parent":"bone3","length":30.97,"x":30.58,"y":0.06,"rotation":-14.28},{"name":"bone5","parent":"bone4","length":36.6,"x":30.97,"y":0.01,"rotation":-6.35},{"name":"bone6","parent":"MON10076_DL_31","length":31.57,"x":30.18,"y":-0.02,"rotation":-1.92},{"name":"bone7","parent":"bone6","length":37.39,"x":31.57,"y":-0.01,"rotation":0.79},{"name":"bone8","parent":"MON10076_DL_32","length":26.45,"x":26.14,"y":-0.04,"rotation":-5.75},{"name":"bone9","parent":"bone8","length":25.77,"x":26.87,"y":0.24,"rotation":-3.55},{"name":"bone10","parent":"bone9","length":22.8,"x":25.77,"rotation":2.18},{"name":"bone11","parent":"MON10076_DL_33","length":26.89,"x":22.32,"y":-0.01,"rotation":-3.24},{"name":"bone12","parent":"bone11","length":23.19,"x":26.89,"rotation":-1.81},{"name":"bone13","parent":"bone12","length":19.88,"x":23.19,"y":-0.01,"rotation":-7.37},{"name":"bone15","parent":"MON10076_DL_9","length":11.5,"x":11.1,"rotation":16.25},{"name":"bone16","parent":"bone15","length":13.98,"x":11.5,"rotation":6.85},{"name":"bone19","parent":"bone18","length":15.13,"x":14.91,"rotation":-25.09},{"name":"bone20","parent":"bone19","length":19.08,"x":15.13,"y":0.04,"rotation":-1.98},{"name":"bone21","parent":"bone20","length":21.21,"x":19.08,"rotation":1.89},{"name":"bone22","parent":"bone21","length":22.83,"x":21.21,"rotation":13.18},{"name":"bone23","parent":"MON10076_DL_13","length":16.94,"x":16.75,"y":-0.07,"rotation":7.25},{"name":"bone24","parent":"bone23","length":20.25,"x":16.94,"rotation":14.4},{"name":"bone27","parent":"bone26","length":14.63,"x":13.48,"rotation":3.94},{"name":"bone28","parent":"bone27","length":14.11,"x":14.63,"rotation":6.26},{"name":"bone29","parent":"bone28","length":16.58,"x":14.11,"rotation":6.11},{"name":"bone30","parent":"bone29","length":16.35,"x":16.58,"rotation":-9.68},{"name":"bone31","parent":"MON10076_DL_35","length":13.92,"x":11.24,"y":-0.01,"rotation":-7.48},{"name":"bone32","parent":"bone31","length":15.1,"x":13.93,"rotation":-12.89},{"name":"fx_fire","parent":"MON10076_DL_30","length":35.54,"x":88.78,"y":-17.27,"scaleX":4,"scaleY":4.16,"rotation":-35.87},{"name":"shadow","parent":"root","length":24.45,"x":-0.28,"y":-4.5,"scaleX":0.944,"scaleY":0.948,"rotation":-88.99}],"slots":[{"name":"shadow","bone":"shadow","attachment":"shadow"},{"name":"MON10076_DL_11","bone":"MON10076_DL_11","attachment":"MON10076_DL_11"},{"name":"MON10076_DL_10","bone":"MON10076_DL_10","attachment":"MON10076_DL_10"},{"name":"MON10076_DL_9","bone":"MON10076_DL_35","attachment":"MON10076_DL_9"},{"name":"MON10076_DL_8","bone":"MON10076_DL_9","attachment":"MON10076_DL_8"},{"name":"MON10076_DL_7","bone":"MON10076_DL_8","attachment":"MON10076_DL_7"},{"name":"MON10076_DL_6","bone":"MON10076_DL_6","attachment":"MON10076_DL_6"},{"name":"MON10076_DL_5","bone":"MON10076_DL_5","attachment":"MON10076_DL_5"},{"name":"MON10076_DL_4","bone":"MON10076_DL_4","attachment":"MON10076_DL_4"},{"name":"MON10076_DL_3","bone":"MON10076_DL_3","attachment":"MON10076_DL_3"},{"name":"MON10076_DL_2","bone":"MON10076_DL_2","attachment":"MON10076_DL_2"},{"name":"MON10076_DL_1","bone":"MON10076_DL_13","attachment":"MON10076_DL_1"},{"name":"MON10076_DL_31","bone":"MON10076_DL_33","attachment":"MON10076_DL_31"},{"name":"MON10076_DL_30","bone":"MON10076_DL_30","attachment":"MON10076_DL_30"},{"name":"MON10076_DL_29","bone":"MON10076_DL_29","attachment":"MON10076_DL_29"},{"name":"MON10076_DL_28","bone":"MON10076_DL_28","attachment":"MON10076_DL_28"},{"name":"MON10076_DL_27","bone":"MON10076_DL_27","attachment":"MON10076_DL_27"},{"name":"MON10076_DL_26","bone":"MON10076_DL_26","attachment":"MON10076_DL_26"},{"name":"MON10076_DL_25","bone":"MON10076_DL_25","attachment":"MON10076_DL_25"},{"name":"MON10076_DL_24","bone":"MON10076_DL_24","attachment":"MON10076_DL_24"},{"name":"MON10076_DL_23","bone":"MON10076_DL_23","attachment":"MON10076_DL_23"},{"name":"MON10076_DL_22","bone":"MON10076_DL_22","attachment":"MON10076_DL_22"},{"name":"MON10076_DL_21","bone":"MON10076_DL_21","attachment":"MON10076_DL_21"},{"name":"MON10076_DL_20","bone":"MON10076_DL_20","attachment":"MON10076_DL_20"},{"name":"MON10076_DL_19","bone":"MON10076_DL_19","attachment":"MON10076_DL_19"},{"name":"MON10076_DL_18","bone":"MON10076_DL_18","attachment":"MON10076_DL_18"},{"name":"MON10076_DL_17","bone":"MON10076_DL_17","attachment":"MON10076_DL_17"},{"name":"MON10076_DL_16","bone":"MON10076_DL_16","attachment":"MON10076_DL_16"},{"name":"MON10076_DL_15","bone":"MON10076_DL_15","attachment":"MON10076_DL_15"},{"name":"MON10076_DL_14","bone":"MON10076_DL_14","attachment":"MON10076_DL_14"},{"name":"MON10076_DL_12","bone":"MON10076_DL_12"},{"name":"fx_fire","bone":"fx_fire","attachment":"FIRE_STANDBY/HUO_DAIJI_00015"}],"skins":{"default":{"MON10076_DL_1":{"MON10076_DL_1":{"type":"weightedmesh","uvs":[1,0.17349,0.90507,0.47714,0.7627,0.79115,0.60482,0.82567,0.53195,0.88211,0.37976,1,0.20359,1,0.09759,1,0,1,0,0.8836,0,0.71122,0.05224,0.63129,0.11875,0.53537,0.20844,0.40602,0.3559,0.32094,0.54342,0.21275,0.70194,0.12129,0.91218,0,1,0,0.13434,0.76193,0.21334,0.66931,0.29908,0.5458,0.43183,0.46229,0.58474,0.3788,0.76622,0.26988,0.43845,0.65853,0.60309,0.63319,0.76774,0.36605,0.59978,0.50412,0.4335,0.56407,0.31593,0.8402],"triangles":[1,26,28,1,28,27,29,28,26,2,26,1,3,26,2,25,29,26,25,26,3,3,4,25,30,20,25,4,30,25,5,30,4,6,30,5,24,17,18,24,16,17,18,0,24,27,24,0,1,27,0,15,16,24,23,15,24,23,24,27,28,23,27,14,15,23,22,14,23,22,23,28,13,14,22,21,13,22,29,22,28,21,22,29,25,21,29,12,13,21,20,12,21,11,12,20,25,20,21,19,11,20,10,11,19,19,20,30,9,10,19,7,8,9,19,7,9,6,7,19,30,6,19],"vertices":[2,59,25.52,-9.16,0.9898,61,56.29,24.53,0.01019,3,58,25.13,-24.46,0.09134,59,-1.76,-24.71,0.26433,61,35.41,1.05999,0.64431,4,18,43.83,-50.78,2.1E-4,20,50.28,-14.29,0.01373,60,31.46,-18.34,0.23293,61,9.5,-21.37,0.75311,5,2,44.81,-39.18,0.01039,18,29.93,-40.88,0.01437,20,33.48,-17.29,0.20683,60,14.41,-19.19,0.48279,61,-7.21,-17.95999,0.2856,5,2,35.41,-37.83,0.03678,18,20.61,-39.02,0.04174,20,25.63,-22.65,0.42446,60,5.95,-23.51,0.41167,61,-16.48,-20.04,0.08532,5,2,15.77,-35,0.15729,18,1.15,-35.15,0.10493,20,9.24,-33.83,0.55549,60,-11.71,-32.53,0.17989,61,-35.84999,-24.38,0.00235,4,2,2.3,-22.08,0.4755,18,-11.6,-21.52,0.10227,20,-9.42,-33.4,0.36042,60,-30.18,-29.75,0.06179,4,2,-5.8,-14.3,0.82672,18,-19.28,-13.32,0.01201,20,-20.65,-33.14,0.14296,60,-41.29,-28.08,0.01829,3,2,-13.27,-7.14,0.95017,20,-31,-32.91,0.04599,60,-51.52,-26.53,0.00383,1,2,-5.37,1.08,1,4,2,6.31,13.27,0.60414,18,-5.7,13.56,0.30076,19,-17.4,15.7,0.09509,58,-70.12999,1.07,0,7,2,15.73,15.09,0.19542,18,3.79,14.87,0.5256,19,-7.81,15.89,0.27726,56,-27.32,4.77,0.00168,58,-61.53,5.31,0,20,-24.64,3.08,1.0E-5,60,-40.66,8.35999,0,7,2,27.32,16.99,0.01179,18,15.47,16.15,0.26235,19,3.93,15.8,0.66122,56,-16.64,9.66,0.06429,58,-50.86,10.22,0,20,-17.37,12.32,2.8E-4,60,-32.29,16.61,3.0E-5,6,18,31.22,17.87999,0.02619,19,19.77,15.67,0.49355,56,-2.24,16.26,0.46311,57,-17.92,15.61,0.01401,20,-7.58,24.77,0.00275,60,-21,27.72,3.6E-4,6,19,35.75,8.05,0.07485,56,15.47,16.12,0.48758,57,-0.21,16.08,0.41924,58,-18.74,16.71999,0.01732,20,8.22999,32.75,8.7E-4,60,-4.3,33.64,1.1E-4,6,19,56.08,-1.64,4.3E-4,56,37.99,15.95,0.02551,57,22.3,16.68,0.36348,58,3.77,16.57,0.54663,59,-13.19,20.12,0.0639,20,28.34,42.9,1.0E-5,6,19,73.26999,-9.84,3.4E-4,57,41.34,17.19,0.004,58,22.82,16.44,0.40707,59,5.32,15.65,0.58857,20,45.34,51.47,0,60,34.88,47.52,0,4,19,96.06,-20.71999,0,59,29.87,9.72,0.99999,20,67.89,62.85,0,60,58.68,55.95,0,3,19,101.58,-28.21,0,59,36.82,3.53,0.99999,20,77.19999,62.64,0,2,2,13.15,-0.16,0.5,18,0.4,-0.22,0.5,2,18,12.74,-0.13,0.5,19,-0.67,-0.05,0.5,2,19,14.45,-0.18,0.5,56,-0.33,-0.36,0.5,2,56,15.93,0.11,0.5,57,0.79,0.09,0.5,2,57,18.95,0.17,0.5,58,-0.12,0.18,0.5,2,58,21.87,0.4,0.5,59,0.73,0.24,0.5,2,20,16.21999,-0.51,0.5,60,-0.58,-0.37,0.5,2,60,17.04,-0.51,0.5,61,-0.02,-0.52,0.5,3,58,17.52,-7.96,0.69701,59,-5.4,-6.9,0.14081,61,26.25,16.76,0.16215,4,57,14.88,-11.52,0.43751,58,-4.57,-11.37,0.12202,60,18.58,12.04,0.11317,61,4.58,11.25,0.32728,4,56,11.32,-8.72999,0.53556,57,-3.5,-8.89999,0.05587,20,15.91,8.74,0.23709,60,0.28,8.85,0.17146,4,2,21.73,-19.02,0.16632,18,7.96,-19.51,0.18581,20,2.83,-18.02,0.55553,60,-16.07,-16.04,0.09232],"hull":19}},"MON10076_DL_10":{"MON10076_DL_10":{"x":8.75,"y":-0.3,"rotation":35.67,"width":21,"height":24}},"MON10076_DL_11":{"MON10076_DL_11":{"x":7.81,"y":0.49,"rotation":38.85,"width":23,"height":22}},"MON10076_DL_12":{"MON10076_DL_12":{"x":2.71,"y":-7.85,"rotation":-89.99,"width":52,"height":16}},"MON10076_DL_14":{"MON10076_DL_14":{"x":30.05,"y":-7.37,"rotation":-89.02,"width":132,"height":123}},"MON10076_DL_15":{"MON10076_DL_15":{"type":"weightedmesh","uvs":[1,0.15849,1,0.4067,0.72621,0.52305,0.50189,0.66456,0.30482,0.82809,0.18113,1,0,1,0,0.59538,0.05744,0.41299,0.21677,0.1677,0.38239,0,0.6759,0,1,0,0.17015,0.6182,0.37642,0.3869,0.62436,0.24083],"triangles":[11,12,0,15,10,11,15,11,0,15,0,1,2,15,1,15,14,10,14,15,2,14,9,10,3,14,2,13,8,14,4,13,3,8,9,14,13,14,3,7,8,13,6,7,13,5,6,13,4,5,13],"vertices":[1,45,42.71,-1,1,1,45,39.53,-19.6,1,2,44,34.25,-21.9,0.46,45,7.4,-20.89,0.53999,2,43,29.37,-24.85,0.53999,44,5.49,-24.33,0.46,2,21,22.73,-22.29,0.53999,43,4.19999,-22.43,0.46,1,21,4.15,-17.37,1,1,21,-6.89,0.07,1,1,21,19.08,16.51,1,2,21,33.12,16.23,0.53999,43,-0.24,17.23,0.46,2,43,26.8,21.43,0.53999,44,-9.34,19.58,0.46,2,44,11.08,27.03,0.75,45,-24.66,22.73,0.25,2,44,42.39,15.21,0.23,45,8.31,17.09,0.77,1,45,44.74,10.87,1,2,21,27.99,-0.79,0.53999,43,1.22,-0.49,0.46,2,43,30.58,-0.18,0.53999,44,0.06,-0.24,0.46,2,44,30.43,0.16,0.46,45,-0.55,0.04,0.53999],"hull":13}},"MON10076_DL_16":{"MON10076_DL_16":{"x":15.14,"y":0.72,"rotation":87.92,"width":38,"height":29}},"MON10076_DL_17":{"MON10076_DL_17":{"x":23.54,"y":-1.81,"rotation":63.84,"width":50,"height":56}},"MON10076_DL_18":{"MON10076_DL_18":{"x":15.7,"y":3.5,"rotation":82.1,"width":50,"height":62}},"MON10076_DL_19":{"MON10076_DL_19":{"type":"mesh","uvs":[1,0.24586,1,0.80877,0.94513,0.85177,0.88948,1,0.74277,0.89477,0.4873,0.89868,0.43419,1,0.33807,1,0.23436,1,0.17872,0.87131,0,0.84004,0,0.31622,0,0,0.22931,0,0.48477,0,0.77819,0,1,0,0.22172,0.41395,0.49489,0.41004,0.79083,0.35141,0.33792,0.41229],"triangles":[15,16,0,11,12,13,19,15,0,19,18,14,19,14,15,20,13,14,20,14,18,17,11,13,20,17,13,19,0,1,10,11,17,2,19,1,9,10,17,4,18,19,3,4,19,5,20,18,5,18,4,7,9,20,20,9,17,7,8,9,20,5,7,6,7,5,2,3,19],"vertices":[-4.38,55.54,26.57,55.54,28.93,50.87,37.08,46.14,31.29,33.66999,31.5,11.96,37.08,7.44,37.07,-0.72,37.07,-9.53,29.99,-14.26,28.27,-29.45,-0.52999,-29.45,-17.92,-29.44,-17.92,-9.95,-17.91,11.75,-17.91,36.68999,-17.91,55.55,4.84,-10.6,4.63,12.61,1.41,37.75999,4.75,-0.73],"hull":17}},"MON10076_DL_2":{"MON10076_DL_2":{"x":9.2,"y":-2.2,"rotation":33.63,"width":24,"height":27}},"MON10076_DL_20":{"MON10076_DL_20":{"type":"weightedmesh","uvs":[0.93459,0.26281,0.88424,0.51254,0.81375,0.76227,0.81375,0.92254,0.71808,1,0.31425,1,0.07611,1,0,0.7809,0,0.46408,0,0.11372,0.17681,0,0.39472,0,0.79361,0,0.32522,0.52208,0.03834,0.75854],"triangles":[13,8,9,12,0,11,13,10,11,13,9,10,0,13,11,1,13,0,2,13,1,14,8,13,7,8,14,2,5,13,5,6,14,13,5,14,7,14,6,5,2,4,3,4,2],"vertices":[2,14,56.71,-69.03,0.1455,15,34.48,-63.32,0.85449,2,14,37.36,-63.69,0.26788,15,14.45,-62.05,0.73211,2,14,17.96999,-56.05,0.52846,15,-6.09,-58.53,0.47153,2,14,5.63,-56.3,0.63381,15,-18.11,-61.3,0.36618,2,14,-0.54,-45.52,0.69519,15,-26.37,-52.01,0.3048,1,14,-1.49,0.5,1,2,14,-2.04,27.64,0.99883,15,-42.79,19.31,0.00116,2,14,14.64,36.66,0.93776,15,-28.3,31.55,0.06223,2,14,40.47,38.29,0.57146,15,-3.34,38.43,0.42853,2,14,75,37.16,0.14137,15,30.68,44.38,0.85862,2,14,84.97,17.6,0.00226,15,44.45,27.26,0.99773,2,14,81.62,-9.91,0.00162,15,46.79,-0.35,0.99837,2,14,76.61,-52.55,0.07013,15,50.59,-43.12,0.92986,2,14,35.32,0,0.5,15,-0.56,-0.1,0.5,2,14,16.45,32.32,0.93165,15,-25.64,27.68,0.06834],"hull":13}},"MON10076_DL_21":{"MON10076_DL_21":{"x":11.23,"y":1.01,"rotation":119.59,"width":39,"height":39}},"MON10076_DL_22":{"MON10076_DL_22":{"x":17.67,"y":0.52,"rotation":103.05,"width":43,"height":48}},"MON10076_DL_23":{"MON10076_DL_23":{"x":11.52,"y":-0.76,"rotation":113.76,"width":43,"height":45}},"MON10076_DL_24":{"MON10076_DL_24":{"x":5.62,"y":1.2,"rotation":83.63,"width":35,"height":26}},"MON10076_DL_25":{"MON10076_DL_25":{"x":11.69,"y":7.77,"rotation":81.68,"width":46,"height":29}},"MON10076_DL_26":{"MON10076_DL_26":{"x":14.89,"y":-0.54,"rotation":79.57,"width":34,"height":41}},"MON10076_DL_27":{"MON10076_DL_27":{"x":6.28,"y":-0.15,"rotation":162.41,"width":39,"height":20}},"MON10076_DL_28":{"MON10076_DL_28":{"x":9.82,"y":1.93,"rotation":94.9,"width":24,"height":24}},"MON10076_DL_29":{"MON10076_DL_29":{"x":13.32,"y":1.55,"rotation":94.38,"width":31,"height":37}},"MON10076_DL_3":{"MON10076_DL_3":{"x":7.74,"y":0.19,"rotation":40.57,"width":25,"height":24}},"MON10076_DL_30":{"MON10076_DL_30":{"x":25.03,"y":1.1,"rotation":-134.35,"width":82,"height":81}},"MON10076_DL_31":{"MON10076_DL_31":{"type":"weightedmesh","uvs":[0.88188,0.24651,0.93495,0.49887,1,1,0.91723,1,0.62722,0.94933,0.39084,0.94425,0.20364,0.94435,0,1,0,0.68691,0.01424,0.4927,0.03067,0.26855,0.05036,0,0.13099,0,0.25873,0,0.40032,0,0.56736,0,0.7247,0,0.80325,0,0.40422,0.26874,0.39435,0.53349,0.80134,0.27625,0.84652,0.50637,0.87402,0.71175,0.11719,0.28847,0.0975,0.51858,0.07781,0.7091,0.61257,0.2762,0.6165,0.52609,0.6224,0.72154,0.25284,0.27867,0.24104,0.52609,0.22728,0.71907,0.39279,0.71652,0.96047,0.6955],"triangles":[6,25,31,7,8,25,7,25,6,8,9,24,25,8,24,31,24,30,25,24,31,9,10,23,24,9,23,30,23,29,24,23,30,29,12,13,12,10,11,23,12,29,23,10,12,3,22,33,4,22,3,3,33,2,33,22,21,33,21,1,28,27,21,28,21,22,20,0,1,21,20,1,27,26,20,27,20,21,26,15,16,20,16,17,20,26,16,17,0,20,32,30,19,31,30,32,32,19,27,28,32,27,5,31,32,5,32,28,6,31,5,4,28,22,5,28,4,19,29,18,30,29,19,27,19,18,27,18,26,18,14,15,18,15,26,18,29,13,18,13,14],"vertices":[2,37,27.1,11.84,0.37508,48,-0.22,11.92,0.62491,4,36,57.54,77.21,0,37,57.29,9.51,0.00286,48,30.04,12.62,0.3513,49,2.4,12.55,0.64582,5,36,115.68,86.66,0,37,115.31,-0.66,3.0E-5,48,88.78,8.27,0.0063,49,61.3,11.84,0.00604,50,35.95,10.49,0.98761,5,36,115.67,74.58,0,47,52.47,76.69,0.00258,37,111.33,-12.07,1.0E-5,48,85.96,-3.47,0.00269,50,33.41,-1.32,0.9947,5,36,109.76,32.24,0,46,78.46,34.89,9.4E-4,47,47.37,34.24,0.57724,49,46.09,-40.74,0.09404,50,18.75,-41.48,0.32776,5,36,109.15,-2.26,0,47,47.42,-0.26,0.97481,49,39.54,-74.62999,0.00152,50,10.91,-75.08999,0.00509,53,13.91,50.49,0.01856,4,47,47.93,-27.59,0.3823,37,70.91,-108.31,0,52,47.09,21.19,0.00375,53,20.99,24.09,0.61393,1,53,34.91,-2.96,1,2,52,21.44,-12.24,0.59925,53,-0.16,-12.35,0.40073,2,51,25.32,-13.14,0.64085,52,-1.16,-13.17,0.35914,2,38,20.78,-13.34,0.52578,51,-0.78,-13.4,0.4742,1,38,-10.47,-11.9,1,3,36,-0.4,-40.11,0.03201,37,-36.00999,-82.23,4.1E-4,38,-11.01,-0.14,0.96757,3,36,-0.39,-21.46,0.49743,37,-29.86,-64.62999,0.00441,38,-11.86,18.48,0.49814,3,36,-0.37,-0.79,0.99754,38,-12.81,39.13,0.00245,51,-37.27,37.11,0,5,36,-0.36,23.59,0.6427,46,-31.31,22.59,0.01691,37,-15.02,-22.08,0.33968,38,-13.92,63.49,6.6E-4,51,-39.75,61.37,2.0E-5,5,36,-0.34,46.56,0.03692,46,-32.05,45.55,7.4E-4,37,-7.45,-0.39,0.96225,38,-14.98,86.44,5.0E-5,51,-42.09,84.22,0,3,46,-32.41999,57.01,0,37,-3.67,10.42,0.99907,49,-57.92,3.62,9.2E-4,2,36,30.79,-0.24,0.5,46,0.61,-0.2,0.5,2,46,31.35,-0.64,0.5,47,-0.22,-0.63,0.5,2,37,26.49,-0.39,0.5,48,0.37,-0.31,0.5,2,48,27.87,-0.13,0.5,49,1.02,-0.31,0.5,2,49,25.18,-0.48,0.5,50,-0.6,-0.45,0.5,2,38,22.5,-0.62,0.5,51,0.22,-0.6,0.5,2,51,27.07,-0.74,0.5,52,0.19,-0.72,0.5,2,52,22.48,-0.63,0.5,53,-0.62,-0.71,0.5,8,36,31.68,30.16,0.16072,46,0.49,30.22,0.23805,47,-30.65,30.67,0.02315,37,17.4,-26.41,0.36118,48,-6.06,-27.1,0.20788,49,-31.18,-29.33,0.00891,38,17.77,71.56,7.0E-5,51,-8.55,71.19999,0,8,36,60.67,30.71,0.01062,46,29.44,31.74,0.30924,47,-1.68,31.78,0.29064,37,44.96,-35.41999,0.01877,48,22.25,-33.32,0.19205,49,-2.53,-33.78,0.15933,50,-29.57,-32.66999,0.01933,38,46.7,73.46,0,5,46,52.08,33.33,0.06793,47,20.96999,33.05,0.52021,48,44.49,-37.78,0.04253,49,19.94,-36.86,0.2031,50,-7.22,-36.59999,0.16621,6,36,31.93,-22.35,0.1337,46,2.48,-22.25,0.28301,37,0.37,-76.08999,3.0E-5,38,20.45999,19.1,0.26674,51,-2.92,18.98,0.31498,52,-30.4,18.04999,0.0015,7,46,31.22,-23.04,0.34211,47,-0.67,-23.02,0.26824,37,26.9,-87.17,0,38,49.21,18.7,0.00135,51,25.8,20.19,0.19952,52,-1.72,20.16,0.17879,53,-27.29,16.81,0.00995,6,46,53.66,-24.32,0.03109,47,21.74,-24.62,0.40682,37,47.37,-96.44,0,51,48.27,20.46999,0.01974,52,20.71999,21.14,0.35292,53,-5.14,20.66,0.1894,5,47,21,-0.46,0.98773,48,36.09,-70.24,0.00204,49,13.57,-69.76999,0.00619,50,-14.85,-69.25,0.00403,38,70.26,41.84,0,5,36,80.36,80.92,0,37,80.06,5.52,3.4E-4,48,53.09,10.91,9.6E-4,49,25.51,12.27,0.58464,50,0.2,12.28,0.41404],"hull":18}},"MON10076_DL_4":{"MON10076_DL_4":{"x":3.73,"y":2.95,"rotation":109.52,"width":20,"height":24}},"MON10076_DL_5":{"MON10076_DL_5":{"x":6.39,"rotation":138.12,"width":16,"height":13}},"MON10076_DL_6":{"MON10076_DL_6":{"x":3.41,"y":-0.71,"rotation":-148.96,"width":52,"height":47}},"MON10076_DL_7":{"MON10076_DL_7":{"type":"weightedmesh","uvs":[1,0.29882,1,0.7252,1,1,0.58891,1,0.10427,1,0,0.82835,0,0.58766,0,0.18572,0.10016,0,0.21516,0,0.45338,0,0.7532,0,0.66562,0.58369,0.40553,0.4424],"triangles":[12,0,1,3,1,2,12,11,0,3,12,1,13,9,10,7,8,9,13,7,9,6,7,13,5,6,13,4,5,13,12,13,11,12,3,13,11,13,10,3,4,13],"vertices":[1,9,10.07,17.43,1,1,9,16.26,0.18,1,1,9,20.25,-10.94,1,2,1,-2.73,18.62,0.53999,9,-1.41,-18.70999,0.46,2,1,22.46,28.69,0.36,5,3.92,29.09,0.64,1,5,12.45,25.11,1,1,5,17.09,15.86,1,1,5,24.84,0.41,1,1,5,23.4,-9.22999,1,1,5,17.65,-12.12,1,2,1,20.26,-18.49,0.46,5,5.72,-18.1,0.53999,2,1,4.66,-24.72,0.53999,9,-7.26,24.87,0.46,2,1,-0.08,0.4,0.53999,9,-3.41,-0.41,0.46,2,1,15.69,0.16,0.46,5,-0.4,0.09,0.53999],"hull":12}},"MON10076_DL_8":{"MON10076_DL_8":{"type":"weightedmesh","uvs":[0.69961,0.1109,1,0.33966,1,0.72138,1,1,0.59978,1,0.28233,0.88947,0,0.6342,0,0.25842,0,0,0.37724,0,0.55397,0,0.3473,0.44765,0.60333,0.58435],"triangles":[4,12,2,12,0,1,4,2,3,12,1,2,4,5,12,12,11,0,10,0,11,10,11,9,5,11,12,5,6,11,6,7,11,11,7,9,7,8,9],"vertices":[2,54,13.77,10.39,0.44,55,2.14,10.42,0.56,1,55,16.14,8.43,1,1,55,18,0.24,1,1,55,19.35,-5.73,1,2,54,13.56,-9.64,0.45999,55,2.17,-9.62,0.54,2,10,11.55,-10.18999,0.53999,54,-0.6,-10.18,0.46,1,10,-1.99,-8.68,1,1,10,-4.54,-0.82,1,1,10,-6.29,4.58,1,2,10,9.49,9.7,0.53999,54,-0.6,9.82,0.46,1,54,6.99,11.44,1,2,10,11.27,-0.06,0.53999,54,0.16,-0.08,0.46,2,54,11.8,-0.67,0.53999,55,0.31,-0.66,0.46],"hull":11}},"MON10076_DL_9":{"MON10076_DL_9":{"type":"weightedmesh","uvs":[0.23885,0.0762,0.41085,0.18184,0.57085,0.31119,0.69285,0.46641,0.79085,0.58929,0.87485,0.70139,1,0.81997,1,1,0.65885,1,0.54885,0.95794,0.38285,0.87817,0.25215,0.79131,0.11685,0.70139,0,0.43144,0,0.25298,0,0,0.14485,0,0.78505,0.80382,0.6768,0.69788,0.57613,0.56208,0.46789,0.43171,0.34203,0.30132,0.16831,0.17363,0.46526,0.66518,0.29906,0.60807,0.19285,0.44485,0.39885,0.53324],"triangles":[25,13,14,24,25,26,13,25,24,12,13,24,11,12,24,24,26,23,11,24,23,10,11,23,9,23,18,10,23,9,22,16,0,15,16,22,14,15,22,22,25,14,1,22,0,21,22,1,21,25,22,21,1,2,20,21,2,26,21,20,25,21,26,20,2,3,19,20,3,26,20,19,23,26,19,19,3,4,18,19,4,23,19,18,18,4,5,17,18,5,9,18,17,8,9,17,17,5,6,17,6,7,8,17,7],"vertices":[7,39,83.81,-15.69,0,41,60.59,-1.08,1.6E-4,62,46.92,-4.32,0,64,16.57,-9.64,0.49465,65,1.6,-9.51,0.50518,42,37.34,-41.37,0,66,31.24,-37.61,0,4,39,67.56,-18.07,0,63,15.54,-11.19,0.52941,64,0.22,-11.27,0.47058,66,15.18,-34.15,0,7,39,50.96,-18.4,0,41,29.31,-11.49,0.03033,62,15,-12.56,0.51384,63,-1,-12.52,0.45534,65,-30.67,-16.20999,2.9E-4,42,7.05,-28.35,5.0E-5,66,-0.47,-28.64,1.0E-4,7,40,23.19,-14.67,0.01598,41,13.66,-12.03,0.57304,62,-0.64999,-12.02,0.40221,63,-16.5,-10.28,0.00854,65,-46.29,-14.93,5.0E-5,42,-4.98999,-18.34,3.0E-5,66,-13.72,-20.28,1.2E-4,6,39,23.39,-12.78,0.02533,40,10.9,-12.52,0.31573,41,1.19,-12.55,0.62887,62,-13.12,-11.68,0.03003,65,-58.73,-13.99,0,66,-24.32,-13.7,0,3,39,12.58,-10.27,0.42101,40,0.03,-10.27,0.44614,41,-9.89,-12.67,0.13282,3,39,-1.21,-9.47,0.99346,40,-13.78,-9.81,0.00653,62,-37.93999,-12.59,0,3,39,-9.75,1.44,1,41,-34.37,-6.58,0,62,-48.2,-3.27,0,7,39,12.55,18.87,0.24335,40,-0.69,18.86,0.31398,41,-16.83,15.63,0,62,-29.17,17.68,0,63,-41.59999,22.36,0,42,-9.37,22.6,0.40999,66,-23.38,19.75,0.03266,7,39,21.73,21.94,0.06564,40,8.41,22.15,0.22638,41,-8.63,20.79,0,62,-20.62999,22.26,0,63,-32.62,25.98,0,42,0.18,21,0.5982,66,-13.7,19.4,0.10976,8,39,36.37,25.59,0.00151,40,22.96,26.15,0.04849,41,4.71999,27.8,0,62,-6.82,28.33,0,63,-18.23,30.51,0,42,14.81,17.35,0.47646,66,1.28,17.68,0.45095,67,-16.26,14.43,0.02256,6,40,35.58,27.86,0.00321,41,16.7,32.16999,0,62,5.41,31.87,0,42,26.66,12.65,0.11129,66,13.64,14.57,0.55065,67,-3.52,14.14,0.33483,5,41,29.09,36.68999,0,62,18.09,35.53,0,42,38.93,7.79,4.9E-4,66,26.43,11.34,0.12291,67,9.66,13.84,0.87658,6,41,51.41,31.42,0,62,40,28.73,0,64,16.9,24.13,0.12551,65,-3.73,23.84,0.12974,42,52.1,-10.98,0,67,28.54,0.81,0.74474,5,41,62.2,22.9,0,64,24.86,12.92,0.15368,65,5.98,14.13,0.62211,42,54.49,-24.51,0,67,35.48,-11.04,0.2242,3,64,36.13,-2.95,1.0E-4,65,19.76,0.36,0.99989,42,57.88,-43.69,0,7,39,93.57,-15.51,0,41,70.03,1.39,2.0E-5,62,56.51,-2.49,0,64,26.33,-9.91,0.02259,65,11.26,-8.14,0.97738,42,46.04,-45.78,0,66,40.45,-40.86,0,2,39,13.6,0.52,0.5,40,0.79,0.54,0.5,2,40,12.91,-0.05,0.5,41,0.5,0.05,0.5,2,41,13.88,0.13,0.5,62,0.4,0.1,0.5,2,62,13.87,0,0.5,63,-0.74,0.08,0.5,2,63,13.72,-0.51,0.5,64,-0.44,-0.46,0.5,2,64,17,-0.14,0.5,65,0.43,-0.06,0.5,2,42,10.94,0.01,0.5,66,-0.3,0,0.5,2,66,14.17,-0.05,0.5,67,0.24,0,0.5,8,39,69.33999,9.01,0,41,40.68,19.5,0,63,15.68,15.96,0.12312,64,3.25,15.71,0.24883,65,-15.78,13.25,0.0099,42,36.15,-12.75,0,66,26.35,-9.39,0.00202,67,14.2,-6.38,0.61611,6,39,51.68,3.85,0,62,11.94,9.5,0.40515,63,-1.63,9.72999,0.17673,42,18.12999,-9.02,0.0024,66,8,-8.04,0.36536,67,-3.98,-9.14999,0.05034],"hull":17}},"fx_fire":{"FIRE_STANDBY/HUO_DAIJI_00000":{"rotation":-88.37,"width":32,"height":42},"FIRE_STANDBY/HUO_DAIJI_00001":{"rotation":-88.37,"width":32,"height":42},"FIRE_STANDBY/HUO_DAIJI_00002":{"rotation":-88.37,"width":32,"height":42},"FIRE_STANDBY/HUO_DAIJI_00003":{"rotation":-88.37,"width":32,"height":42},"FIRE_STANDBY/HUO_DAIJI_00004":{"rotation":-88.37,"width":32,"height":42},"FIRE_STANDBY/HUO_DAIJI_00005":{"rotation":-88.37,"width":32,"height":42},"FIRE_STANDBY/HUO_DAIJI_00006":{"rotation":-88.37,"width":32,"height":42},"FIRE_STANDBY/HUO_DAIJI_00007":{"rotation":-88.37,"width":32,"height":42},"FIRE_STANDBY/HUO_DAIJI_00008":{"rotation":-88.37,"width":32,"height":42},"FIRE_STANDBY/HUO_DAIJI_00009":{"rotation":-88.37,"width":32,"height":42},"FIRE_STANDBY/HUO_DAIJI_00010":{"rotation":-88.37,"width":32,"height":42},"FIRE_STANDBY/HUO_DAIJI_00011":{"rotation":-88.37,"width":32,"height":42},"FIRE_STANDBY/HUO_DAIJI_00012":{"rotation":-88.37,"width":32,"height":42},"FIRE_STANDBY/HUO_DAIJI_00013":{"rotation":-88.37,"width":32,"height":42},"FIRE_STANDBY/HUO_DAIJI_00014":{"rotation":-88.37,"width":32,"height":42},"FIRE_STANDBY/HUO_DAIJI_00015":{"rotation":-88.37,"width":32,"height":42}},"shadow":{"shadow":{"x":-2.78,"y":0.08,"scaleX":2,"scaleY":2,"rotation":89,"width":85,"height":42}}}},"animations":{"wait_DL":{"slots":{"MON10076_DL_12":{"attachment":[{"time":0,"name":null},{"time":1.3333,"name":"MON10076_DL_12"},{"time":1.5333,"name":null},{"time":2.4,"name":null}]},"fx_fire":{"attachment":[{"time":0,"name":"FIRE_STANDBY/HUO_DAIJI_00000"},{"time":0.0379,"name":"FIRE_STANDBY/HUO_DAIJI_00001"},{"time":0.0759,"name":"FIRE_STANDBY/HUO_DAIJI_00002"},{"time":0.1139,"name":"FIRE_STANDBY/HUO_DAIJI_00003"},{"time":0.1519,"name":"FIRE_STANDBY/HUO_DAIJI_00004"},{"time":0.1899,"name":"FIRE_STANDBY/HUO_DAIJI_00005"},{"time":0.2279,"name":"FIRE_STANDBY/HUO_DAIJI_00006"},{"time":0.2659,"name":"FIRE_STANDBY/HUO_DAIJI_00007"},{"time":0.3039,"name":"FIRE_STANDBY/HUO_DAIJI_00008"},{"time":0.3419,"name":"FIRE_STANDBY/HUO_DAIJI_00009"},{"time":0.3799,"name":"FIRE_STANDBY/HUO_DAIJI_00010"},{"time":0.4179,"name":"FIRE_STANDBY/HUO_DAIJI_00011"},{"time":0.4559,"name":"FIRE_STANDBY/HUO_DAIJI_00012"},{"time":0.4938,"name":"FIRE_STANDBY/HUO_DAIJI_00013"},{"time":0.5318,"name":"FIRE_STANDBY/HUO_DAIJI_00014"},{"time":0.5698,"name":"FIRE_STANDBY/HUO_DAIJI_00015"},{"time":0.6078,"name":"FIRE_STANDBY/HUO_DAIJI_00000"},{"time":0.6458,"name":"FIRE_STANDBY/HUO_DAIJI_00001"},{"time":0.6838,"name":"FIRE_STANDBY/HUO_DAIJI_00002"},{"time":0.7218,"name":"FIRE_STANDBY/HUO_DAIJI_00003"},{"time":0.7598,"name":"FIRE_STANDBY/HUO_DAIJI_00004"},{"time":0.7978,"name":"FIRE_STANDBY/HUO_DAIJI_00005"},{"time":0.8358,"name":"FIRE_STANDBY/HUO_DAIJI_00006"},{"time":0.8738,"name":"FIRE_STANDBY/HUO_DAIJI_00007"},{"time":0.9118,"name":"FIRE_STANDBY/HUO_DAIJI_00008"},{"time":0.9498,"name":"FIRE_STANDBY/HUO_DAIJI_00009"},{"time":0.9877,"name":"FIRE_STANDBY/HUO_DAIJI_00010"},{"time":1.0257,"name":"FIRE_STANDBY/HUO_DAIJI_00011"},{"time":1.0637,"name":"FIRE_STANDBY/HUO_DAIJI_00012"},{"time":1.1017,"name":"FIRE_STANDBY/HUO_DAIJI_00013"},{"time":1.1397,"name":"FIRE_STANDBY/HUO_DAIJI_00014"},{"time":1.1777,"name":"FIRE_STANDBY/HUO_DAIJI_00015"},{"time":1.2157,"name":"FIRE_STANDBY/HUO_DAIJI_00000"},{"time":1.2537,"name":"FIRE_STANDBY/HUO_DAIJI_00001"},{"time":1.2917,"name":"FIRE_STANDBY/HUO_DAIJI_00002"},{"time":1.3297,"name":"FIRE_STANDBY/HUO_DAIJI_00003"},{"time":1.3677,"name":"FIRE_STANDBY/HUO_DAIJI_00004"},{"time":1.4057,"name":"FIRE_STANDBY/HUO_DAIJI_00005"},{"time":1.4437,"name":"FIRE_STANDBY/HUO_DAIJI_00006"},{"time":1.4816,"name":"FIRE_STANDBY/HUO_DAIJI_00007"},{"time":1.5196,"name":"FIRE_STANDBY/HUO_DAIJI_00008"},{"time":1.5576,"name":"FIRE_STANDBY/HUO_DAIJI_00009"},{"time":1.5956,"name":"FIRE_STANDBY/HUO_DAIJI_00010"},{"time":1.6333,"name":"FIRE_STANDBY/HUO_DAIJI_00011"},{"time":1.6716,"name":"FIRE_STANDBY/HUO_DAIJI_00012"},{"time":1.7096,"name":"FIRE_STANDBY/HUO_DAIJI_00013"},{"time":1.7476,"name":"FIRE_STANDBY/HUO_DAIJI_00014"},{"time":1.7856,"name":"FIRE_STANDBY/HUO_DAIJI_00015"},{"time":1.8236,"name":"FIRE_STANDBY/HUO_DAIJI_00000"},{"time":1.8616,"name":"FIRE_STANDBY/HUO_DAIJI_00001"},{"time":1.8996,"name":"FIRE_STANDBY/HUO_DAIJI_00002"},{"time":1.9375,"name":"FIRE_STANDBY/HUO_DAIJI_00003"},{"time":1.9755,"name":"FIRE_STANDBY/HUO_DAIJI_00004"},{"time":2.0135,"name":"FIRE_STANDBY/HUO_DAIJI_00005"},{"time":2.0515,"name":"FIRE_STANDBY/HUO_DAIJI_00006"},{"time":2.0895,"name":"FIRE_STANDBY/HUO_DAIJI_00007"},{"time":2.1275,"name":"FIRE_STANDBY/HUO_DAIJI_00008"},{"time":2.1655,"name":"FIRE_STANDBY/HUO_DAIJI_00009"},{"time":2.2035,"name":"FIRE_STANDBY/HUO_DAIJI_00010"},{"time":2.2415,"name":"FIRE_STANDBY/HUO_DAIJI_00011"},{"time":2.2795,"name":"FIRE_STANDBY/HUO_DAIJI_00012"},{"time":2.3175,"name":"FIRE_STANDBY/HUO_DAIJI_00013"},{"time":2.3555,"name":"FIRE_STANDBY/HUO_DAIJI_00014"},{"time":2.3935,"name":"FIRE_STANDBY/HUO_DAIJI_00015"}]}},"bones":{"root":{"rotate":[{"time":0,"angle":0,"curve":"stepped"},{"time":1.2,"angle":0,"curve":"stepped"},{"time":2.4,"angle":0}],"translate":[{"time":0,"x":0,"y":0,"curve":"stepped"},{"time":1.2,"x":0,"y":0,"curve":"stepped"},{"time":2.4,"x":0,"y":0}],"scale":[{"time":0,"x":1,"y":1,"curve":"stepped"},{"time":1.2,"x":1,"y":1,"curve":"stepped"},{"time":2.4,"x":1,"y":1}]},"bone":{"rotate":[{"time":0,"angle":0,"curve":"stepped"},{"time":1.2,"angle":0,"curve":"stepped"},{"time":2.4,"angle":0}],"translate":[{"time":0,"x":0,"y":0,"curve":"stepped"},{"time":1.2,"x":0,"y":0,"curve":"stepped"},{"time":2.4,"x":0,"y":0}],"scale":[{"time":0,"x":1,"y":1,"curve":"stepped"},{"time":1.2,"x":1,"y":1,"curve":"stepped"},{"time":2.4,"x":1,"y":1}]},"MON10076_DL_20":{"rotate":[{"time":0,"angle":0,"curve":[0.25,0,0.75,1]},{"time":0.6,"angle":3.93,"curve":[0.25,0,0.75,1]},{"time":1.2,"angle":0},{"time":1.8,"angle":3.93,"curve":[0.25,0,0.75,1]},{"time":2.4,"angle":0}],"translate":[{"time":0,"x":0,"y":0,"curve":[0.25,0,0.75,1]},{"time":0.6,"x":-1.99,"y":-8.5,"curve":[0.25,0,0.75,1]},{"time":1.2,"x":0,"y":0},{"time":1.8,"x":-1.99,"y":-8.5,"curve":[0.25,0,0.75,1]},{"time":2.4,"x":0,"y":0}],"scale":[{"time":0,"x":1,"y":1,"curve":"stepped"},{"time":1.2,"x":1,"y":1,"curve":"stepped"},{"time":2.4,"x":1,"y":1}]},"bone2":{"rotate":[{"time":0,"angle":0},{"time":0.6,"angle":1.53},{"time":1.2,"angle":0},{"time":1.8,"angle":1.53},{"time":2.4,"angle":0}],"translate":[{"time":0,"x":0,"y":0},{"time":0.6,"x":-3.01,"y":-0.35},{"time":1.2,"x":0,"y":0},{"time":1.8,"x":-3.01,"y":-0.35},{"time":2.4,"x":0,"y":0}],"scale":[{"time":0,"x":1,"y":1,"curve":"stepped"},{"time":1.2,"x":1,"y":1,"curve":"stepped"},{"time":2.4,"x":1,"y":1}]},"MON10076_DL_14":{"rotate":[{"time":0,"angle":0},{"time":0.4,"angle":-3.54},{"time":0.8,"angle":2.19},{"time":1.2,"angle":0},{"time":1.6,"angle":-3.54},{"time":2,"angle":2.19},{"time":2.4,"angle":0}],"translate":[{"time":0,"x":0,"y":0},{"time":0.4,"x":-0.01,"y":0.69},{"time":0.8,"x":-5.54,"y":2.16},{"time":1.2,"x":0,"y":0},{"time":1.6,"x":-0.01,"y":0.69},{"time":2,"x":-5.54,"y":2.16},{"time":2.4,"x":0,"y":0}],"scale":[{"time":0,"x":1,"y":1,"curve":"stepped"},{"time":1.2,"x":1,"y":1,"curve":"stepped"},{"time":2.4,"x":1,"y":1}]},"MON10076_DL_12":{"rotate":[{"time":0,"angle":0,"curve":"stepped"},{"time":1.2,"angle":0,"curve":"stepped"},{"time":2.4,"angle":0}],"translate":[{"time":0,"x":0,"y":0,"curve":"stepped"},{"time":1.2,"x":0,"y":0,"curve":"stepped"},{"time":2.4,"x":0,"y":0}],"scale":[{"time":0,"x":1,"y":1,"curve":"stepped"},{"time":1.2,"x":1,"y":1,"curve":"stepped"},{"time":2.4,"x":1,"y":1}]},"MON10076_DL_15":{"rotate":[{"time":0,"angle":0},{"time":0.6,"angle":-5.6},{"time":1.2,"angle":0},{"time":1.8,"angle":-5.6},{"time":2.4,"angle":0}],"translate":[{"time":0,"x":0,"y":0,"curve":"stepped"},{"time":1.2,"x":0,"y":0,"curve":"stepped"},{"time":2.4,"x":0,"y":0}],"scale":[{"time":0,"x":1,"y":1,"curve":"stepped"},{"time":1.2,"x":1,"y":1,"curve":"stepped"},{"time":2.4,"x":1,"y":1}]},"bone3":{"rotate":[{"time":0,"angle":0},{"time":0.6,"angle":4.06},{"time":1.2,"angle":0},{"time":1.8,"angle":4.06},{"time":2.4,"angle":0}],"translate":[{"time":0,"x":0,"y":0,"curve":"stepped"},{"time":1.2,"x":0,"y":0,"curve":"stepped"},{"time":2.4,"x":0,"y":0}],"scale":[{"time":0,"x":1,"y":1,"curve":"stepped"},{"time":1.2,"x":1,"y":1,"curve":"stepped"},{"time":2.4,"x":1,"y":1}]},"bone4":{"rotate":[{"time":0,"angle":0},{"time":0.6,"angle":10.79},{"time":1.2,"angle":0},{"time":1.8,"angle":10.79},{"time":2.4,"angle":0}],"translate":[{"time":0,"x":0,"y":0,"curve":"stepped"},{"time":1.2,"x":0,"y":0,"curve":"stepped"},{"time":2.4,"x":0,"y":0}],"scale":[{"time":0,"x":1,"y":1,"curve":"stepped"},{"time":1.2,"x":1,"y":1,"curve":"stepped"},{"time":2.4,"x":1,"y":1}]},"bone5":{"rotate":[{"time":0,"angle":0},{"time":0.4,"angle":10.38},{"time":0.8,"angle":9},{"time":1.2,"angle":0},{"time":1.6,"angle":10.38},{"time":2,"angle":9},{"time":2.4,"angle":0}],"translate":[{"time":0,"x":0,"y":0,"curve":"stepped"},{"time":0.4,"x":0,"y":0,"curve":"stepped"},{"time":0.8,"x":0,"y":0,"curve":"stepped"},{"time":1.2,"x":0,"y":0,"curve":"stepped"},{"time":1.6,"x":0,"y":0,"curve":"stepped"},{"time":2,"x":0,"y":0,"curve":"stepped"},{"time":2.4,"x":0,"y":0}],"scale":[{"time":0,"x":1,"y":1},{"time":0.4,"x":0.947,"y":1},{"time":0.8,"x":0.954,"y":1},{"time":1.2,"x":1,"y":1},{"time":1.6,"x":0.947,"y":1},{"time":2,"x":0.954,"y":1},{"time":2.4,"x":1,"y":1}]},"MON10076_DL_17":{"rotate":[{"time":0,"angle":0},{"time":0.6,"angle":30.98},{"time":1.2,"angle":0},{"time":1.8,"angle":30.98},{"time":2.4,"angle":0}],"translate":[{"time":0,"x":0,"y":0,"curve":"stepped"},{"time":1.2,"x":0,"y":0,"curve":"stepped"},{"time":2.4,"x":0,"y":0}],"scale":[{"time":0,"x":1,"y":1,"curve":"stepped"},{"time":1.2,"x":1,"y":1,"curve":"stepped"},{"time":2.4,"x":1,"y":1}]},"MON10076_DL_18":{"rotate":[{"time":0,"angle":0},{"time":0.6,"angle":6.92},{"time":1.2,"angle":0},{"time":1.8,"angle":6.92},{"time":2.4,"angle":0}],"translate":[{"time":0,"x":0,"y":0,"curve":"stepped"},{"time":1.2,"x":0,"y":0,"curve":"stepped"},{"time":2.4,"x":0,"y":0}],"scale":[{"time":0,"x":1,"y":1,"curve":"stepped"},{"time":1.2,"x":1,"y":1,"curve":"stepped"},{"time":2.4,"x":1,"y":1}]},"MON10076_DL_16":{"rotate":[{"time":0,"angle":0},{"time":0.6,"angle":3},{"time":1.2,"angle":0},{"time":1.8,"angle":3},{"time":2.4,"angle":0}],"translate":[{"time":0,"x":0,"y":0,"curve":"stepped"},{"time":1.2,"x":0,"y":0,"curve":"stepped"},{"time":2.4,"x":0,"y":0}],"scale":[{"time":0,"x":1,"y":1,"curve":"stepped"},{"time":1.2,"x":1,"y":1,"curve":"stepped"},{"time":2.4,"x":1,"y":1}]},"MON10076_DL_22":{"rotate":[{"time":0,"angle":0},{"time":0.6,"angle":-21.96},{"time":1.2,"angle":0},{"time":1.8,"angle":-21.96},{"time":2.4,"angle":0}],"translate":[{"time":0,"x":0,"y":0,"curve":"stepped"},{"time":0.6,"x":0,"y":0,"curve":"stepped"},{"time":1.2,"x":0,"y":0,"curve":"stepped"},{"time":1.8,"x":0,"y":0,"curve":"stepped"},{"time":2.4,"x":0,"y":0}],"scale":[{"time":0,"x":1,"y":1,"curve":"stepped"},{"time":0.6,"x":1,"y":1,"curve":"stepped"},{"time":1.2,"x":1,"y":1,"curve":"stepped"},{"time":1.8,"x":1,"y":1,"curve":"stepped"},{"time":2.4,"x":1,"y":1}]},"MON10076_DL_23":{"rotate":[{"time":0,"angle":0},{"time":0.6,"angle":-13.87},{"time":1.2,"angle":0},{"time":1.8,"angle":-13.87},{"time":2.4,"angle":0}],"translate":[{"time":0,"x":0,"y":0,"curve":"stepped"},{"time":0.6,"x":0,"y":0,"curve":"stepped"},{"time":1.2,"x":0,"y":0,"curve":"stepped"},{"time":1.8,"x":0,"y":0,"curve":"stepped"},{"time":2.4,"x":0,"y":0}],"scale":[{"time":0,"x":1,"y":1,"curve":"stepped"},{"time":0.6,"x":1,"y":1,"curve":"stepped"},{"time":1.2,"x":1,"y":1,"curve":"stepped"},{"time":1.8,"x":1,"y":1,"curve":"stepped"},{"time":2.4,"x":1,"y":1}]},"MON10076_DL_21":{"rotate":[{"time":0,"angle":0},{"time":0.6,"angle":24.99},{"time":1.2,"angle":0},{"time":1.8,"angle":24.99},{"time":2.4,"angle":0}],"translate":[{"time":0,"x":0,"y":0,"curve":"stepped"},{"time":0.6,"x":0,"y":0,"curve":"stepped"},{"time":1.2,"x":0,"y":0,"curve":"stepped"},{"time":1.8,"x":0,"y":0,"curve":"stepped"},{"time":2.4,"x":0,"y":0}],"scale":[{"time":0,"x":1,"y":1,"curve":"stepped"},{"time":0.6,"x":1,"y":1,"curve":"stepped"},{"time":1.2,"x":1,"y":1,"curve":"stepped"},{"time":1.8,"x":1,"y":1,"curve":"stepped"},{"time":2.4,"x":1,"y":1}]},"MON10076_DL_30":{"rotate":[{"time":0,"angle":0,"curve":"stepped"},{"time":0.6,"angle":0,"curve":"stepped"},{"time":1.2,"angle":0,"curve":"stepped"},{"time":1.8,"angle":0,"curve":"stepped"},{"time":2.4,"angle":0}],"translate":[{"time":0,"x":0,"y":0,"curve":"stepped"},{"time":0.6,"x":0,"y":0,"curve":"stepped"},{"time":1.2,"x":0,"y":0,"curve":"stepped"},{"time":1.8,"x":0,"y":0,"curve":"stepped"},{"time":2.4,"x":0,"y":0}],"scale":[{"time":0,"x":1,"y":1,"curve":"stepped"},{"time":0.6,"x":1,"y":1,"curve":"stepped"},{"time":1.2,"x":1,"y":1,"curve":"stepped"},{"time":1.8,"x":1,"y":1,"curve":"stepped"},{"time":2.4,"x":1,"y":1}]},"MON10076_DL_19":{"rotate":[{"time":0,"angle":0,"curve":"stepped"},{"time":1.2,"angle":0,"curve":"stepped"},{"time":2.4,"angle":0}],"translate":[{"time":0,"x":0,"y":0,"curve":"stepped"},{"time":1.2,"x":0,"y":0,"curve":"stepped"},{"time":2.4,"x":0,"y":0}],"scale":[{"time":0,"x":1,"y":1,"curve":"stepped"},{"time":1.2,"x":1,"y":1,"curve":"stepped"},{"time":2.4,"x":1,"y":1}]},"MON10076_DL_26":{"rotate":[{"time":0,"angle":0},{"time":0.6,"angle":2.82},{"time":1.2,"angle":0},{"time":1.8,"angle":2.82},{"time":2.4,"angle":0}],"translate":[{"time":0,"x":0,"y":0},{"time":0.6,"x":-0.93,"y":-5.12},{"time":1.2,"x":0,"y":0},{"time":1.8,"x":-0.93,"y":-5.12},{"time":2.4,"x":0,"y":0}],"scale":[{"time":0,"x":1,"y":1,"curve":"stepped"},{"time":1.2,"x":1,"y":1,"curve":"stepped"},{"time":2.4,"x":1,"y":1}]},"MON10076_DL_25":{"rotate":[{"time":0,"angle":0},{"time":0.6,"angle":-2.58},{"time":1.2,"angle":0},{"time":1.8,"angle":-2.58},{"time":2.4,"angle":0}],"translate":[{"time":0,"x":0,"y":0},{"time":0.6,"x":-4.38,"y":1.02},{"time":1.2,"x":0,"y":0},{"time":1.8,"x":-4.38,"y":1.02},{"time":2.4,"x":0,"y":0}],"scale":[{"time":0,"x":1,"y":1,"curve":"stepped"},{"time":1.2,"x":1,"y":1,"curve":"stepped"},{"time":2.4,"x":1,"y":1}]},"MON10076_DL_24":{"rotate":[{"time":0,"angle":0,"curve":"stepped"},{"time":1.2,"angle":0,"curve":"stepped"},{"time":2.4,"angle":0}],"translate":[{"time":0,"x":0,"y":0,"curve":"stepped"},{"time":1.2,"x":0,"y":0,"curve":"stepped"},{"time":2.4,"x":0,"y":0}],"scale":[{"time":0,"x":1,"y":1,"curve":"stepped"},{"time":1.2,"x":1,"y":1,"curve":"stepped"},{"time":2.4,"x":1,"y":1}]},"MON10076_DL_29":{"rotate":[{"time":0,"angle":0},{"time":0.6,"angle":-17.98},{"time":1.2,"angle":0},{"time":1.8,"angle":-17.98},{"time":2.4,"angle":0}],"translate":[{"time":0,"x":0,"y":0},{"time":0.6,"x":-2.79,"y":-8.38},{"time":1.2,"x":0,"y":0},{"time":1.8,"x":-2.79,"y":-8.38},{"time":2.4,"x":0,"y":0}],"scale":[{"time":0,"x":1,"y":1,"curve":"stepped"},{"time":1.2,"x":1,"y":1,"curve":"stepped"},{"time":2.4,"x":1,"y":1}]},"MON10076_DL_28":{"rotate":[{"time":0,"angle":0},{"time":0.6,"angle":31.26},{"time":1.2,"angle":0},{"time":1.8,"angle":31.26},{"time":2.4,"angle":0}],"translate":[{"time":0,"x":0,"y":0},{"time":0.6,"x":-6.67,"y":2.26},{"time":1.2,"x":0,"y":0},{"time":1.8,"x":-6.67,"y":2.26},{"time":2.4,"x":0,"y":0}],"scale":[{"time":0,"x":1,"y":1,"curve":"stepped"},{"time":1.2,"x":1,"y":1,"curve":"stepped"},{"time":2.4,"x":1,"y":1}]},"MON10076_DL_27":{"rotate":[{"time":0,"angle":0},{"time":0.6,"angle":-11.11},{"time":1.2,"angle":0},{"time":1.8,"angle":-11.11},{"time":2.4,"angle":0}],"translate":[{"time":0,"x":0,"y":0,"curve":"stepped"},{"time":1.2,"x":0,"y":0,"curve":"stepped"},{"time":2.4,"x":0,"y":0}],"scale":[{"time":0,"x":1,"y":1,"curve":"stepped"},{"time":1.2,"x":1,"y":1,"curve":"stepped"},{"time":2.4,"x":1,"y":1}]},"MON10076_DL_31":{"rotate":[{"time":0,"angle":0},{"time":0.4,"angle":13.06},{"time":0.8,"angle":1.02},{"time":1.2,"angle":0},{"time":1.6,"angle":13.06},{"time":2,"angle":1.02},{"time":2.4,"angle":0}],"translate":[{"time":0,"x":0,"y":0,"curve":"stepped"},{"time":1.2,"x":0,"y":0,"curve":"stepped"},{"time":2.4,"x":0,"y":0}],"scale":[{"time":0,"x":1,"y":1,"curve":"stepped"},{"time":1.2,"x":1,"y":1,"curve":"stepped"},{"time":2.4,"x":1,"y":1}]},"bone6":{"rotate":[{"time":0,"angle":0},{"time":0.4,"angle":-1.48},{"time":0.8,"angle":14.46},{"time":1.2,"angle":0},{"time":1.6,"angle":-1.48},{"time":2,"angle":14.46},{"time":2.4,"angle":0}],"translate":[{"time":0,"x":0,"y":0,"curve":"stepped"},{"time":1.2,"x":0,"y":0,"curve":"stepped"},{"time":2.4,"x":0,"y":0}],"scale":[{"time":0,"x":1,"y":1,"curve":"stepped"},{"time":1.2,"x":1,"y":1,"curve":"stepped"},{"time":2.4,"x":1,"y":1}]},"bone7":{"rotate":[{"time":0,"angle":0},{"time":0.4,"angle":-8.41},{"time":0.8,"angle":18.55},{"time":1.2,"angle":0},{"time":1.6,"angle":-8.41},{"time":2,"angle":18.55},{"time":2.4,"angle":0}],"translate":[{"time":0,"x":0,"y":0,"curve":"stepped"},{"time":1.2,"x":0,"y":0,"curve":"stepped"},{"time":2.4,"x":0,"y":0}],"scale":[{"time":0,"x":1,"y":1,"curve":"stepped"},{"time":1.2,"x":1,"y":1,"curve":"stepped"},{"time":2.4,"x":1,"y":1}]},"MON10076_DL_32":{"rotate":[{"time":0,"angle":0},{"time":0.4,"angle":15.32},{"time":0.8,"angle":7.37},{"time":1.2,"angle":0},{"time":1.6,"angle":15.32},{"time":2,"angle":7.37},{"time":2.4,"angle":0}],"translate":[{"time":0,"x":0,"y":0},{"time":0.4,"x":2,"y":-0.61},{"time":0.8,"x":-10.74,"y":-0.4},{"time":1.2,"x":0,"y":0},{"time":1.6,"x":2,"y":-0.61},{"time":2,"x":-10.74,"y":-0.4},{"time":2.4,"x":0,"y":0}],"scale":[{"time":0,"x":1,"y":1,"curve":"stepped"},{"time":1.2,"x":1,"y":1,"curve":"stepped"},{"time":2.4,"x":1,"y":1}]},"bone8":{"rotate":[{"time":0,"angle":0},{"time":0.4,"angle":-4.64},{"time":0.8,"angle":19.66},{"time":1.2,"angle":0},{"time":1.6,"angle":-4.64},{"time":2,"angle":19.66},{"time":2.4,"angle":0}],"translate":[{"time":0,"x":0,"y":0,"curve":"stepped"},{"time":1.2,"x":0,"y":0,"curve":"stepped"},{"time":2.4,"x":0,"y":0}],"scale":[{"time":0,"x":1,"y":1,"curve":"stepped"},{"time":1.2,"x":1,"y":1,"curve":"stepped"},{"time":2.4,"x":1,"y":1}]},"bone9":{"rotate":[{"time":0,"angle":0},{"time":0.4,"angle":-2.73},{"time":0.8,"angle":19.7},{"time":1.2,"angle":0},{"time":1.6,"angle":-2.73},{"time":2,"angle":19.7},{"time":2.4,"angle":0}],"translate":[{"time":0,"x":0,"y":0,"curve":"stepped"},{"time":1.2,"x":0,"y":0,"curve":"stepped"},{"time":2.4,"x":0,"y":0}],"scale":[{"time":0,"x":1,"y":1,"curve":"stepped"},{"time":1.2,"x":1,"y":1,"curve":"stepped"},{"time":2.4,"x":1,"y":1}]},"bone10":{"rotate":[{"time":0,"angle":0},{"time":0.4,"angle":-14.28},{"time":0.8,"angle":17.86},{"time":1.2,"angle":0},{"time":1.6,"angle":-14.28},{"time":2,"angle":17.86},{"time":2.4,"angle":0}],"translate":[{"time":0,"x":0,"y":0,"curve":"stepped"},{"time":1.2,"x":0,"y":0,"curve":"stepped"},{"time":2.4,"x":0,"y":0}],"scale":[{"time":0,"x":1,"y":1,"curve":"stepped"},{"time":1.2,"x":1,"y":1,"curve":"stepped"},{"time":2.4,"x":1,"y":1}]},"MON10076_DL_33":{"rotate":[{"time":0,"angle":0},{"time":0.4,"angle":6.13},{"time":0.8,"angle":-7.01},{"time":1.2,"angle":0},{"time":1.6,"angle":6.13},{"time":2,"angle":-7.01},{"time":2.4,"angle":0}],"translate":[{"time":0,"x":0,"y":0},{"time":0.4,"x":-16.2,"y":-4.26},{"time":1.2,"x":0,"y":0},{"time":1.6,"x":-16.2,"y":-4.26},{"time":2.4,"x":0,"y":0}],"scale":[{"time":0,"x":1,"y":1,"curve":"stepped"},{"time":1.2,"x":1,"y":1,"curve":"stepped"},{"time":2.4,"x":1,"y":1}]},"bone11":{"rotate":[{"time":0,"angle":0},{"time":0.4,"angle":-8.28},{"time":0.8,"angle":15.17},{"time":1.2,"angle":0},{"time":1.6,"angle":-8.28},{"time":2,"angle":15.17},{"time":2.4,"angle":0}],"translate":[{"time":0,"x":0,"y":0,"curve":"stepped"},{"time":1.2,"x":0,"y":0,"curve":"stepped"},{"time":2.4,"x":0,"y":0}],"scale":[{"time":0,"x":1,"y":1,"curve":"stepped"},{"time":1.2,"x":1,"y":1,"curve":"stepped"},{"time":2.4,"x":1,"y":1}]},"bone12":{"rotate":[{"time":0,"angle":0},{"time":0.4,"angle":-9.34},{"time":0.8,"angle":19},{"time":1.2,"angle":0},{"time":1.6,"angle":-9.34},{"time":2,"angle":19},{"time":2.4,"angle":0}],"translate":[{"time":0,"x":0,"y":0,"curve":"stepped"},{"time":1.2,"x":0,"y":0,"curve":"stepped"},{"time":2.4,"x":0,"y":0}],"scale":[{"time":0,"x":1,"y":1,"curve":"stepped"},{"time":1.2,"x":1,"y":1,"curve":"stepped"},{"time":2.4,"x":1,"y":1}]},"bone13":{"rotate":[{"time":0,"angle":0},{"time":0.4,"angle":3.4},{"time":0.8,"angle":20.39},{"time":1.2,"angle":0},{"time":1.6,"angle":3.4},{"time":2,"angle":20.39},{"time":2.4,"angle":0}],"translate":[{"time":0,"x":0,"y":0,"curve":"stepped"},{"time":1.2,"x":0,"y":0,"curve":"stepped"},{"time":2.4,"x":0,"y":0}],"scale":[{"time":0,"x":1,"y":1,"curve":"stepped"},{"time":1.2,"x":1,"y":1,"curve":"stepped"},{"time":2.4,"x":1,"y":1}]},"MON10076_DL_7":{"rotate":[{"time":0,"angle":0,"curve":[0.25,0,0.75,1]},{"time":0.5333,"angle":-7.24,"curve":[0.25,0,0.75,1]},{"time":1.2,"angle":0},{"time":1.7333,"angle":-7.24,"curve":[0.25,0,0.75,1]},{"time":2.4,"angle":0}],"translate":[{"time":0,"x":0,"y":0,"curve":[0.25,0,0.75,1]},{"time":0.5333,"x":15.48,"y":61.74,"curve":[0.25,0,0.75,1]},{"time":1.2,"x":0,"y":0},{"time":1.7333,"x":15.48,"y":61.74,"curve":[0.25,0,0.75,1]},{"time":2.4,"x":0,"y":0}],"scale":[{"time":0,"x":1,"y":1,"curve":"stepped"},{"time":0.5333,"x":1,"y":1,"curve":"stepped"},{"time":1.2,"x":1,"y":1,"curve":"stepped"},{"time":1.7333,"x":1,"y":1,"curve":"stepped"},{"time":2.4,"x":1,"y":1}]},"bone14":{"rotate":[{"time":0,"angle":0},{"time":0.1666,"angle":3.67},{"time":0.5333,"angle":7.7},{"time":0.7666,"angle":0.62},{"time":1.2,"angle":0},{"time":1.3666,"angle":3.67},{"time":1.7333,"angle":7.7},{"time":1.9666,"angle":0.62},{"time":2.4,"angle":0}],"translate":[{"time":0,"x":0,"y":0,"curve":"stepped"},{"time":0.5333,"x":0,"y":0,"curve":"stepped"},{"time":1.2,"x":0,"y":0,"curve":"stepped"},{"time":1.7333,"x":0,"y":0,"curve":"stepped"},{"time":2.4,"x":0,"y":0}],"scale":[{"time":0,"x":1,"y":1,"curve":"stepped"},{"time":0.5333,"x":1,"y":1,"curve":"stepped"},{"time":1.2,"x":1,"y":1,"curve":"stepped"},{"time":1.7333,"x":1,"y":1,"curve":"stepped"},{"time":2.4,"x":1,"y":1}]},"MON10076_DL_6":{"rotate":[{"time":0,"angle":0},{"time":0.1666,"angle":10.92},{"time":0.5333,"angle":9.98},{"time":0.7666,"angle":-3.99},{"time":1.2,"angle":0},{"time":1.3666,"angle":10.92},{"time":1.7333,"angle":9.98},{"time":1.9666,"angle":-3.99},{"time":2.4,"angle":0}],"translate":[{"time":0,"x":0,"y":0,"curve":"stepped"},{"time":0.5333,"x":0,"y":0,"curve":"stepped"},{"time":1.2,"x":0,"y":0,"curve":"stepped"},{"time":1.7333,"x":0,"y":0,"curve":"stepped"},{"time":2.4,"x":0,"y":0}],"scale":[{"time":0,"x":1,"y":1,"curve":"stepped"},{"time":0.5333,"x":1,"y":1,"curve":"stepped"},{"time":1.2,"x":1,"y":1,"curve":"stepped"},{"time":1.7333,"x":1,"y":1,"curve":"stepped"},{"time":2.4,"x":1,"y":1}]},"MON10076_DL_4":{"rotate":[{"time":0,"angle":0},{"time":0.5333,"angle":-17.71},{"time":1.2,"angle":0},{"time":1.7333,"angle":-17.71},{"time":2.4,"angle":0}],"translate":[{"time":0,"x":0,"y":0,"curve":"stepped"},{"time":0.5333,"x":0,"y":0,"curve":"stepped"},{"time":1.2,"x":0,"y":0,"curve":"stepped"},{"time":1.7333,"x":0,"y":0,"curve":"stepped"},{"time":2.4,"x":0,"y":0}],"scale":[{"time":0,"x":1,"y":1,"curve":"stepped"},{"time":0.5333,"x":1,"y":1,"curve":"stepped"},{"time":1.2,"x":1,"y":1,"curve":"stepped"},{"time":1.7333,"x":1,"y":1,"curve":"stepped"},{"time":2.4,"x":1,"y":1}]},"MON10076_DL_5":{"rotate":[{"time":0,"angle":0},{"time":0.5333,"angle":22.19},{"time":1.2,"angle":0},{"time":1.7333,"angle":22.19},{"time":2.4,"angle":0}],"translate":[{"time":0,"x":0,"y":0,"curve":"stepped"},{"time":0.5333,"x":0,"y":0,"curve":"stepped"},{"time":1.2,"x":0,"y":0,"curve":"stepped"},{"time":1.7333,"x":0,"y":0,"curve":"stepped"},{"time":2.4,"x":0,"y":0}],"scale":[{"time":0,"x":1,"y":1,"curve":"stepped"},{"time":0.5333,"x":1,"y":1,"curve":"stepped"},{"time":1.2,"x":1,"y":1,"curve":"stepped"},{"time":1.7333,"x":1,"y":1,"curve":"stepped"},{"time":2.4,"x":1,"y":1}]},"MON10076_DL_8":{"rotate":[{"time":0,"angle":0},{"time":0.5333,"angle":352.92},{"time":1.2,"angle":0},{"time":1.7333,"angle":352.92},{"time":2.4,"angle":0}],"translate":[{"time":0,"x":0,"y":0,"curve":"stepped"},{"time":0.5333,"x":0,"y":0,"curve":"stepped"},{"time":1.2,"x":0,"y":0,"curve":"stepped"},{"time":1.7333,"x":0,"y":0,"curve":"stepped"},{"time":2.4,"x":0,"y":0}],"scale":[{"time":0,"x":1,"y":1,"curve":"stepped"},{"time":0.5333,"x":1,"y":1,"curve":"stepped"},{"time":1.2,"x":1,"y":1,"curve":"stepped"},{"time":1.7333,"x":1,"y":1,"curve":"stepped"},{"time":2.4,"x":1,"y":1}]},"MON10076_DL_9":{"rotate":[{"time":0,"angle":0},{"time":0.1666,"angle":-19.46},{"time":0.5333,"angle":-15.31},{"time":0.7666,"angle":-4.44},{"time":1.2,"angle":0},{"time":1.3666,"angle":-19.46},{"time":1.7333,"angle":-15.31},{"time":1.9666,"angle":-4.44},{"time":2.4,"angle":0}],"translate":[{"time":0,"x":0,"y":0,"curve":"stepped"},{"time":0.5333,"x":0,"y":0,"curve":"stepped"},{"time":1.2,"x":0,"y":0,"curve":"stepped"},{"time":1.7333,"x":0,"y":0,"curve":"stepped"},{"time":2.4,"x":0,"y":0}],"scale":[{"time":0,"x":1,"y":1,"curve":"stepped"},{"time":0.5333,"x":1,"y":1,"curve":"stepped"},{"time":1.2,"x":1,"y":1,"curve":"stepped"},{"time":1.7333,"x":1,"y":1,"curve":"stepped"},{"time":2.4,"x":1,"y":1}]},"bone15":{"rotate":[{"time":0,"angle":0},{"time":0.1666,"angle":15.41},{"time":0.5333,"angle":-30.4},{"time":0.7666,"angle":-32.55},{"time":1.2,"angle":0},{"time":1.3666,"angle":15.41},{"time":1.7333,"angle":-30.4},{"time":1.9666,"angle":-32.55},{"time":2.4,"angle":0}],"translate":[{"time":0,"x":0,"y":0,"curve":"stepped"},{"time":0.5333,"x":0,"y":0,"curve":"stepped"},{"time":1.2,"x":0,"y":0,"curve":"stepped"},{"time":1.7333,"x":0,"y":0,"curve":"stepped"},{"time":2.4,"x":0,"y":0}],"scale":[{"time":0,"x":1,"y":1,"curve":"stepped"},{"time":0.5333,"x":1,"y":1,"curve":"stepped"},{"time":1.2,"x":1,"y":1,"curve":"stepped"},{"time":1.7333,"x":1,"y":1,"curve":"stepped"},{"time":2.4,"x":1,"y":1}]},"bone16":{"rotate":[{"time":0,"angle":0},{"time":0.1666,"angle":13.1},{"time":0.5333,"angle":-10.36},{"time":0.7666,"angle":-22.26},{"time":1.2,"angle":0},{"time":1.3666,"angle":13.1},{"time":1.7333,"angle":-10.36},{"time":1.9666,"angle":-22.26},{"time":2.4,"angle":0}],"translate":[{"time":0,"x":0,"y":0,"curve":"stepped"},{"time":0.5333,"x":0,"y":0,"curve":"stepped"},{"time":1.2,"x":0,"y":0,"curve":"stepped"},{"time":1.7333,"x":0,"y":0,"curve":"stepped"},{"time":2.4,"x":0,"y":0}],"scale":[{"time":0,"x":1,"y":1,"curve":"stepped"},{"time":0.5333,"x":1,"y":1,"curve":"stepped"},{"time":1.2,"x":1,"y":1,"curve":"stepped"},{"time":1.7333,"x":1,"y":1,"curve":"stepped"},{"time":2.4,"x":1,"y":1}]},"MON10076_DL_2":{"rotate":[{"time":0,"angle":0},{"time":0.5333,"angle":-23.22},{"time":1.2,"angle":0},{"time":1.7333,"angle":-23.22},{"time":2.4,"angle":0}],"translate":[{"time":0,"x":0,"y":0,"curve":"stepped"},{"time":0.5333,"x":0,"y":0,"curve":"stepped"},{"time":1.2,"x":0,"y":0,"curve":"stepped"},{"time":1.7333,"x":0,"y":0,"curve":"stepped"},{"time":2.4,"x":0,"y":0}],"scale":[{"time":0,"x":1,"y":1,"curve":"stepped"},{"time":0.5333,"x":1,"y":1,"curve":"stepped"},{"time":1.2,"x":1,"y":1,"curve":"stepped"},{"time":1.7333,"x":1,"y":1,"curve":"stepped"},{"time":2.4,"x":1,"y":1}]},"MON10076_DL_3":{"rotate":[{"time":0,"angle":0,"curve":"stepped"},{"time":0.5333,"angle":0,"curve":"stepped"},{"time":1.2,"angle":0,"curve":"stepped"},{"time":1.7333,"angle":0,"curve":"stepped"},{"time":2.4,"angle":0}],"translate":[{"time":0,"x":0,"y":0,"curve":"stepped"},{"time":0.5333,"x":0,"y":0,"curve":"stepped"},{"time":1.2,"x":0,"y":0,"curve":"stepped"},{"time":1.7333,"x":0,"y":0,"curve":"stepped"},{"time":2.4,"x":0,"y":0}],"scale":[{"time":0,"x":1,"y":1,"curve":"stepped"},{"time":0.5333,"x":1,"y":1,"curve":"stepped"},{"time":1.2,"x":1,"y":1,"curve":"stepped"},{"time":1.7333,"x":1,"y":1,"curve":"stepped"},{"time":2.4,"x":1,"y":1}]},"MON10076_DL_10":{"rotate":[{"time":0,"angle":0},{"time":0.5333,"angle":-27.52},{"time":1.2,"angle":0},{"time":1.7333,"angle":-27.52},{"time":2.4,"angle":0}],"translate":[{"time":0,"x":0,"y":0,"curve":"stepped"},{"time":0.5333,"x":0,"y":0,"curve":"stepped"},{"time":1.2,"x":0,"y":0,"curve":"stepped"},{"time":1.7333,"x":0,"y":0,"curve":"stepped"},{"time":2.4,"x":0,"y":0}],"scale":[{"time":0,"x":1,"y":1,"curve":"stepped"},{"time":0.5333,"x":1,"y":1,"curve":"stepped"},{"time":1.2,"x":1,"y":1,"curve":"stepped"},{"time":1.7333,"x":1,"y":1,"curve":"stepped"},{"time":2.4,"x":1,"y":1}]},"MON10076_DL_11":{"rotate":[{"time":0,"angle":0,"curve":"stepped"},{"time":0.5333,"angle":0,"curve":"stepped"},{"time":1.2,"angle":0,"curve":"stepped"},{"time":1.7333,"angle":0,"curve":"stepped"},{"time":2.4,"angle":0}],"translate":[{"time":0,"x":0,"y":0,"curve":"stepped"},{"time":0.5333,"x":0,"y":0,"curve":"stepped"},{"time":1.2,"x":0,"y":0,"curve":"stepped"},{"time":1.7333,"x":0,"y":0,"curve":"stepped"},{"time":2.4,"x":0,"y":0}],"scale":[{"time":0,"x":1,"y":1,"curve":"stepped"},{"time":0.5333,"x":1,"y":1,"curve":"stepped"},{"time":1.2,"x":1,"y":1,"curve":"stepped"},{"time":1.7333,"x":1,"y":1,"curve":"stepped"},{"time":2.4,"x":1,"y":1}]},"MON10076_DL_1":{"rotate":[{"time":0,"angle":0},{"time":0.1666,"angle":-26.21},{"time":0.5333,"angle":292.61},{"time":0.7666,"angle":-59.52},{"time":1.2,"angle":0},{"time":1.3666,"angle":-26.21},{"time":1.7333,"angle":292.61},{"time":1.9666,"angle":-59.52},{"time":2.4,"angle":0}],"translate":[{"time":0,"x":0,"y":0,"curve":"stepped"},{"time":0.5333,"x":0,"y":0,"curve":"stepped"},{"time":1.2,"x":0,"y":0,"curve":"stepped"},{"time":1.7333,"x":0,"y":0,"curve":"stepped"},{"time":2.4,"x":0,"y":0}],"scale":[{"time":0,"x":1,"y":1,"curve":"stepped"},{"time":0.5333,"x":1,"y":1,"curve":"stepped"},{"time":1.2,"x":1,"y":1,"curve":"stepped"},{"time":1.7333,"x":1,"y":1,"curve":"stepped"},{"time":2.4,"x":1,"y":1}]},"bone17":{"rotate":[{"time":0,"angle":0},{"time":0.1666,"angle":3.67},{"time":0.5333,"angle":3.25},{"time":0.7666,"angle":-16.74},{"time":1.2,"angle":0},{"time":1.3666,"angle":3.67},{"time":1.7333,"angle":3.25},{"time":1.9666,"angle":-16.74},{"time":2.4,"angle":0}],"translate":[{"time":0,"x":0,"y":0,"curve":"stepped"},{"time":0.5333,"x":0,"y":0,"curve":"stepped"},{"time":1.2,"x":0,"y":0,"curve":"stepped"},{"time":1.7333,"x":0,"y":0,"curve":"stepped"},{"time":2.4,"x":0,"y":0}],"scale":[{"time":0,"x":1,"y":1,"curve":"stepped"},{"time":0.5333,"x":1,"y":1,"curve":"stepped"},{"time":1.2,"x":1,"y":1,"curve":"stepped"},{"time":1.7333,"x":1,"y":1,"curve":"stepped"},{"time":2.4,"x":1,"y":1}]},"bone18":{"rotate":[{"time":0,"angle":0},{"time":0.1666,"angle":9.68},{"time":0.5333,"angle":5.65},{"time":0.7666,"angle":-21.22},{"time":1.2,"angle":0},{"time":1.3666,"angle":9.68},{"time":1.7333,"angle":5.65},{"time":1.9666,"angle":-21.22},{"time":2.4,"angle":0}],"translate":[{"time":0,"x":0,"y":0,"curve":"stepped"},{"time":0.5333,"x":0,"y":0,"curve":"stepped"},{"time":1.2,"x":0,"y":0,"curve":"stepped"},{"time":1.7333,"x":0,"y":0,"curve":"stepped"},{"time":2.4,"x":0,"y":0}],"scale":[{"time":0,"x":1,"y":1,"curve":"stepped"},{"time":0.5333,"x":1,"y":1,"curve":"stepped"},{"time":1.2,"x":1,"y":1,"curve":"stepped"},{"time":1.7333,"x":1,"y":1,"curve":"stepped"},{"time":2.4,"x":1,"y":1}]},"bone19":{"rotate":[{"time":0,"angle":0},{"time":0.1666,"angle":39.66},{"time":0.5333,"angle":33.65},{"time":0.7666,"angle":6.5},{"time":1.2,"angle":0},{"time":1.3666,"angle":39.66},{"time":1.7333,"angle":33.65},{"time":1.9666,"angle":6.5},{"time":2.4,"angle":0}],"translate":[{"time":0,"x":0,"y":0,"curve":"stepped"},{"time":0.5333,"x":0,"y":0,"curve":"stepped"},{"time":1.2,"x":0,"y":0,"curve":"stepped"},{"time":1.7333,"x":0,"y":0,"curve":"stepped"},{"time":2.4,"x":0,"y":0}],"scale":[{"time":0,"x":1,"y":1,"curve":"stepped"},{"time":0.5333,"x":1,"y":1,"curve":"stepped"},{"time":1.2,"x":1,"y":1,"curve":"stepped"},{"time":1.7333,"x":1,"y":1,"curve":"stepped"},{"time":2.4,"x":1,"y":1}]},"bone20":{"rotate":[{"time":0,"angle":0},{"time":0.1666,"angle":19.89},{"time":0.5333,"angle":10.33},{"time":0.7666,"angle":-11.88},{"time":1.2,"angle":0},{"time":1.3666,"angle":19.89},{"time":1.7333,"angle":10.33},{"time":1.9666,"angle":-11.88},{"time":2.4,"angle":0}],"translate":[{"time":0,"x":0,"y":0,"curve":"stepped"},{"time":0.5333,"x":0,"y":0,"curve":"stepped"},{"time":1.2,"x":0,"y":0,"curve":"stepped"},{"time":1.7333,"x":0,"y":0,"curve":"stepped"},{"time":2.4,"x":0,"y":0}],"scale":[{"time":0,"x":1,"y":1,"curve":"stepped"},{"time":0.5333,"x":1,"y":1,"curve":"stepped"},{"time":1.2,"x":1,"y":1,"curve":"stepped"},{"time":1.7333,"x":1,"y":1,"curve":"stepped"},{"time":2.4,"x":1,"y":1}]},"bone21":{"rotate":[{"time":0,"angle":0},{"time":0.1666,"angle":20.95},{"time":0.5333,"angle":9.62},{"time":0.7666,"angle":-12.52},{"time":1.2,"angle":0},{"time":1.3666,"angle":20.95},{"time":1.7333,"angle":9.62},{"time":1.9666,"angle":-12.52},{"time":2.4,"angle":0}],"translate":[{"time":0,"x":0,"y":0,"curve":"stepped"},{"time":0.5333,"x":0,"y":0,"curve":"stepped"},{"time":1.2,"x":0,"y":0,"curve":"stepped"},{"time":1.7333,"x":0,"y":0,"curve":"stepped"},{"time":2.4,"x":0,"y":0}],"scale":[{"time":0,"x":1,"y":1,"curve":"stepped"},{"time":0.5333,"x":1,"y":1,"curve":"stepped"},{"time":1.2,"x":1,"y":1,"curve":"stepped"},{"time":1.7333,"x":1,"y":1,"curve":"stepped"},{"time":2.4,"x":1,"y":1}]},"bone22":{"rotate":[{"time":0,"angle":0,"curve":"stepped"},{"time":0.5333,"angle":0},{"time":0.7666,"angle":-21.63},{"time":1.2,"angle":0,"curve":"stepped"},{"time":1.7333,"angle":0},{"time":1.9666,"angle":-21.63},{"time":2.4,"angle":0}],"translate":[{"time":0,"x":0,"y":0,"curve":"stepped"},{"time":0.5333,"x":0,"y":0,"curve":"stepped"},{"time":1.2,"x":0,"y":0,"curve":"stepped"},{"time":1.7333,"x":0,"y":0,"curve":"stepped"},{"time":2.4,"x":0,"y":0}],"scale":[{"time":0,"x":1,"y":1,"curve":"stepped"},{"time":0.5333,"x":1,"y":1,"curve":"stepped"},{"time":1.2,"x":1,"y":1,"curve":"stepped"},{"time":1.7333,"x":1,"y":1,"curve":"stepped"},{"time":2.4,"x":1,"y":1}]},"MON10076_DL_13":{"rotate":[{"time":0,"angle":0},{"time":0.1666,"angle":22.78},{"time":0.5333,"angle":22.79},{"time":0.7666,"angle":24.52},{"time":1.2,"angle":0},{"time":1.3666,"angle":22.78},{"time":1.7333,"angle":22.79},{"time":1.9666,"angle":24.52},{"time":2.4,"angle":0}],"translate":[{"time":0,"x":0,"y":0,"curve":"stepped"},{"time":0.5333,"x":0,"y":0,"curve":"stepped"},{"time":1.2,"x":0,"y":0,"curve":"stepped"},{"time":1.7333,"x":0,"y":0,"curve":"stepped"},{"time":2.4,"x":0,"y":0}],"scale":[{"time":0,"x":1,"y":1,"curve":"stepped"},{"time":0.5333,"x":1,"y":1,"curve":"stepped"},{"time":1.2,"x":1,"y":1,"curve":"stepped"},{"time":1.7333,"x":1,"y":1,"curve":"stepped"},{"time":2.4,"x":1,"y":1}]},"bone23":{"rotate":[{"time":0,"angle":0},{"time":0.1666,"angle":14.33},{"time":0.5333,"angle":10.92},{"time":0.7666,"angle":-24.6},{"time":1.2,"angle":0},{"time":1.3666,"angle":14.33},{"time":1.7333,"angle":10.92},{"time":1.9666,"angle":-24.6},{"time":2.4,"angle":0}],"translate":[{"time":0,"x":0,"y":0,"curve":"stepped"},{"time":0.5333,"x":0,"y":0,"curve":"stepped"},{"time":1.2,"x":0,"y":0,"curve":"stepped"},{"time":1.7333,"x":0,"y":0,"curve":"stepped"},{"time":2.4,"x":0,"y":0}],"scale":[{"time":0,"x":1,"y":1,"curve":"stepped"},{"time":0.5333,"x":1,"y":1,"curve":"stepped"},{"time":1.2,"x":1,"y":1,"curve":"stepped"},{"time":1.7333,"x":1,"y":1,"curve":"stepped"},{"time":2.4,"x":1,"y":1}]},"bone24":{"rotate":[{"time":0,"angle":0},{"time":0.1666,"angle":9.2},{"time":0.5333,"angle":0},{"time":0.7666,"angle":-27.26},{"time":1.2,"angle":0},{"time":1.3666,"angle":9.2},{"time":1.7333,"angle":0},{"time":1.9666,"angle":-27.26},{"time":2.4,"angle":0}],"translate":[{"time":0,"x":0,"y":0,"curve":"stepped"},{"time":0.5333,"x":0,"y":0,"curve":"stepped"},{"time":1.2,"x":0,"y":0,"curve":"stepped"},{"time":1.7333,"x":0,"y":0,"curve":"stepped"},{"time":2.4,"x":0,"y":0}],"scale":[{"time":0,"x":1,"y":1,"curve":"stepped"},{"time":0.5333,"x":1,"y":1,"curve":"stepped"},{"time":1.2,"x":1,"y":1,"curve":"stepped"},{"time":1.7333,"x":1,"y":1,"curve":"stepped"},{"time":2.4,"x":1,"y":1}]},"MON10076_DL_34":{"rotate":[{"time":0,"angle":0},{"time":0.1666,"angle":18.95},{"time":0.5333,"angle":62.63},{"time":0.7666,"angle":90.78},{"time":1.2,"angle":0},{"time":1.3666,"angle":18.95},{"time":1.7333,"angle":62.63},{"time":1.9666,"angle":90.78},{"time":2.4,"angle":0}],"translate":[{"time":0,"x":0,"y":0},{"time":0.1666,"x":2.06,"y":-0.97},{"time":0.5333,"x":0,"y":0,"curve":"stepped"},{"time":1.2,"x":0,"y":0},{"time":1.3666,"x":2.06,"y":-0.97},{"time":1.7333,"x":0,"y":0,"curve":"stepped"},{"time":2.4,"x":0,"y":0}],"scale":[{"time":0,"x":1,"y":1},{"time":0.1666,"x":1.08,"y":1.046},{"time":0.5333,"x":1,"y":1,"curve":"stepped"},{"time":1.2,"x":1,"y":1},{"time":1.3666,"x":1.08,"y":1.046},{"time":1.7333,"x":1,"y":1,"curve":"stepped"},{"time":2.4,"x":1,"y":1}]},"bone25":{"rotate":[{"time":0,"angle":0},{"time":0.1666,"angle":-14.66},{"time":0.5333,"angle":-9.14},{"time":0.7666,"angle":13.89},{"time":1.2,"angle":0},{"time":1.3666,"angle":-14.66},{"time":1.7333,"angle":-9.14},{"time":1.9666,"angle":13.89},{"time":2.4,"angle":0}],"translate":[{"time":0,"x":0,"y":0,"curve":"stepped"},{"time":0.5333,"x":0,"y":0,"curve":"stepped"},{"time":1.2,"x":0,"y":0,"curve":"stepped"},{"time":1.7333,"x":0,"y":0,"curve":"stepped"},{"time":2.4,"x":0,"y":0}],"scale":[{"time":0,"x":1,"y":1,"curve":"stepped"},{"time":0.5333,"x":1,"y":1,"curve":"stepped"},{"time":1.2,"x":1,"y":1,"curve":"stepped"},{"time":1.7333,"x":1,"y":1,"curve":"stepped"},{"time":2.4,"x":1,"y":1}]},"bone26":{"rotate":[{"time":0,"angle":0},{"time":0.1666,"angle":-7.92},{"time":0.5333,"angle":4.94},{"time":0.7666,"angle":20.67},{"time":1.2,"angle":0},{"time":1.3666,"angle":-7.92},{"time":1.7333,"angle":4.94},{"time":1.9666,"angle":20.67},{"time":2.4,"angle":0}],"translate":[{"time":0,"x":0,"y":0,"curve":"stepped"},{"time":0.5333,"x":0,"y":0,"curve":"stepped"},{"time":1.2,"x":0,"y":0,"curve":"stepped"},{"time":1.7333,"x":0,"y":0,"curve":"stepped"},{"time":2.4,"x":0,"y":0}],"scale":[{"time":0,"x":1,"y":1,"curve":"stepped"},{"time":0.5333,"x":1,"y":1,"curve":"stepped"},{"time":1.2,"x":1,"y":1,"curve":"stepped"},{"time":1.7333,"x":1,"y":1,"curve":"stepped"},{"time":2.4,"x":1,"y":1}]},"bone27":{"rotate":[{"time":0,"angle":0},{"time":0.1666,"angle":-25.44},{"time":0.5333,"angle":-12.11},{"time":0.7666,"angle":11.53},{"time":1.2,"angle":0},{"time":1.3666,"angle":-25.44},{"time":1.7333,"angle":-12.11},{"time":1.9666,"angle":11.53},{"time":2.4,"angle":0}],"translate":[{"time":0,"x":0,"y":0,"curve":"stepped"},{"time":0.5333,"x":0,"y":0,"curve":"stepped"},{"time":1.2,"x":0,"y":0,"curve":"stepped"},{"time":1.7333,"x":0,"y":0,"curve":"stepped"},{"time":2.4,"x":0,"y":0}],"scale":[{"time":0,"x":1,"y":1,"curve":"stepped"},{"time":0.5333,"x":1,"y":1,"curve":"stepped"},{"time":1.2,"x":1,"y":1,"curve":"stepped"},{"time":1.7333,"x":1,"y":1,"curve":"stepped"},{"time":2.4,"x":1,"y":1}]},"bone28":{"rotate":[{"time":0,"angle":0},{"time":0.1666,"angle":-19.65},{"time":0.5333,"angle":-18.12},{"time":0.7666,"angle":7.12},{"time":1.2,"angle":0},{"time":1.3666,"angle":-19.65},{"time":1.7333,"angle":-18.12},{"time":1.9666,"angle":7.12},{"time":2.4,"angle":0}],"translate":[{"time":0,"x":0,"y":0,"curve":"stepped"},{"time":0.5333,"x":0,"y":0,"curve":"stepped"},{"time":1.2,"x":0,"y":0,"curve":"stepped"},{"time":1.7333,"x":0,"y":0,"curve":"stepped"},{"time":2.4,"x":0,"y":0}],"scale":[{"time":0,"x":1,"y":1,"curve":"stepped"},{"time":0.5333,"x":1,"y":1,"curve":"stepped"},{"time":1.2,"x":1,"y":1,"curve":"stepped"},{"time":1.7333,"x":1,"y":1,"curve":"stepped"},{"time":2.4,"x":1,"y":1}]},"bone29":{"rotate":[{"time":0,"angle":0},{"time":0.1666,"angle":-15.22},{"time":0.5333,"angle":-21.52},{"time":0.7666,"angle":-2.62},{"time":1.2,"angle":0},{"time":1.3666,"angle":-15.22},{"time":1.7333,"angle":-21.52},{"time":1.9666,"angle":-2.62},{"time":2.4,"angle":0}],"translate":[{"time":0,"x":0,"y":0,"curve":"stepped"},{"time":0.5333,"x":0,"y":0,"curve":"stepped"},{"time":1.2,"x":0,"y":0,"curve":"stepped"},{"time":1.7333,"x":0,"y":0,"curve":"stepped"},{"time":2.4,"x":0,"y":0}],"scale":[{"time":0,"x":1,"y":1,"curve":"stepped"},{"time":0.5333,"x":1,"y":1,"curve":"stepped"},{"time":1.2,"x":1,"y":1,"curve":"stepped"},{"time":1.7333,"x":1,"y":1,"curve":"stepped"},{"time":2.4,"x":1,"y":1}]},"bone30":{"rotate":[{"time":0,"angle":0},{"time":0.1666,"angle":-7.11},{"time":0.5333,"angle":0},{"time":0.7666,"angle":18.91},{"time":1.2,"angle":0},{"time":1.3666,"angle":-7.11},{"time":1.7333,"angle":0},{"time":1.9666,"angle":18.91},{"time":2.4,"angle":0}],"translate":[{"time":0,"x":0,"y":0,"curve":"stepped"},{"time":0.5333,"x":0,"y":0,"curve":"stepped"},{"time":1.2,"x":0,"y":0,"curve":"stepped"},{"time":1.7333,"x":0,"y":0,"curve":"stepped"},{"time":2.4,"x":0,"y":0}],"scale":[{"time":0,"x":1,"y":1,"curve":"stepped"},{"time":0.5333,"x":1,"y":1,"curve":"stepped"},{"time":1.2,"x":1,"y":1,"curve":"stepped"},{"time":1.7333,"x":1,"y":1,"curve":"stepped"},{"time":2.4,"x":1,"y":1}]},"MON10076_DL_35":{"rotate":[{"time":0,"angle":0},{"time":0.1666,"angle":-23.78},{"time":0.5333,"angle":-20.21},{"time":0.7666,"angle":-12.5},{"time":1.2,"angle":0},{"time":1.3666,"angle":-23.78},{"time":1.7333,"angle":-20.21},{"time":1.9666,"angle":-12.5},{"time":2.4,"angle":0}],"translate":[{"time":0,"x":0,"y":0,"curve":"stepped"},{"time":0.5333,"x":0,"y":0,"curve":"stepped"},{"time":1.2,"x":0,"y":0,"curve":"stepped"},{"time":1.7333,"x":0,"y":0,"curve":"stepped"},{"time":2.4,"x":0,"y":0}],"scale":[{"time":0,"x":1,"y":1,"curve":"stepped"},{"time":0.5333,"x":1,"y":1,"curve":"stepped"},{"time":1.2,"x":1,"y":1,"curve":"stepped"},{"time":1.7333,"x":1,"y":1,"curve":"stepped"},{"time":2.4,"x":1,"y":1}]},"bone31":{"rotate":[{"time":0,"angle":0},{"time":0.1666,"angle":-12.1},{"time":0.5333,"angle":-2.74},{"time":0.7666,"angle":23.28},{"time":1.2,"angle":0},{"time":1.3666,"angle":-12.1},{"time":1.7333,"angle":-2.74},{"time":1.9666,"angle":23.28},{"time":2.4,"angle":0}],"translate":[{"time":0,"x":0,"y":0,"curve":"stepped"},{"time":0.5333,"x":0,"y":0,"curve":"stepped"},{"time":1.2,"x":0,"y":0,"curve":"stepped"},{"time":1.7333,"x":0,"y":0,"curve":"stepped"},{"time":2.4,"x":0,"y":0}],"scale":[{"time":0,"x":1,"y":1,"curve":"stepped"},{"time":0.5333,"x":1,"y":1,"curve":"stepped"},{"time":1.2,"x":1,"y":1,"curve":"stepped"},{"time":1.7333,"x":1,"y":1,"curve":"stepped"},{"time":2.4,"x":1,"y":1}]},"bone32":{"rotate":[{"time":0,"angle":0},{"time":0.1666,"angle":-14.34},{"time":0.5333,"angle":0},{"time":0.7666,"angle":23.8},{"time":1.2,"angle":0},{"time":1.3666,"angle":-14.34},{"time":1.7333,"angle":0},{"time":1.9666,"angle":23.8},{"time":2.4,"angle":0}],"translate":[{"time":0,"x":0,"y":0,"curve":"stepped"},{"time":0.5333,"x":0,"y":0,"curve":"stepped"},{"time":1.2,"x":0,"y":0,"curve":"stepped"},{"time":1.7333,"x":0,"y":0,"curve":"stepped"},{"time":2.4,"x":0,"y":0}],"scale":[{"time":0,"x":1,"y":1,"curve":"stepped"},{"time":0.5333,"x":1,"y":1,"curve":"stepped"},{"time":1.2,"x":1,"y":1,"curve":"stepped"},{"time":1.7333,"x":1,"y":1,"curve":"stepped"},{"time":2.4,"x":1,"y":1}]},"shadow":{"rotate":[{"time":0,"angle":0,"curve":"stepped"},{"time":1.2,"angle":0,"curve":"stepped"},{"time":2.4,"angle":0}],"translate":[{"time":0,"x":0,"y":0,"curve":"stepped"},{"time":1.2,"x":0,"y":0,"curve":"stepped"},{"time":2.4,"x":0,"y":0}],"scale":[{"time":0,"x":1,"y":1},{"time":0.6,"x":1.097,"y":1.124},{"time":1.2,"x":1,"y":1},{"time":1.8,"x":1.097,"y":1.124},{"time":2.4,"x":1,"y":1}]}},"ffd":{"default":{"MON10076_DL_1":{"MON10076_DL_1":[{"time":0},{"time":0.5333,"offset":10,"vertices":[0.36985,3.66288,-0.72357,3.61059,0.43928,3.65594,1.33475,3.43167,0.59112,0.04383,0.5921,-0.02151,0.57237,0.1538,0.59187,-0.03254,0.56507,-0.17883,-1.07708,4.91128,-0.53034,4.99989,-1.97737,4.62391,-0.43573,5.00997,0.82407,4.96087,1.6781,13.78421,3.18362,13.51571,-0.93121,13.85739,3.43969,13.4557,6.67821,12.17672,2.03608,13.88685,3.55059,13.5783,-0.59875,14.02533,3.80795,13.51133,6.15415,4.79641,6.6441,4.09013,5.14865,5.8643,6.72168,3.96467,3.9555,3.08265,3.30926,3.76901,4.32022,2.54801,0,0,0,0,0,0,0,0,0,0,0,0,0,0,0,0,0,0,0,0,0,0,0,0,0,0,0,0,0,0,0,0,0,0,0,0,0,0,0,0,0,0,0,0,0,0,0,0,0,0,0,0,0,0,0,0,0,0,0,0,0,0,0,0,0,0,0,0,0,0,0,0,0,0,0,0,0,0,0,0,0,0,0,0,0,0,0,0,0,0,0,0,0,0,0,0,0,0,0,0,0,0,0,0,0,0,0,0,0,0,0,0,0,0,0,0,0,0,0,0,0,0,0,0,-0.16265,0.18345,-0.09719,0.22491,0,0,0,0,0,0,0,0,0,0,0,0,0,0,0,0,0,0,0,0,0,0,0,0,0,0,0.40824,6.41398,1.11087,6.32988,-0.79946,6.37838,1.23092,6.30911]},{"time":0.7666,"vertices":[-1.52984,-0.69155,-1.44219,-0.85972,2.04313,2.91729,1.59379,3.18551,1.22433,3.34485,6.28589,4.10737,2.84803,7.68922,1.86187,8.46511,1.05106,8.51796,0.38423,0.02849,0.38486,-0.01398,0.37204,0.09997,0.38471,-0.02115,0.3673,-0.11624,-0.7001,3.19233,-0.34472,3.24993,-1.28529,3.00554,-0.28322,3.25648,0.53564,3.22457,4.33942,13.4944,4.15579,13.95895,-2.53674,14.24261,-1.16803,13.16904,0.03871,11.47065,4.06355,14.70167,3.63088,14.98798,-3.55032,14.57091,-2.16807,13.04807,5.76534,7.15082,5.08186,6.99472,0.99786,7.53713,1.0167,5.43398,6.0874,4.86699,1.75365,6.96867,1.08257,5.85199,2.31991,0.62205,0,0,0,0,0,0,0,0,0,0,0,0,0,0,0,0,0,0,0,0,0,0,0,0,0,0,0,0,0,0,0,0,0,0,0,0,0,0,0,0,0,0,0,0,0,0,0,0,0,0,0,0,0,0,0,0,0,0,0,0,0,0,0,0,0,0,0,0,0,0,0,0,-1.49389,0.76506,-1.67164,-0.15495,-1.61465,-0.45991,-1.52987,-0.69155,-1.67855,-0.01839,-1.59713,-0.51756,0,0,0,0,0,0,0,0,0,0,0,0,0,0,-1.0E-5,0,0,-1.0E-5,0,0,0,0,0.40086,0.02691,0.37145,0.15312,0,0,0,0,2.16604,0.02736,2.12425,0.42548,0,0,0,0,-4.12593,-1.11458,-3.53452,-2.22948,-1.30073,-1.79779,-0.86851,-2.04214,0.5543,0.44658,0.4832,0.52324,0.42089,0.57414,-0.95062,1.29592,-1.17283,1.09898,-1.21154,1.05617,-1.4161,0.76047,2.38174,0.54738,2.18154,1.10188,2.26409,0.92066,1.88717,1.55331,0.81565,3.92385,1.31483,4.00594,-0.00753,4.4641,1.19406,4.55715]},{"time":1.2},{"time":1.7333,"offset":10,"vertices":[0.36985,3.66288,-0.72357,3.61059,0.43928,3.65594,1.33475,3.43167,0.59112,0.04383,0.5921,-0.02151,0.57237,0.1538,0.59187,-0.03254,0.56507,-0.17883,-1.07708,4.91128,-0.53034,4.99989,-1.97737,4.62391,-0.43573,5.00997,0.82407,4.96087,1.6781,13.78421,3.18362,13.51571,-0.93121,13.85739,3.43969,13.4557,6.67821,12.17672,2.03608,13.88685,3.55059,13.5783,-0.59875,14.02533,3.80795,13.51133,6.15415,4.79641,6.6441,4.09013,5.14865,5.8643,6.72168,3.96467,3.9555,3.08265,3.30926,3.76901,4.32022,2.54801,0,0,0,0,0,0,0,0,0,0,0,0,0,0,0,0,0,0,0,0,0,0,0,0,0,0,0,0,0,0,0,0,0,0,0,0,0,0,0,0,0,0,0,0,0,0,0,0,0,0,0,0,0,0,0,0,0,0,0,0,0,0,0,0,0,0,0,0,0,0,0,0,0,0,0,0,0,0,0,0,0,0,0,0,0,0,0,0,0,0,0,0,0,0,0,0,0,0,0,0,0,0,0,0,0,0,0,0,0,0,0,0,0,0,0,0,0,0,0,0,0,0,0,0,-0.16265,0.18345,-0.09719,0.22491,0,0,0,0,0,0,0,0,0,0,0,0,0,0,0,0,0,0,0,0,0,0,0,0,0,0,0.40824,6.41398,1.11087,6.32988,-0.79946,6.37838,1.23092,6.30911]},{"time":1.9666,"vertices":[-1.52984,-0.69155,-1.44219,-0.85972,2.04313,2.91729,1.59379,3.18551,1.22433,3.34485,6.28589,4.10737,2.84803,7.68922,1.86187,8.46511,1.05106,8.51796,0.38423,0.02849,0.38486,-0.01398,0.37204,0.09997,0.38471,-0.02115,0.3673,-0.11624,-0.7001,3.19233,-0.34472,3.24993,-1.28529,3.00554,-0.28322,3.25648,0.53564,3.22457,4.33942,13.4944,4.15579,13.95895,-2.53674,14.24261,-1.16803,13.16904,0.03871,11.47065,4.06355,14.70167,3.63088,14.98798,-3.55032,14.57091,-2.16807,13.04807,5.76534,7.15082,5.08186,6.99472,0.99786,7.53713,1.0167,5.43398,6.0874,4.86699,1.75365,6.96867,1.08257,5.85199,2.31991,0.62205,0,0,0,0,0,0,0,0,0,0,0,0,0,0,0,0,0,0,0,0,0,0,0,0,0,0,0,0,0,0,0,0,0,0,0,0,0,0,0,0,0,0,0,0,0,0,0,0,0,0,0,0,0,0,0,0,0,0,0,0,0,0,0,0,0,0,0,0,0,0,0,0,-1.49389,0.76506,-1.67164,-0.15495,-1.61465,-0.45991,-1.52987,-0.69155,-1.67855,-0.01839,-1.59713,-0.51756,0,0,0,0,0,0,0,0,0,0,0,0,0,0,-1.0E-5,0,0,-1.0E-5,0,0,0,0,0.40086,0.02691,0.37145,0.15312,0,0,0,0,2.16604,0.02736,2.12425,0.42548,0,0,0,0,-4.12593,-1.11458,-3.53452,-2.22948,-1.30073,-1.79779,-0.86851,-2.04214,0.5543,0.44658,0.4832,0.52324,0.42089,0.57414,-0.95062,1.29592,-1.17283,1.09898,-1.21154,1.05617,-1.4161,0.76047,2.38174,0.54738,2.18154,1.10188,2.26409,0.92066,1.88717,1.55331,0.81565,3.92385,1.31483,4.00594,-0.00753,4.4641,1.19406,4.55715]},{"time":2.4}]},"MON10076_DL_15":{"MON10076_DL_15":[{"time":0},{"time":0.6,"offset":2,"vertices":[3.65348,1.28608,0,0,0,0,0,0,0,0,0,0,0,0,0,0,0,0,0,0,0,0,0,0,0,0,0,0,0,0,0,0,0.43571,2.80709,0.62897,2.77704,-6.46685,2.48614]},{"time":0.8,"vertices":[-0.93476,0.11387,3.37435,2.19345,0,0,0,0,0,0,0,0,0,0,0,0,0,0,0,0,0,0,0,0,0,0,0,0,0,0,0,0,0,0,-5.48509,6.30817,-5.41218,6.55021,-11.66221,6.36009]},{"time":1.2},{"time":1.8,"offset":2,"vertices":[3.65348,1.28608,0,0,0,0,0,0,0,0,0,0,0,0,0,0,0,0,0,0,0,0,0,0,0,0,0,0,0,0,0,0,0.43571,2.80709,0.62897,2.77704,-6.46685,2.48614]},{"time":2,"vertices":[-0.93476,0.11387,3.37435,2.19345,0,0,0,0,0,0,0,0,0,0,0,0,0,0,0,0,0,0,0,0,0,0,0,0,0,0,0,0,0,0,-5.48509,6.30817,-5.41218,6.55021,-11.66221,6.36009]},{"time":2.4}]},"MON10076_DL_19":{"MON10076_DL_19":[{"time":0},{"time":0.4,"offset":2,"vertices":[-10.93159,14.1098,-7.78709,9.10821,-12.23355,7.38999,-4.23103,2.63246,-7.6627,1.83313,0,0,-6.54758,-5.00634,-13.65511,-1.74684,-7.94523,-13.65979,-17.78093,-16.56493]},{"time":0.8,"offset":2,"vertices":[-5.80571,9.97932,-0.79932,3.4317,0,0,2.92436,0.33982,2.0293,1.83789,2.78076,-2.56062,2.22553,-3.98692,-0.6749,-3.84335,0.14831,-6.79161,-5.28884,-8.94538]},{"time":1.2},{"time":1.6,"offset":2,"vertices":[-10.93159,14.1098,-7.78709,9.10821,-12.23355,7.38999,-4.23103,2.63246,-7.6627,1.83313,0,0,-6.54758,-5.00634,-13.65511,-1.74684,-7.94523,-13.65979,-17.78093,-16.56493]},{"time":2,"offset":2,"vertices":[-5.80571,9.97932,-0.79932,3.4317,0,0,2.92436,0.33982,2.0293,1.83789,2.78076,-2.56062,2.22553,-3.98692,-0.6749,-3.84335,0.14831,-6.79161,-5.28884,-8.94538]},{"time":2.4}]},"MON10076_DL_31":{"MON10076_DL_31":[{"time":0},{"time":0.4,"offset":22,"vertices":[4.5026,-6.68661,5.69474,-5.70638,-0.0779,-8.06085,1.37627,-7.94351,3.80734,-7.10725,-0.19586,-1.98419,-0.07818,-1.99235,0.18574,-1.98534,-0.79499,-1.8288,-0.39476,-1.95482,-5.21759,1.07489,-5.32742,0.06076,-4.63769,2.62291,-5.08401,1.59478,-5.22132,-1.06217,-2.84451,-0.88238,-2.62306,1.41004,-2.6896,-1.27954,-2.59527,-1.46155,-11.72476,2.91917,0,0,0,0,0,0,0,0,0,0,0,0,0,0,0,0,0,0,0,0,0,0,0,0,0,0,0,0,0,0,0,0,0,0,0,0,0,0,0,0,0,0,0,0,0,0,0,0,0,0,0,0,0,0,0,0,0,0,0,0,0,0,-6.12094,5.58576,-6.80566,4.72824,0,0,0,0,0,0,0,0,4.29971,-2.03629,4.63101,-1.0919,-0.63084,1.37713,-0.89289,1.22375,-2.13856,2.50267,-2.58156,2.04293,-1.56702,3.5121,-1.80493,3.39608,0,0,0,0,0,0,0,0,0,0,0,0,0,0,0,0,-3.57632,4.36038,-3.82842,4.14105,-4.34217,3.59911,-0.47689,5.61927,-1.48188,5.44165,-2.06776,5.24736,-3.11991,4.69907,-3.30841,4.56704,-2.77967,3.48593,-3.21603,3.08826,-0.8545,4.37599,-1.32766,4.25664,-2.18884,3.88502,0,0,0,0,0,0,0,0,0,0,0,0,-5.41061,2.00412,-5.62825,1.27172,-3.03813,4.90508,-5.13363,2.63352,-5.55632,1.55699,-5.75256,0.45521,-5.77035,0.05842,-1.25476,3.57297,-1.71588,3.37597,1.20475,3.58996,-1.54172,3.45907,-2.1804,3.09667,-2.38829,2.93942,-5.03885,4.45823,-1.55763,6.54511,-2.26367,6.33599,-3.53921,5.72269,-3.76908,5.57255]},{"time":0.8,"offset":12,"vertices":[-6.52211,1.74023,-5.05432,4.47428,-3.31143,5.88214,-0.57549,6.7255,2.40979,6.30535,0,0,0,0,0,0,0,0,0,0,-6.89774,6.48244,-5.32643,7.82501,-2.4332,9.14768,3.75806,8.68768,7.16534,6.18523,-4.23794,5.4679,-0.71053,6.88137,3.706,5.84146,5.87941,3.64553,-0.63936,6.88878,0,0,0,0,0,0,0,0,-11.6213,3.47212,-5.53702,2.93973,-4.7325,4.11149,-4.60672,0.97568,-4.11238,2.2938,0,0,0,0,0,0,0,0,0,0,0,0,0,0,0,0,0,0,0,0,0,0,0,0,0,0,0,0,0,0,0,0,0,0,0,0,0,0,0,0,0,0,0,0,0,0,0,0,0,0,0,0,0,0,0,0,0,0,0,0,0,0,0,0,0,0,0,0,0,0,0,0,0,0,0,0,0,0,0,0,0,0,0,0,0,0,0,0,0,0,0,0,0,0,0,0,0,0,3.18383,0.51016,3.21864,-0.19303,2.97301,-1.24843,3.07573,-0.9681,2.58947,-1.92148,1.56,-2.82203,0.17587,-3.21969,3.05296,1.03826,1.76055,5.59494,3.5147,4.69574,4.53328,3.72193,5.66824,1.50798,5.75941,-1.11,0,0,0,0,0,0,0,0,0,0,0,0,-5.20121,0.40682,-4.77258,2.10692,-4.94701,1.65656,-4.96914,-1.58995,-5.19065,-0.52722,-5.11444,1.03066,-4.75084,2.1563]},{"time":1.2},{"time":1.6,"offset":22,"vertices":[4.5026,-6.68661,5.69474,-5.70638,-0.0779,-8.06085,1.37627,-7.94351,3.80734,-7.10725,-0.19586,-1.98419,-0.07818,-1.99235,0.18574,-1.98534,-0.79499,-1.8288,-0.39476,-1.95482,-5.21759,1.07489,-5.32742,0.06076,-4.63769,2.62291,-5.08401,1.59478,-5.22132,-1.06217,-2.84451,-0.88238,-2.62306,1.41004,-2.6896,-1.27954,-2.59527,-1.46155,-11.72476,2.91917,0,0,0,0,0,0,0,0,0,0,0,0,0,0,0,0,0,0,0,0,0,0,0,0,0,0,0,0,0,0,0,0,0,0,0,0,0,0,0,0,0,0,0,0,0,0,0,0,0,0,0,0,0,0,0,0,0,0,0,0,0,0,-6.12094,5.58576,-6.80566,4.72824,0,0,0,0,0,0,0,0,4.29971,-2.03629,4.63101,-1.0919,-0.63084,1.37713,-0.89289,1.22375,-2.13856,2.50267,-2.58156,2.04293,-1.56702,3.5121,-1.80493,3.39608,0,0,0,0,0,0,0,0,0,0,0,0,0,0,0,0,-3.57632,4.36038,-3.82842,4.14105,-4.34217,3.59911,-0.47689,5.61927,-1.48188,5.44165,-2.06776,5.24736,-3.11991,4.69907,-3.30841,4.56704,-2.77967,3.48593,-3.21603,3.08826,-0.8545,4.37599,-1.32766,4.25664,-2.18884,3.88502,0,0,0,0,0,0,0,0,0,0,0,0,-5.41061,2.00412,-5.62825,1.27172,-3.03813,4.90508,-5.13363,2.63352,-5.55632,1.55699,-5.75256,0.45521,-5.77035,0.05842,-1.25476,3.57297,-1.71588,3.37597,1.20475,3.58996,-1.54172,3.45907,-2.1804,3.09667,-2.38829,2.93942,-5.03885,4.45823,-1.55763,6.54511,-2.26367,6.33599,-3.53921,5.72269,-3.76908,5.57255]},{"time":2,"offset":12,"vertices":[-6.52211,1.74023,-5.05432,4.47428,-3.31143,5.88214,-0.57549,6.7255,2.40979,6.30535,0,0,0,0,0,0,0,0,0,0,-6.89774,6.48244,-5.32643,7.82501,-2.4332,9.14768,3.75806,8.68768,7.16534,6.18523,-4.23794,5.4679,-0.71053,6.88137,3.706,5.84146,5.87941,3.64553,-0.63936,6.88878,0,0,0,0,0,0,0,0,-11.6213,3.47212,-5.53702,2.93973,-4.7325,4.11149,-4.60672,0.97568,-4.11238,2.2938,0,0,0,0,0,0,0,0,0,0,0,0,0,0,0,0,0,0,0,0,0,0,0,0,0,0,0,0,0,0,0,0,0,0,0,0,0,0,0,0,0,0,0,0,0,0,0,0,0,0,0,0,0,0,0,0,0,0,0,0,0,0,0,0,0,0,0,0,0,0,0,0,0,0,0,0,0,0,0,0,0,0,0,0,0,0,0,0,0,0,0,0,0,0,0,0,0,0,3.18383,0.51016,3.21864,-0.19303,2.97301,-1.24843,3.07573,-0.9681,2.58947,-1.92148,1.56,-2.82203,0.17587,-3.21969,3.05296,1.03826,1.76055,5.59494,3.5147,4.69574,4.53328,3.72193,5.66824,1.50798,5.75941,-1.11,0,0,0,0,0,0,0,0,0,0,0,0,-5.20121,0.40682,-4.77258,2.10692,-4.94701,1.65656,-4.96914,-1.58995,-5.19065,-0.52722,-5.11444,1.03066,-4.75084,2.1563]},{"time":2.4}]}}},"drawOrder":[{"time":1.1,"offsets":[{"slot":"fx_fire","offset":-17}]}]}}}