{"skeleton":{"hash":"nf9KrODpc5IcBnJczeA2Za72Bms","spine":"3.1.03","width":363.85,"height":256},"bones":[{"name":"root"},{"name":"bone","parent":"root","x":-4.75,"y":57.17},{"name":"MON40075_DL_8","parent":"bone","length":18.55,"x":-1.21,"y":-5.66,"rotation":92.79},{"name":"MON40075_DL_3","parent":"MON40075_DL_8","length":36.62,"x":38.01,"y":-0.96,"rotation":7.49},{"name":"MON40075_DL_0","parent":"MON40075_DL_3","length":12.56,"x":29.33,"y":18.46,"rotation":81.55},{"name":"MON40075_DL_6","parent":"MON40075_DL_8","length":37.81,"x":45.45,"y":-32.23,"rotation":-136.33},{"name":"MON40075_DL_4","parent":"MON40075_DL_6","length":24.08,"x":36.39,"y":0.49,"rotation":-30.11},{"name":"MON40075_DL_5","parent":"MON40075_DL_4","length":17.82,"x":23.59,"y":-0.17,"rotation":-17.75},{"name":"MON40075_DL_1","parent":"MON40075_DL_5","length":10.25,"x":3.95,"y":4.14,"rotation":100.47},{"name":"MON40075_DL_2","parent":"MON40075_DL_8","length":15.42,"x":51.82,"y":-26.45,"rotation":-106.46},{"name":"MON40075_DL_7","parent":"bone","length":8.9,"x":-2.02,"y":-10.93,"rotation":-90},{"name":"MON40075_DL_9","parent":"MON40075_DL_7","length":12.14,"x":3.64,"y":-17.01,"rotation":-37.12},{"name":"MON40075_DL_12","parent":"MON40075_DL_7","length":20.14,"x":2.83,"y":19.43,"rotation":15.2},{"name":"MON40075_DL_10","parent":"MON40075_DL_12","length":19.47,"x":19.25,"y":-0.19,"rotation":30.03},{"name":"MON40075_DL_11","parent":"MON40075_DL_10","length":8.66,"x":18.61,"y":-0.37,"rotation":-82.66},{"name":"MON40075_DL_15","parent":"MON40075_DL_7","length":19.11,"x":5.26,"y":-9.31,"rotation":-36.64},{"name":"MON40075_DL_13","parent":"MON40075_DL_15","length":17.54,"x":18.46,"y":-0.4,"rotation":55.19},{"name":"MON40075_DL_14","parent":"MON40075_DL_13","length":15.5,"x":16.39,"y":0.47,"rotation":-88.72},{"name":"MON40075_DL_20","parent":"MON40075_DL_8","length":39.98,"x":40.72,"y":3.68,"rotation":143.17},{"name":"MON40075_DL_17","parent":"MON40075_DL_20","length":19.48,"x":39.31,"y":-0.32,"rotation":-12.67},{"name":"MON40075_DL_18","parent":"MON40075_DL_17","length":18.98,"x":18.91,"y":-0.01,"rotation":-3.49},{"name":"MON40075_DL_21","parent":"MON40075_DL_18","length":8.88,"x":14.83,"y":4.5,"rotation":97.01},{"name":"MON40075_DL_16","parent":"MON40075_DL_21","length":44.6,"x":-20.92,"y":-0.18,"rotation":-176.18},{"name":"MON40075_DL_19","parent":"MON40075_DL_8","length":14.08,"x":46.38,"y":28.14,"rotation":105.86},{"name":"bone2","parent":"MON40075_DL_3","length":17.13,"x":101.6,"y":1.64,"rotation":-3.49},{"name":"bone3","parent":"bone2","length":17.16,"x":17.13,"rotation":12.51},{"name":"bone4","parent":"MON40075_DL_9","length":10.6,"x":12.39,"y":-0.27,"rotation":-6.34},{"name":"bone5","parent":"MON40075_DL_7","length":12.65,"x":2.71,"y":22.48,"rotation":31.07},{"name":"bone6","parent":"bone5","length":11.17,"x":12.65,"y":-0.03,"rotation":3.55},{"name":"bone7","parent":"MON40075_DL_3","length":13.36,"x":85.21,"y":-35.83,"rotation":-18.5},{"name":"bone8","parent":"bone7","length":13.74,"x":13.36,"y":0.01,"rotation":16.15},{"name":"bone9","parent":"MON40075_DL_8","length":19.15,"x":17.82,"y":-0.22,"rotation":-2.29},{"name":"fx_dun","parent":"MON40075_DL_5","length":10.25,"x":3.95,"y":4.14,"rotation":100.47},{"name":"fx_eye","parent":"MON40075_DL_1","length":12.11,"x":-10.38,"y":11.29,"rotation":90,"inheritScale":false,"inheritRotation":false},{"name":"fx_shine","parent":"MON40075_DL_16","length":20.81,"x":79.84,"y":-16.94,"rotation":90,"inheritScale":false,"inheritRotation":false},{"name":"shadow","parent":"root","x":4.88,"y":6.24}],"slots":[{"name":"shadow","bone":"shadow"},{"name":"MON40075_DL_21","bone":"MON40075_DL_21","attachment":"MON40075_DL_21"},{"name":"MON40075_DL_20","bone":"MON40075_DL_20","attachment":"MON40075_DL_20"},{"name":"MON40075_DL_19","bone":"MON40075_DL_19","attachment":"MON40075_DL_19"},{"name":"MON40075_DL_18","bone":"MON40075_DL_18","attachment":"MON40075_DL_18"},{"name":"MON40075_DL_17","bone":"MON40075_DL_17","attachment":"MON40075_DL_17"},{"name":"MON40075_DL_16","bone":"MON40075_DL_16","attachment":"MON40075_DL_16"},{"name":"MON40075_DL_15","bone":"MON40075_DL_15","attachment":"MON40075_DL_15"},{"name":"MON40075_DL_14","bone":"MON40075_DL_14","attachment":"MON40075_DL_14"},{"name":"MON40075_DL_13","bone":"MON40075_DL_13","attachment":"MON40075_DL_13"},{"name":"MON40075_DL_12","bone":"MON40075_DL_12","attachment":"MON40075_DL_12"},{"name":"MON40075_DL_11","bone":"MON40075_DL_11","attachment":"MON40075_DL_11"},{"name":"MON40075_DL_10","bone":"MON40075_DL_10","attachment":"MON40075_DL_10"},{"name":"MON40075_DL_9","bone":"MON40075_DL_9","attachment":"MON40075_DL_9"},{"name":"MON40075_DL_8","bone":"MON40075_DL_8","attachment":"MON40075_DL_8"},{"name":"MON40075_DL_7","bone":"MON40075_DL_7","attachment":"MON40075_DL_7"},{"name":"MON40075_DL_6","bone":"MON40075_DL_6","attachment":"MON40075_DL_6"},{"name":"MON40075_DL_5","bone":"MON40075_DL_5","attachment":"MON40075_DL_5"},{"name":"MON40075_DL_4","bone":"MON40075_DL_4","attachment":"MON40075_DL_4"},{"name":"MON40075_DL_3","bone":"MON40075_DL_3","attachment":"MON40075_DL_3"},{"name":"MON40075_DL_0","bone":"MON40075_DL_0"},{"name":"MON40075_DL_2","bone":"MON40075_DL_2","attachment":"MON40075_DL_2"},{"name":"MON40075_DL_1","bone":"MON40075_DL_1","attachment":"MON40075_DL_1"},{"name":"fx_dun","bone":"fx_dun","blend":"additive"},{"name":"fx_shine","bone":"fx_shine","attachment":"FX/flash","blend":"additive"},{"name":"fx_eye","bone":"fx_eye","color":"6eff71ff","attachment":"FX/flash","blend":"additive"}],"skins":{"default":{"MON40075_DL_0":{"MON40075_DL_0":{"x":-0.69,"y":-7.31,"rotation":178.16,"width":56,"height":30}},"MON40075_DL_1":{"MON40075_DL_1":{"type":"mesh","uvs":[1,1,0.55983,1,0,1,0,0,0.46343,0,1,0,0.51722,0.20966,0.56025,0.37107,0.5979,0.51261,0.60858,0.66656,0.58421,0.81303],"triangles":[6,4,5,7,6,5,8,7,5,0,9,8,8,2,7,9,2,8,3,7,2,6,3,4,7,3,6,9,10,2,1,2,10,0,8,5,10,9,0,1,10,0],"vertices":[34.48,-55.42,-9.92,-47.97,-66.4,-38.5,-48.88,76.39,-2.11999,68.55,52.01,59.47,-0.37,43.55,1.14,24.27,2.45,7.37,0.83,-10.47999,-4.17999,-26.9],"hull":6}},"MON40075_DL_10":{"MON40075_DL_10":{"x":8.87,"y":4.07,"rotation":44.52,"width":31,"height":28}},"MON40075_DL_11":{"MON40075_DL_11":{"x":3.43,"y":2.89,"rotation":127.65,"width":31,"height":21}},"MON40075_DL_12":{"MON40075_DL_12":{"x":7.65,"y":1.57,"rotation":74.73,"width":26,"height":32}},"MON40075_DL_13":{"MON40075_DL_13":{"x":4.74,"y":-1.46,"rotation":71.32,"width":27,"height":26}},"MON40075_DL_14":{"MON40075_DL_14":{"x":7.67,"y":0.5,"rotation":160.04,"width":36,"height":19}},"MON40075_DL_15":{"MON40075_DL_15":{"x":10.56,"y":0.11,"rotation":126.88,"width":29,"height":32}},"MON40075_DL_16":{"MON40075_DL_16":{"x":45.68,"y":-5.31,"rotation":-140.36,"width":122,"height":121}},"MON40075_DL_17":{"MON40075_DL_17":{"x":7.45,"y":0.77,"rotation":136.76,"width":40,"height":39}},"MON40075_DL_18":{"MON40075_DL_18":{"x":12.71,"y":-0.55,"rotation":139.99,"width":34,"height":31}},"MON40075_DL_19":{"MON40075_DL_19":{"x":6.94,"y":3.49,"rotation":161.25,"width":30,"height":71}},"MON40075_DL_2":{"MON40075_DL_2":{"x":15.97,"y":-11.69,"rotation":13.68,"width":55,"height":58}},"MON40075_DL_20":{"MON40075_DL_20":{"x":18.19,"y":-1.79,"rotation":124.31,"width":47,"height":55}},"MON40075_DL_21":{"MON40075_DL_21":{"x":5.76,"y":0.25,"rotation":43.09,"width":18,"height":17}},"MON40075_DL_3":{"MON40075_DL_3":{"type":"weightedmesh","uvs":[1,0.58087,1,1,0,1,0,0.37431,0,0,0.2935,0,0.53216,0,1,0,0.18205,0.21202,0.18814,0.27068,0.37709,0.20748,0.57142,0.21765,0.718,0.25633,0.82007,0.33873,0.8698,0.40262,0.88289,0.5052,0.54525,0.12517,0.58451,0.18907,0.61,0.1566,0.57092,0.07722,0.76635,0.09747,0.85839,0.20683,0.85209,0.26353,0.90502,0.2963,0.92155,0.37254,0.35555,0.11014,0.10609,0.12355,0.74047,0.19567],"triangles":[24,7,0,16,19,18,21,20,7,22,21,23,27,18,20,24,23,7,22,27,21,23,21,7,27,20,21,18,19,20,7,20,6,20,19,6,13,22,23,12,18,27,13,23,24,12,27,22,17,18,12,19,16,6,26,4,5,25,5,6,26,5,25,16,25,6,3,4,26,8,26,25,10,25,16,11,16,17,17,16,18,2,15,1,2,9,15,9,10,15,10,11,15,11,12,15,12,13,15,13,14,15,15,0,1,2,3,9,15,24,0,15,14,24,14,13,24,3,8,9,3,26,8,13,12,22,9,8,10,11,17,12,10,16,11,8,25,10],"vertices":[1,3,23.11,-57.1,1,1,3,-50.7,-43.72,1,1,3,-30.19,69.43,1,1,3,80,49.45,1,1,25,32.68,32.16999,1,1,25,21.52,0.32,1,1,25,12.45,-25.58,1,1,30,28.95,-34.45,1,1,3,104.85,23.67,1,1,3,94.4,24.86,1,1,3,101.65,1.46,1,1,3,95.87,-20.2,1,1,3,86.06,-35.55,1,1,3,69.44999,-44.47,1,1,3,57.18,-48.06,1,1,3,38.84,-46.26,1,2,24,12.4,-21.12,0.616,25,-9.18,-19.59,0.38399,2,24,0.51,-24.25,0.50399,29,10.43999,17.45,0.496,2,29,16.61,15.38,0.568,30,7.39,13.85,0.43199,1,30,22.09,16.33,1,1,30,15.39,-5.41,1,1,30,-5.46,-13.19,1,2,29,1.63,-14.9,0.568,30,-15.41,-11.06,0.43199,2,29,-3.29,-21.76,0.568,30,-22.06,-16.28,0.43199,2,29,-16.53,-25.59,0.568,30,-35.84999,-16.27,0.43199,2,24,17.65,0.22,0.616,25,0.56,0.1,0.38399,2,24,18.66,28.99,0.616,25,7.77,27.97,0.38399,2,29,11.83,-0.46,0.568,30,-1.6,-0.03,0.43199],"hull":8}},"MON40075_DL_4":{"MON40075_DL_4":{"x":9.8,"y":0.2,"rotation":73.56,"width":41,"height":40}},"MON40075_DL_5":{"MON40075_DL_5":{"x":9.67,"y":0.21,"rotation":91.36,"width":34,"height":36}},"MON40075_DL_6":{"MON40075_DL_6":{"x":19.31,"y":1.71,"rotation":43.44,"width":54,"height":46}},"MON40075_DL_7":{"MON40075_DL_7":{"type":"mesh","uvs":[1,1,0,1,0,0,1,0],"triangles":[1,2,3,1,3,0],"vertices":[15.81,33.97,15.81,-25.02,-15.18,-25.02,-15.18,33.97],"hull":4}},"MON40075_DL_8":{"MON40075_DL_8":{"type":"weightedmesh","uvs":[1,0.58207,1,0.60762,1,0.63461,1,1,0.44764,1,0,1,0,0.62785,0,0.60086,0,0.5737,0,0,0.44954,0,1,0,0.45082,0.6309,0.44929,0.6039,0.44929,0.57746],"triangles":[13,14,0,7,8,14,0,14,11,14,10,11,14,8,10,8,9,10,13,0,1,7,14,13,4,12,3,12,2,3,12,4,6,4,5,6,12,1,2,6,13,12,12,13,1,6,7,13],"vertices":[1,31,2.14,-45.83,1,2,2,16.09,-46,0.504,31,0.09,-45.81,0.49599,1,2,13.94,-45.89,1,1,2,-15.25,-44.48,1,1,2,-13.02,1.29999,1,1,2,-11.22,38.41,1,1,2,18.5,36.97,1,2,2,20.66,36.86,0.504,31,1.36,37.16999,0.49599,1,31,3.54,37.15,1,1,31,49.43,36.74,1,1,31,49.1,-0.55,1,1,31,48.7,-46.24,1,1,2,16.44,-0.38,1,2,2,18.61,-0.36,0.504,31,0.79,-0.11,0.49599,1,31,2.91,-0.13,1],"hull":12}},"MON40075_DL_9":{"MON40075_DL_9":{"type":"weightedmesh","uvs":[1,0.13366,1,1,0.92326,1,0.68866,1,0.46299,1,0.21423,1,0,1,0,0.77831,0,0.25937,0,0,0.29441,0,0.38147,0,0.46146,0,0.5627,0,0.6907,0,1,0,0.15685,0.39635,0.29169,0.49061,0.46232,0.56206,0.6293,0.48227,0.78236,0.35984],"triangles":[1,20,0,2,19,20,1,2,20,2,3,19,3,4,18,3,18,19,19,18,12,12,13,19,20,13,14,20,19,13,20,14,0,14,15,0,5,18,4,17,5,7,5,6,7,7,16,17,7,8,16,5,17,18,17,12,18,11,16,10,17,11,12,11,17,16,16,8,10,8,9,10],"vertices":[2,27,12.7,20.84,0.58178,28,1.34,20.83,0.4182,1,28,29.22,1.76,1,3,11,-8.39,65.8,9.2E-4,26,-27.93,63.39,6.5E-4,28,25.54,-3.61,0.99841,4,11,3.7,49.96,0.09382,26,-14.16,48.97,0.05333,27,28.15,-19.18,0.10872,28,14.28,-20.07,0.7441,4,11,15.34,34.71,0.29233,26,-0.91,35.09999,0.28346,27,18.32,-35.65,0.18957,28,3.46,-35.9,0.23463,4,11,28.17,17.9,0.11977,26,13.68,19.79999,0.81601,27,7.49,-53.81,0.03529,28,-8.47,-53.35,0.02891,2,26,26.26,6.63,0.99999,28,-18.75,-68.37,0,1,26,20.01,0.66,1,2,11,16.27,-14.09,0.43169,26,5.37,-13.31,0.5683,2,11,8.22999,-20.23,0.70762,26,-1.94,-20.29,0.29237,2,11,-6.95,-0.34,0.94752,27,-22.49,-27.97,0.05247,2,11,-11.44,5.53,0.77635,27,-18.7,-21.62,0.22364,2,11,-15.57,10.94,0.56771,27,-15.22,-15.78,0.43228,2,11,-20.79,17.78,0.2858,27,-10.81,-8.39,0.71419,2,11,-27.39,26.43,0.02205,27,-5.23,0.94,0.97794,2,27,8.22,23.51,0.62783,28,-2.95,23.78,0.37216,2,11,12.42,-0.25,0.5,26,0.02,0.02,0.5,4,11,8.39,11.08,0.64272,26,-5.21999,10.84,0.22004,27,-6.18,-37.97,0.10808,28,-21.15,-36.7,0.02914,4,11,1.8,24.3,0.39731,26,-13.23,23.26,0.12184,27,3.63,-26.95,0.34939,28,-10.66,-26.3,0.13144,4,11,-9.27,33.68999,0.13016,26,-25.28,31.37,0.02293,27,8.22999,-13.17,0.66965,28,-5.21999,-12.83,0.17724,2,27,10.8,0.44,0.5,28,-1.81,0.58999,0.5],"hull":16}},"fx_dun":{"MON40075_DL_1":{"x":-6.82,"y":11.37,"rotation":-9.13,"width":102,"height":119}},"fx_eye":{"FX/flash":{"scaleX":2,"scaleY":2,"rotation":-90,"width":64,"height":64}},"fx_shine":{"FX/flash":{"scaleX":4,"scaleY":4,"rotation":-90,"width":64,"height":64}},"shadow":{"shadow":{"x":-5.06,"y":-4.71,"scaleX":1.7,"scaleY":1.7,"width":85,"height":42}}}},"animations":{"wait_DL":{"slots":{"MON40075_DL_0":{"attachment":[{"time":0,"name":null},{"time":1,"name":null},{"time":1.7666,"name":"MON40075_DL_0"},{"time":1.9333,"name":null},{"time":2,"name":null}]},"fx_dun":{"attachment":[{"time":0,"name":null},{"time":1.2666,"name":"MON40075_DL_1"},{"time":1.9333,"name":null},{"time":2,"name":null}],"color":[{"time":0,"color":"ffffff00"},{"time":1.2666,"color":"ffffffff"},{"time":1.9333,"color":"ffffff00","curve":"stepped"},{"time":2,"color":"ffffff00"}]},"fx_eye":{"attachment":[{"time":0,"name":null},{"time":1,"name":"FX/flash"},{"time":1.6,"name":null},{"time":2,"name":null}],"color":[{"time":0,"color":"6eff7100","curve":"stepped"},{"time":1,"color":"6eff7100"},{"time":1.1,"color":"6eff71ff"},{"time":1.6,"color":"6eff7100","curve":"stepped"},{"time":2,"color":"6eff7100"}]},"fx_shine":{"attachment":[{"time":0,"name":null},{"time":0.3333,"name":"FX/flash"},{"time":0.8333,"name":null},{"time":2,"name":null}],"color":[{"time":0,"color":"ffffff00","curve":"stepped"},{"time":0.3333,"color":"ffffff00"},{"time":0.4333,"color":"ffffffff"},{"time":0.8333,"color":"ffffff00","curve":"stepped"},{"time":2,"color":"ffffff00"}]}},"bones":{"bone":{"rotate":[{"time":0,"angle":0,"curve":"stepped"},{"time":0.5,"angle":0,"curve":"stepped"},{"time":1,"angle":0,"curve":"stepped"},{"time":1.5,"angle":0,"curve":"stepped"},{"time":2,"angle":0}],"translate":[{"time":0,"x":0,"y":0,"curve":"stepped"},{"time":0.5,"x":0,"y":0,"curve":"stepped"},{"time":1,"x":0,"y":0,"curve":"stepped"},{"time":1.5,"x":0,"y":0,"curve":"stepped"},{"time":2,"x":0,"y":0}],"scale":[{"time":0,"x":1,"y":1,"curve":"stepped"},{"time":0.5,"x":1,"y":1,"curve":"stepped"},{"time":1,"x":1,"y":1,"curve":"stepped"},{"time":1.5,"x":1,"y":1,"curve":"stepped"},{"time":2,"x":1,"y":1}]},"MON40075_DL_8":{"rotate":[{"time":0,"angle":0,"curve":"stepped"},{"time":0.5,"angle":0,"curve":"stepped"},{"time":1,"angle":0,"curve":"stepped"},{"time":1.5,"angle":0,"curve":"stepped"},{"time":2,"angle":0}],"translate":[{"time":0,"x":0,"y":0},{"time":0.5,"x":0,"y":-9.9},{"time":1,"x":0,"y":0},{"time":1.5,"x":0,"y":-9.9},{"time":2,"x":0,"y":0}],"scale":[{"time":0,"x":1,"y":1},{"time":0.5,"x":0.962,"y":1.019},{"time":1,"x":1,"y":1},{"time":1.5,"x":0.962,"y":1.019},{"time":2,"x":1,"y":1}]},"MON40075_DL_3":{"rotate":[{"time":0,"angle":0},{"time":0.5,"angle":3.09},{"time":1,"angle":0},{"time":1.5,"angle":3.09},{"time":2,"angle":0}],"translate":[{"time":0,"x":0,"y":0},{"time":0.5,"x":-12.18,"y":1.77},{"time":1,"x":0,"y":0},{"time":1.5,"x":-12.18,"y":1.77},{"time":2,"x":0,"y":0}],"scale":[{"time":0,"x":1,"y":1,"curve":"stepped"},{"time":0.5,"x":1,"y":1,"curve":"stepped"},{"time":1,"x":1,"y":1,"curve":"stepped"},{"time":1.5,"x":1,"y":1,"curve":"stepped"},{"time":2,"x":1,"y":1}]},"MON40075_DL_0":{"rotate":[{"time":0,"angle":0,"curve":"stepped"},{"time":0.5,"angle":0,"curve":"stepped"},{"time":1,"angle":0,"curve":"stepped"},{"time":1.5,"angle":0,"curve":"stepped"},{"time":2,"angle":0}],"translate":[{"time":0,"x":0,"y":0,"curve":"stepped"},{"time":0.5,"x":0,"y":0,"curve":"stepped"},{"time":1,"x":0,"y":0,"curve":"stepped"},{"time":1.5,"x":0,"y":0,"curve":"stepped"},{"time":2,"x":0,"y":0}],"scale":[{"time":0,"x":1,"y":1,"curve":"stepped"},{"time":0.5,"x":1,"y":1,"curve":"stepped"},{"time":1,"x":1,"y":1,"curve":"stepped"},{"time":1.5,"x":1,"y":1,"curve":"stepped"},{"time":2,"x":1,"y":1}]},"bone2":{"rotate":[{"time":0,"angle":0},{"time":0.3333,"angle":-7.36},{"time":0.6666,"angle":6.87},{"time":1,"angle":0},{"time":1.3333,"angle":-7.36},{"time":1.6666,"angle":6.87},{"time":2,"angle":0}],"translate":[{"time":0,"x":0,"y":0},{"time":0.3333,"x":-2.11,"y":-2.96},{"time":0.6666,"x":0,"y":0,"curve":"stepped"},{"time":1,"x":0,"y":0},{"time":1.3333,"x":-2.11,"y":-2.96},{"time":1.6666,"x":0,"y":0,"curve":"stepped"},{"time":2,"x":0,"y":0}],"scale":[{"time":0,"x":1,"y":1,"curve":"stepped"},{"time":1,"x":1,"y":1,"curve":"stepped"},{"time":2,"x":1,"y":1}]},"bone3":{"rotate":[{"time":0,"angle":0},{"time":0.3333,"angle":-16.99},{"time":0.6666,"angle":4.32},{"time":1,"angle":0},{"time":1.3333,"angle":-16.99},{"time":1.6666,"angle":4.32},{"time":2,"angle":0}],"translate":[{"time":0,"x":0,"y":0,"curve":"stepped"},{"time":1,"x":0,"y":0,"curve":"stepped"},{"time":2,"x":0,"y":0}],"scale":[{"time":0,"x":1,"y":1,"curve":"stepped"},{"time":1,"x":1,"y":1,"curve":"stepped"},{"time":2,"x":1,"y":1}]},"MON40075_DL_2":{"rotate":[{"time":0,"angle":0},{"time":0.5,"angle":8.84},{"time":1,"angle":0},{"time":1.5,"angle":8.84},{"time":2,"angle":0}],"translate":[{"time":0,"x":0,"y":0},{"time":0.5,"x":-8.05,"y":0},{"time":1,"x":0,"y":0},{"time":1.5,"x":-8.05,"y":0},{"time":2,"x":0,"y":0}],"scale":[{"time":0,"x":1,"y":1,"curve":"stepped"},{"time":0.5,"x":1,"y":1,"curve":"stepped"},{"time":1,"x":1,"y":1,"curve":"stepped"},{"time":1.5,"x":1,"y":1,"curve":"stepped"},{"time":2,"x":1,"y":1}]},"MON40075_DL_6":{"rotate":[{"time":0,"angle":0},{"time":0.1666,"angle":1.93},{"time":0.5,"angle":-4.64},{"time":0.6666,"angle":-7.19},{"time":1,"angle":0},{"time":1.1666,"angle":1.93},{"time":1.5,"angle":-4.64},{"time":1.6666,"angle":-7.19},{"time":2,"angle":0}],"translate":[{"time":0,"x":0,"y":0},{"time":0.5,"x":-8.05,"y":0},{"time":1,"x":0,"y":0},{"time":1.5,"x":-8.05,"y":0},{"time":2,"x":0,"y":0}],"scale":[{"time":0,"x":1,"y":1,"curve":"stepped"},{"time":0.5,"x":1,"y":1,"curve":"stepped"},{"time":1,"x":1,"y":1,"curve":"stepped"},{"time":1.5,"x":1,"y":1,"curve":"stepped"},{"time":2,"x":1,"y":1}]},"MON40075_DL_4":{"rotate":[{"time":0,"angle":-68.57},{"time":0.1666,"angle":-65.24},{"time":0.5,"angle":-69.41},{"time":0.6666,"angle":-72.85},{"time":1,"angle":-68.57},{"time":1.1666,"angle":-65.24},{"time":1.5,"angle":-69.41},{"time":1.6666,"angle":-72.85},{"time":2,"angle":-68.57}],"translate":[{"time":0,"x":0,"y":0,"curve":"stepped"},{"time":0.1666,"x":0,"y":0,"curve":"stepped"},{"time":0.5,"x":0,"y":0,"curve":"stepped"},{"time":0.6666,"x":0,"y":0,"curve":"stepped"},{"time":1,"x":0,"y":0,"curve":"stepped"},{"time":1.1666,"x":0,"y":0,"curve":"stepped"},{"time":1.5,"x":0,"y":0,"curve":"stepped"},{"time":1.6666,"x":0,"y":0,"curve":"stepped"},{"time":2,"x":0,"y":0}],"scale":[{"time":0,"x":1,"y":1,"curve":"stepped"},{"time":0.1666,"x":1,"y":1,"curve":"stepped"},{"time":0.5,"x":1,"y":1,"curve":"stepped"},{"time":0.6666,"x":1,"y":1,"curve":"stepped"},{"time":1,"x":1,"y":1,"curve":"stepped"},{"time":1.1666,"x":1,"y":1,"curve":"stepped"},{"time":1.5,"x":1,"y":1,"curve":"stepped"},{"time":1.6666,"x":1,"y":1,"curve":"stepped"},{"time":2,"x":1,"y":1}]},"MON40075_DL_5":{"rotate":[{"time":0,"angle":0,"curve":"stepped"},{"time":0.1666,"angle":0,"curve":"stepped"},{"time":0.5,"angle":0,"curve":"stepped"},{"time":0.6666,"angle":0,"curve":"stepped"},{"time":1,"angle":0,"curve":"stepped"},{"time":1.1666,"angle":0,"curve":"stepped"},{"time":1.5,"angle":0,"curve":"stepped"},{"time":1.6666,"angle":0,"curve":"stepped"},{"time":2,"angle":0}],"translate":[{"time":0,"x":0,"y":0,"curve":"stepped"},{"time":0.1666,"x":0,"y":0,"curve":"stepped"},{"time":0.5,"x":0,"y":0,"curve":"stepped"},{"time":0.6666,"x":0,"y":0,"curve":"stepped"},{"time":1,"x":0,"y":0,"curve":"stepped"},{"time":1.1666,"x":0,"y":0,"curve":"stepped"},{"time":1.5,"x":0,"y":0,"curve":"stepped"},{"time":1.6666,"x":0,"y":0,"curve":"stepped"},{"time":2,"x":0,"y":0}],"scale":[{"time":0,"x":1,"y":1,"curve":"stepped"},{"time":0.1666,"x":1,"y":1,"curve":"stepped"},{"time":0.5,"x":1,"y":1,"curve":"stepped"},{"time":0.6666,"x":1,"y":1,"curve":"stepped"},{"time":1,"x":1,"y":1,"curve":"stepped"},{"time":1.1666,"x":1,"y":1,"curve":"stepped"},{"time":1.5,"x":1,"y":1,"curve":"stepped"},{"time":1.6666,"x":1,"y":1,"curve":"stepped"},{"time":2,"x":1,"y":1}]},"MON40075_DL_19":{"rotate":[{"time":0,"angle":0},{"time":0.1666,"angle":-1.73},{"time":0.5,"angle":8.24},{"time":0.6666,"angle":1.06},{"time":1,"angle":0},{"time":1.1666,"angle":-1.73},{"time":1.5,"angle":8.24},{"time":1.6666,"angle":1.06},{"time":2,"angle":0}],"translate":[{"time":0,"x":0,"y":0},{"time":0.1666,"x":0,"y":-1.7},{"time":0.5,"x":0,"y":2.33},{"time":0.6666,"x":-2.18,"y":1.55},{"time":1,"x":0,"y":0},{"time":1.1666,"x":0,"y":-1.7},{"time":1.5,"x":0,"y":2.33},{"time":1.6666,"x":-2.18,"y":1.55},{"time":2,"x":0,"y":0}],"scale":[{"time":0,"x":1,"y":1,"curve":"stepped"},{"time":0.5,"x":1,"y":1,"curve":"stepped"},{"time":1,"x":1,"y":1,"curve":"stepped"},{"time":1.5,"x":1,"y":1,"curve":"stepped"},{"time":2,"x":1,"y":1}]},"MON40075_DL_20":{"rotate":[{"time":0,"angle":0},{"time":0.1666,"angle":-1.67},{"time":0.5,"angle":-0.1},{"time":0.6666,"angle":2.48},{"time":1,"angle":0},{"time":1.1666,"angle":-1.67},{"time":1.5,"angle":-0.1},{"time":1.6666,"angle":2.48},{"time":2,"angle":0}],"translate":[{"time":0,"x":0,"y":0},{"time":0.1666,"x":2.25,"y":-2.96},{"time":0.5,"x":-6.5,"y":3.15},{"time":1,"x":0,"y":0},{"time":1.1666,"x":2.25,"y":-2.96},{"time":1.5,"x":-6.5,"y":3.15},{"time":2,"x":0,"y":0}],"scale":[{"time":0,"x":1,"y":1,"curve":"stepped"},{"time":0.5,"x":1,"y":1,"curve":"stepped"},{"time":1,"x":1,"y":1,"curve":"stepped"},{"time":1.5,"x":1,"y":1,"curve":"stepped"},{"time":2,"x":1,"y":1}]},"MON40075_DL_17":{"rotate":[{"time":0,"angle":0},{"time":0.1666,"angle":-4.36},{"time":0.5,"angle":4.72},{"time":0.6666,"angle":8.23},{"time":1,"angle":0},{"time":1.1666,"angle":-4.36},{"time":1.5,"angle":4.72},{"time":1.6666,"angle":8.23},{"time":2,"angle":0}],"translate":[{"time":0,"x":0,"y":0,"curve":"stepped"},{"time":0.5,"x":0,"y":0,"curve":"stepped"},{"time":1,"x":0,"y":0,"curve":"stepped"},{"time":1.5,"x":0,"y":0,"curve":"stepped"},{"time":2,"x":0,"y":0}],"scale":[{"time":0,"x":1,"y":1,"curve":"stepped"},{"time":0.5,"x":1,"y":1,"curve":"stepped"},{"time":1,"x":1,"y":1,"curve":"stepped"},{"time":1.5,"x":1,"y":1,"curve":"stepped"},{"time":2,"x":1,"y":1}]},"MON40075_DL_18":{"rotate":[{"time":0,"angle":0},{"time":0.1666,"angle":-5.1},{"time":0.5,"angle":9.28},{"time":0.6666,"angle":12},{"time":1,"angle":0},{"time":1.1666,"angle":-5.1},{"time":1.5,"angle":9.28},{"time":1.6666,"angle":12},{"time":2,"angle":0}],"translate":[{"time":0,"x":0,"y":0,"curve":"stepped"},{"time":0.5,"x":0,"y":0,"curve":"stepped"},{"time":1,"x":0,"y":0,"curve":"stepped"},{"time":1.5,"x":0,"y":0,"curve":"stepped"},{"time":2,"x":0,"y":0}],"scale":[{"time":0,"x":1,"y":1,"curve":"stepped"},{"time":0.5,"x":1,"y":1,"curve":"stepped"},{"time":1,"x":1,"y":1,"curve":"stepped"},{"time":1.5,"x":1,"y":1,"curve":"stepped"},{"time":2,"x":1,"y":1}]},"MON40075_DL_16":{"rotate":[{"time":0,"angle":0,"curve":"stepped"},{"time":0.5,"angle":0,"curve":"stepped"},{"time":1,"angle":0,"curve":"stepped"},{"time":1.5,"angle":0,"curve":"stepped"},{"time":2,"angle":0}],"translate":[{"time":0,"x":0,"y":0,"curve":"stepped"},{"time":0.5,"x":0,"y":0,"curve":"stepped"},{"time":1,"x":0,"y":0,"curve":"stepped"},{"time":1.5,"x":0,"y":0,"curve":"stepped"},{"time":2,"x":0,"y":0}],"scale":[{"time":0,"x":1,"y":1,"curve":"stepped"},{"time":0.5,"x":1,"y":1,"curve":"stepped"},{"time":1,"x":1,"y":1,"curve":"stepped"},{"time":1.5,"x":1,"y":1,"curve":"stepped"},{"time":2,"x":1,"y":1}]},"MON40075_DL_21":{"rotate":[{"time":0,"angle":0,"curve":"stepped"},{"time":0.5,"angle":0,"curve":"stepped"},{"time":1,"angle":0,"curve":"stepped"},{"time":1.5,"angle":0,"curve":"stepped"},{"time":2,"angle":0}],"translate":[{"time":0,"x":0,"y":0,"curve":"stepped"},{"time":0.5,"x":0,"y":0,"curve":"stepped"},{"time":1,"x":0,"y":0,"curve":"stepped"},{"time":1.5,"x":0,"y":0,"curve":"stepped"},{"time":2,"x":0,"y":0}],"scale":[{"time":0,"x":1,"y":1,"curve":"stepped"},{"time":0.5,"x":1,"y":1,"curve":"stepped"},{"time":1,"x":1,"y":1,"curve":"stepped"},{"time":1.5,"x":1,"y":1,"curve":"stepped"},{"time":2,"x":1,"y":1}]},"MON40075_DL_7":{"rotate":[{"time":0,"angle":0,"curve":"stepped"},{"time":0.5,"angle":0,"curve":"stepped"},{"time":1,"angle":0,"curve":"stepped"},{"time":1.5,"angle":0,"curve":"stepped"},{"time":2,"angle":0}],"translate":[{"time":0,"x":0,"y":0},{"time":0.5,"x":0,"y":-8.89},{"time":1,"x":0,"y":0},{"time":1.5,"x":0,"y":-8.89},{"time":2,"x":0,"y":0}],"scale":[{"time":0,"x":1,"y":1},{"time":0.5,"x":0.895,"y":1.018},{"time":1,"x":1,"y":1},{"time":1.5,"x":0.895,"y":1.018},{"time":2,"x":1,"y":1}]},"MON40075_DL_9":{"rotate":[{"time":0,"angle":0},{"time":0.5,"angle":-6.5},{"time":1,"angle":0},{"time":1.5,"angle":-6.5},{"time":2,"angle":0}],"translate":[{"time":0,"x":0,"y":0,"curve":"stepped"},{"time":0.5,"x":0,"y":0,"curve":"stepped"},{"time":1,"x":0,"y":0,"curve":"stepped"},{"time":1.5,"x":0,"y":0,"curve":"stepped"},{"time":2,"x":0,"y":0}],"scale":[{"time":0,"x":1,"y":1,"curve":"stepped"},{"time":0.5,"x":1,"y":1,"curve":"stepped"},{"time":1,"x":1,"y":1,"curve":"stepped"},{"time":1.5,"x":1,"y":1,"curve":"stepped"},{"time":2,"x":1,"y":1}]},"bone4":{"rotate":[{"time":0,"angle":0},{"time":0.5,"angle":-5.14},{"time":1,"angle":0},{"time":1.5,"angle":-5.14},{"time":2,"angle":0}],"translate":[{"time":0,"x":0,"y":0,"curve":"stepped"},{"time":0.5,"x":0,"y":0,"curve":"stepped"},{"time":1,"x":0,"y":0,"curve":"stepped"},{"time":1.5,"x":0,"y":0,"curve":"stepped"},{"time":2,"x":0,"y":0}],"scale":[{"time":0,"x":1,"y":1,"curve":"stepped"},{"time":0.5,"x":1,"y":1,"curve":"stepped"},{"time":1,"x":1,"y":1,"curve":"stepped"},{"time":1.5,"x":1,"y":1,"curve":"stepped"},{"time":2,"x":1,"y":1}]},"bone5":{"rotate":[{"time":0,"angle":0},{"time":0.5,"angle":7.02},{"time":1,"angle":0},{"time":1.5,"angle":7.02},{"time":2,"angle":0}],"translate":[{"time":0,"x":0,"y":0,"curve":"stepped"},{"time":0.5,"x":0,"y":0,"curve":"stepped"},{"time":1,"x":0,"y":0,"curve":"stepped"},{"time":1.5,"x":0,"y":0,"curve":"stepped"},{"time":2,"x":0,"y":0}],"scale":[{"time":0,"x":1,"y":1,"curve":"stepped"},{"time":0.5,"x":1,"y":1,"curve":"stepped"},{"time":1,"x":1,"y":1,"curve":"stepped"},{"time":1.5,"x":1,"y":1,"curve":"stepped"},{"time":2,"x":1,"y":1}]},"bone6":{"rotate":[{"time":0,"angle":0},{"time":0.5,"angle":6.05},{"time":1,"angle":0},{"time":1.5,"angle":6.05},{"time":2,"angle":0}],"translate":[{"time":0,"x":0,"y":0,"curve":"stepped"},{"time":0.5,"x":0,"y":0,"curve":"stepped"},{"time":1,"x":0,"y":0,"curve":"stepped"},{"time":1.5,"x":0,"y":0,"curve":"stepped"},{"time":2,"x":0,"y":0}],"scale":[{"time":0,"x":1,"y":1,"curve":"stepped"},{"time":0.5,"x":1,"y":1,"curve":"stepped"},{"time":1,"x":1,"y":1,"curve":"stepped"},{"time":1.5,"x":1,"y":1,"curve":"stepped"},{"time":2,"x":1,"y":1}]},"MON40075_DL_15":{"rotate":[{"time":0,"angle":0},{"time":0.5,"angle":-8.7},{"time":1,"angle":0},{"time":1.5,"angle":-8.7},{"time":2,"angle":0}],"translate":[{"time":0,"x":0,"y":0,"curve":"stepped"},{"time":0.5,"x":0,"y":0,"curve":"stepped"},{"time":1,"x":0,"y":0,"curve":"stepped"},{"time":1.5,"x":0,"y":0,"curve":"stepped"},{"time":2,"x":0,"y":0}],"scale":[{"time":0,"x":1,"y":1,"curve":"stepped"},{"time":0.5,"x":1,"y":1,"curve":"stepped"},{"time":1,"x":1,"y":1,"curve":"stepped"},{"time":1.5,"x":1,"y":1,"curve":"stepped"},{"time":2,"x":1,"y":1}]},"MON40075_DL_13":{"rotate":[{"time":0,"angle":0},{"time":0.5,"angle":21.17},{"time":1,"angle":0},{"time":1.5,"angle":21.17},{"time":2,"angle":0}],"translate":[{"time":0,"x":0,"y":0,"curve":"stepped"},{"time":0.5,"x":0,"y":0,"curve":"stepped"},{"time":1,"x":0,"y":0,"curve":"stepped"},{"time":1.5,"x":0,"y":0,"curve":"stepped"},{"time":2,"x":0,"y":0}],"scale":[{"time":0,"x":1,"y":1,"curve":"stepped"},{"time":0.5,"x":1,"y":1,"curve":"stepped"},{"time":1,"x":1,"y":1,"curve":"stepped"},{"time":1.5,"x":1,"y":1,"curve":"stepped"},{"time":2,"x":1,"y":1}]},"MON40075_DL_14":{"rotate":[{"time":0,"angle":0},{"time":0.5,"angle":-11.69},{"time":1,"angle":0},{"time":1.5,"angle":-11.69},{"time":2,"angle":0}],"translate":[{"time":0,"x":0,"y":0,"curve":"stepped"},{"time":0.5,"x":0,"y":0,"curve":"stepped"},{"time":1,"x":0,"y":0,"curve":"stepped"},{"time":1.5,"x":0,"y":0,"curve":"stepped"},{"time":2,"x":0,"y":0}],"scale":[{"time":0,"x":1,"y":1,"curve":"stepped"},{"time":0.5,"x":1,"y":1,"curve":"stepped"},{"time":1,"x":1,"y":1,"curve":"stepped"},{"time":1.5,"x":1,"y":1,"curve":"stepped"},{"time":2,"x":1,"y":1}]},"MON40075_DL_12":{"rotate":[{"time":0,"angle":0},{"time":0.5,"angle":-10.76},{"time":1,"angle":0},{"time":1.5,"angle":-10.76},{"time":2,"angle":0}],"translate":[{"time":0,"x":0,"y":0,"curve":"stepped"},{"time":0.5,"x":0,"y":0,"curve":"stepped"},{"time":1,"x":0,"y":0,"curve":"stepped"},{"time":1.5,"x":0,"y":0,"curve":"stepped"},{"time":2,"x":0,"y":0}],"scale":[{"time":0,"x":1,"y":1,"curve":"stepped"},{"time":0.5,"x":1,"y":1,"curve":"stepped"},{"time":1,"x":1,"y":1,"curve":"stepped"},{"time":1.5,"x":1,"y":1,"curve":"stepped"},{"time":2,"x":1,"y":1}]},"MON40075_DL_10":{"rotate":[{"time":0,"angle":0},{"time":0.5,"angle":27.96},{"time":1,"angle":0},{"time":1.5,"angle":27.96},{"time":2,"angle":0}],"translate":[{"time":0,"x":0,"y":0,"curve":"stepped"},{"time":0.5,"x":0,"y":0,"curve":"stepped"},{"time":1,"x":0,"y":0,"curve":"stepped"},{"time":1.5,"x":0,"y":0,"curve":"stepped"},{"time":2,"x":0,"y":0}],"scale":[{"time":0,"x":1,"y":1,"curve":"stepped"},{"time":0.5,"x":1,"y":1,"curve":"stepped"},{"time":1,"x":1,"y":1,"curve":"stepped"},{"time":1.5,"x":1,"y":1,"curve":"stepped"},{"time":2,"x":1,"y":1}]},"MON40075_DL_11":{"rotate":[{"time":0,"angle":0},{"time":0.5,"angle":-18.93},{"time":1,"angle":0},{"time":1.5,"angle":-18.93},{"time":2,"angle":0}],"translate":[{"time":0,"x":0,"y":0,"curve":"stepped"},{"time":0.5,"x":0,"y":0,"curve":"stepped"},{"time":1,"x":0,"y":0,"curve":"stepped"},{"time":1.5,"x":0,"y":0,"curve":"stepped"},{"time":2,"x":0,"y":0}],"scale":[{"time":0,"x":1,"y":1,"curve":"stepped"},{"time":0.5,"x":1,"y":1,"curve":"stepped"},{"time":1,"x":1,"y":1,"curve":"stepped"},{"time":1.5,"x":1,"y":1,"curve":"stepped"},{"time":2,"x":1,"y":1}]},"MON40075_DL_1":{"rotate":[{"time":0,"angle":59.68,"curve":"stepped"},{"time":0.1666,"angle":59.68},{"time":0.5,"angle":66.07},{"time":0.6666,"angle":68.67},{"time":1,"angle":59.68,"curve":"stepped"},{"time":1.1666,"angle":59.68},{"time":1.5,"angle":66.07},{"time":1.6666,"angle":68.67},{"time":2,"angle":59.68}],"translate":[{"time":0,"x":-12.48,"y":10.37,"curve":"stepped"},{"time":1,"x":-12.48,"y":10.37,"curve":"stepped"},{"time":2,"x":-12.48,"y":10.37}],"scale":[{"time":0,"x":1,"y":1,"curve":"stepped"},{"time":0.1666,"x":1,"y":1,"curve":"stepped"},{"time":0.5,"x":1,"y":1,"curve":"stepped"},{"time":0.6666,"x":1,"y":1,"curve":"stepped"},{"time":1,"x":1,"y":1,"curve":"stepped"},{"time":1.1666,"x":1,"y":1,"curve":"stepped"},{"time":1.5,"x":1,"y":1,"curve":"stepped"},{"time":1.6666,"x":1,"y":1,"curve":"stepped"},{"time":2,"x":1,"y":1}]},"shadow":{"rotate":[{"time":0,"angle":0,"curve":"stepped"},{"time":0.5,"angle":0,"curve":"stepped"},{"time":1,"angle":0,"curve":"stepped"},{"time":1.5,"angle":0,"curve":"stepped"},{"time":2,"angle":0}],"translate":[{"time":0,"x":0,"y":0,"curve":"stepped"},{"time":0.5,"x":0,"y":0,"curve":"stepped"},{"time":1,"x":0,"y":0,"curve":"stepped"},{"time":1.5,"x":0,"y":0,"curve":"stepped"},{"time":2,"x":0,"y":0}],"scale":[{"time":0,"x":1,"y":1},{"time":0.5,"x":1.1,"y":1.1},{"time":1,"x":1,"y":1},{"time":1.5,"x":1.1,"y":1.1},{"time":2,"x":1,"y":1}]},"bone7":{"rotate":[{"time":0,"angle":0},{"time":0.3333,"angle":-9.7},{"time":0.6666,"angle":6.8},{"time":1,"angle":0},{"time":1.3333,"angle":-9.7},{"time":1.6666,"angle":6.8},{"time":2,"angle":0}],"translate":[{"time":0,"x":0,"y":0,"curve":"stepped"},{"time":1,"x":0,"y":0,"curve":"stepped"},{"time":2,"x":0,"y":0}],"scale":[{"time":0,"x":1,"y":1,"curve":"stepped"},{"time":1,"x":1,"y":1,"curve":"stepped"},{"time":2,"x":1,"y":1}]},"bone8":{"rotate":[{"time":0,"angle":0},{"time":0.3333,"angle":-3.07},{"time":0.6666,"angle":3.57},{"time":1,"angle":0},{"time":1.3333,"angle":-3.07},{"time":1.6666,"angle":3.57},{"time":2,"angle":0}],"translate":[{"time":0,"x":0,"y":0,"curve":"stepped"},{"time":1,"x":0,"y":0,"curve":"stepped"},{"time":2,"x":0,"y":0}],"scale":[{"time":0,"x":1,"y":1,"curve":"stepped"},{"time":1,"x":1,"y":1,"curve":"stepped"},{"time":2,"x":1,"y":1}]},"bone9":{"rotate":[{"time":0,"angle":0},{"time":0.5,"angle":12.2},{"time":1,"angle":0},{"time":1.5,"angle":9.55},{"time":2,"angle":0}],"translate":[{"time":0,"x":0,"y":0,"curve":"stepped"},{"time":0.5,"x":0,"y":0,"curve":"stepped"},{"time":1,"x":0,"y":0,"curve":"stepped"},{"time":1.5,"x":0,"y":0,"curve":"stepped"},{"time":2,"x":0,"y":0}],"scale":[{"time":0,"x":1,"y":1,"curve":"stepped"},{"time":0.5,"x":1,"y":1,"curve":"stepped"},{"time":1,"x":1,"y":1,"curve":"stepped"},{"time":1.5,"x":1,"y":1,"curve":"stepped"},{"time":2,"x":1,"y":1}]},"fx_shine":{"scale":[{"time":0,"x":0.5,"y":0.5,"curve":"stepped"},{"time":0.3333,"x":0.5,"y":0.5},{"time":0.4333,"x":1,"y":1},{"time":0.8333,"x":0.5,"y":0.5,"curve":"stepped"},{"time":2,"x":0.5,"y":0.5}]},"fx_dun":{"rotate":[{"time":0,"angle":59.68,"curve":"stepped"},{"time":0.1666,"angle":59.68},{"time":0.5,"angle":66.07},{"time":0.6666,"angle":68.67},{"time":1,"angle":59.68,"curve":"stepped"},{"time":1.1666,"angle":59.68},{"time":1.5,"angle":66.07},{"time":1.6666,"angle":68.67},{"time":2,"angle":59.68}],"translate":[{"time":0,"x":-12.48,"y":10.37,"curve":"stepped"},{"time":2,"x":-12.48,"y":10.37}],"scale":[{"time":0,"x":1,"y":1,"curve":"stepped"},{"time":1.2666,"x":1,"y":1,"curve":[0,0.61,0.445,1]},{"time":1.9333,"x":1.3,"y":1.3,"curve":"stepped"},{"time":2,"x":1.3,"y":1.3}]},"fx_eye":{"scale":[{"time":0,"x":0,"y":0,"curve":"stepped"},{"time":1,"x":0,"y":0},{"time":1.1,"x":1,"y":1},{"time":1.6,"x":0,"y":0,"curve":"stepped"},{"time":2,"x":0,"y":0}]}},"ffd":{"default":{"MON40075_DL_1":{"MON40075_DL_1":[{"time":0},{"time":0.1666,"offset":10,"vertices":[-2.24665,-1.0E-5,1.69575,-1.0E-5,1.69575,-1.0E-5,1.69575,-1.0E-5,1.69575,-1.0E-5,1.69575]},{"time":0.5,"offset":2,"vertices":[-3.0227,-1.0E-5,0,0,0,0,0,0,0,0,-5.20624,-3.0E-5,-5.20624,-3.0E-5,-5.20624,-3.0E-5,-5.20624,-3.0E-5,-5.20624]},{"time":1},{"time":1.1666,"offset":10,"vertices":[-2.24665,-1.0E-5,1.69575,-1.0E-5,1.69575,-1.0E-5,1.69575,-1.0E-5,1.69575,-1.0E-5,1.69575]},{"time":1.5,"offset":2,"vertices":[-3.0227,-1.0E-5,0,0,0,0,0,0,0,0,-5.20624,-3.0E-5,-5.20624,-3.0E-5,-5.20624,-3.0E-5,-5.20624,-3.0E-5,-5.20624]},{"time":2}]},"MON40075_DL_3":{"MON40075_DL_3":[{"time":0},{"time":0.3333,"offset":8,"vertices":[-0.01828,-25.74034,-0.0447,-8.79144,0,0,0,0,0,0,0,0,0,0,0,0,0,0,0,0,0,0,0,0,0,0,0,0,0,0,0,0,-0.34017,-2.12877,-0.81312,-1.99652,-5.51618,-13.55209,-6.90361,-9.63826,-1.38706,-3.87417,-0.71141,-1.21998,-0.96913,-1.02726,-0.98112,-4.0085,-1.86309,-3.68232,0.08363,-4.04327,-0.83384,-3.95725,0,0,0,0,0.2541,-4.77041,0.62355,-4.73646,-1.2863,-2.20582,-1.75222,-1.85735]},{"time":0.6666,"offset":8,"vertices":[-1.22993,8.37387,1.02307,2.7781,1.51553,8.79428,0,0,0,0,0,0,0,0,0,0,0,0,0,0,0,0,0,0,0.46849,3.05482,1.33349,2.78801,0,0,0,0,0,0,0,0,0.13415,0.94657,0.74989,2.30766,1.5265,3.0696,-1.69158,3.50144,-0.40901,3.867,-1.61927,4.89351,0.12936,5.15284,-0.06953,5.99332,1.95948,5.66447,-1.79985,-1.05177,-2.02726,-0.48525,-2.62323,-2.34681,-3.19061,-1.48616,-0.7257,0.33149,-0.57102,0.55715]},{"time":1},{"time":1.3333,"offset":8,"vertices":[-0.01828,-25.74034,-0.0447,-8.79144,0,0,0,0,0,0,0,0,0,0,0,0,0,0,0,0,0,0,0,0,0,0,0,0,0,0,0,0,-0.34017,-2.12877,-0.81312,-1.99652,-5.51618,-13.55209,-6.90361,-9.63826,-1.38706,-3.87417,-0.71141,-1.21998,-0.96913,-1.02726,-0.98112,-4.0085,-1.86309,-3.68232,0.08363,-4.04327,-0.83384,-3.95725,0,0,0,0,0.2541,-4.77041,0.62355,-4.73646,-1.2863,-2.20582,-1.75222,-1.85735]},{"time":1.6666,"offset":8,"vertices":[-1.22993,8.37387,1.02307,2.7781,1.51553,8.79428,0,0,0,0,0,0,0,0,0,0,0,0,0,0,0,0,0,0,0.46849,3.05482,1.33349,2.78801,0,0,0,0,0,0,0,0,0.13415,0.94657,0.74989,2.30766,1.5265,3.0696,-1.69158,3.50144,-0.40901,3.867,-1.61927,4.89351,0.12936,5.15284,-0.06953,5.99332,1.95948,5.66447,-1.79985,-1.05177,-2.02726,-0.48525,-2.62323,-2.34681,-3.19061,-1.48616,-0.7257,0.33149,-0.57102,0.55715]},{"time":2}]},"MON40075_DL_7":{"MON40075_DL_7":[{"time":0},{"time":0.3333,"vertices":[-2.8653,0.10312,-2.8653,-0.10318,2.86549,-0.10318,2.86549,0.10312]},{"time":0.6666,"vertices":[-2.03569,-1.0E-5,-2.03569,-1.0E-5,2.03583,-1.0E-5,2.03582]},{"time":1},{"time":1.3333,"vertices":[-2.8653,0.10312,-2.8653,-0.10318,2.86549,-0.10318,2.86549,0.10312]},{"time":1.6666,"vertices":[-2.03569,-1.0E-5,-2.03569,-1.0E-5,2.03583,-1.0E-5,2.03582]},{"time":2}]},"MON40075_DL_8":{"MON40075_DL_8":[{"time":0,"vertices":[0.09033,-2.27551,0,0,0,0,0,0,0,2.83265,0,0,0,-3.95735,0,0,0,0,0,0,-0.09124,2.29853,-0.12044,3.03322,0,0,0.05646,-1.42221,0,2.88837,0,2.80481,-0.11131,2.80264,-0.07685,1.9354]},{"time":0.5,"vertices":[-0.1341,3.37582,0,3.6663,-0.14553,3.66347,0,3.96544,-0.69875,11.42769,0,0,-0.21842,-4.43885,-3.0E-5,-5.86338,-2.0E-5,-4.98358,0.19765,-4.97973,0.18929,-4.77125,-6.72041,-4.35332,-7.95429,-0.31588,-8.30073,10.02138,-2.47306,-2.04744,0,-2.50997,0.09956,-2.50803,0.10782,-2.71649]},{"time":1,"vertices":[0.09033,-2.27551,0,0,0,0,0,0,0,2.83265,0,0,0,-3.95735,0,0,0,0,0,0,-0.09124,2.29853,-0.12044,3.03322,0,0,0.05646,-1.42221,0,2.88837,0,2.80481,-0.11131,2.80264,-0.07685,1.9354]},{"time":1.5,"vertices":[-0.1341,3.37582,0,3.6663,-0.14553,3.66347,0,3.96544,-0.69875,11.42769,0,0,-0.21842,-4.43885,-3.0E-5,-5.86338,-2.0E-5,-4.98358,0.19765,-4.97973,0.18929,-4.77125,-6.72041,-4.35332,-7.95429,-0.31588,-8.30073,10.02138,-2.47306,-2.04744,0,-2.50997,0.09956,-2.50803,0.10782,-2.71649]},{"time":2,"vertices":[0.09033,-2.27551,0,0,0,0,0,0,0,2.83265,0,0,0,-3.95735,0,0,0,0,0,0,-0.09124,2.29853,-0.12044,3.03322,0,0,0.05646,-1.42221,0,2.88837,0,2.80481,-0.11131,2.80264,-0.07685,1.9354]}]},"MON40075_DL_9":{"MON40075_DL_9":[{"time":0},{"time":0.3333,"vertices":[1.49302,-1.17021,1.27663,-1.40312,-6.37388,5.34967,-3.44105,-5.58775,-2.26013,-6.16134,-5.50606,3.56798,-4.90807,-7.37861,-3.41147,-8.13742,-8.19168,3.61081,-7.5651,4.85621,-8.68808,-5.79924,-7.43852,-7.35226,-7.14796,7.55771,-5.86611,8.56286,-9.39838,-4.38007,-8.4133,-6.1221,-5.79646,8.47506,-4.35754,9.24356,-2.07223,-6.15328,-5.42105,2.66371,-0.87753,-5.54534,1.37365,1.30882,1.08572,1.55617,1.37365,1.30882,1.08572,1.55617,-2.26711,0.53387,0.20118,2.32003,-1.07657,-0.25603,-0.40859,1.0282,-0.84703,-0.03733,-0.15911,0.83265,-0.72951,-1.07989,-1.17361,0.566,-0.64928,-2.54291,-2.60946,0.27559,-4.84352,-2.57464,-5.2055,-1.7297,-2.4577,-2.65453,-1.91344,-3.06502,-4.98357,-1.50723,-4.63465,-2.39724,-2.39597,4.58302,-1.68687,4.86977,-5.18076,-4.65483,-4.20069,-5.57153,-5.4094,4.32695,-4.64359,5.11528,-2.9422,-3.94677,-2.20625,-4.38575,-4.50494,2.06205,-4.19014,2.66889,-0.34756,-0.43545,-0.41542,-0.37132]},{"time":0.6666,"vertices":[-1.72259,1.19306,-1.57423,1.38724,-6.51604,-1.88203,3.9436,-8.13616,5.35701,-7.38734,-7.56041,-4.33872,2.02988,-8.06118,3.45383,-7.61871,-7.36701,-3.53346,-7.73037,-2.43175,-5.8387,-1.92093,-5.35812,-2.96452,-2.95022,5.45263,-2.09365,5.85814,-7.48199,4.83171,-8.13816,3.38874,3.33296,8.50361,4.56138,8.02734,-3.85563,3.68252,4.24959,3.60466,-2.53611,2.81264,-1.59388,-1.36063,-1.36396,-1.59409,-1.59388,-1.36063,-1.36396,-1.59409,-4.88592,-3.62314,-4.52218,3.95846,-2.81899,-2.14306,-2.6734,2.29227,-2.70422,-2.03371,-2.54866,2.19449,-2.64546,-2.55499,-3.05591,2.06117,-2.60534,-3.2865,-3.77383,1.91597,-4.89086,0.49084,-4.8153,1.22394,-3.20879,-1.927,-2.8067,-2.45881,-4.2411,-0.56683,-4.07314,-1.31065,-1.40269,4.03845,-0.81556,4.19359,-5.12501,-3.70586,-4.36521,-4.57348,-4.60924,4.33,-3.92342,4.95682,-1.46416,-3.40564,-0.85384,-3.60338,-3.64743,0.70752,-3.52055,1.19808,-2.88884,-0.38541,-2.92114]},{"time":1},{"time":1.3333,"vertices":[1.49302,-1.17021,1.27663,-1.40312,-6.37388,5.34967,-3.44105,-5.58775,-2.26013,-6.16134,-5.50606,3.56798,-4.90807,-7.37861,-3.41147,-8.13742,-8.19168,3.61081,-7.5651,4.85621,-8.68808,-5.79924,-7.43852,-7.35226,-7.14796,7.55771,-5.86611,8.56286,-9.39838,-4.38007,-8.4133,-6.1221,-5.79646,8.47506,-4.35754,9.24356,-2.07223,-6.15328,-5.42105,2.66371,-0.87753,-5.54534,1.37365,1.30882,1.08572,1.55617,1.37365,1.30882,1.08572,1.55617,-2.26711,0.53387,0.20118,2.32003,-1.07657,-0.25603,-0.40859,1.0282,-0.84703,-0.03733,-0.15911,0.83265,-0.72951,-1.07989,-1.17361,0.566,-0.64928,-2.54291,-2.60946,0.27559,-4.84352,-2.57464,-5.2055,-1.7297,-2.4577,-2.65453,-1.91344,-3.06502,-4.98357,-1.50723,-4.63465,-2.39724,-2.39597,4.58302,-1.68687,4.86977,-5.18076,-4.65483,-4.20069,-5.57153,-5.4094,4.32695,-4.64359,5.11528,-2.9422,-3.94677,-2.20625,-4.38575,-4.50494,2.06205,-4.19014,2.66889,-0.34756,-0.43545,-0.41542,-0.37132]},{"time":1.6666,"vertices":[-1.72259,1.19306,-1.57423,1.38724,-6.51604,-1.88203,3.9436,-8.13616,5.35701,-7.38734,-7.56041,-4.33872,2.02988,-8.06118,3.45383,-7.61871,-7.36701,-3.53346,-7.73037,-2.43175,-5.8387,-1.92093,-5.35812,-2.96452,-2.95022,5.45263,-2.09365,5.85814,-7.48199,4.83171,-8.13816,3.38874,3.33296,8.50361,4.56138,8.02734,-3.85563,3.68252,4.24959,3.60466,-2.53611,2.81264,-1.59388,-1.36063,-1.36396,-1.59409,-1.59388,-1.36063,-1.36396,-1.59409,-4.88592,-3.62314,-4.52218,3.95846,-2.81899,-2.14306,-2.6734,2.29227,-2.70422,-2.03371,-2.54866,2.19449,-2.64546,-2.55499,-3.05591,2.06117,-2.60534,-3.2865,-3.77383,1.91597,-4.89086,0.49084,-4.8153,1.22394,-3.20879,-1.927,-2.8067,-2.45881,-4.2411,-0.56683,-4.07314,-1.31065,-1.40269,4.03845,-0.81556,4.19359,-5.12501,-3.70586,-4.36521,-4.57348,-4.60924,4.33,-3.92342,4.95682,-1.46416,-3.40564,-0.85384,-3.60338,-3.64743,0.70752,-3.52055,1.19808,-2.88884,-0.38541,-2.92114]},{"time":2}]}}}}}}