{"skeleton":{"hash":"wP7cPi1GSC/sRiHGv0FT/JfAhHM","spine":"3.1.03","width":229.43,"height":287.27},"bones":[{"name":"root"},{"name":"bone","parent":"root","x":-7.65,"y":80.8},{"name":"MON20059_DL_16","parent":"bone","length":18.79,"x":3.22,"y":-6.68,"rotation":90},{"name":"bone2","parent":"MON20059_DL_16","length":18.54,"x":18.79,"rotation":-0.78},{"name":"MON20059_DL_8","parent":"bone2","length":24.1,"x":19.25,"y":-0.23,"rotation":2.86},{"name":"MON20059_DL_2","parent":"MON20059_DL_8","length":16.2,"x":0.56,"y":-2.6,"rotation":0.64},{"name":"MON20059_DL_1","parent":"MON20059_DL_2","length":22.5,"x":47.46,"y":-23.76,"rotation":-38.46},{"name":"MON20059_DL_3","parent":"MON20059_DL_8","length":23.72,"x":59.07,"y":-26.44,"rotation":-171.38},{"name":"MON20059_DL_4","parent":"MON20059_DL_8","length":23.11,"x":61.5,"y":22.63,"rotation":149.43},{"name":"MON20059_DL_5","parent":"MON20059_DL_8","length":13.52,"x":52.78,"y":26.88,"rotation":40.15},{"name":"MON20059_DL_6","parent":"MON20059_DL_8","length":4.79,"x":3.38,"y":7.59,"rotation":83.65},{"name":"MON20059_DL_7","parent":"MON20059_DL_8","length":6.54,"x":28.09,"y":0.48,"rotation":87.89},{"name":"MON20059_DL_9","parent":"MON20059_DL_8","length":21.31,"x":53.82,"y":30.9,"rotation":172.22},{"name":"MON20059_DL_10","parent":"bone2","length":40.86,"x":19.46,"y":-21.51,"rotation":-95.48},{"name":"MON20059_DL_13","parent":"bone2","length":25.31,"x":15.23,"y":-20.04,"rotation":-145.27},{"name":"MON20059_DL_12","parent":"MON20059_DL_13","length":20.95,"x":23.96,"y":0.12,"rotation":-25.28},{"name":"MON20059_DL_11","parent":"MON20059_DL_12","length":6.67,"x":20.72,"y":-0.26,"rotation":-11.84},{"name":"MON20059_DL_14","parent":"bone2","length":4.67,"x":1.13,"y":-1.69,"rotation":-89.24},{"name":"MON20059_DL_15","parent":"bone2","length":4.53,"x":0.54,"y":15.04,"rotation":97.6},{"name":"bone3","parent":"bone","length":9.42,"x":3.01,"y":-9.6,"rotation":-90},{"name":"MON20059_DL_19","parent":"bone3","length":28.96,"x":4.71,"y":13.93,"rotation":-0.6},{"name":"MON20059_DL_17","parent":"MON20059_DL_19","length":27.16,"x":28.55,"y":-0.06,"rotation":5.96},{"name":"MON20059_DL_18","parent":"MON20059_DL_17","length":8.9,"x":26.74,"y":0.18,"rotation":3.49},{"name":"MON20059_DL_22","parent":"bone3","length":30.26,"x":5.75,"y":-7.18,"rotation":-20.53},{"name":"MON20059_DL_20","parent":"MON20059_DL_22","length":23.7,"x":30.14,"y":-0.21,"rotation":46.49},{"name":"MON20059_DL_21","parent":"MON20059_DL_20","length":6.49,"x":23.14,"y":0.24,"rotation":-3.49},{"name":"MON20059_DL_23","parent":"bone2","length":37.09,"x":19.42,"y":14.89,"rotation":92.81},{"name":"MON20059_DL_26","parent":"bone2","length":24.41,"x":16.57,"y":14.71,"rotation":156.68},{"name":"MON20059_DL_25","parent":"MON20059_DL_26","length":22.37,"x":23.83,"y":-0.38,"rotation":-10.77},{"name":"MON20059_DL_24","parent":"MON20059_DL_25","length":6.24,"x":21.48,"y":-0.61,"rotation":-6.66},{"name":"MON20059_DL_27","parent":"MON20059_DL_24","x":9.62,"y":-2.38},{"name":"MON20059_DL_28","parent":"bone2","length":21.56,"x":5.68,"y":-19.82,"rotation":-173.82},{"name":"bone4","parent":"MON20059_DL_10","length":13.54,"x":40.86,"y":-0.01,"rotation":16.67},{"name":"bone5","parent":"MON20059_DL_23","length":8.93,"x":37.09,"rotation":-28.86},{"name":"bone6","parent":"MON20059_DL_1","length":20.94,"x":22.46,"y":-0.18,"rotation":-0.21},{"name":"bone7","parent":"bone6","length":20.4,"x":20.94,"y":-0.01,"rotation":0.21},{"name":"bone8","parent":"bone7","length":18.56,"x":19.9,"y":-0.16,"rotation":7.78},{"name":"bone9","parent":"bone8","length":16.1,"x":18.56,"rotation":14.05},{"name":"bone10","parent":"MON20059_DL_1","length":18.58,"x":21.96,"y":-6.36,"rotation":-30.66},{"name":"bone11","parent":"bone10","length":17.29,"x":18.58,"y":0.07,"rotation":9.5},{"name":"bone12","parent":"bone11","length":14.76,"x":17.29,"rotation":8.66},{"name":"bone13","parent":"MON20059_DL_5","length":14.06,"x":13.52,"y":-0.03,"rotation":-15.4},{"name":"bone14","parent":"bone13","length":15.41,"x":14.07,"rotation":-4.82},{"name":"bone15","parent":"MON20059_DL_4","length":16.22,"x":23.11,"y":0.1,"rotation":7.19},{"name":"bone16","parent":"bone15","length":15.83,"x":16.22,"rotation":15.21},{"name":"bone17","parent":"bone16","length":11.2,"x":15.83,"y":-0.01,"rotation":19.12},{"name":"bone18","parent":"MON20059_DL_9","length":16.6,"x":21.31,"rotation":7.84},{"name":"bone19","parent":"bone18","length":16.86,"x":16.61,"y":0.2,"rotation":16.77},{"name":"bone20","parent":"bone19","length":13.46,"x":16.86,"y":-0.01,"rotation":-8.17},{"name":"bone21","parent":"MON20059_DL_3","length":17.64,"x":23.72,"y":-0.01,"rotation":-11.46},{"name":"bone22","parent":"bone21","length":17.4,"x":17.64,"rotation":-22.93},{"name":"bone23","parent":"bone22","length":13.73,"x":17.4,"y":0.03,"rotation":0.16},{"name":"bone24","parent":"bone23","length":11.57,"x":13.73,"rotation":11.93},{"name":"bone25","parent":"MON20059_DL_28","length":28.56,"x":21.56,"rotation":-0.88},{"name":"bone26","parent":"bone25","length":27.21,"x":28.56,"y":-0.01,"rotation":0.2},{"name":"bone27","parent":"MON20059_DL_28","length":24.89,"x":-2.29,"y":-31.33,"rotation":-8.55},{"name":"bone28","parent":"bone27","length":23.97,"x":24.89,"rotation":5.27},{"name":"bone29","parent":"bone28","length":24.83,"x":23.99,"y":0.45,"rotation":5.16},{"name":"bone30","parent":"MON20059_DL_28","length":26.98,"x":0.9,"y":21.48,"rotation":22.13},{"name":"bone31","parent":"bone30","length":23.97,"x":26.98,"y":-0.06,"rotation":1.17},{"name":"bone32","parent":"bone31","length":26.94,"x":23.97,"rotation":-10.16},{"name":"fx_eye","parent":"MON20059_DL_8","length":14.33,"x":21.79,"y":12.99,"rotation":-2.1},{"name":"fx_line","parent":"MON20059_DL_27","length":42.06,"x":-13.69,"y":-56.33,"rotation":-102.81},{"name":"fx_line2","parent":"MON20059_DL_27","length":42.06,"x":-21.81,"y":60.96,"scaleX":-1,"rotation":-62.81},{"name":"fx_xdd","parent":"MON20059_DL_24","length":22.96,"x":11.93,"y":-52.45,"scaleX":2,"scaleY":2,"rotation":-1.22},{"name":"fx_xdd2","parent":"MON20059_DL_24","length":22.96,"x":0.41,"y":61.06,"scaleX":-2,"scaleY":2,"rotation":18.77},{"name":"shadow","parent":"root","x":4.72,"y":-1.94}],"slots":[{"name":"shadow","bone":"shadow","attachment":"shadow"},{"name":"MON20059_DL_28","bone":"MON20059_DL_28","attachment":"MON20059_DL_28"},{"name":"MON20059_DL_27","bone":"MON20059_DL_27","attachment":"MON20059_DL_27"},{"name":"fx_line","bone":"fx_line","attachment":"fx/heixian_00005"},{"name":"fx_line2","bone":"fx_line2","attachment":"fx/heixian_00005"},{"name":"fx_xdd","bone":"fx_xdd","attachment":"fx/xxdd_00029","blend":"additive"},{"name":"fx_xdd2","bone":"fx_xdd2","attachment":"fx/xxdd_00029","blend":"additive"},{"name":"MON20059_DL_26","bone":"MON20059_DL_26","attachment":"MON20059_DL_26"},{"name":"MON20059_DL_25","bone":"MON20059_DL_25","attachment":"MON20059_DL_25"},{"name":"MON20059_DL_24","bone":"MON20059_DL_24","attachment":"MON20059_DL_24"},{"name":"MON20059_DL_23","bone":"MON20059_DL_23","attachment":"MON20059_DL_23"},{"name":"MON20059_DL_22","bone":"MON20059_DL_22","attachment":"MON20059_DL_22"},{"name":"MON20059_DL_21","bone":"MON20059_DL_21","attachment":"MON20059_DL_21"},{"name":"MON20059_DL_20","bone":"MON20059_DL_20","attachment":"MON20059_DL_20"},{"name":"MON20059_DL_19","bone":"MON20059_DL_19","attachment":"MON20059_DL_19"},{"name":"MON20059_DL_18","bone":"MON20059_DL_18","attachment":"MON20059_DL_18"},{"name":"MON20059_DL_17","bone":"MON20059_DL_17","attachment":"MON20059_DL_17"},{"name":"MON20059_DL_16","bone":"MON20059_DL_16","attachment":"MON20059_DL_16"},{"name":"MON20059_DL_15","bone":"MON20059_DL_15","attachment":"MON20059_DL_15"},{"name":"MON20059_DL_14","bone":"MON20059_DL_14","attachment":"MON20059_DL_14"},{"name":"MON20059_DL_13","bone":"MON20059_DL_13","attachment":"MON20059_DL_13"},{"name":"MON20059_DL_12","bone":"MON20059_DL_12","attachment":"MON20059_DL_12"},{"name":"MON20059_DL_11","bone":"MON20059_DL_11","attachment":"MON20059_DL_11"},{"name":"MON20059_DL_10","bone":"MON20059_DL_10","attachment":"MON20059_DL_10"},{"name":"MON20059_DL_9","bone":"MON20059_DL_9","attachment":"MON20059_DL_9"},{"name":"MON20059_DL_8","bone":"MON20059_DL_8","attachment":"MON20059_DL_8"},{"name":"fx_eye","bone":"fx_eye","attachment":"fx/eye_00000","blend":"additive"},{"name":"MON20059_DL_7","bone":"MON20059_DL_7"},{"name":"MON20059_DL_6","bone":"MON20059_DL_6"},{"name":"MON20059_DL_5","bone":"MON20059_DL_5","attachment":"MON20059_DL_5"},{"name":"MON20059_DL_4","bone":"MON20059_DL_4","attachment":"MON20059_DL_4"},{"name":"MON20059_DL_3","bone":"MON20059_DL_3","attachment":"MON20059_DL_3"},{"name":"MON20059_DL_2","bone":"MON20059_DL_2","attachment":"MON20059_DL_2"},{"name":"MON20059_DL_1","bone":"MON20059_DL_1","attachment":"MON20059_DL_1"}],"skins":{"default":{"MON20059_DL_1":{"MON20059_DL_1":{"type":"weightedmesh","uvs":[0.84543,0.2314,0.81045,0.38563,0.74762,0.47684,0.8021,0.44659,0.87871,0.41453,1,0.44181,0.96647,0.56551,0.89565,0.64523,0.80884,0.70393,0.86325,0.68702,0.94169,0.69119,0.8808,0.79765,0.80212,0.84113,0.71343,0.87313,0.74545,0.90758,0.65062,0.96052,0.54998,0.96959,0.39483,1,0.14342,1,0.10201,0.83605,0.16074,0.75817,0.15938,0.63046,0.35942,0.45792,0.49902,0.30417,0.6345,0.16755,0.73594,0,0.79229,0,0.84856,0,0.74492,0.2157,0.64948,0.38872,0.5199,0.55205,0.3802,0.72676,0.29379,0.70541,0.40606,0.78406,0.39926,0.93651,0.61977,0.69545,0.78729,0.58947,0.65851,0.5946,0.40301,0.85257,0.58695,0.82109,0.72393,0.7855,0.82267,0.75545,0.64969,0.74704,0.49454,0.79399,0.40466,0.81558,0.54828,0.9086,0.5736,0.8513,0.71848,0.72841],"triangles":[7,36,6,4,36,3,36,5,6,36,2,3,5,36,4,34,45,16,16,45,15,45,46,15,15,46,14,45,38,46,14,46,13,46,39,13,13,39,40,46,38,39,39,38,43,39,42,40,39,43,42,43,35,42,43,33,35,13,40,12,12,41,11,12,40,41,11,41,10,42,47,40,40,47,41,41,9,10,47,8,41,41,8,9,42,35,47,47,35,8,35,36,8,35,37,36,35,30,37,7,8,36,37,2,36,28,26,0,0,26,27,24,25,28,28,25,26,1,2,29,23,24,29,29,28,1,29,24,28,1,28,0,2,37,29,22,23,30,37,30,29,30,23,29,30,31,22,38,44,43,44,33,43,17,18,34,38,34,18,18,32,31,18,20,32,18,19,20,44,38,18,44,18,31,44,31,33,20,21,32,31,32,22,32,21,22,33,31,35,31,30,35,17,34,16,34,38,45],"vertices":[2,36,20.87999,-8.77,0.4899,37,0.11,-9.07,0.51009,4,35,28.08,-12.07,0.08505,36,6.48,-12.91,0.86057,39,30.02,15.29,0.00528,40,14.88,13.2,0.04908,4,35,17.74,-12.58,0.29216,36,-3.82,-12.01,0.18997,39,20.57,11.09,0.12537,40,4.91,10.47,0.39249,4,35,22.95,-14.86,0.08413,36,1.02,-14.98,0.0479,39,26.24,10.84,0.02936,40,10.47999,9.37,0.83859,3,35,29.46,-18.66,0.00761,36,6.96,-19.62,0.00385,40,17.66,7.07,0.98853,1,40,24.11,-2.09999,1,2,39,32.53,-6.67,0.00676,40,14.06,-8.89,0.99323,3,39,23.07,-9.57,0.27644,38,42.92,-5.55,0.00302,40,4.26,-10.33,0.72053,3,39,13.48,-10.01,0.832,38,33.53,-7.57,0.09035,40,-5.27,-9.32,0.07763,3,39,18.45999,-11.32,0.89668,38,38.66,-8.04,0.09195,40,-0.54,-11.37,0.01136,2,39,24.18,-15.49,0.91889,38,44.99,-11.2,0.0811,3,39,14.08,-21,0.85077,38,35.93999,-18.31,0.14872,40,-6.33,-20.28,4.8E-4,2,39,5.89,-20.62999,0.69928,38,27.8,-19.29,0.30071,2,39,-2.45,-18.84,0.37423,38,19.27,-18.91,0.62576,2,39,-1.81,-23.16,0.32824,38,20.61,-23.06,0.67175,3,6,18.86,-32.75999,0.00168,39,-11.71,-22.75,0.2017,38,10.79,-24.29,0.79661,3,6,12.84,-25.94,0.04035,39,-19.78,-18.54999,0.0917,38,2.13,-21.49,0.86794,1,6,2.31,-16.33,1,1,6,-10.97,1.97,1,1,6,-0.56,14.13,1,1,6,8.52,14.2,1,3,6,18.27,21.42,0.55832,34,-4.26,21.59,0.43889,35,-25.13,21.7,0.00277,4,6,42.11,16.46999,0.06322,34,19.58,16.73,0.59459,35,-1.29999,16.74,0.34106,36,-18.71999,19.62,0.0011,4,34,38.78,15.2,0.04733,35,17.89,15.15,0.62728,36,0.08,15.44,0.32537,38,23.01,38.34999,0,4,35,35.55,12.89,0.01135,36,17.27,10.81,0.55444,37,1.37,10.81,0.43418,38,39.36,45.42,0,1,37,19.03,5.83,1,1,37,20.27,0.92,1,2,36,40.39,1.34,0,37,21.5,-3.98,1,2,36,17.93,-0.09,0.5,37,-0.63,0.06,0.5,2,35,19.34,-0.52,0.5,36,-0.6,-0.28,0.5,2,34,20.87999,-0.2,0.5,35,-0.06,-0.18,0.5,1,6,22.54,-0.03,1,1,6,19.61,7.45,1,1,6,19.5,-5.11,1,1,6,7.42,-13.11,1,2,39,-0.36,-0.09,0.5,38,18.23,-0.07,0.5,2,39,17.75,0.16,0.5,40,0.48,0.09,0.5,5,34,24.98,-12.65,0.02787,35,3.98,-12.66,0.37126,36,-17.45999,-10.22,0.00218,39,7.76,6.05,0.57331,40,-8.51,7.42,0.02535,1,6,14.07,-8.7,1,2,39,-9.32,-8.51,0.18698,38,10.78,-9.85999,0.81301,2,39,2.85,-12.37,0.5799,38,23.44,-11.65,0.42008,3,39,11.87,-14.8,0.83954,38,32.73,-12.55,0.15285,40,-7.59,-13.81,0.0076,2,39,-0.76,-5.67,0.50284,38,18.76,-5.64,0.49715,2,39,-14.91,-1.83,0.00695,38,4.17,-4.19,0.99304,1,6,17,-6.76,1,3,6,17.44,-22.41,0.01503,39,-16.76,-13.6,0.12624,38,4.29,-16.11,0.85871,3,6,23.18,-21.06,0.00779,39,-11.89,-10.27,0.10676,38,8.54,-12.01,0.88543,2,39,5.39,-7.55,0.80326,38,25.14,-6.47,0.19673],"hull":28}},"MON20059_DL_10":{"MON20059_DL_10":{"type":"weightedmesh","uvs":[0.94531,0.20459,0.91364,0.3258,0.86614,0.40624,0.92011,0.373,1,0.29793,1,0.39073,0.92819,0.83969,0.69196,1,0.591,0.9768,0.54488,0.93133,0.5336,1,0.51841,1,0,1,0,0.51319,0,0,0.83268,0,0.75112,0.27767,0.76362,0.27606,0.84222,0.13418,0.91656,0,0.96261,0,0.63627,0.49322,0.59896,0.60152,0.55378,0.75958,0.64665,0.50592,0.61458,0.60588,0.57217,0.7653,0.68956,0.43986,0.77889,0.39838,0.84453,0.28778,0.92447,0.07294,0.98684,0.42629,0.94798,0.53141,0.88609,0.59361,0.84507,0.61398,0.88752,0.62901,0.95175,0.64308,0.93879,0.70637,0.86828,0.74711,0.82222,0.75997,0.8546,0.7986,0.79199,0.85222,0.72579,0.88331,0.6855,0.88437,0.69916,0.9423,0.72765,0.54276,0.81848,0.53032,0.90453,0.46976,0.88401,0.18167,0.7647,0.48932,0.59695,0.67216,0.71354,0.6821,0.83624,0.68214,0.947,0.66628,0.67398,0.74321,0.56163,0.82945,0.60541,0.88739,0.62203,0.85246,0.65086,0.79182,0.7119,0.80476],"triangles":[41,44,42,41,7,44,8,56,7,44,56,43,56,57,43,57,58,43,58,26,54,50,25,51,8,9,56,9,55,56,56,55,57,57,55,58,55,26,58,54,26,50,7,56,44,44,43,42,54,50,51,6,7,41,42,59,41,45,24,27,28,27,17,43,58,59,58,54,59,43,59,42,51,25,45,25,24,45,54,51,39,6,41,40,41,59,40,5,36,31,5,6,36,6,53,36,6,37,53,40,38,6,6,38,37,59,39,40,59,54,39,40,39,38,39,52,38,39,51,52,38,52,37,37,52,53,52,35,53,52,51,34,34,51,45,52,34,35,34,45,46,53,35,36,36,33,32,36,32,31,34,33,35,36,35,33,34,46,33,33,47,32,33,46,47,45,49,46,49,45,27,32,47,31,46,2,47,46,49,2,49,28,2,49,27,28,31,47,4,47,2,3,5,31,4,28,29,2,2,29,1,28,17,29,4,47,3,1,29,0,29,48,0,29,17,48,17,18,48,48,30,0,0,30,20,48,18,30,19,30,18,30,19,20,24,21,27,27,16,17,25,22,24,10,11,9,55,9,23,55,23,26,26,23,50,50,22,25,22,21,24,27,21,16,9,11,23,23,11,12,23,12,13,50,23,22,22,23,13,22,13,21,13,14,21,16,21,14,15,16,14],"vertices":[1,32,31.97,16.33,1,2,13,64.96,17.89,8.5E-4,32,28.21,10.24,0.99914,2,13,61.56,13.07,0.0029,32,23.58,6.6,0.99709,2,13,65.76999,15.37,0,32,28.26,7.59,0.99999,1,32,35.45,10.47,1,1,32,34.53,5.45,1,2,13,69.21,-10.07,0.00107,32,24.27,-17.76,0.99891,1,32,3.62,-22.92,1,1,32,-4.28,-20.17,1,1,32,-7.55,-17.02,1,1,32,-9.14,-20.57,1,1,13,36.75999,-22.48,1,1,13,-5.49,-27.09,1,1,13,-8.39,-0.47,1,1,13,-11.45,27.58,1,1,13,56.41,34.98,1,1,13,51.42,19.08,1,1,32,16.61,15.16,1,2,13,57.99,27.73,0.00443,32,24.36,21.67,0.99555,1,32,31.69,27.82,1,1,32,35.41,27.14,1,1,13,43.35,6.27,1,1,13,40.95,0.02,1,1,13,38.21,-9.02,1,1,32,4.89,4.46999,1,1,32,1.30999,-0.45,1,1,32,-3.69,-8.45,1,1,32,9.01,7.4,1,2,13,54.41,12.72,0.01373,32,16.62,8.32,0.98626,2,13,59.1,19.36,0.0064,32,23.02,13.33,0.99359,1,32,31.61,23.76,1,1,32,33.12,3.72,1,1,32,28.93,-1.38,1,1,32,23.32,-3.82,1,1,32,19.81,-4.32,1,1,32,23.09,-5.76,1,1,32,28.13,-7.48,1,1,32,26.45,-10.71,1,2,13,63.77,-5.54,0.00209,32,20.36,-11.86,0.9979,2,13,60.1,-6.65,0.02009,32,16.52,-11.87,0.97989,2,13,62.97,-8.47,0.00209,32,18.74,-14.44,0.9979,1,32,13.16,-16.41,1,1,32,7.51,-17.11,1,1,32,4.25,-16.57,1,1,32,4.77,-19.91,1,1,32,11.05,1.27,1,2,13,58.42,5.86,0.00166,32,18.5,0.58999,0.99833,1,32,26.04,2.58999,1,2,13,61.68,25.51,7.8E-4,32,27.26,18.48,0.99921,2,13,53.79,7.63,0.03186,32,14.57,3.61,0.96814,1,32,-0.77,-3.78,1,1,32,8.53,-6.05,1,1,32,18.42,-7.87,1,1,32,27.51,-8.66,1,1,32,4.73,-8.76,1,1,32,-5.17999,-11.76,1,1,32,-2.23,-15.55,1,1,32,-0.54,-13.9,1,1,32,2.38,-11.05,1,2,13,51.37,-10.08,0.13711,32,7.17,-12.66,0.86287],"hull":21}},"MON20059_DL_11":{"MON20059_DL_11":{"x":5.33,"y":-0.46,"rotation":93.1,"width":17,"height":17}},"MON20059_DL_12":{"MON20059_DL_12":{"x":4.71,"y":-1.1,"rotation":81.25,"width":22,"height":43}},"MON20059_DL_13":{"MON20059_DL_13":{"x":11.82,"y":1.21,"rotation":55.72,"width":29,"height":38}},"MON20059_DL_14":{"MON20059_DL_14":{"type":"mesh","uvs":[1,1,0,1,0,0,1,0,0.42373,0.68029],"triangles":[4,2,3,1,2,4,4,3,0,1,4,0],"vertices":[13.66,-11.26,-12.33,-11.26,-12.33,15.73,13.66,15.73,-1.30999,-2.63],"hull":4}},"MON20059_DL_15":{"MON20059_DL_15":{"type":"mesh","uvs":[1,1,0,1,0,0,1,0,0.35469,0.69928],"triangles":[4,2,3,1,2,4,4,3,0,1,4,0],"vertices":[-9.14,11.07,11.7,8.56,8.59,-17.24,-12.25,-14.73,3.37,1.69],"hull":4}},"MON20059_DL_16":{"MON20059_DL_16":{"type":"weightedmesh","uvs":[0.99256,0.3673,0.77782,0.53121,0.80915,0.55628,0.83782,0.57921,1,0.75958,1,0.85121,0.80382,0.87449,0.53982,1,0.43874,1,0.36182,1,0.04763,0.8552,0.09783,0.70263,0.10176,0.67066,0.10559,0.63954,1.0E-5,0.43304,0,0.15995,0.21419,0,0.44723,0,0.88108,0,0.15782,0.90358,0.42582,0.66649,0.42539,0.72343,0.42588,0.69617,0.4274,0.40516],"triangles":[14,15,23,23,18,0,23,17,18,15,16,23,23,16,17,21,22,2,22,11,12,22,1,2,22,12,20,12,13,20,22,20,1,20,23,1,20,13,23,13,14,23,1,23,0,6,7,21,21,7,8,10,19,9,8,9,21,9,19,21,10,11,19,19,11,21,5,6,4,6,21,3,6,3,4,21,2,3,21,11,22],"vertices":[2,2,20.39,-27.01,0.32993,3,1.95,-26.99,0.67006,3,19,-12.5,16.91,0.09766,2,9.57,-16.7,0.71418,3,-8.99,-16.82,0.18814,3,19,-10.84,18.42,0.18163,2,7.92,-18.20999,0.71285,3,-10.62,-18.35,0.1055,3,19,-9.33,19.79,0.24949,2,6.41,-19.58,0.68709,3,-12.12,-19.74,0.0634,2,19,2.56,27.58,0.57327,2,-5.49,-27.37,0.42671,2,19,8.60999,27.58,0.60614,2,-11.54,-27.37,0.39385,2,19,10.14999,18.16,0.71938,2,-13.07,-17.95,0.28061,2,19,18.43,5.49,0.9989,2,-21.36,-5.28,0.00109,1,19,18.43,0.64,1,1,19,18.43,-3.05,1,2,19,8.87,-18.12999,0.92592,2,-11.8,18.34,0.07407,3,19,-1.17999,-15.72,0.63827,2,-1.73,15.93,0.35322,3,-20.74,15.65,0.00849,3,19,-3.29,-15.53,0.51406,2,0.37,15.74,0.46478,3,-18.62,15.49,0.02115,3,19,-5.35,-15.34,0.38116,2,2.42,15.55,0.57546,3,-16.57,15.34,0.04335,3,19,-18.98,-20.41,0.02052,2,16.04999,20.62,0.54327,3,-3.01,20.58,0.43619,2,2,34.08,20.62,0.095,3,15.01,20.82,0.90499,2,2,44.63,10.34,2.9E-4,3,25.7,10.68,0.9997,1,3,25.85,-0.49,1,2,2,44.63,-21.66,0.01196,3,26.12,-21.32,0.98803,2,19,12.07,-12.84,0.95277,2,-14.99,13.05,0.04722,1,2,0.64999,0.18,1,1,19,0.18,0,1,1,2,-1.29999,0.18,1,2,2,17.89,0.11,0.5,3,-0.89,0.1,0.5],"hull":19}},"MON20059_DL_17":{"MON20059_DL_17":{"x":11.48,"y":1.61,"rotation":93.49,"width":17,"height":40}},"MON20059_DL_18":{"MON20059_DL_18":{"x":4.86,"y":-0.64,"rotation":89.98,"width":13,"height":22}},"MON20059_DL_19":{"MON20059_DL_19":{"x":11.61,"y":1.58,"rotation":99.47,"width":26,"height":44}},"MON20059_DL_2":{"MON20059_DL_2":{"type":"mesh","uvs":[0.69898,0.88659,0.71217,0.81558,0.65394,0.70229,0.59194,0.61605,0.48293,0.54162,0.3607,0.6092,0.26861,0.52802,0.18774,0.59562,0.14635,0.66661,0.08426,0.78663,0.0298,0.65305,0.03928,0.45186,0.16344,0.27439,0.32705,0.15441,0.53576,0.08685,0.73317,0.06325,0.9099,0.05148,0.90984,0.18842,0.9154,0.38285,0.95104,0.56038,1,0.65169,1,0.77004,0.92083,0.86807,0.80611,0.95425,0.67073,1,0.08808,0.64968,0.1088,0.54994,0.20286,0.41472,0.35889,0.44183,0.43229,0.24574,0.62221,0.16465,0.76134,0.13934,0.56944,0.46219,0.66716,0.54845,0.74232,0.66005,0.8325,0.8021,0.79486,0.89,0.78,0.4741,0.83822,0.60091,0.89644,0.73957,0.95853,0.82139,0.88626,0.89404,0.74225,0.81898,0.7174,0.35133,0.82956,0.25638],"triangles":[31,15,16,30,14,15,30,15,31,17,31,16,29,13,14,29,14,30,44,31,17,43,30,31,43,31,44,44,17,18,43,44,18,29,27,12,29,12,13,28,27,29,11,12,27,43,32,29,43,29,30,28,29,32,37,43,18,33,32,43,6,27,28,4,28,32,37,33,43,26,11,27,26,27,6,37,18,19,7,26,6,38,37,19,33,37,38,5,28,4,6,28,5,3,32,33,4,32,3,26,10,11,25,26,7,25,10,26,34,33,38,2,3,33,8,25,7,34,2,33,20,39,38,20,38,19,34,38,39,39,20,21,9,10,25,9,25,8,35,34,39,1,2,34,42,1,34,35,42,34,40,39,21,35,39,40,22,35,40,0,1,42,36,42,35,41,36,35,0,42,36,22,41,35,23,36,41,36,23,24,36,24,0],"vertices":[-1.53,-25.64,8.24,-27.76,24.32,-21.24,36.66,-14.07,47.65,-0.96,38.99,14.74,50.81,25.7,41.91,36.25,32.3,41.89,16.01,50.44,34.88,56.35,62.75,53.83,86.65,37.15,102.34,15.93,110.47,-10.57,112.57,-35.37,113.15,-57.52,94.14,-56.6,67.11,-56.01,42.25,-59.28,29.28,-64.79,12.85,-64,-0.28,-53.47,-11.56,-38.57,-17.11,-21.36,35,49.05,48.72,45.8,66.93,33.16,62.24,13.86,89.03,3.39,99.15,-20.85,101.84,-38.39,58.16,-12.28,45.6,-23.91,29.65,-32.56,9.39,-42.87,-2.58,-37.59,55.25,-38.49,37.29,-44.92,17.69,-51.27,5.96,-58.48,-3.68,-48.98,7.59,-31.49,72.67,-31.49,85.18,-46.13],"hull":25}},"MON20059_DL_20":{"MON20059_DL_20":{"x":8.76,"y":-0.34,"rotation":63.83,"width":22,"height":35}},"MON20059_DL_21":{"MON20059_DL_21":{"x":6.37,"y":-2.44,"rotation":67.34,"width":16,"height":22}},"MON20059_DL_22":{"MON20059_DL_22":{"x":11.43,"y":1.35,"rotation":110.62,"width":27,"height":43}},"MON20059_DL_23":{"MON20059_DL_23":{"type":"weightedmesh","uvs":[1,0.5336,1,1,0.40006,1,0.38671,1,0.33674,1,0.23644,1,0.24336,0.89742,0.12554,0.83239,0.14077,0.76268,0.06593,0.73327,0.02711,0.65582,0.12966,0.61243,0.0853,0.58146,0.04233,0.5226,0,0.41883,0,0.35236,0,0.30885,0.06309,0.35995,0.12408,0.40176,0.07417,0.29489,0.05196,0.12451,0.09075,0,0.16122,0,1,0,0.19031,0.21144,0.25211,0.55236,0.29812,0.7382,0.17345,0.18508,0.27965,0.72905,0.24121,0.55922,0.1065,0.49351,0.20387,0.35304,0.13683,0.23712,0.22559,0.47297,0.25507,0.62045,0.12869,0.68982,0.27053,0.68877,0.25324,0.80603,0.30747,0.79947,0.22421,0.74248,0.29156,0.86873,0.32875,0.85331,0.35267,0.91384,0.3182,0.9394],"triangles":[21,22,27,31,27,24,31,25,33,29,33,25,29,25,34,26,36,34,26,28,36,41,38,26,28,26,38,2,42,41,2,3,42,21,32,20,31,32,27,27,32,21,19,20,32,17,15,16,19,32,31,31,18,19,30,14,15,18,31,33,15,17,30,30,18,33,18,30,17,13,14,30,30,33,29,12,13,30,11,12,30,29,11,30,11,29,34,35,10,11,35,11,34,35,34,36,9,10,35,39,35,36,39,36,28,8,35,39,9,35,8,37,39,28,37,28,38,37,7,8,37,8,39,40,37,38,40,38,41,6,7,37,6,37,40,40,41,42,43,40,42,6,40,43,5,6,43,4,43,42,5,43,4,4,42,3,24,27,22,23,24,22,25,31,24,25,24,0,24,23,0,26,34,25,26,25,0,26,2,41,2,26,0,2,0,1],"vertices":[1,26,-6,0.21,1,1,26,-5.14,23.98,1,1,26,29.03,22.74,1,1,33,-17.36,16.37999,1,1,33,-14.82,17.66,1,1,33,-9.71,20.23,1,1,33,-7.71,15.38,1,1,33,-0.21,15.45,1,1,33,0.6,11.88,1,1,33,5.09,12.46,1,1,33,8.84,9.93,1,1,33,4.62,5.32,1,1,33,7.59,5.05,1,1,33,11.13,3.48,1,1,33,15.67,-0.15,1,1,33,17.19,-3.18,1,1,33,18.19,-5.16,1,1,33,13.81,-4.44999,1,1,33,9.74,-4.12,1,1,33,14.74,-7.7,1,1,33,19.78,-14.89,1,1,33,20.67,-21.56,1,1,26,40.78,-28.71,1,1,26,-6.99,-26.98,1,1,26,39.52,-17.87,1,1,26,36.63,-0.37,1,1,26,34.34999,9.18999,1,1,33,12.21,-15.25,1,1,33,-5.68,6.78,1,1,33,0.16,0.04,1,1,33,8.53,0.5,1,1,33,6.8,-8.38,1,1,33,12.88,-11.94,1,1,33,2.94,-3.48,1,1,33,-1.94,2.47,1,1,33,2.89,8.87,1,1,33,-4.3,5.17999,1,1,33,-6.11,10.97,1,1,33,-8.72,9.28,1,1,33,-3.17,8.82,1,1,33,-9.5,12.84,1,1,33,-11.04,11.18,1,1,33,-13.65,13.33,1,1,33,-12.48,15.37,1],"hull":24}},"MON20059_DL_24":{"MON20059_DL_24":{"x":3.41,"y":-0.01,"rotation":131.56,"width":16,"height":17}},"MON20059_DL_25":{"MON20059_DL_25":{"x":7.95,"y":-1.23,"rotation":125.11,"width":27,"height":35}},"MON20059_DL_26":{"MON20059_DL_26":{"x":10.7,"y":-0.84,"rotation":114.25,"width":24,"height":35}},"MON20059_DL_27":{"MON20059_DL_27":{"x":-19.46,"y":-0.01,"rotation":131.56,"width":178,"height":136}},"MON20059_DL_28":{"MON20059_DL_28":{"type":"weightedmesh","uvs":[0.85663,0.24621,0.96113,0.43589,1,0.65788,1,0.7931,1,1,0.97101,1,0.93836,1,0.84497,0.91681,0.79949,0.8763,0.59554,0.88379,0.43561,0.88966,0.25765,0.89217,0.2087,1,0.06829,0.82561,0,0.57336,0,0.30493,0,0,0.15631,0,0.37504,0,0.51706,0,0.66234,0,0.4012,0.26448,0.4192,0.51876,0.14493,0.30087,0.15475,0.51883,0.63626,0.27653,0.72281,0.47026,0.78324,0.70233,0.17948,0.73933,0.42736,0.70319,0.56836,0.49493,0.58734,0.7028,0.5338,0.27128,0.88465,0.68153,0.93104,0.85262],"triangles":[4,34,3,34,4,5,7,34,6,5,6,34,7,8,34,9,27,8,9,31,27,34,27,33,34,8,27,34,33,3,33,2,3,31,26,27,31,30,26,27,26,33,33,1,2,33,26,1,26,0,1,30,25,26,30,32,25,26,25,0,0,25,20,21,19,32,20,25,19,25,32,19,21,17,18,21,18,19,23,21,22,22,32,30,22,21,32,10,11,29,10,31,9,10,29,31,28,22,29,29,22,31,22,30,31,11,12,28,12,13,28,11,28,29,13,14,28,14,24,28,28,24,22,24,15,23,24,14,15,24,23,22,15,16,23,21,23,17,23,16,17],"vertices":[3,58,38.11,28.06,0.19989,59,11.69,27.89,0.60377,60,-16.99,25.29,0.19631,3,58,63.18,31,0.00873,59,36.82,30.31,0.26999,60,7.31,32.09999,0.72126,2,59,60.77,23.2,0.0305,60,32.14,29.32,0.96949,2,59,73.81,16.04999,0.00147,60,46.24,24.57,0.99852,2,59,93.77,5.1,1.0E-5,60,67.81,17.31,0.99999,2,59,91.87,1.64,0,60,66.55,13.58,0.99999,2,59,89.73,-2.24,0,60,65.12999,9.37,0.99999,2,54,48.16,54.27,0.00899,60,52.41,0.25,0.991,2,54,43.21,48.48,0.04622,60,46.21,-4.17999,0.95377,2,54,41.72,20.77,0.64125,60,38.14,-30.73,0.35874,3,57,45.47,32.59,0.04389,54,40.55,-0.95,0.93983,60,31.81,-51.55,0.01627,2,57,42.65,8.55,0.73891,54,38.81,-25.09,0.26108,2,57,53.57,0.43,0.90694,54,50.07,-32.72,0.09305,1,57,32.09999,-16.04999,1,3,55,56.02,-18.1,0.00443,56,29.33,-20.87,0.35965,57,3.39,-21.72,0.6359,3,55,26.53,-19.69,0.48301,56,-0.17,-19.75,0.49571,57,-25.88,-17.95,0.02127,1,55,-6.95,-21.51,1,2,55,-8.1,-0.28,0.99867,31,-10.35,-30.41,0.00132,4,55,-9.71,29.42,0.02957,53,-29.08,-1.23,0,31,-7.53,-0.79,0.9528,58,-16.20999,-17.45,0.01761,2,31,-5.7,18.42,0.05174,58,-7.27,-0.33,0.94825,3,58,1.87,17.17,0.98096,59,-24.75,17.75,0.0187,60,-51.09,8.89,3.3E-4,2,53,0.19,0,0.5,31,21.76,-0.01,0.5,2,54,-0.28,0.21,0.5,53,28.27,0.2,0.5,2,55,25.02,-0.03,0.5,56,0.12,-0.04,0.5,2,56,24.13,0.38,0.5,57,0.13,-0.08,0.5,2,58,27.19,-0.04,0.5,59,0.2,0.01,0.5,2,59,24.55,0.08,0.5,60,0.55,0.18,0.5,1,60,27.37,-0.17,1,1,57,24.62,0.15,1,1,54,20.01,-0.36,1,5,54,-1.21,20.65,0.24425,53,27.27,20.62999,0.24728,58,44.21,-19.35,0.00882,59,16.82,-19.62999,0.34023,60,-3.57,-20.58,0.15939,4,54,21.78,21.31,0.54323,53,50.27,21.38,0.01423,59,38.11,-28.37,0.0218,60,18.92,-25.44,0.42072,5,54,-26.12,18.01,0.00595,53,2.38,17.91,0.33874,31,24.21,17.86,0.12751,58,20.23,-12.13,0.35556,59,-7,-11.92,0.1722,2,59,55.51,8.2,0.01641,60,29.6,13.62,0.98358,2,54,42.1,66.51999,1.5E-4,60,49.45,13.6,0.99984],"hull":21}},"MON20059_DL_3":{"MON20059_DL_3":{"type":"weightedmesh","uvs":[1,0.3434,1,0.51168,1,0.66581,0.85547,0.78221,0.61342,0.90648,0.31203,1,0.18844,1,0,0.8814,0,0.74771,0.0941,0.64076,0.20763,0.50706,0.2272,0.34192,0.10816,0,0.37508,0,0.68153,0,0.63252,0.34344,0.62777,0.50858,0.44012,0.65644,0.26725,0.76026,0.18831,0.88609],"triangles":[4,5,19,7,19,6,5,6,19,19,18,4,4,18,3,18,19,8,19,7,8,18,17,3,8,9,18,18,9,17,3,17,2,17,16,2,16,1,2,9,10,17,17,10,16,16,15,1,15,0,1,10,11,16,16,11,15,11,13,15,15,14,0,15,13,14,11,12,13],"vertices":[2,7,26.07,12.99,0.36278,49,-0.27,13.22,0.63721,3,49,18.23,13.43,0.58691,50,-4.67999,12.61,0.40739,51,-22.05,12.63,0.00569,4,49,35.18999,13.63,0.01861,50,10.85,19.39,0.7257,51,-6.48,19.37,0.24242,52,-15.77,23.14,0.01324,3,50,24.61,19.87,0.26936,51,7.27,19.81,0.49812,52,-2.22,20.71999,0.23249,3,50,40.54,17.57,0.01007,51,23.18,17.46999,0.12482,52,12.86,15.13,0.86509,1,52,25.04,6.84,1,1,52,25.9,2.59999,1,1,52,14.42,-6.45,1,2,51,15.68,-9.17,0.5177,52,0.01,-9.37,0.48229,4,49,32.8,-18.1,0.00118,50,21.01,-10.77,0.25485,51,3.57,-10.82,0.74215,52,-12.17,-8.47999,0.0018,4,7,38.57,-17.61,0.00185,49,18.04,-14.3,0.326,50,5.94,-13.01,0.65262,51,-11.49,-13.01,0.0195,3,7,20.85,-13.54,0.57059,49,-0.12,-13.82,0.41723,50,-10.98,-19.65,0.01215,2,7,-16.86,-10.6,1,50,-43.8,-38.50999,0,2,7,-15.12,-1.42,1,50,-47.53,-29.95,0,1,7,-13.11,9.10999,1,2,7,23.67,0.36,0.5,49,-0.12,0.36,0.5,2,49,18.04,0.4,0.5,50,0.21,0.52999,0.5,2,50,17.75,1.01,0.5,51,0.35,0.97,0.5,2,51,13.23,-0.03,0.5,52,-0.49,0.06,0.5,1,52,13.62,0.1,1],"hull":15}},"MON20059_DL_4":{"MON20059_DL_4":{"type":"weightedmesh","uvs":[1,0.36609,0.67494,0.56463,0.4562,0.77114,0.5453,1,0.39702,1,0.23738,1,0,0.75209,0,0.49602,0.09596,0.24018,0.41211,0,0.8914,0,1,0,0.43749,0.32878,0.24713,0.55087,0.19387,0.75512],"triangles":[4,5,14,6,14,5,2,4,14,4,2,3,14,6,7,13,14,7,2,13,1,14,13,2,13,8,12,7,8,13,13,12,1,12,9,10,8,9,12,10,11,0,12,10,0,1,12,0],"vertices":[2,8,15.56,18.35,0.77243,43,-5.19999,19.04999,0.22756,3,8,33.93,15.8,0.08133,43,12.7,14.22,0.59118,44,0.33,14.65,0.32747,3,43,29.83,12.98,0.0034,44,16.54,8.95,0.34691,45,3.6,8.24,0.64968,1,45,21.01,7.37,1,1,45,19.89,2.46,1,1,45,18.68,-2.82,1,2,44,16.81,-6.61,0.56704,45,-1.23,-6.55,0.43295,2,43,16.31,-9,0.63633,44,-2.27,-8.71,0.36366,2,8,22.03,-13.14,0.62978,43,-2.72,-13,0.37021,1,8,1.07,-12.35,1,1,8,-6.75,1.93,1,2,8,-8.52,5.17,0.99999,43,-30.75,8.99,0,2,8,22.28,0.23,0.5,43,-0.8,0.23,0.5,2,43,17.06,0.31,0.5,44,0.89,0.08,0.5,2,44,16.32,-0.04,0.5,45,0.44,-0.18,0.5],"hull":12}},"MON20059_DL_5":{"MON20059_DL_5":{"type":"weightedmesh","uvs":[0.43816,0.1959,0.5655,0.32799,0.79981,0.49942,1,0.60059,1,0.86651,1,1,0.61134,1,0.321,0.70177,0.14272,0.48256,0.07259,0.2957,0,0,0.07168,0,0.158,0,0.26421,0.25591,0.36906,0.39894,0.56921,0.6156],"triangles":[8,13,14,8,9,13,14,0,1,14,13,0,10,11,9,9,11,13,11,12,13,13,12,0,7,14,15,7,8,14,14,1,15,15,1,2,6,4,5,7,15,6,6,15,4,15,2,4,2,3,4],"vertices":[1,42,10.2,-6.47,1,2,41,15.02,-7.46,0.41726,42,1.57,-7.36,0.58273,3,9,13.63,-10.07,0.37163,41,2.76,-9.64999,0.62833,42,-10.46,-10.57,3.0E-5,2,9,4.98,-10.87,0.91396,41,-5.36,-12.71,0.08603,1,9,-6.43,-0.5,1,1,9,-12.16,4.69999,1,1,9,-3.79,13.91,1,2,9,15.25,9.14999,0.51146,41,-0.77,9.31,0.48854,2,41,13.14,8.64999,0.71813,42,-1.64,8.54,0.28186,2,41,23.82,5.75,0.00374,42,9.24,6.54,0.99625,1,42,26.01,2.24,1,1,42,25.14,0.12,1,1,42,24.1,-2.43,1,1,42,9.07,0,1,2,41,14.19,0,0.5,42,0.12,0,0.5,2,9,13.6,-0.08,0.5,41,0.09,-0.02,0.5],"hull":13}},"MON20059_DL_6":{"MON20059_DL_6":{"x":0.47,"y":-0.95,"rotation":-175.76,"width":28,"height":13}},"MON20059_DL_7":{"MON20059_DL_7":{"x":6.59,"y":-3.03,"rotation":-179.98,"width":58,"height":27}},"MON20059_DL_8":{"MON20059_DL_8":{"x":38.2,"y":2.21,"rotation":-92.1,"width":79,"height":93}},"MON20059_DL_9":{"MON20059_DL_9":{"type":"weightedmesh","uvs":[0.72722,0.33505,0.82097,0.51539,1,0.69915,1,0.83679,0.70422,1,0.48353,1,0.31153,0.86592,0,0.70088,0,0.52614,0,0.33198,0,0,0.40822,0,0.80847,0,0.30421,0.33991,0.32821,0.52328,0.56822,0.70665,0.6338,0.84812],"triangles":[16,15,2,3,16,2,6,7,15,6,15,16,5,6,16,4,16,3,5,16,4,7,8,14,15,14,1,7,14,15,15,1,2,14,13,0,14,0,1,8,9,13,8,13,14,13,9,10,0,11,12,11,13,10,13,11,0],"vertices":[3,12,19.96999,10.22,0.49415,46,0.06,10.3,0.50449,47,-12.92,14.44,0.00133,3,46,16.18,11.94,0.41485,47,2.98,11.36,0.58512,48,-15.36,9.29,2.0E-5,2,47,19.84,10.10999,0.34132,48,1.5,10.45,0.65867,1,48,13.54,8.14999,1,1,48,26.48,-1.53,1,1,48,25.49,-6.73,1,2,47,28.51,-10.33,0.00818,48,12.99,-8.55,0.99181,2,47,12.19,-12.63,0.77262,48,-2.83,-13.15,0.22737,2,46,16.39,-7.77,0.60012,47,-2.51,-7.58,0.39987,2,12,21.42,-7.17,0.54026,46,-0.87,-7.12,0.45972,1,12,-7.98,-10.08,1,1,12,-8.93999,-0.33,1,1,12,-9.89,9.22,1,2,12,21.4,0.16,0.5,46,0.11,0.14,0.5,2,46,16.44,0.1,0.5,47,-0.19,-0.05,0.5,2,47,17.11,0.09,0.5,48,0.22,0.14,0.5,1,48,12.88,-0.66,1],"hull":13}},"fx_eye":{"fx/eye_00000":{"x":5.5,"y":-5.22,"scaleX":2,"scaleY":2,"rotation":-90.01,"width":32,"height":18}},"fx_line":{"fx/heixian_00001":{"scaleX":2,"scaleY":2,"rotation":-125.98,"width":46,"height":58},"fx/heixian_00002":{"scaleX":2,"scaleY":2,"rotation":-125.98,"width":46,"height":58},"fx/heixian_00003":{"scaleX":2,"scaleY":2,"rotation":-125.98,"width":46,"height":58},"fx/heixian_00004":{"scaleX":2,"scaleY":2,"rotation":-125.98,"width":46,"height":58},"fx/heixian_00005":{"scaleX":2,"scaleY":2,"rotation":-125.98,"width":46,"height":58},"fx/heixian_00006":{"scaleX":2,"scaleY":2,"rotation":-125.98,"width":46,"height":58},"fx/heixian_00007":{"scaleX":2,"scaleY":2,"rotation":-125.98,"width":46,"height":58},"fx/heixian_00008":{"scaleX":2,"scaleY":2,"rotation":-125.98,"width":46,"height":58},"fx/heixian_00009":{"scaleX":2,"scaleY":2,"rotation":-125.98,"width":46,"height":58}},"fx_line2":{"fx/heixian_00001":{"scaleX":2,"scaleY":2,"rotation":-125.98,"width":46,"height":58},"fx/heixian_00002":{"scaleX":2,"scaleY":2,"rotation":-125.98,"width":46,"height":58},"fx/heixian_00003":{"scaleX":2,"scaleY":2,"rotation":-125.98,"width":46,"height":58},"fx/heixian_00004":{"scaleX":2,"scaleY":2,"rotation":-125.98,"width":46,"height":58},"fx/heixian_00005":{"scaleX":2,"scaleY":2,"rotation":-125.98,"width":46,"height":58},"fx/heixian_00006":{"scaleX":2,"scaleY":2,"rotation":-125.98,"width":46,"height":58},"fx/heixian_00007":{"scaleX":2,"scaleY":2,"rotation":-125.98,"width":46,"height":58},"fx/heixian_00008":{"scaleX":2,"scaleY":2,"rotation":-125.98,"width":46,"height":58},"fx/heixian_00009":{"scaleX":2,"scaleY":2,"rotation":-125.98,"width":46,"height":58}},"fx_xdd":{"fx/xxdd_00000":{"rotation":132.67,"width":42,"height":55},"fx/xxdd_00001":{"rotation":132.67,"width":42,"height":55},"fx/xxdd_00002":{"rotation":132.67,"width":42,"height":55},"fx/xxdd_00003":{"rotation":132.67,"width":42,"height":55},"fx/xxdd_00004":{"rotation":132.67,"width":42,"height":55},"fx/xxdd_00005":{"rotation":132.67,"width":42,"height":55},"fx/xxdd_00006":{"rotation":132.67,"width":42,"height":55},"fx/xxdd_00007":{"rotation":132.67,"width":42,"height":55},"fx/xxdd_00008":{"rotation":132.67,"width":42,"height":55},"fx/xxdd_00009":{"rotation":132.67,"width":42,"height":55},"fx/xxdd_00010":{"rotation":132.67,"width":42,"height":55},"fx/xxdd_00011":{"rotation":132.67,"width":42,"height":55},"fx/xxdd_00012":{"rotation":132.67,"width":42,"height":55},"fx/xxdd_00013":{"rotation":132.67,"width":42,"height":55},"fx/xxdd_00014":{"rotation":132.67,"width":42,"height":55},"fx/xxdd_00015":{"rotation":132.67,"width":42,"height":55},"fx/xxdd_00016":{"rotation":132.67,"width":42,"height":55},"fx/xxdd_00017":{"rotation":132.67,"width":42,"height":55},"fx/xxdd_00018":{"rotation":132.67,"width":42,"height":55},"fx/xxdd_00019":{"rotation":132.67,"width":42,"height":55},"fx/xxdd_00020":{"rotation":132.67,"width":42,"height":55},"fx/xxdd_00021":{"rotation":132.67,"width":42,"height":55},"fx/xxdd_00022":{"rotation":132.67,"width":42,"height":55},"fx/xxdd_00023":{"rotation":132.67,"width":42,"height":55},"fx/xxdd_00024":{"rotation":132.67,"width":42,"height":55},"fx/xxdd_00025":{"rotation":132.67,"width":42,"height":55},"fx/xxdd_00026":{"rotation":132.67,"width":42,"height":55},"fx/xxdd_00027":{"rotation":132.67,"width":42,"height":55},"fx/xxdd_00028":{"rotation":132.67,"width":42,"height":55},"fx/xxdd_00029":{"scaleX":0.988,"scaleY":0.988,"rotation":132.67,"width":42,"height":55}},"fx_xdd2":{"fx/xxdd_00000":{"rotation":132.67,"width":42,"height":55},"fx/xxdd_00001":{"rotation":132.67,"width":42,"height":55},"fx/xxdd_00002":{"rotation":132.67,"width":42,"height":55},"fx/xxdd_00003":{"rotation":132.67,"width":42,"height":55},"fx/xxdd_00004":{"rotation":132.67,"width":42,"height":55},"fx/xxdd_00005":{"rotation":132.67,"width":42,"height":55},"fx/xxdd_00006":{"rotation":132.67,"width":42,"height":55},"fx/xxdd_00007":{"rotation":132.67,"width":42,"height":55},"fx/xxdd_00008":{"rotation":132.67,"width":42,"height":55},"fx/xxdd_00009":{"rotation":132.67,"width":42,"height":55},"fx/xxdd_00010":{"rotation":132.67,"width":42,"height":55},"fx/xxdd_00011":{"rotation":132.67,"width":42,"height":55},"fx/xxdd_00012":{"rotation":132.67,"width":42,"height":55},"fx/xxdd_00013":{"rotation":132.67,"width":42,"height":55},"fx/xxdd_00014":{"rotation":132.67,"width":42,"height":55},"fx/xxdd_00015":{"rotation":132.67,"width":42,"height":55},"fx/xxdd_00016":{"rotation":132.67,"width":42,"height":55},"fx/xxdd_00017":{"rotation":132.67,"width":42,"height":55},"fx/xxdd_00018":{"rotation":132.67,"width":42,"height":55},"fx/xxdd_00019":{"rotation":132.67,"width":42,"height":55},"fx/xxdd_00020":{"rotation":132.67,"width":42,"height":55},"fx/xxdd_00021":{"rotation":132.67,"width":42,"height":55},"fx/xxdd_00022":{"rotation":132.67,"width":42,"height":55},"fx/xxdd_00023":{"rotation":132.67,"width":42,"height":55},"fx/xxdd_00024":{"rotation":132.67,"width":42,"height":55},"fx/xxdd_00025":{"rotation":132.67,"width":42,"height":55},"fx/xxdd_00026":{"rotation":132.67,"width":42,"height":55},"fx/xxdd_00027":{"rotation":132.67,"width":42,"height":55},"fx/xxdd_00028":{"rotation":132.67,"width":42,"height":55},"fx/xxdd_00029":{"rotation":132.67,"width":42,"height":55}},"shadow":{"shadow":{"x":-2.75,"y":1.35,"scaleX":1.8,"scaleY":1.8,"width":85,"height":42}}}},"animations":{"wait_DL":{"slots":{"MON20059_DL_7":{"attachment":[{"time":0,"name":null},{"time":1.8,"name":"MON20059_DL_7"},{"time":1.9333,"name":null},{"time":2,"name":null}]},"fx_eye":{"color":[{"time":0,"color":"ffffff7f"},{"time":0.6666,"color":"ffffff00","curve":"stepped"},{"time":1.3333,"color":"ffffff00"},{"time":2,"color":"ffffff7f"}]},"fx_line":{"attachment":[{"time":0,"name":null},{"time":0.1666,"name":"fx/heixian_00001"},{"time":0.2333,"name":"fx/heixian_00002"},{"time":0.3,"name":"fx/heixian_00003"},{"time":0.3666,"name":"fx/heixian_00004"},{"time":0.4333,"name":"fx/heixian_00005"},{"time":0.5,"name":"fx/heixian_00006"},{"time":0.5666,"name":"fx/heixian_00007"},{"time":0.6333,"name":"fx/heixian_00008"},{"time":0.7,"name":"fx/heixian_00009"},{"time":0.7666,"name":null},{"time":2,"name":null}]},"fx_line2":{"attachment":[{"time":0,"name":null},{"time":0.5,"name":"fx/heixian_00001"},{"time":0.5666,"name":"fx/heixian_00002"},{"time":0.6333,"name":"fx/heixian_00003"},{"time":0.7,"name":"fx/heixian_00004"},{"time":0.7666,"name":"fx/heixian_00005"},{"time":0.8333,"name":"fx/heixian_00006"},{"time":0.9,"name":"fx/heixian_00007"},{"time":0.9666,"name":"fx/heixian_00008"},{"time":1.0333,"name":"fx/heixian_00009"},{"time":1.1,"name":null},{"time":2,"name":null}]},"fx_xdd":{"attachment":[{"time":0,"name":"fx/xxdd_00000"},{"time":0.0333,"name":"fx/xxdd_00001"},{"time":0.0666,"name":"fx/xxdd_00002"},{"time":0.1,"name":"fx/xxdd_00003"},{"time":0.1333,"name":"fx/xxdd_00004"},{"time":0.1666,"name":"fx/xxdd_00005"},{"time":0.2,"name":"fx/xxdd_00006"},{"time":0.2333,"name":"fx/xxdd_00007"},{"time":0.2666,"name":"fx/xxdd_00008"},{"time":0.3,"name":"fx/xxdd_00009"},{"time":0.3333,"name":"fx/xxdd_00010"},{"time":0.3666,"name":"fx/xxdd_00011"},{"time":0.4,"name":"fx/xxdd_00012"},{"time":0.4333,"name":"fx/xxdd_00013"},{"time":0.4666,"name":"fx/xxdd_00014"},{"time":0.5,"name":"fx/xxdd_00015"},{"time":0.5333,"name":"fx/xxdd_00016"},{"time":0.5666,"name":"fx/xxdd_00017"},{"time":0.6,"name":"fx/xxdd_00018"},{"time":0.6333,"name":"fx/xxdd_00019"},{"time":0.6666,"name":"fx/xxdd_00020"},{"time":0.7,"name":"fx/xxdd_00021"},{"time":0.7333,"name":"fx/xxdd_00022"},{"time":0.7666,"name":"fx/xxdd_00023"},{"time":0.8,"name":"fx/xxdd_00024"},{"time":0.8333,"name":"fx/xxdd_00025"},{"time":0.8666,"name":"fx/xxdd_00026"},{"time":0.9,"name":"fx/xxdd_00027"},{"time":0.9333,"name":"fx/xxdd_00028"},{"time":0.9666,"name":"fx/xxdd_00029"},{"time":1,"name":"fx/xxdd_00000"},{"time":1.0333,"name":"fx/xxdd_00001"},{"time":1.0666,"name":"fx/xxdd_00002"},{"time":1.1,"name":"fx/xxdd_00003"},{"time":1.1333,"name":"fx/xxdd_00004"},{"time":1.1666,"name":"fx/xxdd_00005"},{"time":1.2,"name":"fx/xxdd_00006"},{"time":1.2333,"name":"fx/xxdd_00007"},{"time":1.2666,"name":"fx/xxdd_00008"},{"time":1.3,"name":"fx/xxdd_00009"},{"time":1.3333,"name":"fx/xxdd_00010"},{"time":1.3666,"name":"fx/xxdd_00011"},{"time":1.4,"name":"fx/xxdd_00012"},{"time":1.4333,"name":"fx/xxdd_00013"},{"time":1.4666,"name":"fx/xxdd_00014"},{"time":1.5,"name":"fx/xxdd_00015"},{"time":1.5333,"name":"fx/xxdd_00016"},{"time":1.5666,"name":"fx/xxdd_00017"},{"time":1.6,"name":"fx/xxdd_00018"},{"time":1.6333,"name":"fx/xxdd_00019"},{"time":1.6666,"name":"fx/xxdd_00020"},{"time":1.7,"name":"fx/xxdd_00021"},{"time":1.7333,"name":"fx/xxdd_00022"},{"time":1.7666,"name":"fx/xxdd_00023"},{"time":1.8,"name":"fx/xxdd_00024"},{"time":1.8333,"name":"fx/xxdd_00025"},{"time":1.8666,"name":"fx/xxdd_00026"},{"time":1.9,"name":"fx/xxdd_00027"},{"time":1.9333,"name":"fx/xxdd_00028"},{"time":1.9666,"name":"fx/xxdd_00029"},{"time":2,"name":"fx/xxdd_00000"}]},"fx_xdd2":{"attachment":[{"time":0,"name":"fx/xxdd_00000"},{"time":0.0333,"name":"fx/xxdd_00001"},{"time":0.0666,"name":"fx/xxdd_00002"},{"time":0.1,"name":"fx/xxdd_00003"},{"time":0.1333,"name":"fx/xxdd_00004"},{"time":0.1666,"name":"fx/xxdd_00005"},{"time":0.2,"name":"fx/xxdd_00006"},{"time":0.2333,"name":"fx/xxdd_00007"},{"time":0.2666,"name":"fx/xxdd_00008"},{"time":0.3,"name":"fx/xxdd_00009"},{"time":0.3333,"name":"fx/xxdd_00010"},{"time":0.3666,"name":"fx/xxdd_00011"},{"time":0.4,"name":"fx/xxdd_00012"},{"time":0.4333,"name":"fx/xxdd_00013"},{"time":0.4666,"name":"fx/xxdd_00014"},{"time":0.5,"name":"fx/xxdd_00015"},{"time":0.5333,"name":"fx/xxdd_00016"},{"time":0.5666,"name":"fx/xxdd_00017"},{"time":0.6,"name":"fx/xxdd_00018"},{"time":0.6333,"name":"fx/xxdd_00019"},{"time":0.6666,"name":"fx/xxdd_00020"},{"time":0.7,"name":"fx/xxdd_00021"},{"time":0.7333,"name":"fx/xxdd_00022"},{"time":0.7666,"name":"fx/xxdd_00023"},{"time":0.8,"name":"fx/xxdd_00024"},{"time":0.8333,"name":"fx/xxdd_00025"},{"time":0.8666,"name":"fx/xxdd_00026"},{"time":0.9,"name":"fx/xxdd_00027"},{"time":0.9333,"name":"fx/xxdd_00028"},{"time":0.9666,"name":"fx/xxdd_00029"},{"time":1,"name":"fx/xxdd_00000"},{"time":1.0333,"name":"fx/xxdd_00001"},{"time":1.0666,"name":"fx/xxdd_00002"},{"time":1.1,"name":"fx/xxdd_00003"},{"time":1.1333,"name":"fx/xxdd_00004"},{"time":1.1666,"name":"fx/xxdd_00005"},{"time":1.2,"name":"fx/xxdd_00006"},{"time":1.2333,"name":"fx/xxdd_00007"},{"time":1.2666,"name":"fx/xxdd_00008"},{"time":1.3,"name":"fx/xxdd_00009"},{"time":1.3333,"name":"fx/xxdd_00010"},{"time":1.3666,"name":"fx/xxdd_00011"},{"time":1.4,"name":"fx/xxdd_00012"},{"time":1.4333,"name":"fx/xxdd_00013"},{"time":1.4666,"name":"fx/xxdd_00014"},{"time":1.5,"name":"fx/xxdd_00015"},{"time":1.5333,"name":"fx/xxdd_00016"},{"time":1.5666,"name":"fx/xxdd_00017"},{"time":1.6,"name":"fx/xxdd_00018"},{"time":1.6333,"name":"fx/xxdd_00019"},{"time":1.6666,"name":"fx/xxdd_00020"},{"time":1.7,"name":"fx/xxdd_00021"},{"time":1.7333,"name":"fx/xxdd_00022"},{"time":1.7666,"name":"fx/xxdd_00023"},{"time":1.8,"name":"fx/xxdd_00024"},{"time":1.8333,"name":"fx/xxdd_00025"},{"time":1.8666,"name":"fx/xxdd_00026"},{"time":1.9,"name":"fx/xxdd_00027"},{"time":1.9333,"name":"fx/xxdd_00028"},{"time":1.9666,"name":"fx/xxdd_00029"},{"time":2,"name":"fx/xxdd_00000"}]}},"bones":{"bone":{"rotate":[{"time":0,"angle":0,"curve":"stepped"},{"time":0.5,"angle":0,"curve":"stepped"},{"time":1,"angle":0,"curve":"stepped"},{"time":1.5,"angle":0,"curve":"stepped"},{"time":2,"angle":0}],"translate":[{"time":0,"x":0,"y":0},{"time":0.5,"x":0,"y":-2.62},{"time":1,"x":0,"y":0},{"time":1.5,"x":0,"y":-2.62},{"time":2,"x":0,"y":0}],"scale":[{"time":0,"x":1,"y":1},{"time":0.5,"x":1.015,"y":0.962},{"time":1,"x":1,"y":1},{"time":1.5,"x":1.015,"y":0.962},{"time":2,"x":1,"y":1}]},"MON20059_DL_16":{"rotate":[{"time":0,"angle":0,"curve":"stepped"},{"time":0.5,"angle":0,"curve":"stepped"},{"time":1,"angle":0,"curve":"stepped"},{"time":1.5,"angle":0,"curve":"stepped"},{"time":2,"angle":0}],"translate":[{"time":0,"x":0,"y":0},{"time":0.5,"x":0,"y":-5.55},{"time":1,"x":0,"y":0},{"time":1.5,"x":0,"y":-5.55},{"time":2,"x":0,"y":0}],"scale":[{"time":0,"x":1,"y":1,"curve":"stepped"},{"time":0.5,"x":1,"y":1,"curve":"stepped"},{"time":1,"x":1,"y":1,"curve":"stepped"},{"time":1.5,"x":1,"y":1,"curve":"stepped"},{"time":2,"x":1,"y":1}]},"bone2":{"rotate":[{"time":0,"angle":0,"curve":"stepped"},{"time":0.5,"angle":0,"curve":"stepped"},{"time":1,"angle":0,"curve":"stepped"},{"time":1.5,"angle":0,"curve":"stepped"},{"time":2,"angle":0}],"translate":[{"time":0,"x":0,"y":0,"curve":"stepped"},{"time":0.5,"x":0,"y":0,"curve":"stepped"},{"time":1,"x":0,"y":0,"curve":"stepped"},{"time":1.5,"x":0,"y":0,"curve":"stepped"},{"time":2,"x":0,"y":0}],"scale":[{"time":0,"x":1,"y":1,"curve":"stepped"},{"time":0.5,"x":1,"y":1,"curve":"stepped"},{"time":1,"x":1,"y":1,"curve":"stepped"},{"time":1.5,"x":1,"y":1,"curve":"stepped"},{"time":2,"x":1,"y":1}]},"bone3":{"rotate":[{"time":0,"angle":0,"curve":"stepped"},{"time":0.5,"angle":0,"curve":"stepped"},{"time":1,"angle":0,"curve":"stepped"},{"time":1.5,"angle":0,"curve":"stepped"},{"time":2,"angle":0}],"translate":[{"time":0,"x":0,"y":0},{"time":0.5,"x":0,"y":-2.43},{"time":1,"x":0,"y":0},{"time":1.5,"x":0,"y":-2.43},{"time":2,"x":0,"y":0}],"scale":[{"time":0,"x":1,"y":1,"curve":"stepped"},{"time":0.5,"x":1,"y":1,"curve":"stepped"},{"time":1,"x":1,"y":1,"curve":"stepped"},{"time":1.5,"x":1,"y":1,"curve":"stepped"},{"time":2,"x":1,"y":1}]},"MON20059_DL_22":{"rotate":[{"time":0,"angle":0},{"time":0.5,"angle":-3.94},{"time":1,"angle":0},{"time":1.5,"angle":-3.94},{"time":2,"angle":0}],"translate":[{"time":0,"x":0,"y":0,"curve":"stepped"},{"time":0.5,"x":0,"y":0,"curve":"stepped"},{"time":1,"x":0,"y":0,"curve":"stepped"},{"time":1.5,"x":0,"y":0,"curve":"stepped"},{"time":2,"x":0,"y":0}],"scale":[{"time":0,"x":1,"y":1,"curve":"stepped"},{"time":0.5,"x":1,"y":1,"curve":"stepped"},{"time":1,"x":1,"y":1,"curve":"stepped"},{"time":1.5,"x":1,"y":1,"curve":"stepped"},{"time":2,"x":1,"y":1}]},"MON20059_DL_20":{"rotate":[{"time":0,"angle":0},{"time":0.5,"angle":6.22},{"time":1,"angle":0},{"time":1.5,"angle":6.22},{"time":2,"angle":0}],"translate":[{"time":0,"x":0,"y":0,"curve":"stepped"},{"time":0.5,"x":0,"y":0,"curve":"stepped"},{"time":1,"x":0,"y":0,"curve":"stepped"},{"time":1.5,"x":0,"y":0,"curve":"stepped"},{"time":2,"x":0,"y":0}],"scale":[{"time":0,"x":1,"y":1,"curve":"stepped"},{"time":0.5,"x":1,"y":1,"curve":"stepped"},{"time":1,"x":1,"y":1,"curve":"stepped"},{"time":1.5,"x":1,"y":1,"curve":"stepped"},{"time":2,"x":1,"y":1}]},"MON20059_DL_21":{"rotate":[{"time":0,"angle":0},{"time":0.5,"angle":1.05},{"time":1,"angle":0},{"time":1.5,"angle":1.05},{"time":2,"angle":0}],"translate":[{"time":0,"x":0,"y":0,"curve":"stepped"},{"time":0.5,"x":0,"y":0,"curve":"stepped"},{"time":1,"x":0,"y":0,"curve":"stepped"},{"time":1.5,"x":0,"y":0,"curve":"stepped"},{"time":2,"x":0,"y":0}],"scale":[{"time":0,"x":1,"y":1,"curve":"stepped"},{"time":0.5,"x":1,"y":1,"curve":"stepped"},{"time":1,"x":1,"y":1,"curve":"stepped"},{"time":1.5,"x":1,"y":1,"curve":"stepped"},{"time":2,"x":1,"y":1}]},"MON20059_DL_19":{"rotate":[{"time":0,"angle":0},{"time":0.5,"angle":-2.81},{"time":1,"angle":0},{"time":1.5,"angle":-2.81},{"time":2,"angle":0}],"translate":[{"time":0,"x":0,"y":0},{"time":0.5,"x":2.4,"y":0},{"time":1,"x":0,"y":0},{"time":1.5,"x":2.4,"y":0},{"time":2,"x":0,"y":0}],"scale":[{"time":0,"x":1,"y":1,"curve":"stepped"},{"time":0.5,"x":1,"y":1,"curve":"stepped"},{"time":1,"x":1,"y":1,"curve":"stepped"},{"time":1.5,"x":1,"y":1,"curve":"stepped"},{"time":2,"x":1,"y":1}]},"MON20059_DL_17":{"rotate":[{"time":0,"angle":0},{"time":0.5,"angle":7.61},{"time":1,"angle":0},{"time":1.5,"angle":7.61},{"time":2,"angle":0}],"translate":[{"time":0,"x":0,"y":0},{"time":0.5,"x":-4.38,"y":-0.93},{"time":1,"x":0,"y":0},{"time":1.5,"x":-4.38,"y":-0.93},{"time":2,"x":0,"y":0}],"scale":[{"time":0,"x":1,"y":1,"curve":"stepped"},{"time":0.5,"x":1,"y":1,"curve":"stepped"},{"time":1,"x":1,"y":1,"curve":"stepped"},{"time":1.5,"x":1,"y":1,"curve":"stepped"},{"time":2,"x":1,"y":1}]},"MON20059_DL_18":{"rotate":[{"time":0,"angle":0},{"time":0.5,"angle":-5.51},{"time":1,"angle":0},{"time":1.5,"angle":-5.51},{"time":2,"angle":0}],"translate":[{"time":0,"x":0,"y":0,"curve":"stepped"},{"time":0.5,"x":0,"y":0,"curve":"stepped"},{"time":1,"x":0,"y":0,"curve":"stepped"},{"time":1.5,"x":0,"y":0,"curve":"stepped"},{"time":2,"x":0,"y":0}],"scale":[{"time":0,"x":1,"y":1,"curve":"stepped"},{"time":0.5,"x":1,"y":1,"curve":"stepped"},{"time":1,"x":1,"y":1,"curve":"stepped"},{"time":1.5,"x":1,"y":1,"curve":"stepped"},{"time":2,"x":1,"y":1}]},"MON20059_DL_15":{"rotate":[{"time":0,"angle":0,"curve":"stepped"},{"time":0.3333,"angle":0,"curve":"stepped"},{"time":0.6666,"angle":0,"curve":"stepped"},{"time":1,"angle":0,"curve":"stepped"},{"time":1.3333,"angle":0,"curve":"stepped"},{"time":1.6666,"angle":0,"curve":"stepped"},{"time":2,"angle":0}],"translate":[{"time":0,"x":0,"y":0},{"time":0.3333,"x":0.9,"y":0.34},{"time":0.6666,"x":-1.91,"y":-0.68},{"time":1,"x":0,"y":0},{"time":1.3333,"x":0.9,"y":0.34},{"time":1.6666,"x":-1.91,"y":-0.68},{"time":2,"x":0,"y":0}],"scale":[{"time":0,"x":1,"y":1},{"time":0.3333,"x":1.147,"y":0.949},{"time":0.6666,"x":0.889,"y":1.086},{"time":1,"x":1,"y":1},{"time":1.3333,"x":1.147,"y":0.949},{"time":1.6666,"x":0.889,"y":1.086},{"time":2,"x":1,"y":1}]},"MON20059_DL_14":{"rotate":[{"time":0,"angle":0,"curve":"stepped"},{"time":0.3333,"angle":0,"curve":"stepped"},{"time":0.6666,"angle":0,"curve":"stepped"},{"time":1,"angle":0,"curve":"stepped"},{"time":1.3333,"angle":0,"curve":"stepped"},{"time":1.6666,"angle":0,"curve":"stepped"},{"time":2,"angle":0}],"translate":[{"time":0,"x":0,"y":0},{"time":0.3333,"x":0.94,"y":-2.95},{"time":0.6666,"x":-1.94,"y":0.96},{"time":1,"x":0,"y":0},{"time":1.3333,"x":0.94,"y":-2.95},{"time":1.6666,"x":-1.94,"y":0.96},{"time":2,"x":0,"y":0}],"scale":[{"time":0,"x":1,"y":1},{"time":0.3333,"x":1.147,"y":0.949},{"time":0.6666,"x":0.889,"y":1.086},{"time":1,"x":1,"y":1},{"time":1.3333,"x":1.147,"y":0.949},{"time":1.6666,"x":0.889,"y":1.086},{"time":2,"x":1,"y":1}]},"MON20059_DL_13":{"rotate":[{"time":0,"angle":0},{"time":0.1666,"angle":4.75},{"time":0.5,"angle":-3.96},{"time":0.6666,"angle":-4.85},{"time":1,"angle":0},{"time":1.1666,"angle":4.75},{"time":1.5,"angle":-3.96},{"time":1.6666,"angle":-4.85},{"time":2,"angle":0}],"translate":[{"time":0,"x":0,"y":0},{"time":0.5,"x":-5.54,"y":-0.07},{"time":1,"x":0,"y":0},{"time":1.5,"x":-5.54,"y":-0.07},{"time":2,"x":0,"y":0}],"scale":[{"time":0,"x":1,"y":1,"curve":"stepped"},{"time":0.5,"x":1,"y":1,"curve":"stepped"},{"time":1,"x":1,"y":1,"curve":"stepped"},{"time":1.5,"x":1,"y":1,"curve":"stepped"},{"time":2,"x":1,"y":1}]},"MON20059_DL_12":{"rotate":[{"time":0,"angle":0},{"time":0.1666,"angle":7.22},{"time":0.5,"angle":-3.89},{"time":0.6666,"angle":-7.7},{"time":1,"angle":0},{"time":1.1666,"angle":7.22},{"time":1.5,"angle":-3.89},{"time":1.6666,"angle":-7.7},{"time":2,"angle":0}],"translate":[{"time":0,"x":0,"y":0,"curve":"stepped"},{"time":0.5,"x":0,"y":0,"curve":"stepped"},{"time":1,"x":0,"y":0,"curve":"stepped"},{"time":1.5,"x":0,"y":0,"curve":"stepped"},{"time":2,"x":0,"y":0}],"scale":[{"time":0,"x":1,"y":1,"curve":"stepped"},{"time":0.5,"x":1,"y":1,"curve":"stepped"},{"time":1,"x":1,"y":1,"curve":"stepped"},{"time":1.5,"x":1,"y":1,"curve":"stepped"},{"time":2,"x":1,"y":1}]},"MON20059_DL_11":{"rotate":[{"time":0,"angle":0},{"time":0.1666,"angle":2.48},{"time":0.5,"angle":-9.19},{"time":0.6666,"angle":-12.11},{"time":1,"angle":0},{"time":1.1666,"angle":2.48},{"time":1.5,"angle":-9.19},{"time":1.6666,"angle":-12.11},{"time":2,"angle":0}],"translate":[{"time":0,"x":0,"y":0,"curve":"stepped"},{"time":0.5,"x":0,"y":0,"curve":"stepped"},{"time":1,"x":0,"y":0,"curve":"stepped"},{"time":1.5,"x":0,"y":0,"curve":"stepped"},{"time":2,"x":0,"y":0}],"scale":[{"time":0,"x":1,"y":1,"curve":"stepped"},{"time":0.5,"x":1,"y":1,"curve":"stepped"},{"time":1,"x":1,"y":1,"curve":"stepped"},{"time":1.5,"x":1,"y":1,"curve":"stepped"},{"time":2,"x":1,"y":1}]},"MON20059_DL_26":{"rotate":[{"time":0,"angle":0},{"time":0.1666,"angle":-4.85},{"time":0.5,"angle":2.81},{"time":0.6666,"angle":5.53},{"time":1,"angle":0},{"time":1.1666,"angle":-4.85},{"time":1.5,"angle":2.81},{"time":1.6666,"angle":5.53},{"time":2,"angle":0}],"translate":[{"time":0,"x":0,"y":0},{"time":0.5,"x":-5.54,"y":-0.07},{"time":1,"x":0,"y":0},{"time":1.5,"x":-5.54,"y":-0.07},{"time":2,"x":0,"y":0}],"scale":[{"time":0,"x":1,"y":1,"curve":"stepped"},{"time":0.5,"x":1,"y":1,"curve":"stepped"},{"time":1,"x":1,"y":1,"curve":"stepped"},{"time":1.5,"x":1,"y":1,"curve":"stepped"},{"time":2,"x":1,"y":1}]},"MON20059_DL_25":{"rotate":[{"time":0,"angle":0},{"time":0.1666,"angle":-4.02},{"time":0.5,"angle":5.32},{"time":0.6666,"angle":7.84},{"time":1,"angle":0},{"time":1.1666,"angle":-4.02},{"time":1.5,"angle":5.32},{"time":1.6666,"angle":7.84},{"time":2,"angle":0}],"translate":[{"time":0,"x":0,"y":0,"curve":"stepped"},{"time":0.5,"x":0,"y":0,"curve":"stepped"},{"time":1,"x":0,"y":0,"curve":"stepped"},{"time":1.5,"x":0,"y":0,"curve":"stepped"},{"time":2,"x":0,"y":0}],"scale":[{"time":0,"x":1,"y":1,"curve":"stepped"},{"time":0.5,"x":1,"y":1,"curve":"stepped"},{"time":1,"x":1,"y":1,"curve":"stepped"},{"time":1.5,"x":1,"y":1,"curve":"stepped"},{"time":2,"x":1,"y":1}]},"MON20059_DL_24":{"rotate":[{"time":0,"angle":0},{"time":0.1666,"angle":-2.2},{"time":0.5,"angle":2.39},{"time":0.6666,"angle":2.5},{"time":1,"angle":0},{"time":1.1666,"angle":-2.2},{"time":1.5,"angle":2.39},{"time":1.6666,"angle":2.5},{"time":2,"angle":0}],"translate":[{"time":0,"x":0,"y":0,"curve":"stepped"},{"time":0.5,"x":0,"y":0,"curve":"stepped"},{"time":1,"x":0,"y":0,"curve":"stepped"},{"time":1.5,"x":0,"y":0,"curve":"stepped"},{"time":2,"x":0,"y":0}],"scale":[{"time":0,"x":1,"y":1,"curve":"stepped"},{"time":0.5,"x":1,"y":1,"curve":"stepped"},{"time":1,"x":1,"y":1,"curve":"stepped"},{"time":1.5,"x":1,"y":1,"curve":"stepped"},{"time":2,"x":1,"y":1}]},"MON20059_DL_10":{"rotate":[{"time":0,"angle":0},{"time":0.1666,"angle":7.08},{"time":0.5,"angle":6.69},{"time":1,"angle":0},{"time":1.1666,"angle":7.08},{"time":1.5,"angle":6.69},{"time":2,"angle":0}],"translate":[{"time":0,"x":0,"y":0},{"time":0.5,"x":-2.89,"y":-0.03},{"time":1,"x":0,"y":0},{"time":1.5,"x":-2.89,"y":-0.03},{"time":2,"x":0,"y":0}],"scale":[{"time":0,"x":1,"y":1,"curve":"stepped"},{"time":0.5,"x":1,"y":1,"curve":"stepped"},{"time":1,"x":1,"y":1,"curve":"stepped"},{"time":1.5,"x":1,"y":1,"curve":"stepped"},{"time":2,"x":1,"y":1}]},"bone4":{"rotate":[{"time":0,"angle":0},{"time":0.1666,"angle":-16.54},{"time":0.5,"angle":9.28},{"time":0.8,"angle":-6.58},{"time":1,"angle":0},{"time":1.1666,"angle":-16.54},{"time":1.5,"angle":9.28},{"time":1.8,"angle":-6.58},{"time":2,"angle":0}],"translate":[{"time":0,"x":0,"y":0},{"time":0.1666,"x":-0.58,"y":1.33},{"time":0.5,"x":0,"y":0},{"time":0.6666,"x":0.06,"y":-2.13},{"time":1,"x":0,"y":0},{"time":1.1666,"x":-0.58,"y":1.33},{"time":1.5,"x":0,"y":0},{"time":1.6666,"x":0.06,"y":-2.13},{"time":2,"x":0,"y":0}],"scale":[{"time":0,"x":1,"y":1,"curve":"stepped"},{"time":0.5,"x":1,"y":1,"curve":"stepped"},{"time":1,"x":1,"y":1,"curve":"stepped"},{"time":1.5,"x":1,"y":1,"curve":"stepped"},{"time":2,"x":1,"y":1}]},"MON20059_DL_23":{"rotate":[{"time":0,"angle":0},{"time":0.1666,"angle":-4.61},{"time":0.5,"angle":3.65},{"time":0.6666,"angle":4.7},{"time":1,"angle":0},{"time":1.1666,"angle":-4.61},{"time":1.5,"angle":3.65},{"time":1.6666,"angle":4.7},{"time":2,"angle":0}],"translate":[{"time":0,"x":0,"y":0},{"time":0.5,"x":-2.89,"y":-0.03},{"time":1,"x":0,"y":0},{"time":1.5,"x":-2.89,"y":-0.03},{"time":2,"x":0,"y":0}],"scale":[{"time":0,"x":1,"y":1,"curve":"stepped"},{"time":0.5,"x":1,"y":1,"curve":"stepped"},{"time":1,"x":1,"y":1,"curve":"stepped"},{"time":1.5,"x":1,"y":1,"curve":"stepped"},{"time":2,"x":1,"y":1}]},"bone5":{"rotate":[{"time":0,"angle":0},{"time":0.1666,"angle":8.97},{"time":0.5,"angle":-5.59},{"time":0.6666,"angle":9.93},{"time":1,"angle":0},{"time":1.1666,"angle":8.97},{"time":1.5,"angle":-5.59},{"time":1.6666,"angle":9.93},{"time":2,"angle":0}],"translate":[{"time":0,"x":0,"y":0,"curve":"stepped"},{"time":0.5,"x":0,"y":0,"curve":"stepped"},{"time":1,"x":0,"y":0,"curve":"stepped"},{"time":1.5,"x":0,"y":0,"curve":"stepped"},{"time":2,"x":0,"y":0}],"scale":[{"time":0,"x":1,"y":1,"curve":"stepped"},{"time":0.5,"x":1,"y":1,"curve":"stepped"},{"time":1,"x":1,"y":1,"curve":"stepped"},{"time":1.5,"x":1,"y":1,"curve":"stepped"},{"time":2,"x":1,"y":1}]},"MON20059_DL_8":{"rotate":[{"time":0,"angle":0,"curve":"stepped"},{"time":0.5,"angle":0,"curve":"stepped"},{"time":1,"angle":0,"curve":"stepped"},{"time":1.5,"angle":0,"curve":"stepped"},{"time":2,"angle":0}],"translate":[{"time":0,"x":0,"y":0},{"time":0.5,"x":-3.34,"y":-0.04},{"time":1,"x":0,"y":0},{"time":1.5,"x":-3.34,"y":-0.04},{"time":2,"x":0,"y":0}],"scale":[{"time":0,"x":1,"y":1,"curve":"stepped"},{"time":0.5,"x":1,"y":1,"curve":"stepped"},{"time":1,"x":1,"y":1,"curve":"stepped"},{"time":1.5,"x":1,"y":1,"curve":"stepped"},{"time":2,"x":1,"y":1}]},"MON20059_DL_7":{"rotate":[{"time":0,"angle":0,"curve":"stepped"},{"time":0.5,"angle":0,"curve":"stepped"},{"time":1,"angle":0,"curve":"stepped"},{"time":1.5,"angle":0,"curve":"stepped"},{"time":2,"angle":0}],"translate":[{"time":0,"x":0,"y":0,"curve":"stepped"},{"time":0.5,"x":0,"y":0,"curve":"stepped"},{"time":1,"x":0,"y":0,"curve":"stepped"},{"time":1.5,"x":0,"y":0,"curve":"stepped"},{"time":2,"x":0,"y":0}],"scale":[{"time":0,"x":1,"y":1,"curve":"stepped"},{"time":0.5,"x":1,"y":1,"curve":"stepped"},{"time":1,"x":1,"y":1,"curve":"stepped"},{"time":1.5,"x":1,"y":1,"curve":"stepped"},{"time":2,"x":1,"y":1}]},"MON20059_DL_6":{"rotate":[{"time":0,"angle":0,"curve":"stepped"},{"time":0.5,"angle":0,"curve":"stepped"},{"time":1,"angle":0,"curve":"stepped"},{"time":1.5,"angle":0,"curve":"stepped"},{"time":2,"angle":0}],"translate":[{"time":0,"x":0,"y":0,"curve":"stepped"},{"time":0.5,"x":0,"y":0,"curve":"stepped"},{"time":1,"x":0,"y":0,"curve":"stepped"},{"time":1.5,"x":0,"y":0,"curve":"stepped"},{"time":2,"x":0,"y":0}],"scale":[{"time":0,"x":1,"y":1,"curve":"stepped"},{"time":0.5,"x":1,"y":1,"curve":"stepped"},{"time":1,"x":1,"y":1,"curve":"stepped"},{"time":1.5,"x":1,"y":1,"curve":"stepped"},{"time":2,"x":1,"y":1}]},"MON20059_DL_2":{"rotate":[{"time":0,"angle":0,"curve":"stepped"},{"time":0.5,"angle":0,"curve":"stepped"},{"time":1,"angle":0,"curve":"stepped"},{"time":1.5,"angle":0,"curve":"stepped"},{"time":2,"angle":0}],"translate":[{"time":0,"x":0,"y":0,"curve":"stepped"},{"time":0.5,"x":0,"y":0,"curve":"stepped"},{"time":1,"x":0,"y":0,"curve":"stepped"},{"time":1.5,"x":0,"y":0,"curve":"stepped"},{"time":2,"x":0,"y":0}],"scale":[{"time":0,"x":1,"y":1,"curve":"stepped"},{"time":0.5,"x":1,"y":1,"curve":"stepped"},{"time":1,"x":1,"y":1,"curve":"stepped"},{"time":1.5,"x":1,"y":1,"curve":"stepped"},{"time":2,"x":1,"y":1}]},"MON20059_DL_1":{"rotate":[{"time":0,"angle":0},{"time":0.3333,"angle":2.53},{"time":0.6666,"angle":-3.14},{"time":1,"angle":0},{"time":1.3333,"angle":2.53},{"time":1.6666,"angle":-3.14},{"time":2,"angle":0}],"translate":[{"time":0,"x":0,"y":0,"curve":"stepped"},{"time":0.3333,"x":0,"y":0,"curve":"stepped"},{"time":0.6666,"x":0,"y":0,"curve":"stepped"},{"time":1,"x":0,"y":0,"curve":"stepped"},{"time":1.3333,"x":0,"y":0,"curve":"stepped"},{"time":1.6666,"x":0,"y":0,"curve":"stepped"},{"time":2,"x":0,"y":0}],"scale":[{"time":0,"x":1,"y":1,"curve":"stepped"},{"time":0.3333,"x":1,"y":1,"curve":"stepped"},{"time":0.6666,"x":1,"y":1,"curve":"stepped"},{"time":1,"x":1,"y":1,"curve":"stepped"},{"time":1.3333,"x":1,"y":1,"curve":"stepped"},{"time":1.6666,"x":1,"y":1,"curve":"stepped"},{"time":2,"x":1,"y":1}]},"bone6":{"rotate":[{"time":0,"angle":0},{"time":0.3333,"angle":3.84},{"time":0.6666,"angle":-5.41},{"time":1,"angle":0},{"time":1.3333,"angle":3.84},{"time":1.6666,"angle":-5.41},{"time":2,"angle":0}],"translate":[{"time":0,"x":0,"y":0,"curve":"stepped"},{"time":0.3333,"x":0,"y":0,"curve":"stepped"},{"time":0.6666,"x":0,"y":0,"curve":"stepped"},{"time":1,"x":0,"y":0,"curve":"stepped"},{"time":1.3333,"x":0,"y":0,"curve":"stepped"},{"time":1.6666,"x":0,"y":0,"curve":"stepped"},{"time":2,"x":0,"y":0}],"scale":[{"time":0,"x":1,"y":1,"curve":"stepped"},{"time":0.3333,"x":1,"y":1,"curve":"stepped"},{"time":0.6666,"x":1,"y":1,"curve":"stepped"},{"time":1,"x":1,"y":1,"curve":"stepped"},{"time":1.3333,"x":1,"y":1,"curve":"stepped"},{"time":1.6666,"x":1,"y":1,"curve":"stepped"},{"time":2,"x":1,"y":1}]},"bone7":{"rotate":[{"time":0,"angle":0},{"time":0.3333,"angle":9.01},{"time":0.6666,"angle":-6.81},{"time":1,"angle":0},{"time":1.3333,"angle":9.01},{"time":1.6666,"angle":-6.81},{"time":2,"angle":0}],"translate":[{"time":0,"x":0,"y":0,"curve":"stepped"},{"time":0.3333,"x":0,"y":0,"curve":"stepped"},{"time":0.6666,"x":0,"y":0,"curve":"stepped"},{"time":1,"x":0,"y":0,"curve":"stepped"},{"time":1.3333,"x":0,"y":0,"curve":"stepped"},{"time":1.6666,"x":0,"y":0,"curve":"stepped"},{"time":2,"x":0,"y":0}],"scale":[{"time":0,"x":1,"y":1,"curve":"stepped"},{"time":0.3333,"x":1,"y":1,"curve":"stepped"},{"time":0.6666,"x":1,"y":1,"curve":"stepped"},{"time":1,"x":1,"y":1,"curve":"stepped"},{"time":1.3333,"x":1,"y":1,"curve":"stepped"},{"time":1.6666,"x":1,"y":1,"curve":"stepped"},{"time":2,"x":1,"y":1}]},"bone8":{"rotate":[{"time":0,"angle":0},{"time":0.1,"angle":2.6},{"time":0.3333,"angle":6.1},{"time":0.4333,"angle":9.64},{"time":0.6666,"angle":-6.52},{"time":0.7666,"angle":-9.79},{"time":1,"angle":0},{"time":1.1,"angle":2.6},{"time":1.3333,"angle":6.1},{"time":1.4333,"angle":9.64},{"time":1.6666,"angle":-6.52},{"time":1.7666,"angle":-9.79},{"time":2,"angle":0}],"translate":[{"time":0,"x":0,"y":0,"curve":"stepped"},{"time":0.3333,"x":0,"y":0,"curve":"stepped"},{"time":0.6666,"x":0,"y":0,"curve":"stepped"},{"time":1,"x":0,"y":0,"curve":"stepped"},{"time":1.3333,"x":0,"y":0,"curve":"stepped"},{"time":1.6666,"x":0,"y":0,"curve":"stepped"},{"time":2,"x":0,"y":0}],"scale":[{"time":0,"x":1,"y":1,"curve":"stepped"},{"time":0.3333,"x":1,"y":1,"curve":"stepped"},{"time":0.6666,"x":1,"y":1,"curve":"stepped"},{"time":1,"x":1,"y":1,"curve":"stepped"},{"time":1.3333,"x":1,"y":1,"curve":"stepped"},{"time":1.6666,"x":1,"y":1,"curve":"stepped"},{"time":2,"x":1,"y":1}]},"bone9":{"rotate":[{"time":0,"angle":0},{"time":0.1,"angle":5.07},{"time":0.3333,"angle":0},{"time":0.4333,"angle":4.1},{"time":0.6666,"angle":0},{"time":0.7666,"angle":-26.36},{"time":1,"angle":0},{"time":1.1,"angle":5.07},{"time":1.3333,"angle":0},{"time":1.4333,"angle":4.1},{"time":1.6666,"angle":0},{"time":1.7666,"angle":-26.36},{"time":2,"angle":0}],"translate":[{"time":0,"x":0,"y":0,"curve":"stepped"},{"time":0.3333,"x":0,"y":0,"curve":"stepped"},{"time":0.6666,"x":0,"y":0,"curve":"stepped"},{"time":1,"x":0,"y":0,"curve":"stepped"},{"time":1.3333,"x":0,"y":0,"curve":"stepped"},{"time":1.6666,"x":0,"y":0,"curve":"stepped"},{"time":2,"x":0,"y":0}],"scale":[{"time":0,"x":1,"y":1,"curve":"stepped"},{"time":0.3333,"x":1,"y":1,"curve":"stepped"},{"time":0.6666,"x":1,"y":1,"curve":"stepped"},{"time":1,"x":1,"y":1,"curve":"stepped"},{"time":1.3333,"x":1,"y":1,"curve":"stepped"},{"time":1.6666,"x":1,"y":1,"curve":"stepped"},{"time":2,"x":1,"y":1}]},"bone10":{"rotate":[{"time":0,"angle":0},{"time":0.3333,"angle":4.48},{"time":0.6666,"angle":-4.83},{"time":1,"angle":0},{"time":1.3333,"angle":4.48},{"time":1.6666,"angle":-4.83},{"time":2,"angle":0}],"translate":[{"time":0,"x":0,"y":0,"curve":"stepped"},{"time":0.3333,"x":0,"y":0,"curve":"stepped"},{"time":0.6666,"x":0,"y":0,"curve":"stepped"},{"time":1,"x":0,"y":0,"curve":"stepped"},{"time":1.3333,"x":0,"y":0,"curve":"stepped"},{"time":1.6666,"x":0,"y":0,"curve":"stepped"},{"time":2,"x":0,"y":0}],"scale":[{"time":0,"x":1,"y":1,"curve":"stepped"},{"time":0.3333,"x":1,"y":1,"curve":"stepped"},{"time":0.6666,"x":1,"y":1,"curve":"stepped"},{"time":1,"x":1,"y":1,"curve":"stepped"},{"time":1.3333,"x":1,"y":1,"curve":"stepped"},{"time":1.6666,"x":1,"y":1,"curve":"stepped"},{"time":2,"x":1,"y":1}]},"bone11":{"rotate":[{"time":0,"angle":0},{"time":0.3333,"angle":9.76},{"time":0.6666,"angle":-8.5},{"time":1,"angle":0},{"time":1.3333,"angle":9.76},{"time":1.6666,"angle":-8.5},{"time":2,"angle":0}],"translate":[{"time":0,"x":0,"y":0,"curve":"stepped"},{"time":0.3333,"x":0,"y":0,"curve":"stepped"},{"time":0.6666,"x":0,"y":0,"curve":"stepped"},{"time":1,"x":0,"y":0,"curve":"stepped"},{"time":1.3333,"x":0,"y":0,"curve":"stepped"},{"time":1.6666,"x":0,"y":0,"curve":"stepped"},{"time":2,"x":0,"y":0}],"scale":[{"time":0,"x":1,"y":1,"curve":"stepped"},{"time":0.3333,"x":1,"y":1,"curve":"stepped"},{"time":0.6666,"x":1,"y":1,"curve":"stepped"},{"time":1,"x":1,"y":1,"curve":"stepped"},{"time":1.3333,"x":1,"y":1,"curve":"stepped"},{"time":1.6666,"x":1,"y":1,"curve":"stepped"},{"time":2,"x":1,"y":1}]},"bone12":{"rotate":[{"time":0,"angle":0},{"time":0.1,"angle":7.24},{"time":0.3333,"angle":9.04},{"time":0.4333,"angle":8.15},{"time":0.6666,"angle":-7.5},{"time":0.7666,"angle":-15.34},{"time":1,"angle":0},{"time":1.1,"angle":7.24},{"time":1.3333,"angle":9.04},{"time":1.4333,"angle":8.15},{"time":1.6666,"angle":-7.5},{"time":1.7666,"angle":-15.34},{"time":2,"angle":0}],"translate":[{"time":0,"x":0,"y":0,"curve":"stepped"},{"time":0.3333,"x":0,"y":0,"curve":"stepped"},{"time":0.6666,"x":0,"y":0,"curve":"stepped"},{"time":1,"x":0,"y":0,"curve":"stepped"},{"time":1.3333,"x":0,"y":0,"curve":"stepped"},{"time":1.6666,"x":0,"y":0,"curve":"stepped"},{"time":2,"x":0,"y":0}],"scale":[{"time":0,"x":1,"y":1,"curve":"stepped"},{"time":0.3333,"x":1,"y":1,"curve":"stepped"},{"time":0.6666,"x":1,"y":1,"curve":"stepped"},{"time":1,"x":1,"y":1,"curve":"stepped"},{"time":1.3333,"x":1,"y":1,"curve":"stepped"},{"time":1.6666,"x":1,"y":1,"curve":"stepped"},{"time":2,"x":1,"y":1}]},"MON20059_DL_5":{"rotate":[{"time":0,"angle":0},{"time":0.3333,"angle":-3.77},{"time":0.6666,"angle":3.65},{"time":1,"angle":0},{"time":1.3333,"angle":-3.77},{"time":1.6666,"angle":3.65},{"time":2,"angle":0}],"translate":[{"time":0,"x":0,"y":0,"curve":"stepped"},{"time":0.3333,"x":0,"y":0,"curve":"stepped"},{"time":0.6666,"x":0,"y":0,"curve":"stepped"},{"time":1,"x":0,"y":0,"curve":"stepped"},{"time":1.3333,"x":0,"y":0,"curve":"stepped"},{"time":1.6666,"x":0,"y":0,"curve":"stepped"},{"time":2,"x":0,"y":0}],"scale":[{"time":0,"x":1,"y":1,"curve":"stepped"},{"time":0.3333,"x":1,"y":1,"curve":"stepped"},{"time":0.6666,"x":1,"y":1,"curve":"stepped"},{"time":1,"x":1,"y":1,"curve":"stepped"},{"time":1.3333,"x":1,"y":1,"curve":"stepped"},{"time":1.6666,"x":1,"y":1,"curve":"stepped"},{"time":2,"x":1,"y":1}]},"bone13":{"rotate":[{"time":0,"angle":0},{"time":0.3333,"angle":-5.88},{"time":0.6666,"angle":5.2},{"time":1,"angle":0},{"time":1.3333,"angle":-5.88},{"time":1.6666,"angle":5.2},{"time":2,"angle":0}],"translate":[{"time":0,"x":0,"y":0,"curve":"stepped"},{"time":0.3333,"x":0,"y":0,"curve":"stepped"},{"time":0.6666,"x":0,"y":0,"curve":"stepped"},{"time":1,"x":0,"y":0,"curve":"stepped"},{"time":1.3333,"x":0,"y":0,"curve":"stepped"},{"time":1.6666,"x":0,"y":0,"curve":"stepped"},{"time":2,"x":0,"y":0}],"scale":[{"time":0,"x":1,"y":1,"curve":"stepped"},{"time":0.3333,"x":1,"y":1,"curve":"stepped"},{"time":0.6666,"x":1,"y":1,"curve":"stepped"},{"time":1,"x":1,"y":1,"curve":"stepped"},{"time":1.3333,"x":1,"y":1,"curve":"stepped"},{"time":1.6666,"x":1,"y":1,"curve":"stepped"},{"time":2,"x":1,"y":1}]},"bone14":{"rotate":[{"time":0,"angle":0},{"time":0.3333,"angle":-6.03},{"time":0.6666,"angle":18.1},{"time":1,"angle":0},{"time":1.3333,"angle":-6.03},{"time":1.6666,"angle":18.1},{"time":2,"angle":0}],"translate":[{"time":0,"x":0,"y":0,"curve":"stepped"},{"time":0.3333,"x":0,"y":0,"curve":"stepped"},{"time":0.6666,"x":0,"y":0,"curve":"stepped"},{"time":1,"x":0,"y":0,"curve":"stepped"},{"time":1.3333,"x":0,"y":0,"curve":"stepped"},{"time":1.6666,"x":0,"y":0,"curve":"stepped"},{"time":2,"x":0,"y":0}],"scale":[{"time":0,"x":1,"y":1,"curve":"stepped"},{"time":0.3333,"x":1,"y":1,"curve":"stepped"},{"time":0.6666,"x":1,"y":1,"curve":"stepped"},{"time":1,"x":1,"y":1,"curve":"stepped"},{"time":1.3333,"x":1,"y":1,"curve":"stepped"},{"time":1.6666,"x":1,"y":1,"curve":"stepped"},{"time":2,"x":1,"y":1}]},"MON20059_DL_4":{"rotate":[{"time":0,"angle":0},{"time":0.3333,"angle":-3.02},{"time":0.6666,"angle":6.01},{"time":1,"angle":0},{"time":1.3333,"angle":-3.02},{"time":1.6666,"angle":6.01},{"time":2,"angle":0}],"translate":[{"time":0,"x":0,"y":0,"curve":"stepped"},{"time":0.3333,"x":0,"y":0,"curve":"stepped"},{"time":0.6666,"x":0,"y":0,"curve":"stepped"},{"time":1,"x":0,"y":0,"curve":"stepped"},{"time":1.3333,"x":0,"y":0,"curve":"stepped"},{"time":1.6666,"x":0,"y":0,"curve":"stepped"},{"time":2,"x":0,"y":0}],"scale":[{"time":0,"x":1,"y":1,"curve":"stepped"},{"time":0.3333,"x":1,"y":1,"curve":"stepped"},{"time":0.6666,"x":1,"y":1,"curve":"stepped"},{"time":1,"x":1,"y":1,"curve":"stepped"},{"time":1.3333,"x":1,"y":1,"curve":"stepped"},{"time":1.6666,"x":1,"y":1,"curve":"stepped"},{"time":2,"x":1,"y":1}]},"bone15":{"rotate":[{"time":0,"angle":0},{"time":0.3333,"angle":-7.42},{"time":0.6666,"angle":3.02},{"time":1,"angle":0},{"time":1.3333,"angle":-7.42},{"time":1.6666,"angle":3.02},{"time":2,"angle":0}],"translate":[{"time":0,"x":0,"y":0,"curve":"stepped"},{"time":0.3333,"x":0,"y":0,"curve":"stepped"},{"time":0.6666,"x":0,"y":0,"curve":"stepped"},{"time":1,"x":0,"y":0,"curve":"stepped"},{"time":1.3333,"x":0,"y":0,"curve":"stepped"},{"time":1.6666,"x":0,"y":0,"curve":"stepped"},{"time":2,"x":0,"y":0}],"scale":[{"time":0,"x":1,"y":1,"curve":"stepped"},{"time":0.3333,"x":1,"y":1,"curve":"stepped"},{"time":0.6666,"x":1,"y":1,"curve":"stepped"},{"time":1,"x":1,"y":1,"curve":"stepped"},{"time":1.3333,"x":1,"y":1,"curve":"stepped"},{"time":1.6666,"x":1,"y":1,"curve":"stepped"},{"time":2,"x":1,"y":1}]},"bone16":{"rotate":[{"time":0,"angle":0},{"time":0.3333,"angle":-5.93},{"time":0.6666,"angle":3.61},{"time":1,"angle":0},{"time":1.3333,"angle":-5.93},{"time":1.6666,"angle":3.61},{"time":2,"angle":0}],"translate":[{"time":0,"x":0,"y":0,"curve":"stepped"},{"time":0.3333,"x":0,"y":0,"curve":"stepped"},{"time":0.6666,"x":0,"y":0,"curve":"stepped"},{"time":1,"x":0,"y":0,"curve":"stepped"},{"time":1.3333,"x":0,"y":0,"curve":"stepped"},{"time":1.6666,"x":0,"y":0,"curve":"stepped"},{"time":2,"x":0,"y":0}],"scale":[{"time":0,"x":1,"y":1,"curve":"stepped"},{"time":0.3333,"x":1,"y":1,"curve":"stepped"},{"time":0.6666,"x":1,"y":1,"curve":"stepped"},{"time":1,"x":1,"y":1,"curve":"stepped"},{"time":1.3333,"x":1,"y":1,"curve":"stepped"},{"time":1.6666,"x":1,"y":1,"curve":"stepped"},{"time":2,"x":1,"y":1}]},"bone17":{"rotate":[{"time":0,"angle":0},{"time":0.3333,"angle":4.61},{"time":0.6666,"angle":-34.4},{"time":1,"angle":0},{"time":1.3333,"angle":4.61},{"time":1.6666,"angle":-34.4},{"time":2,"angle":0}],"translate":[{"time":0,"x":0,"y":0,"curve":"stepped"},{"time":0.6666,"x":0,"y":0,"curve":"stepped"},{"time":1,"x":0,"y":0,"curve":"stepped"},{"time":1.6666,"x":0,"y":0,"curve":"stepped"},{"time":2,"x":0,"y":0}],"scale":[{"time":0,"x":1,"y":1,"curve":"stepped"},{"time":0.6666,"x":1,"y":1,"curve":"stepped"},{"time":1,"x":1,"y":1,"curve":"stepped"},{"time":1.6666,"x":1,"y":1,"curve":"stepped"},{"time":2,"x":1,"y":1}]},"MON20059_DL_9":{"rotate":[{"time":0,"angle":0},{"time":0.3333,"angle":-2.96},{"time":0.6666,"angle":1.85},{"time":1,"angle":0},{"time":1.3333,"angle":-2.96},{"time":1.6666,"angle":1.85},{"time":2,"angle":0}],"translate":[{"time":0,"x":0,"y":0,"curve":"stepped"},{"time":0.3333,"x":0,"y":0,"curve":"stepped"},{"time":0.6666,"x":0,"y":0,"curve":"stepped"},{"time":1,"x":0,"y":0,"curve":"stepped"},{"time":1.3333,"x":0,"y":0,"curve":"stepped"},{"time":1.6666,"x":0,"y":0,"curve":"stepped"},{"time":2,"x":0,"y":0}],"scale":[{"time":0,"x":1,"y":1,"curve":"stepped"},{"time":0.3333,"x":1,"y":1,"curve":"stepped"},{"time":0.6666,"x":1,"y":1,"curve":"stepped"},{"time":1,"x":1,"y":1,"curve":"stepped"},{"time":1.3333,"x":1,"y":1,"curve":"stepped"},{"time":1.6666,"x":1,"y":1,"curve":"stepped"},{"time":2,"x":1,"y":1}]},"bone18":{"rotate":[{"time":0,"angle":0},{"time":0.3333,"angle":-2.98},{"time":0.6666,"angle":4.15},{"time":1,"angle":0},{"time":1.3333,"angle":-2.98},{"time":1.6666,"angle":4.15},{"time":2,"angle":0}],"translate":[{"time":0,"x":0,"y":0,"curve":"stepped"},{"time":0.3333,"x":0,"y":0,"curve":"stepped"},{"time":0.6666,"x":0,"y":0,"curve":"stepped"},{"time":1,"x":0,"y":0,"curve":"stepped"},{"time":1.3333,"x":0,"y":0,"curve":"stepped"},{"time":1.6666,"x":0,"y":0,"curve":"stepped"},{"time":2,"x":0,"y":0}],"scale":[{"time":0,"x":1,"y":1,"curve":"stepped"},{"time":0.3333,"x":1,"y":1,"curve":"stepped"},{"time":0.6666,"x":1,"y":1,"curve":"stepped"},{"time":1,"x":1,"y":1,"curve":"stepped"},{"time":1.3333,"x":1,"y":1,"curve":"stepped"},{"time":1.6666,"x":1,"y":1,"curve":"stepped"},{"time":2,"x":1,"y":1}]},"bone19":{"rotate":[{"time":0,"angle":0},{"time":0.3333,"angle":7.63},{"time":0.6666,"angle":-18.81},{"time":1,"angle":0},{"time":1.3333,"angle":7.63},{"time":1.6666,"angle":-18.81},{"time":2,"angle":0}],"translate":[{"time":0,"x":0,"y":0,"curve":"stepped"},{"time":0.3333,"x":0,"y":0,"curve":"stepped"},{"time":0.6666,"x":0,"y":0,"curve":"stepped"},{"time":1,"x":0,"y":0,"curve":"stepped"},{"time":1.3333,"x":0,"y":0,"curve":"stepped"},{"time":1.6666,"x":0,"y":0,"curve":"stepped"},{"time":2,"x":0,"y":0}],"scale":[{"time":0,"x":1,"y":1,"curve":"stepped"},{"time":0.3333,"x":1,"y":1,"curve":"stepped"},{"time":0.6666,"x":1,"y":1,"curve":"stepped"},{"time":1,"x":1,"y":1,"curve":"stepped"},{"time":1.3333,"x":1,"y":1,"curve":"stepped"},{"time":1.6666,"x":1,"y":1,"curve":"stepped"},{"time":2,"x":1,"y":1}]},"bone20":{"rotate":[{"time":0,"angle":0},{"time":0.3333,"angle":4.41},{"time":0.6666,"angle":-12.63},{"time":1,"angle":0},{"time":1.3333,"angle":4.41},{"time":1.6666,"angle":-12.63},{"time":2,"angle":0}],"translate":[{"time":0,"x":0,"y":0,"curve":"stepped"},{"time":0.3333,"x":0,"y":0,"curve":"stepped"},{"time":0.6666,"x":0,"y":0,"curve":"stepped"},{"time":1,"x":0,"y":0,"curve":"stepped"},{"time":1.3333,"x":0,"y":0,"curve":"stepped"},{"time":1.6666,"x":0,"y":0,"curve":"stepped"},{"time":2,"x":0,"y":0}],"scale":[{"time":0,"x":1,"y":1,"curve":"stepped"},{"time":0.3333,"x":1,"y":1,"curve":"stepped"},{"time":0.6666,"x":1,"y":1,"curve":"stepped"},{"time":1,"x":1,"y":1,"curve":"stepped"},{"time":1.3333,"x":1,"y":1,"curve":"stepped"},{"time":1.6666,"x":1,"y":1,"curve":"stepped"},{"time":2,"x":1,"y":1}]},"MON20059_DL_3":{"rotate":[{"time":0,"angle":0},{"time":0.3333,"angle":-4.69},{"time":0.6666,"angle":1.12},{"time":1,"angle":0},{"time":1.3333,"angle":-4.69},{"time":1.6666,"angle":1.12},{"time":2,"angle":0}],"translate":[{"time":0,"x":0,"y":0,"curve":"stepped"},{"time":0.3333,"x":0,"y":0,"curve":"stepped"},{"time":0.6666,"x":0,"y":0,"curve":"stepped"},{"time":1,"x":0,"y":0,"curve":"stepped"},{"time":1.3333,"x":0,"y":0,"curve":"stepped"},{"time":1.6666,"x":0,"y":0,"curve":"stepped"},{"time":2,"x":0,"y":0}],"scale":[{"time":0,"x":1,"y":1,"curve":"stepped"},{"time":0.3333,"x":1,"y":1,"curve":"stepped"},{"time":0.6666,"x":1,"y":1,"curve":"stepped"},{"time":1,"x":1,"y":1,"curve":"stepped"},{"time":1.3333,"x":1,"y":1,"curve":"stepped"},{"time":1.6666,"x":1,"y":1,"curve":"stepped"},{"time":2,"x":1,"y":1}]},"bone21":{"rotate":[{"time":0,"angle":0},{"time":0.3333,"angle":-2.6},{"time":0.6666,"angle":1.88},{"time":1,"angle":0},{"time":1.3333,"angle":-2.6},{"time":1.6666,"angle":1.88},{"time":2,"angle":0}],"translate":[{"time":0,"x":0,"y":0,"curve":"stepped"},{"time":0.3333,"x":0,"y":0,"curve":"stepped"},{"time":0.6666,"x":0,"y":0,"curve":"stepped"},{"time":1,"x":0,"y":0,"curve":"stepped"},{"time":1.3333,"x":0,"y":0,"curve":"stepped"},{"time":1.6666,"x":0,"y":0,"curve":"stepped"},{"time":2,"x":0,"y":0}],"scale":[{"time":0,"x":1,"y":1,"curve":"stepped"},{"time":0.3333,"x":1,"y":1,"curve":"stepped"},{"time":0.6666,"x":1,"y":1,"curve":"stepped"},{"time":1,"x":1,"y":1,"curve":"stepped"},{"time":1.3333,"x":1,"y":1,"curve":"stepped"},{"time":1.6666,"x":1,"y":1,"curve":"stepped"},{"time":2,"x":1,"y":1}]},"bone22":{"rotate":[{"time":0,"angle":0},{"time":0.3333,"angle":1.88},{"time":0.6666,"angle":-9.05},{"time":1,"angle":0},{"time":1.3333,"angle":1.88},{"time":1.6666,"angle":-9.05},{"time":2,"angle":0}],"translate":[{"time":0,"x":0,"y":0,"curve":"stepped"},{"time":0.3333,"x":0,"y":0,"curve":"stepped"},{"time":0.6666,"x":0,"y":0,"curve":"stepped"},{"time":1,"x":0,"y":0,"curve":"stepped"},{"time":1.3333,"x":0,"y":0,"curve":"stepped"},{"time":1.6666,"x":0,"y":0,"curve":"stepped"},{"time":2,"x":0,"y":0}],"scale":[{"time":0,"x":1,"y":1,"curve":"stepped"},{"time":0.3333,"x":1,"y":1,"curve":"stepped"},{"time":0.6666,"x":1,"y":1,"curve":"stepped"},{"time":1,"x":1,"y":1,"curve":"stepped"},{"time":1.3333,"x":1,"y":1,"curve":"stepped"},{"time":1.6666,"x":1,"y":1,"curve":"stepped"},{"time":2,"x":1,"y":1}]},"bone23":{"rotate":[{"time":0,"angle":0},{"time":0.3333,"angle":7.6},{"time":0.6666,"angle":-8.65},{"time":1,"angle":0},{"time":1.3333,"angle":7.6},{"time":1.6666,"angle":-8.65},{"time":2,"angle":0}],"translate":[{"time":0,"x":0,"y":0,"curve":"stepped"},{"time":0.3333,"x":0,"y":0,"curve":"stepped"},{"time":0.6666,"x":0,"y":0,"curve":"stepped"},{"time":1,"x":0,"y":0,"curve":"stepped"},{"time":1.3333,"x":0,"y":0,"curve":"stepped"},{"time":1.6666,"x":0,"y":0,"curve":"stepped"},{"time":2,"x":0,"y":0}],"scale":[{"time":0,"x":1,"y":1,"curve":"stepped"},{"time":0.3333,"x":1,"y":1,"curve":"stepped"},{"time":0.6666,"x":1,"y":1,"curve":"stepped"},{"time":1,"x":1,"y":1,"curve":"stepped"},{"time":1.3333,"x":1,"y":1,"curve":"stepped"},{"time":1.6666,"x":1,"y":1,"curve":"stepped"},{"time":2,"x":1,"y":1}]},"bone24":{"rotate":[{"time":0,"angle":0},{"time":0.3333,"angle":6},{"time":0.6666,"angle":-19.67},{"time":1,"angle":0},{"time":1.3333,"angle":6},{"time":1.6666,"angle":-19.67},{"time":2,"angle":0}],"translate":[{"time":0,"x":0,"y":0,"curve":"stepped"},{"time":0.3333,"x":0,"y":0,"curve":"stepped"},{"time":0.6666,"x":0,"y":0,"curve":"stepped"},{"time":1,"x":0,"y":0,"curve":"stepped"},{"time":1.3333,"x":0,"y":0,"curve":"stepped"},{"time":1.6666,"x":0,"y":0,"curve":"stepped"},{"time":2,"x":0,"y":0}],"scale":[{"time":0,"x":1,"y":1,"curve":"stepped"},{"time":0.3333,"x":1,"y":1,"curve":"stepped"},{"time":0.6666,"x":1,"y":1,"curve":"stepped"},{"time":1,"x":1,"y":1,"curve":"stepped"},{"time":1.3333,"x":1,"y":1,"curve":"stepped"},{"time":1.6666,"x":1,"y":1,"curve":"stepped"},{"time":2,"x":1,"y":1}]},"MON20059_DL_28":{"rotate":[{"time":0,"angle":0,"curve":"stepped"},{"time":0.3333,"angle":0},{"time":0.6666,"angle":-5.62},{"time":1,"angle":0,"curve":"stepped"},{"time":1.3333,"angle":0},{"time":1.6666,"angle":-5.62},{"time":2,"angle":0}],"translate":[{"time":0,"x":0,"y":0,"curve":"stepped"},{"time":0.3333,"x":0,"y":0,"curve":"stepped"},{"time":0.6666,"x":0,"y":0,"curve":"stepped"},{"time":1,"x":0,"y":0,"curve":"stepped"},{"time":1.3333,"x":0,"y":0,"curve":"stepped"},{"time":1.6666,"x":0,"y":0,"curve":"stepped"},{"time":2,"x":0,"y":0}],"scale":[{"time":0,"x":1,"y":1},{"time":0.3333,"x":0.833,"y":1.085},{"time":0.6666,"x":1.086,"y":0.944},{"time":1,"x":1,"y":1},{"time":1.3333,"x":0.833,"y":1.085},{"time":1.6666,"x":1.086,"y":0.944},{"time":2,"x":1,"y":1}]},"bone25":{"rotate":[{"time":0,"angle":0,"curve":"stepped"},{"time":0.3333,"angle":0,"curve":"stepped"},{"time":0.6666,"angle":0,"curve":"stepped"},{"time":1,"angle":0,"curve":"stepped"},{"time":1.3333,"angle":0,"curve":"stepped"},{"time":1.6666,"angle":0,"curve":"stepped"},{"time":2,"angle":0}],"translate":[{"time":0,"x":0,"y":0},{"time":0.3333,"x":-1.85,"y":0.13},{"time":0.6666,"x":0,"y":0,"curve":"stepped"},{"time":1,"x":0,"y":0},{"time":1.3333,"x":-1.85,"y":0.13},{"time":1.6666,"x":0,"y":0,"curve":"stepped"},{"time":2,"x":0,"y":0}],"scale":[{"time":0,"x":1,"y":1,"curve":"stepped"},{"time":0.3333,"x":1,"y":1,"curve":"stepped"},{"time":0.6666,"x":1,"y":1,"curve":"stepped"},{"time":1,"x":1,"y":1,"curve":"stepped"},{"time":1.3333,"x":1,"y":1,"curve":"stepped"},{"time":1.6666,"x":1,"y":1,"curve":"stepped"},{"time":2,"x":1,"y":1}]},"bone26":{"rotate":[{"time":0,"angle":0,"curve":"stepped"},{"time":0.3333,"angle":0},{"time":0.6666,"angle":11.16},{"time":1,"angle":0,"curve":"stepped"},{"time":1.3333,"angle":0},{"time":1.6666,"angle":11.16},{"time":2,"angle":0}],"translate":[{"time":0,"x":0,"y":0},{"time":0.3333,"x":-5.18,"y":0.29},{"time":0.6666,"x":0,"y":0,"curve":"stepped"},{"time":1,"x":0,"y":0},{"time":1.3333,"x":-5.18,"y":0.29},{"time":1.6666,"x":0,"y":0,"curve":"stepped"},{"time":2,"x":0,"y":0}],"scale":[{"time":0,"x":1,"y":1,"curve":"stepped"},{"time":0.3333,"x":1,"y":1,"curve":"stepped"},{"time":0.6666,"x":1,"y":1,"curve":"stepped"},{"time":1,"x":1,"y":1,"curve":"stepped"},{"time":1.3333,"x":1,"y":1,"curve":"stepped"},{"time":1.6666,"x":1,"y":1,"curve":"stepped"},{"time":2,"x":1,"y":1}]},"bone27":{"rotate":[{"time":0,"angle":0},{"time":0.3333,"angle":-4.34},{"time":0.6666,"angle":0,"curve":"stepped"},{"time":1,"angle":0},{"time":1.3333,"angle":-4.34},{"time":1.6666,"angle":0,"curve":"stepped"},{"time":2,"angle":0}],"translate":[{"time":0,"x":0,"y":0,"curve":"stepped"},{"time":0.3333,"x":0,"y":0,"curve":"stepped"},{"time":0.6666,"x":0,"y":0,"curve":"stepped"},{"time":1,"x":0,"y":0,"curve":"stepped"},{"time":1.3333,"x":0,"y":0,"curve":"stepped"},{"time":1.6666,"x":0,"y":0,"curve":"stepped"},{"time":2,"x":0,"y":0}],"scale":[{"time":0,"x":1,"y":1,"curve":"stepped"},{"time":0.3333,"x":1,"y":1,"curve":"stepped"},{"time":0.6666,"x":1,"y":1,"curve":"stepped"},{"time":1,"x":1,"y":1,"curve":"stepped"},{"time":1.3333,"x":1,"y":1,"curve":"stepped"},{"time":1.6666,"x":1,"y":1,"curve":"stepped"},{"time":2,"x":1,"y":1}]},"bone28":{"rotate":[{"time":0,"angle":0},{"time":0.3333,"angle":-4.7},{"time":0.6666,"angle":0,"curve":"stepped"},{"time":1,"angle":0},{"time":1.3333,"angle":-4.7},{"time":1.6666,"angle":0,"curve":"stepped"},{"time":2,"angle":0}],"translate":[{"time":0,"x":0,"y":0,"curve":"stepped"},{"time":0.3333,"x":0,"y":0,"curve":"stepped"},{"time":0.6666,"x":0,"y":0,"curve":"stepped"},{"time":1,"x":0,"y":0,"curve":"stepped"},{"time":1.3333,"x":0,"y":0,"curve":"stepped"},{"time":1.6666,"x":0,"y":0,"curve":"stepped"},{"time":2,"x":0,"y":0}],"scale":[{"time":0,"x":1,"y":1,"curve":"stepped"},{"time":0.3333,"x":1,"y":1,"curve":"stepped"},{"time":0.6666,"x":1,"y":1,"curve":"stepped"},{"time":1,"x":1,"y":1,"curve":"stepped"},{"time":1.3333,"x":1,"y":1,"curve":"stepped"},{"time":1.6666,"x":1,"y":1,"curve":"stepped"},{"time":2,"x":1,"y":1}]},"bone29":{"rotate":[{"time":0,"angle":0},{"time":0.3333,"angle":-8.42},{"time":0.6666,"angle":0,"curve":"stepped"},{"time":1,"angle":0},{"time":1.3333,"angle":-8.42},{"time":1.6666,"angle":0,"curve":"stepped"},{"time":2,"angle":0}],"translate":[{"time":0,"x":0,"y":0,"curve":"stepped"},{"time":0.3333,"x":0,"y":0,"curve":"stepped"},{"time":0.6666,"x":0,"y":0,"curve":"stepped"},{"time":1,"x":0,"y":0,"curve":"stepped"},{"time":1.3333,"x":0,"y":0,"curve":"stepped"},{"time":1.6666,"x":0,"y":0,"curve":"stepped"},{"time":2,"x":0,"y":0}],"scale":[{"time":0,"x":1,"y":1,"curve":"stepped"},{"time":0.3333,"x":1,"y":1,"curve":"stepped"},{"time":0.6666,"x":1,"y":1,"curve":"stepped"},{"time":1,"x":1,"y":1,"curve":"stepped"},{"time":1.3333,"x":1,"y":1,"curve":"stepped"},{"time":1.6666,"x":1,"y":1,"curve":"stepped"},{"time":2,"x":1,"y":1}]},"bone30":{"rotate":[{"time":0,"angle":0,"curve":"stepped"},{"time":0.3333,"angle":0,"curve":"stepped"},{"time":0.6666,"angle":0,"curve":"stepped"},{"time":1,"angle":0,"curve":"stepped"},{"time":1.3333,"angle":0,"curve":"stepped"},{"time":1.6666,"angle":0,"curve":"stepped"},{"time":2,"angle":0}],"translate":[{"time":0,"x":0,"y":0,"curve":"stepped"},{"time":0.3333,"x":0,"y":0,"curve":"stepped"},{"time":0.6666,"x":0,"y":0,"curve":"stepped"},{"time":1,"x":0,"y":0,"curve":"stepped"},{"time":1.3333,"x":0,"y":0,"curve":"stepped"},{"time":1.6666,"x":0,"y":0,"curve":"stepped"},{"time":2,"x":0,"y":0}],"scale":[{"time":0,"x":1,"y":1,"curve":"stepped"},{"time":0.3333,"x":1,"y":1,"curve":"stepped"},{"time":0.6666,"x":1,"y":1,"curve":"stepped"},{"time":1,"x":1,"y":1,"curve":"stepped"},{"time":1.3333,"x":1,"y":1,"curve":"stepped"},{"time":1.6666,"x":1,"y":1,"curve":"stepped"},{"time":2,"x":1,"y":1}]},"bone31":{"rotate":[{"time":0,"angle":0,"curve":"stepped"},{"time":0.3333,"angle":0},{"time":0.6666,"angle":-7.84},{"time":1,"angle":0,"curve":"stepped"},{"time":1.3333,"angle":0},{"time":1.6666,"angle":-7.84},{"time":2,"angle":0}],"translate":[{"time":0,"x":0,"y":0,"curve":"stepped"},{"time":0.3333,"x":0,"y":0,"curve":"stepped"},{"time":0.6666,"x":0,"y":0,"curve":"stepped"},{"time":1,"x":0,"y":0,"curve":"stepped"},{"time":1.3333,"x":0,"y":0,"curve":"stepped"},{"time":1.6666,"x":0,"y":0,"curve":"stepped"},{"time":2,"x":0,"y":0}],"scale":[{"time":0,"x":1,"y":1,"curve":"stepped"},{"time":0.3333,"x":1,"y":1,"curve":"stepped"},{"time":0.6666,"x":1,"y":1,"curve":"stepped"},{"time":1,"x":1,"y":1,"curve":"stepped"},{"time":1.3333,"x":1,"y":1,"curve":"stepped"},{"time":1.6666,"x":1,"y":1,"curve":"stepped"},{"time":2,"x":1,"y":1}]},"bone32":{"rotate":[{"time":0,"angle":0,"curve":"stepped"},{"time":0.3333,"angle":0},{"time":0.6666,"angle":25.87},{"time":1,"angle":0,"curve":"stepped"},{"time":1.3333,"angle":0},{"time":1.6666,"angle":25.87},{"time":2,"angle":0}],"translate":[{"time":0,"x":0,"y":0,"curve":"stepped"},{"time":0.3333,"x":0,"y":0,"curve":"stepped"},{"time":0.6666,"x":0,"y":0,"curve":"stepped"},{"time":1,"x":0,"y":0,"curve":"stepped"},{"time":1.3333,"x":0,"y":0,"curve":"stepped"},{"time":1.6666,"x":0,"y":0,"curve":"stepped"},{"time":2,"x":0,"y":0}],"scale":[{"time":0,"x":1,"y":1,"curve":"stepped"},{"time":0.3333,"x":1,"y":1,"curve":"stepped"},{"time":0.6666,"x":1,"y":1,"curve":"stepped"},{"time":1,"x":1,"y":1,"curve":"stepped"},{"time":1.3333,"x":1,"y":1,"curve":"stepped"},{"time":1.6666,"x":1,"y":1,"curve":"stepped"},{"time":2,"x":1,"y":1}]},"MON20059_DL_27":{"rotate":[{"time":0,"angle":0,"curve":"stepped"},{"time":0.5,"angle":0,"curve":"stepped"},{"time":1,"angle":0,"curve":"stepped"},{"time":1.5,"angle":0,"curve":"stepped"},{"time":2,"angle":0}],"translate":[{"time":0,"x":0,"y":0,"curve":"stepped"},{"time":0.5,"x":0,"y":0,"curve":"stepped"},{"time":1,"x":0,"y":0,"curve":"stepped"},{"time":1.5,"x":0,"y":0,"curve":"stepped"},{"time":2,"x":0,"y":0}],"scale":[{"time":0,"x":1,"y":1,"curve":"stepped"},{"time":0.5,"x":1,"y":1,"curve":"stepped"},{"time":1,"x":1,"y":1,"curve":"stepped"},{"time":1.5,"x":1,"y":1,"curve":"stepped"},{"time":2,"x":1,"y":1}]},"shadow":{"rotate":[{"time":0,"angle":0,"curve":"stepped"},{"time":0.5,"angle":0,"curve":"stepped"},{"time":1,"angle":0,"curve":"stepped"},{"time":1.5,"angle":0,"curve":"stepped"},{"time":2,"angle":0}],"translate":[{"time":0,"x":0,"y":0,"curve":"stepped"},{"time":0.5,"x":0,"y":0,"curve":"stepped"},{"time":1,"x":0,"y":0,"curve":"stepped"},{"time":1.5,"x":0,"y":0,"curve":"stepped"},{"time":2,"x":0,"y":0}],"scale":[{"time":0,"x":1,"y":1},{"time":0.5,"x":1.1,"y":1.1},{"time":1,"x":1,"y":1},{"time":1.5,"x":1.1,"y":1.1},{"time":2,"x":1,"y":1}]}},"ffd":{"default":{"MON20059_DL_2":{"MON20059_DL_2":[{"time":0,"vertices":[-0.14016,-2.91264,0,0,0,0,0,0,0,0,0,0,0,0,0,0,0,0,0,0,0,0,0,0,0,0,0,0,0,0,0,0,0,0,0,0,0,0,0,0,0,0,0,0,0,0,0,0,-0.17127,-3.55989]},{"time":0.3333,"vertices":[-0.27066,-3.09063,-0.39633,-0.1976,-0.90151,-1.91653,-1.23574,-2.18346,1.20941,0.02378,3.79001,0.05667,4.55689,0.13956,1.52293,2.56694,-0.68004,5.35058,1.51962,6.42721,-0.88994,2.02146,-1.70253,0.73784,-2.37213,0.61143,-2.8306,0.42332,-3.07582,0.16615,-2.96913,2.63444,-0.43697,1.94294,-2.69634,0.68696,-2.02207,-0.37767,-1.36365,-0.45711,-0.95714,0.91485,-0.53403,0.5294,-0.21591,-0.4763,0.11317,-0.34479,0.18847,-2.35152,0.53023,3.55313,-1.29,1.71601,-0.0875,0.44917,5.60267,0.05383,-2.49801,0.2705,-2.77114,0.03904,-0.67053,-0.24182,2.68884,-0.15841,-1.38777,-0.08919,-1.10014,-2.74853,-0.49015,-1.07618,-0.21246,-2.12857,-1.67263,-0.22049,-1.27468,-1.77171,-0.72753,-1.14677,-0.39234,-0.51604,-0.11673,-0.43667,-0.38593,-0.23699,-2.09709,-0.1181,-2.32466,-0.25143]},{"time":0.6666,"vertices":[0.44309,-3.60833,0.47738,-0.29388,0.28278,-0.19134,0.13606,-0.0853,0.01404,0.09405,-1.81114,0.37537,0.00776,0.43451,0.13337,0.55633,0.1511,-1.68099,-2.47248,-5.54881,0.06313,-3.02618,-0.10739,0.80449,-0.42998,0.62422,-0.65467,0.37623,-1.90744,0.1058,-6.0596,-0.00747,-14.81895,0.13368,-0.64279,-0.54935,-0.30106,-0.57594,0.0085,-0.64862,0.16519,-0.73446,0.3735,-0.7453,0.55259,-0.62897,0.71374,-0.45528,0.63041,-3.87665,-1.50888,-2.53144,-0.0019,-0.59028,-0.18624,0.54897,-1.1285,0.34653,-0.50258,0.20128,-2.89427,0.01558,-8.95241,0.0865,-0.13286,-0.03561,0.01089,-0.19819,0.20116,-0.32736,0.44373,-0.48311,0.60153,-0.43159,-0.12929,-0.36997,0.08914,-0.47375,0.32842,-0.57861,0.4673,-0.68436,0.60116,-0.57664,0.48086,-0.34181,-1.82908,-0.18799,-9.0777,-0.01652]},{"time":1,"vertices":[-0.14016,-2.91264,0,0,0,0,0,0,0,0,0,0,0,0,0,0,0,0,0,0,0,0,0,0,0,0,0,0,0,0,0,0,0,0,0,0,0,0,0,0,0,0,0,0,0,0,0,0,-0.17127,-3.55989]},{"time":1.3333,"vertices":[-0.27066,-3.09063,-0.39633,-0.1976,-0.90151,-1.91653,-1.23574,-2.18346,1.20941,0.02378,3.79001,0.05667,4.55689,0.13956,1.52293,2.56694,-0.68004,5.35058,1.51962,6.42721,-0.88994,2.02146,-1.70253,0.73784,-2.37213,0.61143,-2.8306,0.42332,-3.07582,0.16615,-2.96913,2.63444,-0.43697,1.94294,-2.69634,0.68696,-2.02207,-0.37767,-1.36365,-0.45711,-0.95714,0.91485,-0.53403,0.5294,-0.21591,-0.4763,0.11317,-0.34479,0.18847,-2.35152,0.53023,3.55313,-1.29,1.71601,-0.0875,0.44917,5.60267,0.05383,-2.49801,0.2705,-2.77114,0.03904,-0.67053,-0.24182,2.68884,-0.15841,-1.38777,-0.08919,-1.10014,-2.74853,-0.49015,-1.07618,-0.21246,-2.12857,-1.67263,-0.22049,-1.27468,-1.77171,-0.72753,-1.14677,-0.39234,-0.51604,-0.11673,-0.43667,-0.38593,-0.23699,-2.09709,-0.1181,-2.32466,-0.25143]},{"time":1.6666,"vertices":[0.44309,-3.60833,0.47738,-0.29388,0.28278,-0.19134,0.13606,-0.0853,0.01404,0.09405,-1.81114,0.37537,0.00776,0.43451,0.13337,0.55633,0.1511,-1.68099,-2.47248,-5.54881,0.06313,-3.02618,-0.10739,0.80449,-0.42998,0.62422,-0.65467,0.37623,-1.90744,0.1058,-6.0596,-0.00747,-14.81895,0.13368,-0.64279,-0.54935,-0.30106,-0.57594,0.0085,-0.64862,0.16519,-0.73446,0.3735,-0.7453,0.55259,-0.62897,0.71374,-0.45528,0.63041,-3.87665,-1.50888,-2.53144,-0.0019,-0.59028,-0.18624,0.54897,-1.1285,0.34653,-0.50258,0.20128,-2.89427,0.01558,-8.95241,0.0865,-0.13286,-0.03561,0.01089,-0.19819,0.20116,-0.32736,0.44373,-0.48311,0.60153,-0.43159,-0.12929,-0.36997,0.08914,-0.47375,0.32842,-0.57861,0.4673,-0.68436,0.60116,-0.57664,0.48086,-0.34181,-1.82908,-0.18799,-9.0777,-0.01652]},{"time":2,"vertices":[-0.14016,-2.91264,0,0,0,0,0,0,0,0,0,0,0,0,0,0,0,0,0,0,0,0,0,0,0,0,0,0,0,0,0,0,0,0,0,0,0,0,0,0,0,0,0,0,0,0,0,0,-0.17127,-3.55989]}]},"MON20059_DL_3":{"MON20059_DL_3":[{"time":0},{"time":0.3333,"offset":4,"vertices":[-0.56755,4.0399,-1.97916,3.56794,-1.47884,3.80272,-0.68107,4.8479,-2.37503,4.28152,-1.77462,4.56327,-0.28263,4.88797,-0.98953,1.78402,-0.73941,1.90145,-0.11766,2.03669]},{"time":0.6666,"curve":"stepped"},{"time":1},{"time":1.3333,"offset":4,"vertices":[-0.56755,4.0399,-1.97916,3.56794,-1.47884,3.80272,-0.68107,4.8479,-2.37503,4.28152,-1.77462,4.56327,-0.28263,4.88797,-0.98953,1.78402,-0.73941,1.90145,-0.11766,2.03669]},{"time":1.6666,"curve":"stepped"},{"time":2}]},"MON20059_DL_16":{"MON20059_DL_16":[{"time":0,"offset":1,"vertices":[-0.65199,0.00869,-0.65194,0,0,0,0,0,0,0,0,0,0,0,0,0,0,0,0,0,0,0,0,0,0,0,0,0,0,0,0,0,0,0,0,0,0,0,0,0,0,0,0,0,0,0,0,0,0,0,0,0,0,0,0,0,0,0,0,0,0,0,0,0,-0.81498,0,0.81498,-0.01071,0.81492]},{"time":0.5,"offset":5,"vertices":[-2.06895,-1.9E-4,2.06895,-0.0275,2.06878,2.5E-4,-1.9655,-2.5E-4,1.96551,-0.02615,1.96534,1.8E-4,-0.82757,-1.8E-4,0.82758,-0.01107,0.8275,0,0,0,0,0,0,0,0,0,0,0,0,0,0,0,0,0,0,0,0,0,0,0,0,1.5E-4,0.10345,-1.5E-4,-0.10345,0.00127,-0.10344,2.2E-4,0.93103,-2.2E-4,-0.93103,0.01217,-0.93096,1.8E-4,1.13792,-1.8E-4,-1.13791,0.01493,-1.13782,0,0,0,0,0,0,0,0,0,0,0,0,0,0,0,0,0,0,0,0,0,0,0,0,0,0,3.47026]},{"time":1,"offset":1,"vertices":[-0.65199,0.00869,-0.65194,0,0,0,0,0,0,0,0,0,0,0,0,0,0,0,0,0,0,0,0,0,0,0,0,0,0,0,0,0,0,0,0,0,0,0,0,0,0,0,0,0,0,0,0,0,0,0,0,0,0,0,0,0,0,0,0,0,0,0,0,0,-0.81498,0,0.81498,-0.01071,0.81492]},{"time":1.5,"offset":5,"vertices":[-2.06895,-1.9E-4,2.06895,-0.0275,2.06878,2.5E-4,-1.9655,-2.5E-4,1.96551,-0.02615,1.96534,1.8E-4,-0.82757,-1.8E-4,0.82758,-0.01107,0.8275,0,0,0,0,0,0,0,0,0,0,0,0,0,0,0,0,0,0,0,0,0,0,0,0,1.5E-4,0.10345,-1.5E-4,-0.10345,0.00127,-0.10344,2.2E-4,0.93103,-2.2E-4,-0.93103,0.01217,-0.93096,1.8E-4,1.13792,-1.8E-4,-1.13791,0.01493,-1.13782,0,0,0,0,0,0,0,0,0,0,0,0,0,0,0,0,0,0,0,0,0,0,0,0,0,0,3.47026]},{"time":2,"offset":1,"vertices":[-0.65199,0.00869,-0.65194,0,0,0,0,0,0,0,0,0,0,0,0,0,0,0,0,0,0,0,0,0,0,0,0,0,0,0,0,0,0,0,0,0,0,0,0,0,0,0,0,0,0,0,0,0,0,0,0,0,0,0,0,0,0,0,0,0,0,0,0,0,-0.81498,0,0.81498,-0.01071,0.81492]}]},"MON20059_DL_28":{"MON20059_DL_28":[{"time":0,"curve":"stepped"},{"time":0.3333},{"time":0.6666,"vertices":[-2.57485,-6.37783,-1.81948,-6.63319,-3.54651,-5.89347,-4.08945,-10.12958,-2.88962,-10.53521,-5.63258,-9.36034,-1.40523,-5.12296,-2.73908,-4.55168,-4.17109,-3.58004,-4.98426,-2.31802,-15.59127,12.91651,-11.51467,16.65313,-11.63597,11.83535,-7.99949,14.54203,-8.33977,10.93422,-5.07005,12.78267,-2.80256,9.37925,0.69147,9.76505,0,0,0,0,0.81798,4.47911,2.34762,3.90155,3.32801,8.253,4.52502,7.66177,6.94008,5.56979,0,0,0,0,0,0,0,0,0,0,0,0,0,0,0,0,0,0,0,0,0,0,0,0,0,0,0,0,0,0,0,0,0,0,0,0,0,0,0,0,0,0,0,0,0,0,0.16574,-9.30417,0.02471,-9.30557,-1.38114,-7.5622,0.1369,-7.68603,0,0,0,0,0,0,0,0,0,0,0,0,-0.96493,-3.51772,-1.88083,-3.12546,-5.4781,-9.10343,0,0,-1.56797,-8.58504,-0.94495,-5.17413,0.09367,-5.25885,-1.96898,-4.87716,-1.39128,-5.07246,-2.71197,-4.50685,-1.22715,-6.71876,0.12156,-6.82879,-1.80675,-6.58667,-3.52167,-5.85216,-0.72688,-3.9801,0.07208,-4.04528,0.01077,-4.04589,-1.51459,-3.75169,-1.07022,-3.9019,-2.11949,-7.72688,-4.1313,-6.86525,-6.67446,-6.11443,-8.40448,-3.36227]},{"time":1,"curve":"stepped"},{"time":1.3333},{"time":1.6666,"vertices":[-2.57485,-6.37783,-1.81948,-6.63319,-3.54651,-5.89347,-4.08945,-10.12958,-2.88962,-10.53521,-5.63258,-9.36034,-1.40523,-5.12296,-2.73908,-4.55168,-4.17109,-3.58004,-4.98426,-2.31802,-15.59127,12.91651,-11.51467,16.65313,-11.63597,11.83535,-7.99949,14.54203,-8.33977,10.93422,-5.07005,12.78267,-2.80256,9.37925,0.69147,9.76505,0,0,0,0,0.81798,4.47911,2.34762,3.90155,3.32801,8.253,4.52502,7.66177,6.94008,5.56979,0,0,0,0,0,0,0,0,0,0,0,0,0,0,0,0,0,0,0,0,0,0,0,0,0,0,0,0,0,0,0,0,0,0,0,0,0,0,0,0,0,0,0,0,0,0,0.16574,-9.30417,0.02471,-9.30557,-1.38114,-7.5622,0.1369,-7.68603,0,0,0,0,0,0,0,0,0,0,0,0,-0.96493,-3.51772,-1.88083,-3.12546,-5.4781,-9.10343,0,0,-1.56797,-8.58504,-0.94495,-5.17413,0.09367,-5.25885,-1.96898,-4.87716,-1.39128,-5.07246,-2.71197,-4.50685,-1.22715,-6.71876,0.12156,-6.82879,-1.80675,-6.58667,-3.52167,-5.85216,-0.72688,-3.9801,0.07208,-4.04528,0.01077,-4.04589,-1.51459,-3.75169,-1.07022,-3.9019,-2.11949,-7.72688,-4.1313,-6.86525,-6.67446,-6.11443,-8.40448,-3.36227]},{"time":2}]}}}}}}