{"skeleton":{"hash":"Oc5hUAjeO3PcQC3LhapQEN7euT8","spine":"3.1.03","width":89.89,"height":104.89},"bones":[{"name":"root"},{"name":"bone","parent":"root","x":11.55,"y":21.16},{"name":"13_1","parent":"bone","length":15.37,"x":-9.16,"y":-6.35,"rotation":86.66},{"name":"bone2","parent":"13_1","length":16.75,"x":15.37,"rotation":12.56},{"name":"2","parent":"bone2","length":29.96,"x":16.49,"y":-0.13,"rotation":-10.73},{"name":"1","parent":"2","length":7.68,"x":9.95,"y":16.38,"rotation":0.5},{"name":"6","parent":"bone2","length":8.01,"x":4.06,"y":12.99,"rotation":129.97},{"name":"11","parent":"6","length":14.73,"x":8.14,"y":-0.1,"rotation":-34.27},{"name":"3","parent":"11","length":9.34,"x":18.65,"y":1.31,"rotation":-94.21},{"name":"4","parent":"2","length":20.33,"x":-0.03,"y":-0.43,"rotation":136.39},{"name":"5","parent":"root","length":15.38,"x":-24.65,"y":27.44,"rotation":177.66},{"name":"10","parent":"bone2","length":15.06,"x":17.76,"y":-14.17,"rotation":-144.26},{"name":"16","parent":"10","length":9.32,"x":14.65,"y":-0.11,"rotation":-62.08},{"name":"9","parent":"16","length":7.48,"x":0.42,"y":0.59,"rotation":22.81},{"name":"7","parent":"9","length":6.87,"x":6.75,"y":0.05,"rotation":-108.09},{"name":"8","parent":"bone","length":31.41,"x":8.47,"y":11.65,"rotation":-85.45},{"name":"12","parent":"bone","length":13.07,"x":-9.97,"y":-4.79,"rotation":-95.12},{"name":"13","parent":"bone","length":9.96,"x":0.37,"y":-13.64,"rotation":-103.6},{"name":"14","parent":"bone","length":14.56,"x":-16.48,"y":-12.14,"rotation":-154.71},{"name":"15","parent":"6","length":15.35,"x":-6.52,"y":-4.62,"rotation":32.87},{"name":"17","parent":"16","length":7.3,"x":8.21,"y":13.06,"rotation":18.29},{"name":"18","parent":"15","length":6.41,"x":13.45,"y":-9.85,"rotation":2.32},{"name":"19","parent":"11","length":7.14,"x":19.26,"y":-5.39,"rotation":-73.24},{"name":"10_1","parent":"bone2","length":11.4,"x":16.16,"y":0.07,"rotation":-96.31},{"name":"10_2","parent":"bone2","length":10.58,"x":-2.08,"y":4.93,"rotation":-10.05},{"name":"1_3","parent":"2","length":12.32,"x":11.24,"y":-12.23,"rotation":-54.16},{"name":"bone3","parent":"1_3","length":8.63,"x":12.32,"y":-0.04,"rotation":9.51},{"name":"bone4","parent":"bone3","length":8.99,"x":8.63,"rotation":5.51},{"name":"1_1","parent":"bone4","length":8.98,"x":6.65,"y":0.03,"rotation":-123.72},{"name":"1_2","parent":"1_3","length":16.1,"x":8.75,"y":-3.23,"rotation":-107.05},{"name":"1_4","parent":"1_1","length":6.07,"x":8.47,"y":0.1,"rotation":156.17},{"name":"1_5","parent":"1_2","length":8.96,"x":15.97,"y":0.03,"rotation":158.11},{"name":"2_2","parent":"2","length":8.89,"x":11.86,"y":18.01,"rotation":42.58},{"name":"bone6","parent":"2_2","length":7.32,"x":8.89,"y":-0.03,"rotation":-14.92},{"name":"bone7","parent":"bone6","length":6.88,"x":7.32,"rotation":-9.68},{"name":"2_1","parent":"bone7","length":7.85,"x":3.34,"y":2.76,"rotation":140.61},{"name":"2_3","parent":"2_1","length":4.78,"x":7.72,"rotation":149.63},{"name":"2_4","parent":"11","length":8.53,"x":14.11,"y":1.82,"rotation":-100.19},{"name":"3_1","parent":"11","length":9.49,"x":23.26,"y":-0.1,"rotation":-88.17},{"name":"bone5","parent":"bone4","length":7.97,"x":8.99,"rotation":11.21},{"name":"bone8","parent":"bone7","length":6.37,"x":6.88,"rotation":-6.38},{"name":"bone9","parent":"17","length":6.59,"x":7.3,"y":-0.01,"rotation":-0.73},{"name":"bone10","parent":"bone9","length":4.43,"x":6.59,"rotation":-3.73},{"name":"bone11","parent":"bone10","length":5.16,"x":4.43,"rotation":-3.72},{"name":"bone12","parent":"18","length":6.57,"x":6.41,"rotation":7.43},{"name":"bone13","parent":"bone12","length":4.92,"x":6.57,"rotation":2.24},{"name":"bone14","parent":"bone13","length":4.43,"x":4.92,"rotation":-6.33},{"name":"fx_2","parent":"root","length":18.99,"x":87.84,"y":273.75,"rotation":88.4},{"name":"shadow","parent":"root","length":21.04,"x":8.75,"y":0.33},{"name":"x_1","parent":"root","length":14.7,"x":217.14,"y":251.4,"scaleX":0.5,"scaleY":0.5,"rotation":92.86}],"slots":[{"name":"stage_sample","bone":"root","color":"ffffff65"},{"name":"shadow","bone":"shadow","attachment":"shadow"},{"name":"16","bone":"17","attachment":"16"},{"name":"15","bone":"18","attachment":"15"},{"name":"13_1","bone":"13_1","attachment":"13_1"},{"name":"13","bone":"14","attachment":"13"},{"name":"12","bone":"13","attachment":"12"},{"name":"11","bone":"12","attachment":"11"},{"name":"10_2","bone":"10_2","attachment":"10_2"},{"name":"10_1","bone":"10_1","attachment":"10_1"},{"name":"10","bone":"10","attachment":"10"},{"name":"9","bone":"9","attachment":"9"},{"name":"8","bone":"8","attachment":"8"},{"name":"7","bone":"7","attachment":"7"},{"name":"6","bone":"19","attachment":"6"},{"name":"5","bone":"5","attachment":"5"},{"name":"3_1","bone":"3_1","attachment":"3_1"},{"name":"3","bone":"3","attachment":"3"},{"name":"2_4","bone":"2_4","attachment":"2_4"},{"name":"2_3","bone":"2_3","attachment":"2_3"},{"name":"2_2","bone":"2_2","attachment":"2_2"},{"name":"2_1","bone":"2_1","attachment":"2_1"},{"name":"2","bone":"4","attachment":"2"},{"name":"1_5","bone":"1_5","attachment":"1_5"},{"name":"1_4","bone":"1_4","attachment":"1_4"},{"name":"1_3","bone":"1_3","attachment":"1_3"},{"name":"1_2","bone":"1_2","attachment":"1_2"},{"name":"1_1","bone":"1_1","attachment":"1_1"},{"name":"1","bone":"1"},{"name":"fx_2","bone":"fx_2","blend":"additive"},{"name":"x_1","bone":"x_1"}],"skins":{"default":{"1":{"1":{"x":0.67,"y":-3.9,"rotation":-89.05,"width":25,"height":5}},"10":{"10":{"x":11.43,"y":-1.34,"rotation":44.75,"width":19,"height":26}},"10_1":{"10_1":{"x":1.67,"y":-5.25,"rotation":-2.95,"width":37,"height":28}},"10_2":{"10_2":{"x":0.64,"y":-0.79,"rotation":-89.21,"width":17,"height":22}},"11":{"11":{"x":4.02,"y":4.85,"rotation":95.12,"width":46,"height":20}},"12":{"12":{"x":5.28,"y":1.91,"rotation":103.62,"width":15,"height":12}},"13":{"13":{"x":6.54,"y":-0.22,"rotation":154.5,"width":20,"height":11}},"13_1":{"13_1":{"type":"weightedmesh","uvs":[0.90212,0.17565,1,0.4035,1,0.51818,1,0.73599,1,0.92931,0.90796,1,0.75618,1,0.39245,1,0.12277,1,0,0.86346,0,0.76599,0.04034,0.64927,0.02912,0.525,0,0.52277,0,0.30209,0,0.1717,0.20012,0,0.32132,0,0.73574,0,0.44835,0.55716,0.4199,0.78251,0.39117,0.30637],"triangles":[21,14,15,21,17,18,16,17,21,21,15,16,21,18,0,19,0,1,12,13,14,21,12,14,19,21,0,2,19,1,12,21,19,11,12,19,19,2,3,20,11,19,20,19,3,10,11,20,9,10,20,6,20,3,8,9,20,7,8,20,6,7,20,6,3,5,4,5,3],"vertices":[2,2,31.91,-16.20999,0.10096,3,12.61,-19.42,0.89903,2,2,22.8,-20.37,0.3515,3,2.81,-21.49,0.64849,2,2,18.1,-20.64,0.50985,3,-1.82,-20.74,0.49013,2,2,9.18999,-21.16,0.82763,3,-10.64,-19.29999,0.17236,2,2,1.28,-21.62,0.95761,3,-18.45999,-18.03,0.04238,2,2,-1.81,-18.39,0.97665,3,-20.77,-14.2,0.02334,2,2,-2.13,-12.78,0.99272,3,-19.87,-8.66,0.00727,1,2,-2.91,0.64,1,2,2,-3.49,10.6,0.99889,3,-16.1,14.46,0.0011,2,2,1.82,15.46,0.95845,3,-9.85,18.04,0.04154,2,2,5.81,15.7,0.89643,3,-5.9,17.4,0.10356,2,2,10.68,14.48,0.69779,3,-1.42,15.16,0.30219,2,2,15.74,15.19,0.35867,3,3.67,14.75,0.64132,2,2,15.77,16.28,0.33842,3,3.93,15.8,0.66157,2,2,24.8,16.79999,0.05377,3,12.86,14.35,0.94622,2,2,30.14,17.11,0.00655,3,18.14,13.49,0.99344,1,3,23.89,5.05,1,1,3,23.17,0.62,1,2,2,38.74,-9.64999,0.00921,3,20.70999,-14.5,0.99078,2,2,15.32,-0.36,0.5,3,-0.12,-0.34,0.5,1,2,6.04,0.15,1,1,3,10.35999,0.09,1],"hull":19}},"15":{"15":{"type":"weightedmesh","uvs":[1,0.1008,1,0.38302,1,0.76524,0.9006,0.89857,0.67609,0.96302,0.43814,0.86249,0.46705,1,0.4206,1,0.34481,1,0.23738,1,0.12383,1,0,0.91191,0,0.68302,0,0.48302,0,0.33781,0.11323,0.23114,0.36116,0.15799,0.46452,0.06344,0.53388,0,0.80334,0,0.87738,0,0.24352,0.5187,0.25293,0.71821,0.30363,0.85488,0.40957,0.72661,0.13673,0.70524,0.10076,0.49778,0.18318,0.88968,0.55403,0.46004,0.67646,0.23413],"triangles":[10,11,27,9,27,23,10,27,9,8,23,5,9,23,8,7,8,5,6,7,5,23,22,24,23,24,5,27,25,22,27,22,23,11,25,27,25,26,21,12,26,25,24,22,21,25,21,22,11,12,25,26,13,14,15,26,14,21,15,16,26,15,21,12,13,26,29,18,19,19,20,0,0,29,19,1,29,0,28,29,1,2,28,1,17,18,29,29,16,17,28,16,29,28,4,24,28,2,3,28,3,4,21,16,28,28,24,21,24,4,5],"vertices":[2,19,-3.67,6.37,1,46,-19.12,28.72,0,3,19,5.61,10.47999,0.99614,45,-6.8,24.75,0.00182,46,-9.42,25.72,0.00203,1,19,18.19,16.04999,1,1,19,23.83,15.18,1,1,19,28.77,9.75,1,3,44,12.28,5.12,0.01655,45,6.47,4.13,0.28543,46,1.91,3.97,0.698,2,19,32.61,4.37,0.00182,46,6.91,3.37,0.99817,2,19,33.18999,3.05,0.0011,46,6.48,1.99,0.99889,1,46,5.78,-0.24,1,4,19,35.49,-2.13,1.9E-4,44,16.95,-1.29999,0.00461,45,10.02,-2.97,0.07522,46,4.8,-3.43,0.91995,4,19,36.91,-5.35,3.9E-4,44,16.79,-4.82,0.04129,45,9.29,-6.42,0.24301,46,3.76,-6.79,0.71528,4,19,35.57,-10.14999,2.6E-4,44,13.45,-8.51,0.15261,45,5.39,-9.52,0.38939,46,-0.4,-9.52,0.45771,5,19,28.04,-13.48,0,21,13.5,-6.59,0.10084,44,5.21999,-8.14,0.57897,45,-2.66,-7.81,0.26826,46,-8.27,-7.08,0.0519,3,21,6.45,-8.07,0.62423,44,-1.96,-7.82,0.36431,45,-9.7,-6.32,0.01145,3,21,1.33,-9.14,0.88558,44,-7.19,-7.59,0.11441,46,-20.14,-3.4,0,3,21,-3.14,-6.49,0.98255,44,-10.87,-3.91,0.01744,46,-22.77,1.07,0,1,19,6.22,-10.9,1,1,19,1.81,-9.35,1,1,19,-1.14,-8.3,1,3,19,-4.52,-0.67,0.99874,21,-15.67,12.73,0.00125,46,-24.39,23.97,0,2,19,-5.45,1.42,1,46,-23.71,26.16,0,2,21,6.16,-0.42,0.5,44,-0.34,-0.34,0.5,2,44,6.84,-0.37,0.5,45,0.19,-0.4,0.5,2,45,5.33,0.11,0.5,46,0.42,0.07,0.5,3,44,7.36,4.46,0.25264,45,1.5,4.28,0.61343,46,-3.01,4.57,0.13391,4,21,13.41,-2.28,0.0328,44,6.21,-3.95,0.61984,45,-1,-3.83,0.32379,46,-6.25,-3.27,0.02354,3,21,6.33,-4.9,0.65939,44,-1.29,-4.71999,0.33558,45,-8.54,-3.37,0.00502,4,19,32.54,-5.28,2.1E-4,44,12.91,-2.81,0.0453,45,5.79,-3.79,0.3625,46,0.51,-3.86,0.59197,1,19,13.74,-1.03,1,1,19,4.77,-0.85,1],"hull":21}},"16":{"16":{"type":"weightedmesh","uvs":[0.83213,0.063,1,0.31941,1,0.57813,1,0.7537,1,0.88306,0.8847,0.95929,0.75502,1,0.57973,1,0.31341,1,0.41737,0.85698,0.14448,0.87894,0,0.74677,0,0.16926,0.12415,0,0.47119,0,0.70595,0,0.78662,0.42106,0.79712,0.59434,0.76555,0.73989,0.71295,0.84154,0.6639,0.16002,0.62534,0.44184,0.57978,0.63357,0.50518,0.7362,0.34985,0.32643],"triangles":[7,9,19,6,19,5,7,19,6,18,3,4,5,19,18,4,5,18,17,2,3,18,17,3,16,0,1,16,1,2,17,16,2,21,16,17,8,9,7,9,10,23,16,20,0,16,21,20,10,11,24,24,13,14,12,13,24,23,24,22,11,12,24,24,23,10,22,24,21,24,14,20,21,24,20,20,14,15,20,15,0,22,21,17,23,22,18,18,22,17,19,23,18,9,23,19],"vertices":[1,12,-7.8,9.60999,1,4,12,1.55,17.57,0.06798,20,-4.9,6.37,0.932,42,-20.04,0.8,0,43,-24.15,-4.09,0,2,20,6.48,6.13,0.62683,41,-1.49,6.02,0.37316,4,20,14.2,5.97,0.01579,41,6.2,6.7,0.60805,42,-1.79,6.47,0.3411,43,-7.39,5.09,0.03505,3,41,11.87,7.2,0.16655,42,3.63,8.16,0.56276,43,-2.4,7.83,0.27068,3,41,15.51,4.17,0.01733,42,7.83,5.96,0.37467,43,2.14,6.51,0.60798,2,42,10.65,2.9,0.08994,43,5.52,4.08,0.91005,2,12,33.75,14.72,0.00403,43,7.96,-0.37,0.99596,1,12,36.02,7.33,1,1,12,29.12,8.37,1,1,12,32.37,1.09,1,1,12,28.04,-4.62,1,1,12,3.75,-12.08,1,2,12,-4.42,-10.82,1,43,-24.26,-33.12,0,1,12,-7.37,-1.2,1,1,12,-9.37,5.3,1,1,20,-0.56,0.09,1,2,20,7.06,0.23,0.5,41,-0.26,0.22,0.5,2,41,6.2,-0.12,0.5,42,-0.36,-0.2,0.5,2,42,4.36,-0.33,0.5,43,0,-0.34,0.5,1,12,-2.28,6.2,1,1,12,9.89,8.77,1,1,12,18.34,9.97999,1,1,12,23.29,9.24,1,1,12,7.38,-0.35,1],"hull":16}},"1_1":{"1_1":{"x":4.43,"y":-0.32,"rotation":82.11,"width":5,"height":10}},"1_2":{"1_2":{"x":7.77,"y":-1.8,"rotation":80.5,"width":8,"height":17}},"1_3":{"1_3":{"type":"weightedmesh","uvs":[1,0.23148,0.92776,0.38086,0.77043,0.64405,0.58631,0.8539,0.38212,1,0.1411,1,0,1,0,0.8093,0,0.40575,0.16788,0.2457,0.43568,0.139,0.64322,0.07142,0.76038,0,1,0,0.43523,0.59357,0.63215,0.4333,0.82043,0.25481],"triangles":[16,12,13,0,16,13,11,12,16,1,16,0,15,10,11,15,11,16,15,16,1,2,15,1,14,9,10,14,10,15,14,15,2,3,14,2,8,9,14,7,8,14,7,5,6,14,5,7,5,14,4,3,4,14],"vertices":[2,27,13.89,-3.57,0.07588,39,4.1,-4.44999,0.9241,3,26,18,-4.62,0.00152,27,8.87,-5.5,0.67413,39,-1.17999,-5.36,0.32433,3,25,22.28,-6.74,0.02029,26,8.71,-8.25,0.55371,27,-0.72,-8.21,0.42599,3,25,13.67,-9.93,0.49458,26,-0.3,-9.96,0.49498,27,-9.85999,-9.05,0.01043,3,25,5.37,-10.98,0.92835,26,-8.66,-9.63,0.07163,27,-18.15,-7.92,0,2,25,-1.94,-7.3,0.99999,27,-24.26,-2.46,0,2,25,-6.22,-5.14,0.99999,27,-27.84,0.73,0,2,25,-3.48,0.3,0.99999,27,-23.77,5.28,0,3,25,2.31,11.83,0.90016,26,-7.9,13.37,0.09854,27,-15.17,14.91,0.00129,3,25,9.71,13.84,0.61697,26,-0.27,14.13,0.32981,27,-7.51,14.93,0.05321,4,25,19.37999,12.8,0.11585,26,9.08,11.5,0.42923,27,1.55,11.41,0.44183,39,-5.08,12.64,0.01307,4,25,26.65,11.56,0.00245,26,16.04999,9.07,0.07934,27,8.25,8.32,0.55937,39,0.89,8.31,0.35881,3,26,20.61,8.56,0.00558,27,12.74,7.37,0.19269,39,5.11,6.5,0.80171,1,39,10.01,0,1,2,25,12.83,-0.18,0.5,26,0.47,-0.21,0.5,2,26,8.89999,-0.03,0.5,27,0.26,-0.05,0.5,2,27,8.84,-0.06,0.5,39,-0.16,-0.02,0.5],"hull":14}},"1_4":{"1_4":{"x":3.93,"y":0.59,"rotation":-73.99,"width":4,"height":10}},"1_5":{"1_5":{"x":7.18,"y":1.23,"rotation":-77.58,"width":7,"height":18}},"2":{"2":{"type":"weightedmesh","uvs":[1,0.4925,1,0.63091,1,0.85667,0.89387,0.9663,0.67614,0.96219,0.62064,1,0.48971,1,0.30472,1,0.10549,1,0.03979,0.96533,0,0.95534,0,0.62954,0.05141,0.4925,0,0.37465,0,0.21706,0.38441,0,1,0,0.67898,0.64838,0.62775,0.77171,0.54095,0.8183,0.39722,0.85667,0.27199,0.85941,0.23214,0.82241,0.21506,0.78678,0.27768,0.79638,0.4086,0.7813,0.57368,0.72512,0.14249,0.87586,0.26202,0.89778,0.36022,0.90052,0.49968,0.88956,0.76579,0.59356,0.83125,0.72649,0.8284,0.89367,0.66475,0.89093,0.74302,0.83886,0.67044,0.70867],"triangles":[19,26,18,18,36,35,20,25,19,21,22,24,21,24,20,30,20,19,34,18,35,19,18,34,30,19,34,34,35,33,28,22,21,27,22,28,29,21,20,28,21,29,29,20,30,4,34,33,8,27,28,7,28,29,8,28,7,6,29,30,7,29,6,6,30,34,5,6,34,5,34,4,19,25,26,20,24,25,8,9,27,13,14,15,12,13,15,15,17,12,31,0,1,31,17,15,17,26,12,12,23,11,32,31,1,17,31,32,26,25,12,12,24,23,25,24,12,32,1,2,27,11,23,33,35,32,33,32,2,10,11,27,9,10,27,3,33,2,31,15,16,16,0,31,36,26,17,36,17,32,22,23,24,35,36,32,27,23,22,4,33,3,18,26,36],"vertices":[1,4,11.37,-19,1,1,4,3.9,-19.19,1,1,4,-8.28,-19.5,1,1,4,-14.34,-14.14,1,2,4,-14.41,-2.81,0.09201,9,8.76,11.63,0.90798,2,4,-16.52,0.01,0.02781,9,12.25,11.04,0.97218,1,9,17.07,6.23,1,1,9,23.88,-0.56,1,2,4,-17.2,26.79,3.0E-5,9,31.21,-7.87,0.99996,1,4,-15.42,30.25,1,1,4,-14.93,32.33,1,1,4,2.64,32.78,1,1,4,10.10999,30.3,1,1,4,16.4,33.13,1,1,4,24.91,33.34999,1,1,4,37.14,13.67,1,1,4,37.95,-18.32,1,1,4,2.53,-2.53,1,2,4,-4.19,-0.04,0.04861,9,3.28,2.57,0.95138,1,9,8.25,1.16,1,2,4,-9.08,11.82,0.00221,9,15.01,-2.64,0.99778,2,4,-9.39999,18.33,0.01446,9,19.71999,-7.13,0.98553,2,4,-7.45,20.45,0.0486,9,19.78,-10.01,0.95139,1,4,-5.55,21.39,1,1,4,-5.98,18.12,1,1,4,-5,11.33,1,1,4,-1.75,2.83,1,1,4,-10.45,25.04,1,2,4,-11.48,18.79,0.01446,9,21.55,-6.03,0.98553,2,4,-11.5,13.68,0.00205,9,18.04,-2.32,0.99794,1,9,12.49,2.36999,1,1,4,5.6,-6.97,1,1,4,-1.48,-10.55,1,1,4,-10.51,-10.63,1,2,4,-10.58,-2.11999,0.13075,9,6.47,8.49,0.86924,2,4,-7.66,-6.12,0.28026,9,1.6,9.37,0.71973,2,4,-0.83,-1.28,0.57845,9,0,1.16,0.42154],"hull":17}},"2_1":{"2_1":{"x":4.07,"y":-0.34,"rotation":99.51,"width":4,"height":10}},"2_2":{"2_2":{"type":"weightedmesh","uvs":[0.38701,0.09936,0.68311,0.28109,0.90401,0.46596,1,0.55369,1,0.69782,1,1,0.56091,1,0.34941,1,0.21781,0.86389,0,0.55682,0,0.23722,0,0,0.24601,0,0.54987,0.63891,0.37783,0.42311,0.18305,0.21116],"triangles":[15,11,12,15,12,0,10,11,15,14,15,0,14,0,1,9,10,15,9,15,14,13,14,1,13,1,2,8,9,14,8,14,13,2,3,4,13,2,4,7,8,13,5,6,13,7,13,6,5,13,4],"vertices":[3,33,15.55,-4.96999,0.00243,34,8.04,-5.25,0.38211,40,1.73,-5.09,0.61545,4,32,15.52,-8.83,0.02493,33,7.95,-7.62,0.47925,34,0.35,-7.64,0.49383,40,-5.63,-8.31,0.00197,3,32,8.43,-8.97999,0.45067,33,0.97,-8.89999,0.51173,34,-6.65,-8.68,0.03757,3,32,5.17,-8.91,0.68674,33,-2.25,-9.35999,0.30997,34,-9.89,-9.02,0.00328,2,32,1.73,-6.29,0.91528,33,-6.06,-7.32,0.08471,2,32,-5.47,-0.79,0.99999,33,-14.05,-3.04,0,2,32,-0.14,6.18,0.98675,33,-9.91,4.69,0.01324,2,32,2.41,9.55,0.92625,33,-7.91,8.42,0.07374,3,32,7.26,9.16,0.72029,33,-3.07,8.82,0.2691,34,-10.09,9.17,0.0106,3,32,17.21999,7.04,0.0321,33,7.1,8.32,0.53695,34,0.05,8.32,0.43093,3,33,15.55,3.79,0.00385,34,8.35,3.51,0.41322,40,1.05999,3.65,0.58291,1,40,7.58,0.78,1,2,34,12.03,-4.31,0.01438,40,5.6,-3.71,0.98561,2,32,8.6,-0.2,0.5,33,-0.25,-0.21,0.5,2,33,7.07,-0.23,0.5,34,-0.26,-0.22,0.5,2,34,7.19,-0.04,0.5,40,0.3,0,0.5],"hull":13}},"2_3":{"2_3":{"x":4.57,"y":0.23,"rotation":-49.97,"width":5,"height":10}},"2_4":{"2_4":{"x":3.88,"y":-0.26,"rotation":-102.89,"width":8,"height":11}},"3":{"3":{"x":4.43,"y":-0.54,"rotation":-104.51,"width":9,"height":13}},"3_1":{"3_1":{"x":4.64,"y":-0.16,"rotation":-89.08,"width":9,"height":12}},"5":{"5":{"x":7.62,"y":0.58,"rotation":-170.56,"width":17,"height":9}},"6":{"6":{"type":"weightedmesh","uvs":[1,0.14904,1,0.75408,0.94363,0.85642,0.71496,1,0.21124,1,0.15447,0.88593,0,0.77647,0,0.543,0,0,0.30559,0,0.33597,0.13043,0.51187,0,1,0,0.75679,0.4412,0.22265,0.2964,0.1982,0.41417,0.41635,0.69257],"triangles":[16,7,15,16,6,7,7,8,15,16,15,14,16,14,10,15,8,14,9,14,8,9,10,14,4,16,3,2,3,13,4,5,16,5,6,16,3,16,13,10,13,16,10,11,13,2,13,1,13,0,1,13,11,0,11,12,0],"vertices":[1,6,-2.51,0.26,1,2,6,3.75,9.46,0.89878,7,-9.01,5.43,0.10121,2,6,6.69,9.82,0.81282,7,-6.78,7.39,0.18717,2,6,15.88,5.88,0.10944,7,3.02,9.31,0.89055,2,7,21.05,4.91,0.73234,22,-9.35,4.69,0.26765,2,7,22.55,2.43,0.49224,22,-6.55,5.41,0.50774,2,7,27.49,-0.79,0.10856,22,-2.03,9.2,0.89143,2,7,26.49,-4.87,0.02792,22,1.59,7.07,0.97207,1,22,10.01,2.10999,1,3,6,12.66,-17.41,1.0E-5,7,13.48,-11.76,0.13821,22,4.42999,-7.36,0.86176,3,6,13.67,-15.03,0.00508,7,12.98,-9.22,0.33329,22,1.85,-7.11,0.66162,3,6,7.89,-11.88,0.16855,7,6.42,-9.87,0.72015,22,0.58,-13.58,0.11129,2,6,-3.98,-1.97,0.99999,7,-8.96,-8.38,0,2,6,7.69,-0.09,0.5,7,-0.37,-0.24,0.5,2,7,17.65,-7.29,0.06486,22,1.35,-2.08,0.93513,1,22,-0.02,-0.25,1,1,7,12.58,1.27,1],"hull":13}},"7":{"7":{"x":5.83,"y":0.54,"rotation":-167.64,"width":18,"height":12}},"8":{"8":{"x":16.09,"y":-0.51,"rotation":88.09,"width":14,"height":37}},"9":{"9":{"x":7.7,"y":-3.37,"rotation":84.24,"width":21,"height":20}},"fx_2":{"fx_2":{"x":-2.77,"y":0.87,"rotation":-88.4,"width":50,"height":54}},"shadow":{"shadow":{"x":-6.74,"y":1.76,"width":85,"height":42}},"x_1":{"x_1":{"x":5.25,"y":-7.05,"rotation":-92.86,"width":128,"height":128},"x_2":{"x":4.79,"y":-6.81,"rotation":-92.86,"width":128,"height":128},"x_3":{"x":3.38,"y":-6.93,"rotation":-92.86,"width":128,"height":128},"x_4":{"x":4.16,"y":-7.27,"rotation":-92.86,"width":128,"height":128},"x_5":{"x":3.43,"y":-6.43,"rotation":-92.86,"width":128,"height":128},"x_6":{"x":3.92,"y":-6.93,"rotation":-92.86,"width":128,"height":128},"x_7":{"x":4.38,"y":-6.3,"rotation":-92.86,"width":128,"height":128},"x_8":{"x":4.23,"y":-7.39,"rotation":-92.86,"width":128,"height":128},"x_9":{"x":4.78,"y":-7.93,"rotation":-92.86,"width":128,"height":128}}}},"animations":{"wait_DL":{"slots":{"1":{"attachment":[{"time":0,"name":null},{"time":1.0666,"name":"1"},{"time":1.2666,"name":null},{"time":2,"name":null}]}},"bones":{"root":{"rotate":[{"time":0,"angle":0,"curve":"stepped"},{"time":1,"angle":0,"curve":"stepped"},{"time":2,"angle":0}],"translate":[{"time":0,"x":0,"y":0,"curve":"stepped"},{"time":1,"x":0,"y":0,"curve":"stepped"},{"time":2,"x":0,"y":0}],"scale":[{"time":0,"x":1,"y":1,"curve":"stepped"},{"time":1,"x":1,"y":1,"curve":"stepped"},{"time":2,"x":1,"y":1}]},"bone":{"rotate":[{"time":0,"angle":0,"curve":"stepped"},{"time":1,"angle":0,"curve":"stepped"},{"time":2,"angle":0}],"translate":[{"time":0,"x":0,"y":0,"curve":"stepped"},{"time":1,"x":0,"y":0,"curve":"stepped"},{"time":2,"x":0,"y":0}],"scale":[{"time":0,"x":1,"y":1,"curve":"stepped"},{"time":1,"x":1,"y":1,"curve":"stepped"},{"time":2,"x":1,"y":1}]},"13_1":{"rotate":[{"time":0,"angle":0,"curve":[0.25,0,0.725,0.99]},{"time":0.5,"angle":4.16,"curve":[0.355,0,0.75,1]},{"time":1,"angle":0},{"time":1.5,"angle":4.16,"curve":[0.355,0,0.75,1]},{"time":2,"angle":0}],"translate":[{"time":0,"x":0,"y":0,"curve":[0.25,0,0.725,0.99]},{"time":0.5,"x":-0.16,"y":-4.44,"curve":[0.355,0,0.75,1]},{"time":1,"x":0,"y":0},{"time":1.5,"x":-0.16,"y":-4.44,"curve":[0.355,0,0.75,1]},{"time":2,"x":0,"y":0}],"scale":[{"time":0,"x":1,"y":1,"curve":"stepped"},{"time":1,"x":1,"y":1,"curve":"stepped"},{"time":2,"x":1,"y":1}]},"bone2":{"rotate":[{"time":0,"angle":0,"curve":"stepped"},{"time":1,"angle":0,"curve":"stepped"},{"time":2,"angle":0}],"translate":[{"time":0,"x":0,"y":0,"curve":"stepped"},{"time":1,"x":0,"y":0,"curve":"stepped"},{"time":2,"x":0,"y":0}],"scale":[{"time":0,"x":1,"y":1,"curve":"stepped"},{"time":1,"x":1,"y":1,"curve":"stepped"},{"time":2,"x":1,"y":1}]},"2":{"rotate":[{"time":0,"angle":0},{"time":0.3333,"angle":-4.2},{"time":0.6666,"angle":4.31},{"time":1,"angle":0},{"time":1.3333,"angle":-4.2},{"time":1.6666,"angle":4.31},{"time":2,"angle":0}],"translate":[{"time":0,"x":0,"y":0},{"time":0.6666,"x":-2.78,"y":0.29},{"time":1,"x":0,"y":0},{"time":1.6666,"x":-2.78,"y":0.29},{"time":2,"x":0,"y":0}],"scale":[{"time":0,"x":1,"y":1,"curve":"stepped"},{"time":1,"x":1,"y":1,"curve":"stepped"},{"time":2,"x":1,"y":1}]},"1":{"rotate":[{"time":0,"angle":0,"curve":"stepped"},{"time":1,"angle":0,"curve":"stepped"},{"time":2,"angle":0}],"translate":[{"time":0,"x":0,"y":0,"curve":"stepped"},{"time":1,"x":0,"y":0,"curve":"stepped"},{"time":2,"x":0,"y":0}],"scale":[{"time":0,"x":1,"y":1,"curve":"stepped"},{"time":1,"x":1,"y":1,"curve":"stepped"},{"time":2,"x":1,"y":1}]},"1_3":{"rotate":[{"time":0,"angle":0},{"time":0.5,"angle":13.36},{"time":1,"angle":0},{"time":1.5,"angle":13.36},{"time":2,"angle":0}],"translate":[{"time":0,"x":0,"y":0,"curve":"stepped"},{"time":0.5,"x":0,"y":0,"curve":"stepped"},{"time":1,"x":0,"y":0,"curve":"stepped"},{"time":1.5,"x":0,"y":0,"curve":"stepped"},{"time":2,"x":0,"y":0}],"scale":[{"time":0,"x":1,"y":1,"curve":"stepped"},{"time":0.5,"x":1,"y":1,"curve":"stepped"},{"time":1,"x":1,"y":1,"curve":"stepped"},{"time":1.5,"x":1,"y":1,"curve":"stepped"},{"time":2,"x":1,"y":1}]},"bone3":{"rotate":[{"time":0,"angle":0},{"time":0.5,"angle":-11.75},{"time":1,"angle":0},{"time":1.5,"angle":-11.75},{"time":2,"angle":0}],"translate":[{"time":0,"x":0,"y":0,"curve":"stepped"},{"time":0.5,"x":0,"y":0,"curve":"stepped"},{"time":1,"x":0,"y":0,"curve":"stepped"},{"time":1.5,"x":0,"y":0,"curve":"stepped"},{"time":2,"x":0,"y":0}],"scale":[{"time":0,"x":1,"y":1,"curve":"stepped"},{"time":0.5,"x":1,"y":1,"curve":"stepped"},{"time":1,"x":1,"y":1,"curve":"stepped"},{"time":1.5,"x":1,"y":1,"curve":"stepped"},{"time":2,"x":1,"y":1}]},"bone4":{"rotate":[{"time":0,"angle":0},{"time":0.5,"angle":-11.96},{"time":1,"angle":0},{"time":1.5,"angle":-11.96},{"time":2,"angle":0}],"translate":[{"time":0,"x":0,"y":0,"curve":"stepped"},{"time":0.5,"x":0,"y":0,"curve":"stepped"},{"time":1,"x":0,"y":0,"curve":"stepped"},{"time":1.5,"x":0,"y":0,"curve":"stepped"},{"time":2,"x":0,"y":0}],"scale":[{"time":0,"x":1,"y":1,"curve":"stepped"},{"time":0.5,"x":1,"y":1,"curve":"stepped"},{"time":1,"x":1,"y":1,"curve":"stepped"},{"time":1.5,"x":1,"y":1,"curve":"stepped"},{"time":2,"x":1,"y":1}]},"bone5":{"rotate":[{"time":0,"angle":0},{"time":0.5,"angle":-21.7},{"time":1,"angle":0},{"time":1.5,"angle":-21.7},{"time":2,"angle":0}],"translate":[{"time":0,"x":0,"y":0,"curve":"stepped"},{"time":0.5,"x":0,"y":0,"curve":"stepped"},{"time":1,"x":0,"y":0,"curve":"stepped"},{"time":1.5,"x":0,"y":0,"curve":"stepped"},{"time":2,"x":0,"y":0}],"scale":[{"time":0,"x":1,"y":1,"curve":"stepped"},{"time":0.5,"x":1,"y":1,"curve":"stepped"},{"time":1,"x":1,"y":1,"curve":"stepped"},{"time":1.5,"x":1,"y":1,"curve":"stepped"},{"time":2,"x":1,"y":1}]},"1_2":{"rotate":[{"time":0,"angle":0},{"time":0.2,"angle":12.28},{"time":0.5,"angle":-21.12},{"time":0.7,"angle":-16.59},{"time":1,"angle":0},{"time":1.2,"angle":12.28},{"time":1.5,"angle":-21.12},{"time":1.7,"angle":-16.59},{"time":2,"angle":0}],"translate":[{"time":0,"x":0,"y":0,"curve":"stepped"},{"time":0.5,"x":0,"y":0,"curve":"stepped"},{"time":1,"x":0,"y":0,"curve":"stepped"},{"time":1.5,"x":0,"y":0,"curve":"stepped"},{"time":2,"x":0,"y":0}],"scale":[{"time":0,"x":1,"y":1,"curve":"stepped"},{"time":0.5,"x":1,"y":1,"curve":"stepped"},{"time":1,"x":1,"y":1,"curve":"stepped"},{"time":1.5,"x":1,"y":1,"curve":"stepped"},{"time":2,"x":1,"y":1}]},"1_5":{"rotate":[{"time":0,"angle":0,"curve":"stepped"},{"time":0.5,"angle":0,"curve":"stepped"},{"time":1,"angle":0,"curve":"stepped"},{"time":1.5,"angle":0,"curve":"stepped"},{"time":2,"angle":0}],"translate":[{"time":0,"x":0,"y":0,"curve":"stepped"},{"time":0.5,"x":0,"y":0,"curve":"stepped"},{"time":1,"x":0,"y":0,"curve":"stepped"},{"time":1.5,"x":0,"y":0,"curve":"stepped"},{"time":2,"x":0,"y":0}],"scale":[{"time":0,"x":1,"y":1,"curve":"stepped"},{"time":0.5,"x":1,"y":1,"curve":"stepped"},{"time":1,"x":1,"y":1,"curve":"stepped"},{"time":1.5,"x":1,"y":1,"curve":"stepped"},{"time":2,"x":1,"y":1}]},"1_1":{"rotate":[{"time":0,"angle":0},{"time":0.2,"angle":28.93},{"time":0.5,"angle":-18.18},{"time":1,"angle":0},{"time":1.2,"angle":28.93},{"time":1.5,"angle":-18.18},{"time":2,"angle":0}],"translate":[{"time":0,"x":0,"y":0,"curve":"stepped"},{"time":0.5,"x":0,"y":0,"curve":"stepped"},{"time":1,"x":0,"y":0,"curve":"stepped"},{"time":1.5,"x":0,"y":0,"curve":"stepped"},{"time":2,"x":0,"y":0}],"scale":[{"time":0,"x":1,"y":1,"curve":"stepped"},{"time":0.5,"x":1,"y":1,"curve":"stepped"},{"time":1,"x":1,"y":1,"curve":"stepped"},{"time":1.5,"x":1,"y":1,"curve":"stepped"},{"time":2,"x":1,"y":1}]},"1_4":{"rotate":[{"time":0,"angle":0,"curve":"stepped"},{"time":0.5,"angle":0,"curve":"stepped"},{"time":1,"angle":0,"curve":"stepped"},{"time":1.5,"angle":0,"curve":"stepped"},{"time":2,"angle":0}],"translate":[{"time":0,"x":0,"y":0,"curve":"stepped"},{"time":0.5,"x":0,"y":0,"curve":"stepped"},{"time":1,"x":0,"y":0,"curve":"stepped"},{"time":1.5,"x":0,"y":0,"curve":"stepped"},{"time":2,"x":0,"y":0}],"scale":[{"time":0,"x":1,"y":1,"curve":"stepped"},{"time":0.5,"x":1,"y":1,"curve":"stepped"},{"time":1,"x":1,"y":1,"curve":"stepped"},{"time":1.5,"x":1,"y":1,"curve":"stepped"},{"time":2,"x":1,"y":1}]},"2_2":{"rotate":[{"time":0,"angle":0},{"time":0.5,"angle":-27.03},{"time":1,"angle":0},{"time":1.5,"angle":-27.03},{"time":2,"angle":0}],"translate":[{"time":0,"x":0,"y":0,"curve":"stepped"},{"time":0.5,"x":0,"y":0,"curve":"stepped"},{"time":1,"x":0,"y":0,"curve":"stepped"},{"time":1.5,"x":0,"y":0,"curve":"stepped"},{"time":2,"x":0,"y":0}],"scale":[{"time":0,"x":1,"y":1,"curve":"stepped"},{"time":0.5,"x":1,"y":1,"curve":"stepped"},{"time":1,"x":1,"y":1,"curve":"stepped"},{"time":1.5,"x":1,"y":1,"curve":"stepped"},{"time":2,"x":1,"y":1}]},"bone6":{"rotate":[{"time":0,"angle":0},{"time":0.5,"angle":29.47},{"time":1,"angle":0},{"time":1.5,"angle":29.47},{"time":2,"angle":0}],"translate":[{"time":0,"x":0,"y":0,"curve":"stepped"},{"time":0.5,"x":0,"y":0,"curve":"stepped"},{"time":1,"x":0,"y":0,"curve":"stepped"},{"time":1.5,"x":0,"y":0,"curve":"stepped"},{"time":2,"x":0,"y":0}],"scale":[{"time":0,"x":1,"y":1,"curve":"stepped"},{"time":0.5,"x":1,"y":1,"curve":"stepped"},{"time":1,"x":1,"y":1,"curve":"stepped"},{"time":1.5,"x":1,"y":1,"curve":"stepped"},{"time":2,"x":1,"y":1}]},"bone7":{"rotate":[{"time":0,"angle":0},{"time":0.5,"angle":18.69},{"time":1,"angle":0},{"time":1.5,"angle":18.69},{"time":2,"angle":0}],"translate":[{"time":0,"x":0,"y":0,"curve":"stepped"},{"time":0.5,"x":0,"y":0,"curve":"stepped"},{"time":1,"x":0,"y":0,"curve":"stepped"},{"time":1.5,"x":0,"y":0,"curve":"stepped"},{"time":2,"x":0,"y":0}],"scale":[{"time":0,"x":1,"y":1,"curve":"stepped"},{"time":0.5,"x":1,"y":1,"curve":"stepped"},{"time":1,"x":1,"y":1,"curve":"stepped"},{"time":1.5,"x":1,"y":1,"curve":"stepped"},{"time":2,"x":1,"y":1}]},"bone8":{"rotate":[{"time":0,"angle":0},{"time":0.5,"angle":22.21},{"time":1,"angle":0},{"time":1.5,"angle":22.21},{"time":2,"angle":0}],"translate":[{"time":0,"x":0,"y":0,"curve":"stepped"},{"time":0.5,"x":0,"y":0,"curve":"stepped"},{"time":1,"x":0,"y":0,"curve":"stepped"},{"time":1.5,"x":0,"y":0,"curve":"stepped"},{"time":2,"x":0,"y":0}],"scale":[{"time":0,"x":1,"y":1,"curve":"stepped"},{"time":0.5,"x":1,"y":1,"curve":"stepped"},{"time":1,"x":1,"y":1,"curve":"stepped"},{"time":1.5,"x":1,"y":1,"curve":"stepped"},{"time":2,"x":1,"y":1}]},"2_1":{"rotate":[{"time":0,"angle":0},{"time":0.2,"angle":-28.1},{"time":0.5,"angle":2.5},{"time":1,"angle":0},{"time":1.2,"angle":-28.1},{"time":1.5,"angle":2.5},{"time":2,"angle":0}],"translate":[{"time":0,"x":0,"y":0,"curve":"stepped"},{"time":0.5,"x":0,"y":0,"curve":"stepped"},{"time":1,"x":0,"y":0,"curve":"stepped"},{"time":1.5,"x":0,"y":0,"curve":"stepped"},{"time":2,"x":0,"y":0}],"scale":[{"time":0,"x":1,"y":1,"curve":"stepped"},{"time":0.5,"x":1,"y":1,"curve":"stepped"},{"time":1,"x":1,"y":1,"curve":"stepped"},{"time":1.5,"x":1,"y":1,"curve":"stepped"},{"time":2,"x":1,"y":1}]},"2_3":{"rotate":[{"time":0,"angle":0,"curve":"stepped"},{"time":0.5,"angle":0,"curve":"stepped"},{"time":1,"angle":0,"curve":"stepped"},{"time":1.5,"angle":0,"curve":"stepped"},{"time":2,"angle":0}],"translate":[{"time":0,"x":0,"y":0,"curve":"stepped"},{"time":0.5,"x":0,"y":0,"curve":"stepped"},{"time":1,"x":0,"y":0,"curve":"stepped"},{"time":1.5,"x":0,"y":0,"curve":"stepped"},{"time":2,"x":0,"y":0}],"scale":[{"time":0,"x":1,"y":1,"curve":"stepped"},{"time":0.5,"x":1,"y":1,"curve":"stepped"},{"time":1,"x":1,"y":1,"curve":"stepped"},{"time":1.5,"x":1,"y":1,"curve":"stepped"},{"time":2,"x":1,"y":1}]},"10":{"rotate":[{"time":0,"angle":0},{"time":0.5,"angle":13.63},{"time":1,"angle":0},{"time":1.5,"angle":13.63},{"time":2,"angle":0}],"translate":[{"time":0,"x":0,"y":0,"curve":"stepped"},{"time":1,"x":0,"y":0,"curve":"stepped"},{"time":2,"x":0,"y":0}],"scale":[{"time":0,"x":1,"y":1,"curve":"stepped"},{"time":1,"x":1,"y":1,"curve":"stepped"},{"time":2,"x":1,"y":1}]},"16":{"rotate":[{"time":0,"angle":0,"curve":"stepped"},{"time":1,"angle":0,"curve":"stepped"},{"time":2,"angle":0}],"translate":[{"time":0,"x":0,"y":0,"curve":"stepped"},{"time":1,"x":0,"y":0,"curve":"stepped"},{"time":2,"x":0,"y":0}],"scale":[{"time":0,"x":1,"y":1,"curve":"stepped"},{"time":1,"x":1,"y":1,"curve":"stepped"},{"time":2,"x":1,"y":1}]},"17":{"rotate":[{"time":0,"angle":0},{"time":0.3333,"angle":-10.22},{"time":0.6666,"angle":-8.18},{"time":1,"angle":0},{"time":1.3333,"angle":-10.22},{"time":1.6666,"angle":-8.18},{"time":2,"angle":0}],"translate":[{"time":0,"x":0,"y":0,"curve":"stepped"},{"time":1,"x":0,"y":0,"curve":"stepped"},{"time":2,"x":0,"y":0}],"scale":[{"time":0,"x":1,"y":1,"curve":"stepped"},{"time":1,"x":1,"y":1,"curve":"stepped"},{"time":2,"x":1,"y":1}]},"bone9":{"rotate":[{"time":0,"angle":0},{"time":0.3333,"angle":-9.22},{"time":0.6666,"angle":10.14},{"time":1,"angle":0},{"time":1.3333,"angle":-9.22},{"time":1.6666,"angle":10.14},{"time":2,"angle":0}],"translate":[{"time":0,"x":0,"y":0,"curve":"stepped"},{"time":1,"x":0,"y":0,"curve":"stepped"},{"time":2,"x":0,"y":0}],"scale":[{"time":0,"x":1,"y":1,"curve":"stepped"},{"time":1,"x":1,"y":1,"curve":"stepped"},{"time":2,"x":1,"y":1}]},"bone10":{"rotate":[{"time":0,"angle":0},{"time":0.3333,"angle":-14.38},{"time":0.6666,"angle":18.57},{"time":1,"angle":0},{"time":1.3333,"angle":-14.38},{"time":1.6666,"angle":18.57},{"time":2,"angle":0}],"translate":[{"time":0,"x":0,"y":0,"curve":"stepped"},{"time":1,"x":0,"y":0,"curve":"stepped"},{"time":2,"x":0,"y":0}],"scale":[{"time":0,"x":1,"y":1,"curve":"stepped"},{"time":1,"x":1,"y":1,"curve":"stepped"},{"time":2,"x":1,"y":1}]},"bone11":{"rotate":[{"time":0,"angle":0},{"time":0.3333,"angle":-16.4},{"time":0.6666,"angle":17.76},{"time":1,"angle":0},{"time":1.3333,"angle":-16.4},{"time":1.6666,"angle":17.76},{"time":2,"angle":0}],"translate":[{"time":0,"x":0,"y":0,"curve":"stepped"},{"time":1,"x":0,"y":0,"curve":"stepped"},{"time":2,"x":0,"y":0}],"scale":[{"time":0,"x":1,"y":1,"curve":"stepped"},{"time":1,"x":1,"y":1,"curve":"stepped"},{"time":2,"x":1,"y":1}]},"9":{"rotate":[{"time":0,"angle":0},{"time":0.5,"angle":2.27},{"time":1,"angle":0},{"time":1.5,"angle":2.27},{"time":2,"angle":0}],"translate":[{"time":0,"x":0,"y":0,"curve":"stepped"},{"time":1,"x":0,"y":0,"curve":"stepped"},{"time":2,"x":0,"y":0}],"scale":[{"time":0,"x":1,"y":1},{"time":0.5,"x":1.119,"y":1.015},{"time":1,"x":1,"y":1},{"time":1.5,"x":1.119,"y":1.015},{"time":2,"x":1,"y":1}]},"7":{"rotate":[{"time":0,"angle":0},{"time":0.5,"angle":-6.63},{"time":1,"angle":0},{"time":1.5,"angle":-6.63},{"time":2,"angle":0}],"translate":[{"time":0,"x":0,"y":0,"curve":"stepped"},{"time":1,"x":0,"y":0,"curve":"stepped"},{"time":2,"x":0,"y":0}],"scale":[{"time":0,"x":1,"y":1,"curve":"stepped"},{"time":1,"x":1,"y":1,"curve":"stepped"},{"time":2,"x":1,"y":1}]},"8":{"rotate":[{"time":0,"angle":0},{"time":0.5,"angle":-8.17},{"time":1,"angle":0},{"time":1.5,"angle":-8.17},{"time":2,"angle":0}],"translate":[{"time":0,"x":0,"y":0},{"time":0.5,"x":4.67,"y":-0.28},{"time":1,"x":0,"y":0},{"time":1.5,"x":4.67,"y":-0.28},{"time":2,"x":0,"y":0}],"scale":[{"time":0,"x":1,"y":1,"curve":"stepped"},{"time":1,"x":1,"y":1,"curve":"stepped"},{"time":2,"x":1,"y":1}]},"10_1":{"rotate":[{"time":0,"angle":0,"curve":"stepped"},{"time":1,"angle":0,"curve":"stepped"},{"time":2,"angle":0}],"translate":[{"time":0,"x":0,"y":0,"curve":"stepped"},{"time":1,"x":0,"y":0,"curve":"stepped"},{"time":2,"x":0,"y":0}],"scale":[{"time":0,"x":1,"y":1,"curve":"stepped"},{"time":1,"x":1,"y":1,"curve":"stepped"},{"time":2,"x":1,"y":1}]},"6":{"rotate":[{"time":0,"angle":0},{"time":0.2,"angle":-1.65},{"time":0.4,"angle":-60.33},{"time":0.6,"angle":-52.96},{"time":0.8,"angle":-18.13},{"time":1,"angle":0},{"time":1.2,"angle":-1.65},{"time":1.4,"angle":-60.33},{"time":1.6,"angle":-52.96},{"time":1.8,"angle":-18.13},{"time":2,"angle":0}],"translate":[{"time":0,"x":0,"y":0,"curve":"stepped"},{"time":0.2,"x":0,"y":0,"curve":"stepped"},{"time":0.4,"x":0,"y":0,"curve":"stepped"},{"time":0.6,"x":0,"y":0,"curve":"stepped"},{"time":0.8,"x":0,"y":0,"curve":"stepped"},{"time":1,"x":0,"y":0,"curve":"stepped"},{"time":1.2,"x":0,"y":0,"curve":"stepped"},{"time":1.4,"x":0,"y":0,"curve":"stepped"},{"time":1.6,"x":0,"y":0,"curve":"stepped"},{"time":1.8,"x":0,"y":0,"curve":"stepped"},{"time":2,"x":0,"y":0}],"scale":[{"time":0,"x":1,"y":1,"curve":"stepped"},{"time":0.2,"x":1,"y":1,"curve":"stepped"},{"time":0.4,"x":1,"y":1,"curve":"stepped"},{"time":0.6,"x":1,"y":1,"curve":"stepped"},{"time":0.8,"x":1,"y":1,"curve":"stepped"},{"time":1,"x":1,"y":1,"curve":"stepped"},{"time":1.2,"x":1,"y":1,"curve":"stepped"},{"time":1.4,"x":1,"y":1,"curve":"stepped"},{"time":1.6,"x":1,"y":1,"curve":"stepped"},{"time":1.8,"x":1,"y":1,"curve":"stepped"},{"time":2,"x":1,"y":1}]},"11":{"rotate":[{"time":0,"angle":0},{"time":0.2,"angle":23.51},{"time":0.4,"angle":38.84},{"time":0.6,"angle":-3.3},{"time":0.8,"angle":-18.39},{"time":1,"angle":0},{"time":1.2,"angle":23.51},{"time":1.4,"angle":38.84},{"time":1.6,"angle":-3.3},{"time":1.8,"angle":-18.39},{"time":2,"angle":0}],"translate":[{"time":0,"x":0,"y":0,"curve":"stepped"},{"time":0.2,"x":0,"y":0,"curve":"stepped"},{"time":0.4,"x":0,"y":0,"curve":"stepped"},{"time":0.6,"x":0,"y":0,"curve":"stepped"},{"time":0.8,"x":0,"y":0,"curve":"stepped"},{"time":1,"x":0,"y":0,"curve":"stepped"},{"time":1.2,"x":0,"y":0,"curve":"stepped"},{"time":1.4,"x":0,"y":0,"curve":"stepped"},{"time":1.6,"x":0,"y":0,"curve":"stepped"},{"time":1.8,"x":0,"y":0,"curve":"stepped"},{"time":2,"x":0,"y":0}],"scale":[{"time":0,"x":1,"y":1,"curve":"stepped"},{"time":0.2,"x":1,"y":1,"curve":"stepped"},{"time":0.4,"x":1,"y":1,"curve":"stepped"},{"time":0.6,"x":1,"y":1,"curve":"stepped"},{"time":0.8,"x":1,"y":1,"curve":"stepped"},{"time":1,"x":1,"y":1,"curve":"stepped"},{"time":1.2,"x":1,"y":1,"curve":"stepped"},{"time":1.4,"x":1,"y":1,"curve":"stepped"},{"time":1.6,"x":1,"y":1,"curve":"stepped"},{"time":1.8,"x":1,"y":1,"curve":"stepped"},{"time":2,"x":1,"y":1}]},"3_1":{"rotate":[{"time":0,"angle":0},{"time":0.2,"angle":13.74},{"time":0.4,"angle":22.23},{"time":0.6,"angle":94.12},{"time":0.8,"angle":80.32},{"time":1,"angle":0},{"time":1.2,"angle":13.74},{"time":1.4,"angle":22.23},{"time":1.6,"angle":94.12},{"time":1.8,"angle":80.32},{"time":2,"angle":0}],"translate":[{"time":0,"x":0,"y":0,"curve":"stepped"},{"time":0.2,"x":0,"y":0},{"time":0.4,"x":-0.81,"y":1.83},{"time":0.6,"x":-1.02,"y":0.68},{"time":0.8,"x":0,"y":0,"curve":"stepped"},{"time":1,"x":0,"y":0,"curve":"stepped"},{"time":1.2,"x":0,"y":0},{"time":1.4,"x":-0.81,"y":1.83},{"time":1.6,"x":-1.02,"y":0.68},{"time":1.8,"x":0,"y":0,"curve":"stepped"},{"time":2,"x":0,"y":0}],"scale":[{"time":0,"x":1,"y":1,"curve":"stepped"},{"time":0.2,"x":1,"y":1,"curve":"stepped"},{"time":0.4,"x":1,"y":1,"curve":"stepped"},{"time":0.6,"x":1,"y":1,"curve":"stepped"},{"time":0.8,"x":1,"y":1,"curve":"stepped"},{"time":1,"x":1,"y":1,"curve":"stepped"},{"time":1.2,"x":1,"y":1,"curve":"stepped"},{"time":1.4,"x":1,"y":1,"curve":"stepped"},{"time":1.6,"x":1,"y":1,"curve":"stepped"},{"time":1.8,"x":1,"y":1,"curve":"stepped"},{"time":2,"x":1,"y":1}]},"3":{"rotate":[{"time":0,"angle":0},{"time":0.2,"angle":12.27},{"time":0.4,"angle":31.07},{"time":0.6,"angle":77.32},{"time":0.8,"angle":62.74},{"time":1,"angle":0},{"time":1.2,"angle":12.27},{"time":1.4,"angle":31.07},{"time":1.6,"angle":77.32},{"time":1.8,"angle":62.74},{"time":2,"angle":0}],"translate":[{"time":0,"x":0,"y":0,"curve":"stepped"},{"time":0.2,"x":0,"y":0,"curve":"stepped"},{"time":0.4,"x":0,"y":0,"curve":"stepped"},{"time":0.6,"x":0,"y":0,"curve":"stepped"},{"time":0.8,"x":0,"y":0,"curve":"stepped"},{"time":1,"x":0,"y":0,"curve":"stepped"},{"time":1.2,"x":0,"y":0,"curve":"stepped"},{"time":1.4,"x":0,"y":0,"curve":"stepped"},{"time":1.6,"x":0,"y":0,"curve":"stepped"},{"time":1.8,"x":0,"y":0,"curve":"stepped"},{"time":2,"x":0,"y":0}],"scale":[{"time":0,"x":1,"y":1,"curve":"stepped"},{"time":0.2,"x":1,"y":1,"curve":"stepped"},{"time":0.4,"x":1,"y":1,"curve":"stepped"},{"time":0.6,"x":1,"y":1,"curve":"stepped"},{"time":0.8,"x":1,"y":1,"curve":"stepped"},{"time":1,"x":1,"y":1,"curve":"stepped"},{"time":1.2,"x":1,"y":1,"curve":"stepped"},{"time":1.4,"x":1,"y":1,"curve":"stepped"},{"time":1.6,"x":1,"y":1,"curve":"stepped"},{"time":1.8,"x":1,"y":1,"curve":"stepped"},{"time":2,"x":1,"y":1}]},"2_4":{"rotate":[{"time":0,"angle":0},{"time":0.2,"angle":9.49},{"time":0.4,"angle":34.55},{"time":0.6,"angle":71.46},{"time":0.8,"angle":58.85},{"time":1,"angle":0},{"time":1.2,"angle":9.49},{"time":1.4,"angle":34.55},{"time":1.6,"angle":71.46},{"time":1.8,"angle":58.85},{"time":2,"angle":0}],"translate":[{"time":0,"x":0,"y":0,"curve":"stepped"},{"time":0.2,"x":0,"y":0,"curve":"stepped"},{"time":0.4,"x":0,"y":0,"curve":"stepped"},{"time":0.6,"x":0,"y":0,"curve":"stepped"},{"time":0.8,"x":0,"y":0,"curve":"stepped"},{"time":1,"x":0,"y":0,"curve":"stepped"},{"time":1.2,"x":0,"y":0,"curve":"stepped"},{"time":1.4,"x":0,"y":0,"curve":"stepped"},{"time":1.6,"x":0,"y":0,"curve":"stepped"},{"time":1.8,"x":0,"y":0,"curve":"stepped"},{"time":2,"x":0,"y":0}],"scale":[{"time":0,"x":1,"y":1,"curve":"stepped"},{"time":0.2,"x":1,"y":1,"curve":"stepped"},{"time":0.4,"x":1,"y":1,"curve":"stepped"},{"time":0.6,"x":1,"y":1,"curve":"stepped"},{"time":0.8,"x":1,"y":1,"curve":"stepped"},{"time":1,"x":1,"y":1,"curve":"stepped"},{"time":1.2,"x":1,"y":1,"curve":"stepped"},{"time":1.4,"x":1,"y":1,"curve":"stepped"},{"time":1.6,"x":1,"y":1,"curve":"stepped"},{"time":1.8,"x":1,"y":1,"curve":"stepped"},{"time":2,"x":1,"y":1}]},"5":{"rotate":[{"time":0,"angle":0},{"time":0.2,"angle":-314.15},{"time":0.3333,"angle":1.08},{"time":0.4,"angle":-33.01},{"time":0.4666,"angle":-59.54},{"time":0.5333,"angle":-118.24},{"time":0.6,"angle":-181.46},{"time":0.6666,"angle":-230.15},{"time":0.7333,"angle":-261.79},{"time":0.8,"angle":-353.73},{"time":0.8666,"angle":-51.42},{"time":1,"angle":0},{"time":1.2,"angle":-314.15},{"time":1.3333,"angle":1.08},{"time":1.4,"angle":-33.01},{"time":1.4666,"angle":-59.54},{"time":1.5333,"angle":-118.24},{"time":1.6,"angle":-181.46},{"time":1.6666,"angle":-230.15},{"time":1.7333,"angle":-261.79},{"time":1.8,"angle":-353.73},{"time":1.8666,"angle":-51.42},{"time":2,"angle":0}],"translate":[{"time":0,"x":0,"y":0},{"time":0.2,"x":-2.66,"y":-3.8},{"time":0.3333,"x":-4.35,"y":0.45},{"time":0.4,"x":-4.93,"y":14.59},{"time":0.4666,"x":-8.34,"y":30.2},{"time":0.5333,"x":-10.77,"y":48.4},{"time":0.6,"x":-10.37,"y":60.78},{"time":0.6666,"x":-5.39,"y":65.14},{"time":0.7333,"x":-0.88,"y":51.71},{"time":0.8,"x":3.24,"y":22.69},{"time":0.8666,"x":-0.7,"y":3.01},{"time":1,"x":0,"y":0},{"time":1.2,"x":-2.66,"y":-3.8},{"time":1.3333,"x":-4.35,"y":0.45},{"time":1.4,"x":-4.93,"y":14.59},{"time":1.4666,"x":-8.34,"y":30.2},{"time":1.5333,"x":-10.77,"y":48.4},{"time":1.6,"x":-10.37,"y":60.78},{"time":1.6666,"x":-5.39,"y":65.14},{"time":1.7333,"x":-0.88,"y":51.71},{"time":1.8,"x":3.24,"y":22.69},{"time":1.8666,"x":-0.7,"y":3.01},{"time":2,"x":0,"y":0}],"scale":[{"time":0,"x":1,"y":1,"curve":"stepped"},{"time":0.2,"x":1,"y":1},{"time":0.8666,"x":1.015,"y":1.015},{"time":1,"x":1,"y":1,"curve":"stepped"},{"time":1.2,"x":1,"y":1},{"time":1.8666,"x":1.015,"y":1.015},{"time":2,"x":1,"y":1}]},"15":{"rotate":[{"time":0,"angle":0,"curve":"stepped"},{"time":1,"angle":0,"curve":"stepped"},{"time":2,"angle":0}],"translate":[{"time":0,"x":0,"y":0,"curve":"stepped"},{"time":1,"x":0,"y":0,"curve":"stepped"},{"time":2,"x":0,"y":0}],"scale":[{"time":0,"x":1,"y":1,"curve":"stepped"},{"time":1,"x":1,"y":1,"curve":"stepped"},{"time":2,"x":1,"y":1}]},"18":{"rotate":[{"time":0,"angle":0},{"time":0.2,"angle":-9.61},{"time":0.4,"angle":13.53},{"time":0.6,"angle":18.95},{"time":0.8,"angle":15.26},{"time":1,"angle":0},{"time":1.2,"angle":-9.61},{"time":1.4,"angle":13.53},{"time":1.6,"angle":18.95},{"time":1.8,"angle":15.26},{"time":2,"angle":0}],"translate":[{"time":0,"x":0,"y":0,"curve":"stepped"},{"time":1,"x":0,"y":0,"curve":"stepped"},{"time":2,"x":0,"y":0}],"scale":[{"time":0,"x":1,"y":1,"curve":"stepped"},{"time":1,"x":1,"y":1,"curve":"stepped"},{"time":2,"x":1,"y":1}]},"bone12":{"rotate":[{"time":0,"angle":0},{"time":0.2,"angle":15.36},{"time":0.4,"angle":7.21},{"time":0.6,"angle":-26.7},{"time":0.8,"angle":-16.61},{"time":1,"angle":0},{"time":1.2,"angle":15.36},{"time":1.4,"angle":7.21},{"time":1.6,"angle":-26.7},{"time":1.8,"angle":-16.61},{"time":2,"angle":0}],"translate":[{"time":0,"x":0,"y":0,"curve":"stepped"},{"time":1,"x":0,"y":0,"curve":"stepped"},{"time":2,"x":0,"y":0}],"scale":[{"time":0,"x":1,"y":1,"curve":"stepped"},{"time":1,"x":1,"y":1,"curve":"stepped"},{"time":2,"x":1,"y":1}]},"bone13":{"rotate":[{"time":0,"angle":0},{"time":0.2,"angle":19.62},{"time":0.4,"angle":16.32},{"time":0.6,"angle":-27.6},{"time":0.8,"angle":-20.75},{"time":1,"angle":0},{"time":1.2,"angle":19.62},{"time":1.4,"angle":16.32},{"time":1.6,"angle":-27.6},{"time":1.8,"angle":-20.75},{"time":2,"angle":0}],"translate":[{"time":0,"x":0,"y":0,"curve":"stepped"},{"time":1,"x":0,"y":0,"curve":"stepped"},{"time":2,"x":0,"y":0}],"scale":[{"time":0,"x":1,"y":1,"curve":"stepped"},{"time":1,"x":1,"y":1,"curve":"stepped"},{"time":2,"x":1,"y":1}]},"bone14":{"rotate":[{"time":0,"angle":0},{"time":0.2,"angle":23.78},{"time":0.4,"angle":8.46},{"time":0.6,"angle":14.21},{"time":0.8,"angle":-21.27},{"time":1,"angle":0},{"time":1.2,"angle":23.78},{"time":1.4,"angle":8.46},{"time":1.6,"angle":14.21},{"time":1.8,"angle":-21.27},{"time":2,"angle":0}],"translate":[{"time":0,"x":0,"y":0,"curve":"stepped"},{"time":1,"x":0,"y":0,"curve":"stepped"},{"time":2,"x":0,"y":0}],"scale":[{"time":0,"x":1,"y":1,"curve":"stepped"},{"time":1,"x":1,"y":1,"curve":"stepped"},{"time":2,"x":1,"y":1}]},"12":{"rotate":[{"time":0,"angle":0,"curve":"stepped"},{"time":1,"angle":0,"curve":"stepped"},{"time":2,"angle":0}],"translate":[{"time":0,"x":0,"y":0},{"time":0.5,"x":0,"y":-2},{"time":1,"x":0,"y":0},{"time":1.5,"x":0,"y":-2},{"time":2,"x":0,"y":0}],"scale":[{"time":0,"x":1,"y":1},{"time":0.5,"x":0.914,"y":1.033},{"time":1,"x":1,"y":1},{"time":1.5,"x":0.914,"y":1.033},{"time":2,"x":1,"y":1}]},"13":{"rotate":[{"time":0,"angle":0,"curve":"stepped"},{"time":1,"angle":0,"curve":"stepped"},{"time":2,"angle":0}],"translate":[{"time":0,"x":0,"y":0,"curve":"stepped"},{"time":1,"x":0,"y":0,"curve":"stepped"},{"time":2,"x":0,"y":0}],"scale":[{"time":0,"x":1,"y":1,"curve":"stepped"},{"time":1,"x":1,"y":1,"curve":"stepped"},{"time":2,"x":1,"y":1}]},"14":{"rotate":[{"time":0,"angle":0,"curve":"stepped"},{"time":1,"angle":0,"curve":"stepped"},{"time":2,"angle":0}],"translate":[{"time":0,"x":0,"y":0,"curve":"stepped"},{"time":1,"x":0,"y":0,"curve":"stepped"},{"time":2,"x":0,"y":0}],"scale":[{"time":0,"x":1,"y":1,"curve":"stepped"},{"time":1,"x":1,"y":1,"curve":"stepped"},{"time":2,"x":1,"y":1}]},"shadow":{"rotate":[{"time":0,"angle":0,"curve":"stepped"},{"time":1,"angle":0,"curve":"stepped"},{"time":2,"angle":0}],"translate":[{"time":0,"x":0,"y":0,"curve":"stepped"},{"time":1,"x":0,"y":0,"curve":"stepped"},{"time":2,"x":0,"y":0}],"scale":[{"time":0,"x":1,"y":1},{"time":0.5,"x":1.116,"y":1.081},{"time":1,"x":1,"y":1},{"time":1.5,"x":1.116,"y":1.081},{"time":2,"x":1,"y":1}]},"10_2":{"rotate":[{"time":0,"angle":0,"curve":"stepped"},{"time":1,"angle":0,"curve":"stepped"},{"time":2,"angle":0}],"translate":[{"time":0,"x":0,"y":0},{"time":0.3333,"x":1.2,"y":-0.48},{"time":0.6666,"x":-2.15,"y":0.15},{"time":1,"x":0,"y":0},{"time":1.3333,"x":1.2,"y":-0.48},{"time":1.6666,"x":-2.15,"y":0.15},{"time":2,"x":0,"y":0}],"scale":[{"time":0,"x":1,"y":1},{"time":0.3333,"x":0.968,"y":1.135},{"time":0.6666,"x":1.025,"y":0.918},{"time":1,"x":1,"y":1},{"time":1.3333,"x":0.968,"y":1.135},{"time":1.6666,"x":1.025,"y":0.918},{"time":2,"x":1,"y":1}]},"4":{"rotate":[{"time":0,"angle":0},{"time":0.5,"angle":15.07},{"time":0.6666,"angle":3.14},{"time":1,"angle":0},{"time":1.5,"angle":15.07},{"time":1.6666,"angle":3.14},{"time":2,"angle":0}],"translate":[{"time":0,"x":0,"y":0,"curve":"stepped"},{"time":1,"x":0,"y":0,"curve":"stepped"},{"time":2,"x":0,"y":0}],"scale":[{"time":0,"x":1,"y":1},{"time":0.5,"x":1.051,"y":1.015},{"time":1,"x":1,"y":1},{"time":1.5,"x":1.051,"y":1.015},{"time":2,"x":1,"y":1}]},"19":{"rotate":[{"time":0,"angle":0},{"time":0.2,"angle":11.17},{"time":0.4,"angle":58.12},{"time":0.6,"angle":20.8},{"time":0.8,"angle":13.88},{"time":1,"angle":0},{"time":1.2,"angle":11.17},{"time":1.4,"angle":58.12},{"time":1.6,"angle":20.8},{"time":1.8,"angle":13.88},{"time":2,"angle":0}],"translate":[{"time":0,"x":0,"y":0,"curve":"stepped"},{"time":1,"x":0,"y":0,"curve":"stepped"},{"time":2,"x":0,"y":0}],"scale":[{"time":0,"x":1,"y":1,"curve":"stepped"},{"time":1,"x":1,"y":1,"curve":"stepped"},{"time":2,"x":1,"y":1}]}}},"wait_special_DL":{"slots":{"1":{"attachment":[{"time":0,"name":null},{"time":0.2333,"name":"1"},{"time":0.4666,"name":null},{"time":0.7333,"name":null},{"time":1.0333,"name":null},{"time":1.2666,"name":null},{"time":1.6,"name":null}]},"fx_2":{"attachment":[{"time":0,"name":null},{"time":0.3333,"name":null},{"time":0.7,"name":null},{"time":0.7333,"name":"fx_2"},{"time":0.8,"name":"fx_2"},{"time":0.8333,"name":"fx_2"},{"time":0.8666,"name":null},{"time":1.6,"name":null}],"color":[{"time":0.3333,"color":"ffffff00","curve":"stepped"},{"time":0.7,"color":"ffffff00"},{"time":0.7333,"color":"ffffffff","curve":"stepped"},{"time":0.8,"color":"ffffffff","curve":"stepped"},{"time":0.8333,"color":"ffffff2a"},{"time":0.8666,"color":"ffffff00","curve":"stepped"},{"time":1.6,"color":"ffffff00"}]},"x_1":{"attachment":[{"time":0,"name":null},{"time":0.0333,"name":"x_1"},{"time":0.1,"name":"x_2"},{"time":0.1666,"name":"x_3"},{"time":0.2333,"name":"x_4"},{"time":0.3,"name":"x_5"},{"time":0.3666,"name":"x_6"},{"time":0.4333,"name":"x_7"},{"time":0.4666,"name":"x_8"},{"time":0.5,"name":"x_9"},{"time":0.5333,"name":null},{"time":1.6,"name":null}]}},"bones":{"1_2":{"rotate":[{"time":0,"angle":0},{"time":0.3333,"angle":-21.12},{"time":0.4666,"angle":0,"curve":"stepped"},{"time":0.7333,"angle":0,"curve":"stepped"},{"time":1.0333,"angle":0,"curve":"stepped"},{"time":1.2666,"angle":0,"curve":"stepped"},{"time":1.6,"angle":0}],"translate":[{"time":0,"x":0,"y":0,"curve":"stepped"},{"time":0.3333,"x":0,"y":0,"curve":"stepped"},{"time":0.4666,"x":0,"y":0,"curve":"stepped"},{"time":0.7333,"x":0,"y":0,"curve":"stepped"},{"time":1.0333,"x":0,"y":0,"curve":"stepped"},{"time":1.2666,"x":0,"y":0,"curve":"stepped"},{"time":1.6,"x":0,"y":0}],"scale":[{"time":0,"x":1,"y":1,"curve":"stepped"},{"time":0.3333,"x":1,"y":1,"curve":"stepped"},{"time":0.4666,"x":1,"y":1,"curve":"stepped"},{"time":0.7333,"x":1,"y":1,"curve":"stepped"},{"time":1.0333,"x":1,"y":1,"curve":"stepped"},{"time":1.2666,"x":1,"y":1,"curve":"stepped"},{"time":1.6,"x":1,"y":1}]},"1":{"rotate":[{"time":0,"angle":0,"curve":"stepped"},{"time":0.3333,"angle":0,"curve":"stepped"},{"time":0.4666,"angle":0,"curve":"stepped"},{"time":0.7333,"angle":0,"curve":"stepped"},{"time":1.0333,"angle":0,"curve":"stepped"},{"time":1.2666,"angle":0,"curve":"stepped"},{"time":1.6,"angle":0}],"translate":[{"time":0,"x":0,"y":0,"curve":"stepped"},{"time":0.3333,"x":0,"y":0,"curve":"stepped"},{"time":0.4666,"x":0,"y":0,"curve":"stepped"},{"time":0.7333,"x":0,"y":0,"curve":"stepped"},{"time":1.0333,"x":0,"y":0,"curve":"stepped"},{"time":1.2666,"x":0,"y":0,"curve":"stepped"},{"time":1.6,"x":0,"y":0}],"scale":[{"time":0,"x":1,"y":1,"curve":"stepped"},{"time":0.3333,"x":1,"y":1,"curve":"stepped"},{"time":0.4666,"x":1,"y":1,"curve":"stepped"},{"time":0.7333,"x":1,"y":1,"curve":"stepped"},{"time":1.0333,"x":1,"y":1,"curve":"stepped"},{"time":1.2666,"x":1,"y":1,"curve":"stepped"},{"time":1.6,"x":1,"y":1}]},"bone2":{"rotate":[{"time":0,"angle":0,"curve":"stepped"},{"time":0.3333,"angle":0,"curve":"stepped"},{"time":0.4666,"angle":0},{"time":0.7333,"angle":-20.61},{"time":1.0333,"angle":-10.11},{"time":1.2666,"angle":-9.51},{"time":1.6,"angle":0}],"translate":[{"time":0,"x":0,"y":0},{"time":0.3333,"x":-1.46,"y":0.08},{"time":0.4666,"x":0,"y":0},{"time":0.7333,"x":1.72,"y":-0.44},{"time":1.0333,"x":-0.43,"y":0.01},{"time":1.2666,"x":0,"y":0,"curve":"stepped"},{"time":1.6,"x":0,"y":0}],"scale":[{"time":0,"x":1,"y":1,"curve":"stepped"},{"time":0.3333,"x":1,"y":1,"curve":"stepped"},{"time":0.4666,"x":1,"y":1,"curve":"stepped"},{"time":0.7333,"x":1,"y":1,"curve":"stepped"},{"time":1.0333,"x":1,"y":1,"curve":"stepped"},{"time":1.2666,"x":1,"y":1,"curve":"stepped"},{"time":1.6,"x":1,"y":1}]},"x_1":{"rotate":[{"time":0,"angle":0,"curve":"stepped"},{"time":0.0333,"angle":0,"curve":"stepped"},{"time":0.1,"angle":0,"curve":"stepped"},{"time":0.1666,"angle":0,"curve":"stepped"},{"time":0.2333,"angle":0,"curve":"stepped"},{"time":0.3,"angle":0,"curve":"stepped"},{"time":0.3666,"angle":0,"curve":"stepped"},{"time":0.4333,"angle":0,"curve":"stepped"},{"time":0.5,"angle":0,"curve":"stepped"},{"time":0.5333,"angle":0,"curve":"stepped"},{"time":1.6,"angle":0}],"translate":[{"time":0,"x":0,"y":0,"curve":"stepped"},{"time":0.0333,"x":-249.74,"y":-226.22,"curve":"stepped"},{"time":0.1,"x":-250.62,"y":-228.87,"curve":"stepped"},{"time":0.1666,"x":-250.62,"y":-231.61,"curve":"stepped"},{"time":0.2333,"x":-250.91,"y":-234.36,"curve":"stepped"},{"time":0.3,"x":-250.91,"y":-237.11,"curve":"stepped"},{"time":0.3666,"x":-255.83,"y":-228.14,"curve":"stepped"},{"time":0.4333,"x":-262.34,"y":-206.59,"curve":"stepped"},{"time":0.4666,"x":-265.52,"y":-195.59,"curve":"stepped"},{"time":0.5,"x":-266.57,"y":-173.19,"curve":"stepped"},{"time":0.5333,"x":0,"y":0,"curve":"stepped"},{"time":1.6,"x":0,"y":0}],"scale":[{"time":0,"x":1,"y":1,"curve":"stepped"},{"time":0.0333,"x":1,"y":1,"curve":"stepped"},{"time":0.1,"x":1,"y":1,"curve":"stepped"},{"time":0.1666,"x":1,"y":1,"curve":"stepped"},{"time":0.2333,"x":1,"y":1,"curve":"stepped"},{"time":0.3,"x":1,"y":1,"curve":"stepped"},{"time":0.3666,"x":1,"y":1,"curve":"stepped"},{"time":0.4333,"x":1,"y":1,"curve":"stepped"},{"time":0.5,"x":1,"y":1,"curve":"stepped"},{"time":0.5333,"x":1,"y":1,"curve":"stepped"},{"time":1.6,"x":1,"y":1}]},"7":{"rotate":[{"time":0,"angle":0},{"time":0.3333,"angle":-6.63},{"time":0.4666,"angle":0},{"time":0.7333,"angle":4.2,"curve":"stepped"},{"time":1.0333,"angle":4.2},{"time":1.2666,"angle":4.65},{"time":1.6,"angle":0}],"translate":[{"time":0,"x":0,"y":0,"curve":"stepped"},{"time":0.3333,"x":0,"y":0,"curve":"stepped"},{"time":0.4666,"x":0,"y":0,"curve":"stepped"},{"time":0.7333,"x":0,"y":0,"curve":"stepped"},{"time":1.0333,"x":0,"y":0,"curve":"stepped"},{"time":1.2666,"x":0,"y":0,"curve":"stepped"},{"time":1.6,"x":0,"y":0}],"scale":[{"time":0,"x":1,"y":1,"curve":"stepped"},{"time":0.3333,"x":1,"y":1,"curve":"stepped"},{"time":0.4666,"x":1,"y":1,"curve":"stepped"},{"time":0.7333,"x":1,"y":1,"curve":"stepped"},{"time":1.0333,"x":1,"y":1,"curve":"stepped"},{"time":1.2666,"x":1,"y":1,"curve":"stepped"},{"time":1.6,"x":1,"y":1}]},"bone12":{"rotate":[{"time":0,"angle":0},{"time":0.3333,"angle":15.54},{"time":0.4666,"angle":2},{"time":0.7333,"angle":8.66},{"time":1.0333,"angle":-60.06},{"time":1.2666,"angle":-37.87},{"time":1.4,"angle":-17.34},{"time":1.6,"angle":0}],"translate":[{"time":0,"x":0,"y":0,"curve":"stepped"},{"time":0.3333,"x":0,"y":0,"curve":"stepped"},{"time":0.4666,"x":0,"y":0,"curve":"stepped"},{"time":0.7333,"x":0,"y":0,"curve":"stepped"},{"time":1.0333,"x":0,"y":0,"curve":"stepped"},{"time":1.2666,"x":0,"y":0,"curve":"stepped"},{"time":1.6,"x":0,"y":0}],"scale":[{"time":0,"x":1,"y":1,"curve":"stepped"},{"time":0.3333,"x":1,"y":1,"curve":"stepped"},{"time":0.4666,"x":1,"y":1,"curve":"stepped"},{"time":0.7333,"x":1,"y":1,"curve":"stepped"},{"time":1.0333,"x":1,"y":1,"curve":"stepped"},{"time":1.2666,"x":1,"y":1,"curve":"stepped"},{"time":1.6,"x":1,"y":1}]},"15":{"rotate":[{"time":0,"angle":0,"curve":"stepped"},{"time":0.3333,"angle":0,"curve":"stepped"},{"time":0.4666,"angle":0,"curve":"stepped"},{"time":0.7333,"angle":0,"curve":"stepped"},{"time":1.0333,"angle":0,"curve":"stepped"},{"time":1.2666,"angle":0,"curve":"stepped"},{"time":1.6,"angle":0}],"translate":[{"time":0,"x":0,"y":0,"curve":"stepped"},{"time":0.3333,"x":0,"y":0,"curve":"stepped"},{"time":0.4666,"x":0,"y":0,"curve":"stepped"},{"time":0.7333,"x":0,"y":0,"curve":"stepped"},{"time":1.0333,"x":0,"y":0,"curve":"stepped"},{"time":1.2666,"x":0,"y":0,"curve":"stepped"},{"time":1.6,"x":0,"y":0}],"scale":[{"time":0,"x":1,"y":1,"curve":"stepped"},{"time":0.3333,"x":1,"y":1,"curve":"stepped"},{"time":0.4666,"x":1,"y":1,"curve":"stepped"},{"time":0.7333,"x":1,"y":1,"curve":"stepped"},{"time":1.0333,"x":1,"y":1,"curve":"stepped"},{"time":1.2666,"x":1,"y":1,"curve":"stepped"},{"time":1.6,"x":1,"y":1}]},"bone10":{"rotate":[{"time":0,"angle":0},{"time":0.3333,"angle":-8.68},{"time":0.4666,"angle":-4.43},{"time":0.7333,"angle":38.9},{"time":1.0333,"angle":-18.92},{"time":1.2666,"angle":3.03},{"time":1.4,"angle":16.28},{"time":1.6,"angle":0}],"translate":[{"time":0,"x":0,"y":0,"curve":"stepped"},{"time":0.3333,"x":0,"y":0,"curve":"stepped"},{"time":0.4666,"x":0,"y":0,"curve":"stepped"},{"time":0.7333,"x":0,"y":0,"curve":"stepped"},{"time":1.0333,"x":0,"y":0,"curve":"stepped"},{"time":1.2666,"x":0,"y":0,"curve":"stepped"},{"time":1.6,"x":0,"y":0}],"scale":[{"time":0,"x":1,"y":1,"curve":"stepped"},{"time":0.3333,"x":1,"y":1,"curve":"stepped"},{"time":0.4666,"x":1,"y":1,"curve":"stepped"},{"time":0.7333,"x":1,"y":1,"curve":"stepped"},{"time":1.0333,"x":1,"y":1,"curve":"stepped"},{"time":1.2666,"x":1,"y":1,"curve":"stepped"},{"time":1.6,"x":1,"y":1}]},"bone14":{"rotate":[{"time":0,"angle":0},{"time":0.3333,"angle":17.83},{"time":0.4666,"angle":16.29},{"time":0.7333,"angle":18.5},{"time":1.0333,"angle":45.56},{"time":1.2666,"angle":-40.11},{"time":1.6,"angle":0}],"translate":[{"time":0,"x":0,"y":0,"curve":"stepped"},{"time":0.3333,"x":0,"y":0,"curve":"stepped"},{"time":0.4666,"x":0,"y":0,"curve":"stepped"},{"time":0.7333,"x":0,"y":0,"curve":"stepped"},{"time":1.0333,"x":0,"y":0,"curve":"stepped"},{"time":1.2666,"x":0,"y":0,"curve":"stepped"},{"time":1.6,"x":0,"y":0}],"scale":[{"time":0,"x":1,"y":1,"curve":"stepped"},{"time":0.3333,"x":1,"y":1,"curve":"stepped"},{"time":0.4666,"x":1,"y":1,"curve":"stepped"},{"time":0.7333,"x":1,"y":1,"curve":"stepped"},{"time":1.0333,"x":1,"y":1,"curve":"stepped"},{"time":1.2666,"x":1,"y":1,"curve":"stepped"},{"time":1.6,"x":1,"y":1}]},"5":{"rotate":[{"time":0,"angle":0},{"time":0.3333,"angle":-322.93},{"time":0.4666,"angle":-21.7},{"time":0.5333,"angle":-86.37},{"time":0.6,"angle":-177.63},{"time":0.6666,"angle":-267.14},{"time":0.7333,"angle":1.89},{"time":0.8,"angle":-86.37},{"time":0.8666,"angle":-177.63},{"time":0.9333,"angle":-264.21},{"time":1,"angle":-356.09},{"time":1.0666,"angle":-86.58},{"time":1.1333,"angle":-178.63},{"time":1.2,"angle":-264.46},{"time":1.2666,"angle":1.41},{"time":1.3333,"angle":-35.58},{"time":1.4333,"angle":0,"curve":"stepped"},{"time":1.6,"angle":0}],"translate":[{"time":0,"x":0,"y":0},{"time":0.3333,"x":-2.15,"y":-10.65},{"time":0.4666,"x":-16.51,"y":25.07},{"time":0.5333,"x":-22.29,"y":69.37},{"time":0.6,"x":-30.5,"y":126.38},{"time":0.6666,"x":-22.77,"y":174.56},{"time":0.7333,"x":-13.85,"y":195.72},{"time":0.8,"x":-20.05,"y":204.98},{"time":0.8666,"x":-22.65,"y":222.48},{"time":0.9333,"x":-15.7,"y":225.98},{"time":1,"x":-8.49,"y":208.43},{"time":1.0666,"x":-15.07,"y":175.76},{"time":1.1333,"x":-22.41,"y":147.33},{"time":1.2,"x":-17.28,"y":107.17},{"time":1.2666,"x":-8.94,"y":41.83},{"time":1.3333,"x":-8.87,"y":16.62},{"time":1.4333,"x":-4.62,"y":11.05},{"time":1.6,"x":0,"y":0}],"scale":[{"time":0,"x":1,"y":1,"curve":"stepped"},{"time":0.3333,"x":1,"y":1,"curve":"stepped"},{"time":0.4666,"x":1,"y":1,"curve":"stepped"},{"time":0.5333,"x":1,"y":1,"curve":"stepped"},{"time":0.6,"x":1,"y":1,"curve":"stepped"},{"time":0.6666,"x":1,"y":1,"curve":"stepped"},{"time":0.7333,"x":1,"y":1,"curve":"stepped"},{"time":0.8,"x":1,"y":1,"curve":"stepped"},{"time":0.8666,"x":1,"y":1,"curve":"stepped"},{"time":0.9333,"x":1,"y":1,"curve":"stepped"},{"time":1,"x":1,"y":1,"curve":"stepped"},{"time":1.0666,"x":1,"y":1,"curve":"stepped"},{"time":1.1333,"x":1,"y":1,"curve":"stepped"},{"time":1.2,"x":1,"y":1,"curve":"stepped"},{"time":1.2666,"x":1,"y":1,"curve":"stepped"},{"time":1.4333,"x":1,"y":1,"curve":"stepped"},{"time":1.6,"x":1,"y":1}]},"3_1":{"rotate":[{"time":0,"angle":0},{"time":0.3333,"angle":13.74},{"time":0.4666,"angle":100.04},{"time":0.7333,"angle":60.58},{"time":1.0333,"angle":42.08},{"time":1.2666,"angle":60.58},{"time":1.6,"angle":0}],"translate":[{"time":0,"x":0,"y":0,"curve":"stepped"},{"time":0.3333,"x":0,"y":0,"curve":"stepped"},{"time":0.4666,"x":0,"y":0,"curve":"stepped"},{"time":0.7333,"x":0,"y":0,"curve":"stepped"},{"time":1.0333,"x":0,"y":0,"curve":"stepped"},{"time":1.2666,"x":0,"y":0,"curve":"stepped"},{"time":1.6,"x":0,"y":0}],"scale":[{"time":0,"x":1,"y":1,"curve":"stepped"},{"time":0.3333,"x":1,"y":1,"curve":"stepped"},{"time":0.4666,"x":1,"y":1,"curve":"stepped"},{"time":0.7333,"x":1,"y":1,"curve":"stepped"},{"time":1.0333,"x":1,"y":1,"curve":"stepped"},{"time":1.2666,"x":1,"y":1,"curve":"stepped"},{"time":1.6,"x":1,"y":1}]},"bone5":{"rotate":[{"time":0,"angle":0},{"time":0.3333,"angle":-21.7},{"time":0.4666,"angle":0},{"time":0.7333,"angle":-10.19},{"time":1.0333,"angle":-7.28},{"time":1.2666,"angle":-13.29},{"time":1.6,"angle":0}],"translate":[{"time":0,"x":0,"y":0,"curve":"stepped"},{"time":0.3333,"x":0,"y":0,"curve":"stepped"},{"time":0.4666,"x":0,"y":0,"curve":"stepped"},{"time":0.7333,"x":0,"y":0,"curve":"stepped"},{"time":1.0333,"x":0,"y":0,"curve":"stepped"},{"time":1.2666,"x":0,"y":0,"curve":"stepped"},{"time":1.6,"x":0,"y":0}],"scale":[{"time":0,"x":1,"y":1,"curve":"stepped"},{"time":0.3333,"x":1,"y":1,"curve":"stepped"},{"time":0.4666,"x":1,"y":1,"curve":"stepped"},{"time":0.7333,"x":1,"y":1,"curve":"stepped"},{"time":1.0333,"x":1,"y":1,"curve":"stepped"},{"time":1.2666,"x":1,"y":1,"curve":"stepped"},{"time":1.6,"x":1,"y":1}]},"bone":{"rotate":[{"time":0,"angle":0,"curve":"stepped"},{"time":0.3333,"angle":0,"curve":"stepped"},{"time":0.4666,"angle":0,"curve":"stepped"},{"time":0.7333,"angle":0,"curve":"stepped"},{"time":1.0333,"angle":0,"curve":"stepped"},{"time":1.2666,"angle":0,"curve":"stepped"},{"time":1.6,"angle":0}],"translate":[{"time":0,"x":0,"y":0,"curve":"stepped"},{"time":0.3333,"x":0,"y":0,"curve":"stepped"},{"time":0.4666,"x":0,"y":0},{"time":0.7333,"x":0.58,"y":-1.93},{"time":1.0333,"x":1.16,"y":-2.06},{"time":1.2666,"x":0,"y":0,"curve":"stepped"},{"time":1.6,"x":0,"y":0}],"scale":[{"time":0,"x":1,"y":1,"curve":"stepped"},{"time":0.3333,"x":1,"y":1,"curve":"stepped"},{"time":0.4666,"x":1,"y":1,"curve":"stepped"},{"time":0.7333,"x":1,"y":1,"curve":"stepped"},{"time":1.0333,"x":1,"y":1,"curve":"stepped"},{"time":1.2666,"x":1,"y":1,"curve":"stepped"},{"time":1.6,"x":1,"y":1}]},"2_4":{"rotate":[{"time":0,"angle":0},{"time":0.3333,"angle":9.49},{"time":0.4666,"angle":160.38},{"time":0.7333,"angle":51.63},{"time":1.0333,"angle":65.33},{"time":1.2666,"angle":51.63},{"time":1.6,"angle":0}],"translate":[{"time":0,"x":0,"y":0,"curve":"stepped"},{"time":0.3333,"x":0,"y":0,"curve":"stepped"},{"time":0.4666,"x":0,"y":0,"curve":"stepped"},{"time":0.7333,"x":0,"y":0,"curve":"stepped"},{"time":1.0333,"x":0,"y":0,"curve":"stepped"},{"time":1.2666,"x":0,"y":0,"curve":"stepped"},{"time":1.6,"x":0,"y":0}],"scale":[{"time":0,"x":1,"y":1,"curve":"stepped"},{"time":0.3333,"x":1,"y":1,"curve":"stepped"},{"time":0.4666,"x":1,"y":1,"curve":"stepped"},{"time":0.7333,"x":1,"y":1,"curve":"stepped"},{"time":1.0333,"x":1,"y":1,"curve":"stepped"},{"time":1.2666,"x":1,"y":1,"curve":"stepped"},{"time":1.6,"x":1,"y":1}]},"9":{"rotate":[{"time":0,"angle":0},{"time":0.3333,"angle":2.27},{"time":0.4666,"angle":0},{"time":0.7333,"angle":12.67,"curve":"stepped"},{"time":1.0333,"angle":12.67},{"time":1.2666,"angle":-0.51},{"time":1.6,"angle":0}],"translate":[{"time":0,"x":0,"y":0,"curve":"stepped"},{"time":0.3333,"x":0,"y":0,"curve":"stepped"},{"time":0.4666,"x":0,"y":0,"curve":"stepped"},{"time":0.7333,"x":0,"y":0,"curve":"stepped"},{"time":1.0333,"x":0,"y":0,"curve":"stepped"},{"time":1.2666,"x":0,"y":0,"curve":"stepped"},{"time":1.6,"x":0,"y":0}],"scale":[{"time":0,"x":1,"y":1},{"time":0.3333,"x":1.119,"y":1.015},{"time":0.4666,"x":1,"y":1,"curve":"stepped"},{"time":0.7333,"x":1,"y":1,"curve":"stepped"},{"time":1.0333,"x":1,"y":1,"curve":"stepped"},{"time":1.2666,"x":1,"y":1,"curve":"stepped"},{"time":1.6,"x":1,"y":1}]},"4":{"rotate":[{"time":0,"angle":0},{"time":0.3333,"angle":11.16},{"time":0.4666,"angle":10.84},{"time":0.7333,"angle":0.7},{"time":1.0333,"angle":0,"curve":"stepped"},{"time":1.2666,"angle":0,"curve":"stepped"},{"time":1.6,"angle":0}],"translate":[{"time":0,"x":0,"y":0,"curve":"stepped"},{"time":0.3333,"x":0,"y":0,"curve":"stepped"},{"time":0.4666,"x":0,"y":0,"curve":"stepped"},{"time":0.7333,"x":0,"y":0,"curve":"stepped"},{"time":1.0333,"x":0,"y":0,"curve":"stepped"},{"time":1.2666,"x":0,"y":0,"curve":"stepped"},{"time":1.6,"x":0,"y":0}],"scale":[{"time":0,"x":1,"y":1},{"time":0.3333,"x":1.082,"y":1.02},{"time":0.4666,"x":1,"y":1,"curve":"stepped"},{"time":0.7333,"x":1,"y":1,"curve":"stepped"},{"time":1.0333,"x":1,"y":1,"curve":"stepped"},{"time":1.2666,"x":1,"y":1,"curve":"stepped"},{"time":1.6,"x":1,"y":1}]},"1_3":{"rotate":[{"time":0,"angle":0},{"time":0.3333,"angle":13.36},{"time":0.4666,"angle":2.54},{"time":0.7333,"angle":7.23},{"time":1.0333,"angle":15.92},{"time":1.2666,"angle":15.89},{"time":1.6,"angle":0}],"translate":[{"time":0,"x":0,"y":0,"curve":"stepped"},{"time":0.3333,"x":0,"y":0,"curve":"stepped"},{"time":0.4666,"x":0,"y":0,"curve":"stepped"},{"time":0.7333,"x":0,"y":0,"curve":"stepped"},{"time":1.0333,"x":0,"y":0,"curve":"stepped"},{"time":1.2666,"x":0,"y":0,"curve":"stepped"},{"time":1.6,"x":0,"y":0}],"scale":[{"time":0,"x":1,"y":1,"curve":"stepped"},{"time":0.3333,"x":1,"y":1,"curve":"stepped"},{"time":0.4666,"x":1,"y":1,"curve":"stepped"},{"time":0.7333,"x":1,"y":1,"curve":"stepped"},{"time":1.0333,"x":1,"y":1,"curve":"stepped"},{"time":1.2666,"x":1,"y":1,"curve":"stepped"},{"time":1.6,"x":1,"y":1}]},"8":{"rotate":[{"time":0,"angle":0},{"time":0.3333,"angle":-8.17},{"time":0.4666,"angle":0},{"time":0.7333,"angle":8.91,"curve":"stepped"},{"time":1.0333,"angle":8.91},{"time":1.2666,"angle":2.92},{"time":1.6,"angle":0}],"translate":[{"time":0,"x":0,"y":0},{"time":0.3333,"x":4.67,"y":-0.28},{"time":0.4666,"x":0,"y":0},{"time":0.7333,"x":-4.98,"y":1.23,"curve":"stepped"},{"time":1.0333,"x":-4.98,"y":1.23},{"time":1.2666,"x":-0.72,"y":-0.22},{"time":1.6,"x":0,"y":0}],"scale":[{"time":0,"x":1,"y":1,"curve":"stepped"},{"time":0.3333,"x":1,"y":1,"curve":"stepped"},{"time":0.4666,"x":1,"y":1,"curve":"stepped"},{"time":0.7333,"x":1,"y":1,"curve":"stepped"},{"time":1.0333,"x":1,"y":1,"curve":"stepped"},{"time":1.2666,"x":1,"y":1,"curve":"stepped"},{"time":1.6,"x":1,"y":1}]},"10_2":{"rotate":[{"time":0,"angle":0,"curve":"stepped"},{"time":0.3333,"angle":0},{"time":0.4666,"angle":3.89},{"time":0.7333,"angle":7.03},{"time":1.0333,"angle":0},{"time":1.2666,"angle":-9.16},{"time":1.6,"angle":0}],"translate":[{"time":0,"x":0,"y":0,"curve":"stepped"},{"time":0.3333,"x":0,"y":0},{"time":0.4666,"x":-2.07,"y":-0.94},{"time":0.7333,"x":-1.78,"y":-0.02},{"time":1.0333,"x":0,"y":0},{"time":1.2666,"x":1.28,"y":-0.04},{"time":1.6,"x":0,"y":0}],"scale":[{"time":0,"x":1,"y":1,"curve":"stepped"},{"time":0.3333,"x":1,"y":1,"curve":"stepped"},{"time":0.4666,"x":1,"y":1},{"time":0.7333,"x":1.215,"y":0.893},{"time":1.0333,"x":0.952,"y":1.119},{"time":1.2666,"x":0.963,"y":1.247},{"time":1.6,"x":1,"y":1}]},"13_1":{"rotate":[{"time":0,"angle":0},{"time":0.3333,"angle":6.76,"curve":[0.355,0,0.75,1]},{"time":0.4666,"angle":0},{"time":0.7333,"angle":8.1,"curve":"stepped"},{"time":1.0333,"angle":8.1},{"time":1.2666,"angle":11.61},{"time":1.6,"angle":0}],"translate":[{"time":0,"x":0,"y":0},{"time":0.3333,"x":-0.16,"y":-4.44,"curve":[0.355,0,0.75,1]},{"time":0.4666,"x":0,"y":0},{"time":0.7333,"x":-2.64,"y":7.03,"curve":"stepped"},{"time":1.0333,"x":-2.64,"y":7.03},{"time":1.2666,"x":0.17,"y":2.97},{"time":1.6,"x":0,"y":0}],"scale":[{"time":0,"x":1,"y":1},{"time":0.3333,"x":0.973,"y":1},{"time":0.4666,"x":1,"y":1},{"time":0.7333,"x":1.026,"y":1,"curve":"stepped"},{"time":1.0333,"x":1.026,"y":1},{"time":1.2666,"x":0.996,"y":1},{"time":1.6,"x":1,"y":1}]},"17":{"rotate":[{"time":0,"angle":0,"curve":"stepped"},{"time":0.3333,"angle":0},{"time":0.4666,"angle":6.02},{"time":0.7333,"angle":0},{"time":1.0333,"angle":-6.72},{"time":1.2666,"angle":-16.97},{"time":1.4,"angle":-11.85},{"time":1.6,"angle":0}],"translate":[{"time":0,"x":0,"y":0,"curve":"stepped"},{"time":0.3333,"x":0,"y":0,"curve":"stepped"},{"time":0.4666,"x":0,"y":0,"curve":"stepped"},{"time":0.7333,"x":0,"y":0,"curve":"stepped"},{"time":1.0333,"x":0,"y":0,"curve":"stepped"},{"time":1.2666,"x":0,"y":0,"curve":"stepped"},{"time":1.6,"x":0,"y":0}],"scale":[{"time":0,"x":1,"y":1,"curve":"stepped"},{"time":0.3333,"x":1,"y":1,"curve":"stepped"},{"time":0.4666,"x":1,"y":1,"curve":"stepped"},{"time":0.7333,"x":1,"y":1,"curve":"stepped"},{"time":1.0333,"x":1,"y":1,"curve":"stepped"},{"time":1.2666,"x":1,"y":1,"curve":"stepped"},{"time":1.6,"x":1,"y":1}]},"root":{"rotate":[{"time":0,"angle":0,"curve":"stepped"},{"time":0.3333,"angle":0,"curve":"stepped"},{"time":0.4666,"angle":0,"curve":"stepped"},{"time":0.7333,"angle":0,"curve":"stepped"},{"time":1.0333,"angle":0,"curve":"stepped"},{"time":1.2666,"angle":0,"curve":"stepped"},{"time":1.6,"angle":0}],"translate":[{"time":0,"x":0,"y":0,"curve":"stepped"},{"time":0.3333,"x":0,"y":0,"curve":"stepped"},{"time":0.4666,"x":0,"y":0,"curve":"stepped"},{"time":0.7333,"x":0,"y":0,"curve":"stepped"},{"time":1.0333,"x":0,"y":0,"curve":"stepped"},{"time":1.2666,"x":0,"y":0,"curve":"stepped"},{"time":1.6,"x":0,"y":0}],"scale":[{"time":0,"x":1,"y":1,"curve":"stepped"},{"time":0.3333,"x":1,"y":1,"curve":"stepped"},{"time":0.4666,"x":1,"y":1,"curve":"stepped"},{"time":0.7333,"x":1,"y":1,"curve":"stepped"},{"time":1.0333,"x":1,"y":1,"curve":"stepped"},{"time":1.2666,"x":1,"y":1,"curve":"stepped"},{"time":1.6,"x":1,"y":1}]},"11":{"rotate":[{"time":0,"angle":0},{"time":0.3333,"angle":23.51},{"time":0.4666,"angle":30.46},{"time":0.6,"angle":32.45},{"time":0.7333,"angle":-20.07},{"time":1.0333,"angle":-7.22},{"time":1.2666,"angle":11.87},{"time":1.6,"angle":0}],"translate":[{"time":0,"x":0,"y":0,"curve":"stepped"},{"time":0.3333,"x":0,"y":0,"curve":"stepped"},{"time":0.4666,"x":0,"y":0,"curve":"stepped"},{"time":0.7333,"x":0,"y":0,"curve":"stepped"},{"time":1.0333,"x":0,"y":0,"curve":"stepped"},{"time":1.2666,"x":0,"y":0,"curve":"stepped"},{"time":1.6,"x":0,"y":0}],"scale":[{"time":0,"x":1,"y":1,"curve":"stepped"},{"time":0.3333,"x":1,"y":1},{"time":0.4666,"x":0.914,"y":1,"curve":"stepped"},{"time":0.7333,"x":0.914,"y":1,"curve":"stepped"},{"time":1.0333,"x":0.914,"y":1,"curve":"stepped"},{"time":1.2666,"x":0.914,"y":1},{"time":1.6,"x":1,"y":1}]},"1_1":{"rotate":[{"time":0,"angle":0},{"time":0.3333,"angle":-18.18},{"time":0.4666,"angle":0,"curve":"stepped"},{"time":0.7333,"angle":0,"curve":"stepped"},{"time":1.0333,"angle":0,"curve":"stepped"},{"time":1.2666,"angle":0,"curve":"stepped"},{"time":1.6,"angle":0}],"translate":[{"time":0,"x":0,"y":0,"curve":"stepped"},{"time":0.3333,"x":0,"y":0,"curve":"stepped"},{"time":0.4666,"x":0,"y":0,"curve":"stepped"},{"time":0.7333,"x":0,"y":0,"curve":"stepped"},{"time":1.0333,"x":0,"y":0,"curve":"stepped"},{"time":1.2666,"x":0,"y":0,"curve":"stepped"},{"time":1.6,"x":0,"y":0}],"scale":[{"time":0,"x":1,"y":1,"curve":"stepped"},{"time":0.3333,"x":1,"y":1,"curve":"stepped"},{"time":0.4666,"x":1,"y":1,"curve":"stepped"},{"time":0.7333,"x":1,"y":1,"curve":"stepped"},{"time":1.0333,"x":1,"y":1,"curve":"stepped"},{"time":1.2666,"x":1,"y":1,"curve":"stepped"},{"time":1.6,"x":1,"y":1}]},"16":{"rotate":[{"time":0,"angle":0,"curve":"stepped"},{"time":0.3333,"angle":0,"curve":"stepped"},{"time":0.4666,"angle":0},{"time":0.7333,"angle":8.24,"curve":"stepped"},{"time":1.0333,"angle":8.24},{"time":1.2666,"angle":13.25},{"time":1.6,"angle":0}],"translate":[{"time":0,"x":0,"y":0,"curve":"stepped"},{"time":0.3333,"x":0,"y":0,"curve":"stepped"},{"time":0.4666,"x":0,"y":0,"curve":"stepped"},{"time":0.7333,"x":0,"y":0,"curve":"stepped"},{"time":1.0333,"x":0,"y":0,"curve":"stepped"},{"time":1.2666,"x":0,"y":0,"curve":"stepped"},{"time":1.6,"x":0,"y":0}],"scale":[{"time":0,"x":1,"y":1,"curve":"stepped"},{"time":0.3333,"x":1,"y":1,"curve":"stepped"},{"time":0.4666,"x":1,"y":1,"curve":"stepped"},{"time":0.7333,"x":1,"y":1,"curve":"stepped"},{"time":1.0333,"x":1,"y":1,"curve":"stepped"},{"time":1.2666,"x":1,"y":1,"curve":"stepped"},{"time":1.6,"x":1,"y":1}]},"19":{"rotate":[{"time":0,"angle":0},{"time":0.3333,"angle":11.17},{"time":0.4666,"angle":40.34},{"time":0.7333,"angle":0},{"time":1.0333,"angle":11.72},{"time":1.2666,"angle":0,"curve":"stepped"},{"time":1.6,"angle":0}],"translate":[{"time":0,"x":0,"y":0,"curve":"stepped"},{"time":0.3333,"x":0,"y":0,"curve":"stepped"},{"time":0.4666,"x":0,"y":0,"curve":"stepped"},{"time":0.7333,"x":0,"y":0,"curve":"stepped"},{"time":1.0333,"x":0,"y":0,"curve":"stepped"},{"time":1.2666,"x":0,"y":0,"curve":"stepped"},{"time":1.6,"x":0,"y":0}],"scale":[{"time":0,"x":1,"y":1,"curve":"stepped"},{"time":0.3333,"x":1,"y":1,"curve":"stepped"},{"time":0.4666,"x":1,"y":1,"curve":"stepped"},{"time":0.7333,"x":1,"y":1,"curve":"stepped"},{"time":1.0333,"x":1,"y":1,"curve":"stepped"},{"time":1.2666,"x":1,"y":1,"curve":"stepped"},{"time":1.6,"x":1,"y":1}]},"bone8":{"rotate":[{"time":0,"angle":0},{"time":0.3333,"angle":22.21},{"time":0.4666,"angle":0},{"time":0.7333,"angle":16.32},{"time":1.0333,"angle":0},{"time":1.2666,"angle":-20.41},{"time":1.6,"angle":0}],"translate":[{"time":0,"x":0,"y":0,"curve":"stepped"},{"time":0.3333,"x":0,"y":0,"curve":"stepped"},{"time":0.4666,"x":0,"y":0,"curve":"stepped"},{"time":0.7333,"x":0,"y":0,"curve":"stepped"},{"time":1.0333,"x":0,"y":0,"curve":"stepped"},{"time":1.2666,"x":0,"y":0,"curve":"stepped"},{"time":1.6,"x":0,"y":0}],"scale":[{"time":0,"x":1,"y":1,"curve":"stepped"},{"time":0.3333,"x":1,"y":1,"curve":"stepped"},{"time":0.4666,"x":1,"y":1,"curve":"stepped"},{"time":0.7333,"x":1,"y":1,"curve":"stepped"},{"time":1.0333,"x":1,"y":1,"curve":"stepped"},{"time":1.2666,"x":1,"y":1,"curve":"stepped"},{"time":1.6,"x":1,"y":1}]},"13":{"rotate":[{"time":0,"angle":0,"curve":"stepped"},{"time":0.3333,"angle":0,"curve":"stepped"},{"time":0.4666,"angle":0},{"time":0.7333,"angle":-6.01,"curve":"stepped"},{"time":1.0333,"angle":-6.01},{"time":1.2666,"angle":10.06},{"time":1.6,"angle":0}],"translate":[{"time":0,"x":0,"y":0,"curve":"stepped"},{"time":0.3333,"x":0,"y":0,"curve":"stepped"},{"time":0.4666,"x":0,"y":0},{"time":0.7333,"x":1.33,"y":5.18,"curve":"stepped"},{"time":1.0333,"x":1.33,"y":5.18},{"time":1.2666,"x":0,"y":0,"curve":"stepped"},{"time":1.6,"x":0,"y":0}],"scale":[{"time":0,"x":1,"y":1,"curve":"stepped"},{"time":0.3333,"x":1,"y":1,"curve":"stepped"},{"time":0.4666,"x":1,"y":1},{"time":0.7333,"x":1.335,"y":1,"curve":"stepped"},{"time":1.0333,"x":1.335,"y":1},{"time":1.2666,"x":1,"y":1,"curve":"stepped"},{"time":1.6,"x":1,"y":1}]},"bone7":{"rotate":[{"time":0,"angle":0},{"time":0.3333,"angle":18.69},{"time":0.4666,"angle":0},{"time":0.7333,"angle":13.6},{"time":1.0333,"angle":0},{"time":1.2666,"angle":-5.36},{"time":1.6,"angle":0}],"translate":[{"time":0,"x":0,"y":0,"curve":"stepped"},{"time":0.3333,"x":0,"y":0,"curve":"stepped"},{"time":0.4666,"x":0,"y":0,"curve":"stepped"},{"time":0.7333,"x":0,"y":0,"curve":"stepped"},{"time":1.0333,"x":0,"y":0,"curve":"stepped"},{"time":1.2666,"x":0,"y":0,"curve":"stepped"},{"time":1.6,"x":0,"y":0}],"scale":[{"time":0,"x":1,"y":1,"curve":"stepped"},{"time":0.3333,"x":1,"y":1,"curve":"stepped"},{"time":0.4666,"x":1,"y":1,"curve":"stepped"},{"time":0.7333,"x":1,"y":1,"curve":"stepped"},{"time":1.0333,"x":1,"y":1,"curve":"stepped"},{"time":1.2666,"x":1,"y":1,"curve":"stepped"},{"time":1.6,"x":1,"y":1}]},"1_5":{"rotate":[{"time":0,"angle":0,"curve":"stepped"},{"time":0.3333,"angle":0,"curve":"stepped"},{"time":0.4666,"angle":0,"curve":"stepped"},{"time":0.7333,"angle":0,"curve":"stepped"},{"time":1.0333,"angle":0,"curve":"stepped"},{"time":1.2666,"angle":0,"curve":"stepped"},{"time":1.6,"angle":0}],"translate":[{"time":0,"x":0,"y":0,"curve":"stepped"},{"time":0.3333,"x":0,"y":0,"curve":"stepped"},{"time":0.4666,"x":0,"y":0,"curve":"stepped"},{"time":0.7333,"x":0,"y":0,"curve":"stepped"},{"time":1.0333,"x":0,"y":0,"curve":"stepped"},{"time":1.2666,"x":0,"y":0,"curve":"stepped"},{"time":1.6,"x":0,"y":0}],"scale":[{"time":0,"x":1,"y":1,"curve":"stepped"},{"time":0.3333,"x":1,"y":1,"curve":"stepped"},{"time":0.4666,"x":1,"y":1,"curve":"stepped"},{"time":0.7333,"x":1,"y":1,"curve":"stepped"},{"time":1.0333,"x":1,"y":1,"curve":"stepped"},{"time":1.2666,"x":1,"y":1,"curve":"stepped"},{"time":1.6,"x":1,"y":1}]},"bone9":{"rotate":[{"time":0,"angle":0},{"time":0.3333,"angle":-13.83},{"time":0.4666,"angle":16.85},{"time":0.7333,"angle":17.26},{"time":1.0333,"angle":-8.82},{"time":1.2666,"angle":18.89},{"time":1.4,"angle":17.21},{"time":1.6,"angle":0}],"translate":[{"time":0,"x":0,"y":0,"curve":"stepped"},{"time":0.3333,"x":0,"y":0,"curve":"stepped"},{"time":0.4666,"x":0,"y":0,"curve":"stepped"},{"time":0.7333,"x":0,"y":0,"curve":"stepped"},{"time":1.0333,"x":0,"y":0,"curve":"stepped"},{"time":1.2666,"x":0,"y":0,"curve":"stepped"},{"time":1.6,"x":0,"y":0}],"scale":[{"time":0,"x":1,"y":1,"curve":"stepped"},{"time":0.3333,"x":1,"y":1,"curve":"stepped"},{"time":0.4666,"x":1,"y":1,"curve":"stepped"},{"time":0.7333,"x":1,"y":1,"curve":"stepped"},{"time":1.0333,"x":1,"y":1,"curve":"stepped"},{"time":1.2666,"x":1,"y":1,"curve":"stepped"},{"time":1.6,"x":1,"y":1}]},"10_1":{"rotate":[{"time":0,"angle":0,"curve":"stepped"},{"time":0.3333,"angle":0,"curve":"stepped"},{"time":0.4666,"angle":0,"curve":"stepped"},{"time":0.7333,"angle":0,"curve":"stepped"},{"time":1.0333,"angle":0,"curve":"stepped"},{"time":1.2666,"angle":0,"curve":"stepped"},{"time":1.6,"angle":0}],"translate":[{"time":0,"x":0,"y":0,"curve":"stepped"},{"time":0.3333,"x":0,"y":0,"curve":"stepped"},{"time":0.4666,"x":0,"y":0,"curve":"stepped"},{"time":0.7333,"x":0,"y":0,"curve":"stepped"},{"time":1.0333,"x":0,"y":0,"curve":"stepped"},{"time":1.2666,"x":0,"y":0,"curve":"stepped"},{"time":1.6,"x":0,"y":0}],"scale":[{"time":0,"x":1,"y":1,"curve":"stepped"},{"time":0.3333,"x":1,"y":1,"curve":"stepped"},{"time":0.4666,"x":1,"y":1,"curve":"stepped"},{"time":0.7333,"x":1,"y":1,"curve":"stepped"},{"time":1.0333,"x":1,"y":1,"curve":"stepped"},{"time":1.2666,"x":1,"y":1,"curve":"stepped"},{"time":1.6,"x":1,"y":1}]},"shadow":{"rotate":[{"time":0,"angle":0,"curve":"stepped"},{"time":0.3333,"angle":0,"curve":"stepped"},{"time":0.4666,"angle":0,"curve":"stepped"},{"time":0.7333,"angle":0,"curve":"stepped"},{"time":1.0333,"angle":0,"curve":"stepped"},{"time":1.2666,"angle":0,"curve":"stepped"},{"time":1.6,"angle":0}],"translate":[{"time":0,"x":0,"y":0,"curve":"stepped"},{"time":0.3333,"x":0,"y":0,"curve":"stepped"},{"time":0.4666,"x":0,"y":0,"curve":"stepped"},{"time":0.7333,"x":0,"y":0,"curve":"stepped"},{"time":1.0333,"x":0,"y":0,"curve":"stepped"},{"time":1.2666,"x":0,"y":0,"curve":"stepped"},{"time":1.6,"x":0,"y":0}],"scale":[{"time":0,"x":1,"y":1},{"time":0.3333,"x":1.116,"y":1.081},{"time":0.4666,"x":1,"y":1},{"time":0.7333,"x":0.892,"y":1,"curve":"stepped"},{"time":1.0333,"x":0.892,"y":1},{"time":1.2666,"x":0.959,"y":1},{"time":1.6,"x":1,"y":1}]},"bone6":{"rotate":[{"time":0,"angle":0},{"time":0.3333,"angle":29.47},{"time":0.4666,"angle":0},{"time":0.7333,"angle":21.98},{"time":1.0333,"angle":0},{"time":1.2666,"angle":-12.51},{"time":1.6,"angle":0}],"translate":[{"time":0,"x":0,"y":0,"curve":"stepped"},{"time":0.3333,"x":0,"y":0,"curve":"stepped"},{"time":0.4666,"x":0,"y":0,"curve":"stepped"},{"time":0.7333,"x":0,"y":0,"curve":"stepped"},{"time":1.0333,"x":0,"y":0,"curve":"stepped"},{"time":1.2666,"x":0,"y":0,"curve":"stepped"},{"time":1.6,"x":0,"y":0}],"scale":[{"time":0,"x":1,"y":1,"curve":"stepped"},{"time":0.3333,"x":1,"y":1,"curve":"stepped"},{"time":0.4666,"x":1,"y":1,"curve":"stepped"},{"time":0.7333,"x":1,"y":1,"curve":"stepped"},{"time":1.0333,"x":1,"y":1,"curve":"stepped"},{"time":1.2666,"x":1,"y":1,"curve":"stepped"},{"time":1.6,"x":1,"y":1}]},"bone11":{"rotate":[{"time":0,"angle":0},{"time":0.3333,"angle":-10.19},{"time":0.4666,"angle":0},{"time":0.7333,"angle":31.11},{"time":1.0333,"angle":-18.99},{"time":1.2666,"angle":-19.74},{"time":1.4,"angle":32.21},{"time":1.6,"angle":0}],"translate":[{"time":0,"x":0,"y":0,"curve":"stepped"},{"time":0.3333,"x":0,"y":0,"curve":"stepped"},{"time":0.4666,"x":0,"y":0,"curve":"stepped"},{"time":0.7333,"x":0,"y":0,"curve":"stepped"},{"time":1.0333,"x":0,"y":0,"curve":"stepped"},{"time":1.2666,"x":0,"y":0,"curve":"stepped"},{"time":1.6,"x":0,"y":0}],"scale":[{"time":0,"x":1,"y":1,"curve":"stepped"},{"time":0.3333,"x":1,"y":1,"curve":"stepped"},{"time":0.4666,"x":1,"y":1,"curve":"stepped"},{"time":0.7333,"x":1,"y":1,"curve":"stepped"},{"time":1.0333,"x":1,"y":1,"curve":"stepped"},{"time":1.2666,"x":1,"y":1,"curve":"stepped"},{"time":1.6,"x":1,"y":1}]},"2_2":{"rotate":[{"time":0,"angle":0},{"time":0.3333,"angle":-27.03},{"time":0.4666,"angle":0,"curve":"stepped"},{"time":0.7333,"angle":0},{"time":1.0333,"angle":-10.8},{"time":1.2666,"angle":-11.47},{"time":1.6,"angle":0}],"translate":[{"time":0,"x":0,"y":0,"curve":"stepped"},{"time":0.3333,"x":0,"y":0,"curve":"stepped"},{"time":0.4666,"x":0,"y":0,"curve":"stepped"},{"time":0.7333,"x":0,"y":0,"curve":"stepped"},{"time":1.0333,"x":0,"y":0,"curve":"stepped"},{"time":1.2666,"x":0,"y":0,"curve":"stepped"},{"time":1.6,"x":0,"y":0}],"scale":[{"time":0,"x":1,"y":1,"curve":"stepped"},{"time":0.3333,"x":1,"y":1,"curve":"stepped"},{"time":0.4666,"x":1,"y":1,"curve":"stepped"},{"time":0.7333,"x":1,"y":1,"curve":"stepped"},{"time":1.0333,"x":1,"y":1,"curve":"stepped"},{"time":1.2666,"x":1,"y":1,"curve":"stepped"},{"time":1.6,"x":1,"y":1}]},"18":{"rotate":[{"time":0,"angle":0,"curve":"stepped"},{"time":0.3333,"angle":0},{"time":0.4666,"angle":38.14},{"time":0.7333,"angle":-17.74},{"time":1.0333,"angle":26.62},{"time":1.2666,"angle":29.32},{"time":1.4,"angle":23.59},{"time":1.6,"angle":0}],"translate":[{"time":0,"x":0,"y":0,"curve":"stepped"},{"time":0.3333,"x":0,"y":0},{"time":0.4666,"x":5.15,"y":2.12},{"time":0.7333,"x":0,"y":0,"curve":"stepped"},{"time":1.0333,"x":0,"y":0,"curve":"stepped"},{"time":1.2666,"x":0,"y":0,"curve":"stepped"},{"time":1.6,"x":0,"y":0}],"scale":[{"time":0,"x":1,"y":1,"curve":"stepped"},{"time":0.3333,"x":1,"y":1,"curve":"stepped"},{"time":0.4666,"x":1,"y":1,"curve":"stepped"},{"time":0.7333,"x":1,"y":1,"curve":"stepped"},{"time":1.0333,"x":1,"y":1,"curve":"stepped"},{"time":1.2666,"x":1,"y":1,"curve":"stepped"},{"time":1.6,"x":1,"y":1}]},"10":{"rotate":[{"time":0,"angle":0},{"time":0.3333,"angle":13.63},{"time":0.4666,"angle":0},{"time":0.7333,"angle":-10.5,"curve":"stepped"},{"time":1.0333,"angle":-10.5},{"time":1.2666,"angle":-1.92},{"time":1.6,"angle":0}],"translate":[{"time":0,"x":0,"y":0,"curve":"stepped"},{"time":0.3333,"x":0,"y":0,"curve":"stepped"},{"time":0.4666,"x":0,"y":0,"curve":"stepped"},{"time":0.7333,"x":0,"y":0,"curve":"stepped"},{"time":1.0333,"x":0,"y":0,"curve":"stepped"},{"time":1.2666,"x":0,"y":0,"curve":"stepped"},{"time":1.6,"x":0,"y":0}],"scale":[{"time":0,"x":1,"y":1,"curve":"stepped"},{"time":0.3333,"x":1,"y":1,"curve":"stepped"},{"time":0.4666,"x":1,"y":1},{"time":0.7333,"x":1.095,"y":1,"curve":"stepped"},{"time":1.0333,"x":1.095,"y":1},{"time":1.2666,"x":1.096,"y":0.954},{"time":1.6,"x":1,"y":1}]},"bone13":{"rotate":[{"time":0,"angle":0},{"time":0.3333,"angle":22.97},{"time":0.4666,"angle":16.89},{"time":0.7333,"angle":18.9},{"time":1.0333,"angle":-36.95},{"time":1.2666,"angle":-39.7},{"time":1.6,"angle":0}],"translate":[{"time":0,"x":0,"y":0,"curve":"stepped"},{"time":0.3333,"x":0,"y":0,"curve":"stepped"},{"time":0.4666,"x":0,"y":0,"curve":"stepped"},{"time":0.7333,"x":0,"y":0,"curve":"stepped"},{"time":1.0333,"x":0,"y":0,"curve":"stepped"},{"time":1.2666,"x":0,"y":0,"curve":"stepped"},{"time":1.6,"x":0,"y":0}],"scale":[{"time":0,"x":1,"y":1,"curve":"stepped"},{"time":0.3333,"x":1,"y":1,"curve":"stepped"},{"time":0.4666,"x":1,"y":1,"curve":"stepped"},{"time":0.7333,"x":1,"y":1,"curve":"stepped"},{"time":1.0333,"x":1,"y":1,"curve":"stepped"},{"time":1.2666,"x":1,"y":1,"curve":"stepped"},{"time":1.6,"x":1,"y":1}]},"1_4":{"rotate":[{"time":0,"angle":0,"curve":"stepped"},{"time":0.3333,"angle":0,"curve":"stepped"},{"time":0.4666,"angle":0,"curve":"stepped"},{"time":0.7333,"angle":0,"curve":"stepped"},{"time":1.0333,"angle":0,"curve":"stepped"},{"time":1.2666,"angle":0,"curve":"stepped"},{"time":1.6,"angle":0}],"translate":[{"time":0,"x":0,"y":0,"curve":"stepped"},{"time":0.3333,"x":0,"y":0,"curve":"stepped"},{"time":0.4666,"x":0,"y":0,"curve":"stepped"},{"time":0.7333,"x":0,"y":0,"curve":"stepped"},{"time":1.0333,"x":0,"y":0,"curve":"stepped"},{"time":1.2666,"x":0,"y":0,"curve":"stepped"},{"time":1.6,"x":0,"y":0}],"scale":[{"time":0,"x":1,"y":1,"curve":"stepped"},{"time":0.3333,"x":1,"y":1,"curve":"stepped"},{"time":0.4666,"x":1,"y":1,"curve":"stepped"},{"time":0.7333,"x":1,"y":1,"curve":"stepped"},{"time":1.0333,"x":1,"y":1,"curve":"stepped"},{"time":1.2666,"x":1,"y":1,"curve":"stepped"},{"time":1.6,"x":1,"y":1}]},"12":{"rotate":[{"time":0,"angle":0,"curve":"stepped"},{"time":0.3333,"angle":0,"curve":"stepped"},{"time":0.4666,"angle":0},{"time":0.7333,"angle":5.12},{"time":1.0333,"angle":4.44},{"time":1.2666,"angle":0,"curve":"stepped"},{"time":1.6,"angle":0}],"translate":[{"time":0,"x":0,"y":0},{"time":0.3333,"x":0,"y":-2},{"time":0.4666,"x":0,"y":0},{"time":0.7333,"x":-1.93,"y":4.99,"curve":"stepped"},{"time":1.0333,"x":-1.93,"y":4.99},{"time":1.2666,"x":0.1,"y":1.18},{"time":1.6,"x":0,"y":0}],"scale":[{"time":0,"x":1,"y":1},{"time":0.3333,"x":0.914,"y":1.033},{"time":0.4666,"x":1,"y":1},{"time":0.7333,"x":1.196,"y":0.946},{"time":1.0333,"x":1.148,"y":0.946},{"time":1.2666,"x":1.058,"y":0.968},{"time":1.6,"x":1,"y":1}]},"6":{"rotate":[{"time":0,"angle":0},{"time":0.3333,"angle":-1.65},{"time":0.4666,"angle":-65.3},{"time":0.6,"angle":-89.05},{"time":0.7333,"angle":-66.78},{"time":1.0333,"angle":-66.27},{"time":1.2666,"angle":-50.07},{"time":1.6,"angle":0}],"translate":[{"time":0,"x":0,"y":0,"curve":"stepped"},{"time":0.3333,"x":0,"y":0},{"time":0.4666,"x":8.67,"y":1.44},{"time":0.7333,"x":9.93,"y":1.58,"curve":"stepped"},{"time":1.0333,"x":9.93,"y":1.58},{"time":1.2666,"x":9.75,"y":-0.63},{"time":1.6,"x":0,"y":0}],"scale":[{"time":0,"x":1,"y":1,"curve":"stepped"},{"time":0.3333,"x":1,"y":1},{"time":0.4666,"x":1.28,"y":0.944,"curve":"stepped"},{"time":0.7333,"x":1.28,"y":0.944,"curve":"stepped"},{"time":1.0333,"x":1.28,"y":0.944,"curve":"stepped"},{"time":1.2666,"x":1.28,"y":0.944},{"time":1.6,"x":1,"y":1}]},"fx_2":{"rotate":[{"time":0,"angle":0,"curve":"stepped"},{"time":0.3333,"angle":0,"curve":"stepped"},{"time":0.7,"angle":0,"curve":"stepped"},{"time":0.7333,"angle":0},{"time":0.8,"angle":-179.06,"curve":"stepped"},{"time":0.8333,"angle":91.32,"curve":"stepped"},{"time":0.8666,"angle":0,"curve":"stepped"},{"time":1.6,"angle":0}],"translate":[{"time":0,"x":0,"y":0,"curve":"stepped"},{"time":0.3333,"x":0,"y":0,"curve":"stepped"},{"time":0.7,"x":0,"y":0,"curve":"stepped"},{"time":0.7333,"x":-137.7,"y":-50.68},{"time":0.8,"x":-133.29,"y":-27.63,"curve":"stepped"},{"time":0.8333,"x":-128.21,"y":-23.97,"curve":"stepped"},{"time":0.8666,"x":0,"y":0,"curve":"stepped"},{"time":1.6,"x":0,"y":0}],"scale":[{"time":0,"x":1,"y":1,"curve":"stepped"},{"time":0.3333,"x":1,"y":1,"curve":"stepped"},{"time":0.7,"x":1,"y":1,"curve":"stepped"},{"time":0.7333,"x":0.264,"y":0.328},{"time":0.8,"x":0.796,"y":0.752,"curve":"stepped"},{"time":0.8333,"x":0.27,"y":1.372,"curve":"stepped"},{"time":0.8666,"x":1,"y":1,"curve":"stepped"},{"time":1.6,"x":1,"y":1}]},"bone3":{"rotate":[{"time":0,"angle":0},{"time":0.3333,"angle":-11.75},{"time":0.4666,"angle":0},{"time":0.7333,"angle":-8.73},{"time":1.0333,"angle":1.13},{"time":1.2666,"angle":-13.64},{"time":1.6,"angle":0}],"translate":[{"time":0,"x":0,"y":0,"curve":"stepped"},{"time":0.3333,"x":0,"y":0,"curve":"stepped"},{"time":0.4666,"x":0,"y":0,"curve":"stepped"},{"time":0.7333,"x":0,"y":0,"curve":"stepped"},{"time":1.0333,"x":0,"y":0,"curve":"stepped"},{"time":1.2666,"x":0,"y":0,"curve":"stepped"},{"time":1.6,"x":0,"y":0}],"scale":[{"time":0,"x":1,"y":1,"curve":"stepped"},{"time":0.3333,"x":1,"y":1,"curve":"stepped"},{"time":0.4666,"x":1,"y":1,"curve":"stepped"},{"time":0.7333,"x":1,"y":1,"curve":"stepped"},{"time":1.0333,"x":1,"y":1,"curve":"stepped"},{"time":1.2666,"x":1,"y":1,"curve":"stepped"},{"time":1.6,"x":1,"y":1}]},"2_3":{"rotate":[{"time":0,"angle":0,"curve":"stepped"},{"time":0.3333,"angle":0,"curve":"stepped"},{"time":0.4666,"angle":0,"curve":"stepped"},{"time":0.7333,"angle":0,"curve":"stepped"},{"time":1.0333,"angle":0,"curve":"stepped"},{"time":1.2666,"angle":0,"curve":"stepped"},{"time":1.6,"angle":0}],"translate":[{"time":0,"x":0,"y":0,"curve":"stepped"},{"time":0.3333,"x":0,"y":0,"curve":"stepped"},{"time":0.4666,"x":0,"y":0,"curve":"stepped"},{"time":0.7333,"x":0,"y":0,"curve":"stepped"},{"time":1.0333,"x":0,"y":0,"curve":"stepped"},{"time":1.2666,"x":0,"y":0,"curve":"stepped"},{"time":1.6,"x":0,"y":0}],"scale":[{"time":0,"x":1,"y":1,"curve":"stepped"},{"time":0.3333,"x":1,"y":1,"curve":"stepped"},{"time":0.4666,"x":1,"y":1,"curve":"stepped"},{"time":0.7333,"x":1,"y":1,"curve":"stepped"},{"time":1.0333,"x":1,"y":1,"curve":"stepped"},{"time":1.2666,"x":1,"y":1,"curve":"stepped"},{"time":1.6,"x":1,"y":1}]},"14":{"rotate":[{"time":0,"angle":0,"curve":"stepped"},{"time":0.3333,"angle":0,"curve":"stepped"},{"time":0.4666,"angle":0},{"time":0.7333,"angle":-3.69,"curve":"stepped"},{"time":1.0333,"angle":-3.69},{"time":1.2666,"angle":0,"curve":"stepped"},{"time":1.6,"angle":0}],"translate":[{"time":0,"x":0,"y":0,"curve":"stepped"},{"time":0.3333,"x":0,"y":0,"curve":"stepped"},{"time":0.4666,"x":0,"y":0},{"time":0.7333,"x":-0.61,"y":1.58,"curve":"stepped"},{"time":1.0333,"x":-0.61,"y":1.58},{"time":1.2666,"x":0,"y":0,"curve":"stepped"},{"time":1.6,"x":0,"y":0}],"scale":[{"time":0,"x":1,"y":1,"curve":"stepped"},{"time":0.3333,"x":1,"y":1,"curve":"stepped"},{"time":0.4666,"x":1,"y":1,"curve":"stepped"},{"time":0.7333,"x":1,"y":1,"curve":"stepped"},{"time":1.0333,"x":1,"y":1,"curve":"stepped"},{"time":1.2666,"x":1,"y":1,"curve":"stepped"},{"time":1.6,"x":1,"y":1}]},"2":{"rotate":[{"time":0,"angle":0},{"time":0.3333,"angle":5.81},{"time":0.4666,"angle":6.05},{"time":0.7333,"angle":-18.67},{"time":1.0333,"angle":-16},{"time":1.2666,"angle":-2},{"time":1.6,"angle":0}],"translate":[{"time":0,"x":0,"y":0,"curve":"stepped"},{"time":0.3333,"x":0,"y":0,"curve":"stepped"},{"time":0.4666,"x":0,"y":0},{"time":0.7333,"x":0.35,"y":-3.24,"curve":"stepped"},{"time":1.0333,"x":0.35,"y":-3.24},{"time":1.2666,"x":0,"y":0,"curve":"stepped"},{"time":1.6,"x":0,"y":0}],"scale":[{"time":0,"x":1,"y":1,"curve":"stepped"},{"time":0.3333,"x":1,"y":1,"curve":"stepped"},{"time":0.4666,"x":1,"y":1,"curve":"stepped"},{"time":0.7333,"x":1,"y":1,"curve":"stepped"},{"time":1.0333,"x":1,"y":1,"curve":"stepped"},{"time":1.2666,"x":1,"y":1,"curve":"stepped"},{"time":1.6,"x":1,"y":1}]},"3":{"rotate":[{"time":0,"angle":0},{"time":0.3333,"angle":12.27},{"time":0.4666,"angle":122.43},{"time":0.7333,"angle":54.51},{"time":1.0333,"angle":56.59},{"time":1.2666,"angle":54.51},{"time":1.6,"angle":0}],"translate":[{"time":0,"x":0,"y":0,"curve":"stepped"},{"time":0.3333,"x":0,"y":0,"curve":"stepped"},{"time":0.4666,"x":0,"y":0,"curve":"stepped"},{"time":0.7333,"x":0,"y":0,"curve":"stepped"},{"time":1.0333,"x":0,"y":0,"curve":"stepped"},{"time":1.2666,"x":0,"y":0,"curve":"stepped"},{"time":1.6,"x":0,"y":0}],"scale":[{"time":0,"x":1,"y":1,"curve":"stepped"},{"time":0.3333,"x":1,"y":1,"curve":"stepped"},{"time":0.4666,"x":1,"y":1,"curve":"stepped"},{"time":0.7333,"x":1,"y":1,"curve":"stepped"},{"time":1.0333,"x":1,"y":1,"curve":"stepped"},{"time":1.2666,"x":1,"y":1,"curve":"stepped"},{"time":1.6,"x":1,"y":1}]},"bone4":{"rotate":[{"time":0,"angle":0},{"time":0.3333,"angle":-11.96},{"time":0.4666,"angle":7.19},{"time":0.7333,"angle":-14.78},{"time":1.0333,"angle":1.47},{"time":1.2666,"angle":-9.87},{"time":1.6,"angle":0}],"translate":[{"time":0,"x":0,"y":0,"curve":"stepped"},{"time":0.3333,"x":0,"y":0,"curve":"stepped"},{"time":0.4666,"x":0,"y":0,"curve":"stepped"},{"time":0.7333,"x":0,"y":0,"curve":"stepped"},{"time":1.0333,"x":0,"y":0,"curve":"stepped"},{"time":1.2666,"x":0,"y":0,"curve":"stepped"},{"time":1.6,"x":0,"y":0}],"scale":[{"time":0,"x":1,"y":1,"curve":"stepped"},{"time":0.3333,"x":1,"y":1,"curve":"stepped"},{"time":0.4666,"x":1,"y":1,"curve":"stepped"},{"time":0.7333,"x":1,"y":1,"curve":"stepped"},{"time":1.0333,"x":1,"y":1,"curve":"stepped"},{"time":1.2666,"x":1,"y":1,"curve":"stepped"},{"time":1.6,"x":1,"y":1}]},"2_1":{"rotate":[{"time":0,"angle":0},{"time":0.3333,"angle":2.5},{"time":0.4666,"angle":0,"curve":"stepped"},{"time":0.7333,"angle":0,"curve":"stepped"},{"time":1.0333,"angle":0,"curve":"stepped"},{"time":1.2666,"angle":0,"curve":"stepped"},{"time":1.6,"angle":0}],"translate":[{"time":0,"x":0,"y":0,"curve":"stepped"},{"time":0.3333,"x":0,"y":0,"curve":"stepped"},{"time":0.4666,"x":0,"y":0,"curve":"stepped"},{"time":0.7333,"x":0,"y":0,"curve":"stepped"},{"time":1.0333,"x":0,"y":0,"curve":"stepped"},{"time":1.2666,"x":0,"y":0,"curve":"stepped"},{"time":1.6,"x":0,"y":0}],"scale":[{"time":0,"x":1,"y":1,"curve":"stepped"},{"time":0.3333,"x":1,"y":1,"curve":"stepped"},{"time":0.4666,"x":1,"y":1,"curve":"stepped"},{"time":0.7333,"x":1,"y":1,"curve":"stepped"},{"time":1.0333,"x":1,"y":1,"curve":"stepped"},{"time":1.2666,"x":1,"y":1,"curve":"stepped"},{"time":1.6,"x":1,"y":1}]}},"drawOrder":[{"time":0.4666,"offsets":[{"slot":"5","offset":4},{"slot":"fx_2","offset":1}]},{"time":1.2666}]}}}