{"skeleton":{"hash":"Cv1Y3AB8ceJEG218HrxmPmRZOqw","spine":"3.1.03","width":251.09,"height":229.23},"bones":[{"name":"root"},{"name":"bone","parent":"root","x":5.25,"y":51.07},{"name":"MON40061_DL_9","parent":"bone","length":44.81,"x":-13.75,"y":-42.84,"rotation":91},{"name":"bone2","parent":"MON40061_DL_9","length":57.6,"x":44.81,"rotation":-15.96},{"name":"MON40061_DL_5","parent":"bone2","length":52.67,"x":58.63,"y":-3.27,"rotation":14.99},{"name":"MON40061_DL_14","parent":"MON40061_DL_5","length":45.73,"x":-15.07,"y":33.33,"rotation":172.86},{"name":"MON40061_DL_13","parent":"MON40061_DL_14","length":37,"x":45.19,"y":-0.69,"rotation":-118.86},{"name":"MON40061_DL_12","parent":"MON40061_DL_13","length":19.13,"x":36.75,"y":-0.04,"rotation":-29.74},{"name":"MON40061_DL_16","parent":"MON40061_DL_12","length":112.18,"x":18.62,"y":0.15,"rotation":-80.61},{"name":"MON40061_DL_15","parent":"MON40061_DL_16","length":11.58,"x":202.75,"y":-14.99,"rotation":-122.48},{"name":"bone6","parent":"MON40061_DL_15","length":10.01,"x":11.58,"y":0.05,"rotation":-1.28},{"name":"bone7","parent":"bone6","length":10.02,"x":10.01,"rotation":1.76},{"name":"FX_WEAPON","parent":"bone7","length":28.74,"x":33.4,"y":-1.28,"rotation":81.24,"inheritScale":false,"inheritRotation":false},{"name":"MON40060_DL_6","parent":"MON40061_DL_5","length":32.28,"x":64.91,"y":3.02,"rotation":-27.28},{"name":"MON40061_DL_0","parent":"MON40061_DL_5","length":8.82,"x":10.79,"y":37.17,"rotation":-0.05},{"name":"MON40061_DL_4","parent":"bone2","length":37.36,"x":55.19,"y":-37.1,"rotation":-106.71},{"name":"MON40061_DL_3","parent":"MON40061_DL_4","length":33.82,"x":36.37,"y":0.06,"rotation":-66.04},{"name":"MON40061_DL_2","parent":"MON40061_DL_3","length":16.07,"x":32.85,"y":-0.41,"rotation":-15.14},{"name":"MON40061_DL_6","parent":"MON40061_DL_5","length":16.66,"x":-2.17,"y":28.73,"rotation":178.26},{"name":"MON40061_DL_7","parent":"MON40061_DL_6","length":7.63,"x":25.8,"y":-2.17,"rotation":-3.83},{"name":"MON40061_DL_8","parent":"MON40061_DL_6","length":8.11,"x":28.29,"y":21.42,"rotation":-31.12},{"name":"MON40061_DL_11","parent":"MON40061_DL_16","length":30.65,"x":-13.2,"y":-1.72,"rotation":-179.57},{"name":"MON40061_DL_17","parent":"bone","length":21.57,"x":22.72,"y":-33.71,"rotation":-88.11},{"name":"MON40061_DL_18","parent":"bone","length":18.84,"x":-31.3,"y":-33.95,"rotation":-96.5},{"name":"bone3","parent":"MON40061_DL_7","length":7.93,"x":7.14,"y":-0.04,"rotation":-3.37},{"name":"bone4","parent":"bone3","length":8.38,"x":7.93,"rotation":-6.4},{"name":"bone5","parent":"MON40061_DL_8","length":6.77,"x":8.11,"y":0.01,"rotation":12.65},{"name":"fx_bg","parent":"root","length":38.5,"x":333.71,"y":197.32,"rotation":92.04},{"name":"fx_yun","parent":"root","length":16.74,"x":-84.99,"y":210.48,"rotation":90},{"name":"fx_ji","parent":"fx_yun","length":12.93,"x":0.19,"y":0.06,"rotation":-106.45},{"name":"fx_koushiu","parent":"MON40061_DL_6","length":9.33,"x":13.53,"y":7.39,"rotation":-89.99,"inheritScale":false,"inheritRotation":false},{"name":"fx_yun2","parent":"root","length":16.74,"x":-52.79,"y":168.04,"rotation":90},{"name":"fx_yun3","parent":"root","length":16.74,"x":-24.99,"y":150.62,"rotation":90},{"name":"shadow","parent":"root","length":34.14,"x":-0.24,"y":-3.89,"rotation":-89.33}],"slots":[{"name":"BG4","bone":"fx_bg"},{"name":"shadow","bone":"shadow"},{"name":"MON40061_DL_16","bone":"MON40061_DL_16","attachment":"MON40061_DL_16"},{"name":"MON40061_DL_15","bone":"MON40061_DL_15","attachment":"MON40061_DL_15"},{"name":"MON40061_DL_14","bone":"MON40061_DL_14","attachment":"MON40061_DL_14"},{"name":"MON40061_DL_13","bone":"MON40061_DL_13","attachment":"MON40061_DL_13"},{"name":"MON40061_DL_12","bone":"MON40061_DL_12","attachment":"MON40061_DL_12"},{"name":"MON40061_DL_11","bone":"MON40061_DL_18","attachment":"MON40061_DL_11"},{"name":"MON40061_DL_10","bone":"MON40061_DL_17","attachment":"MON40061_DL_10"},{"name":"MON40061_DL_9","bone":"MON40061_DL_9","attachment":"MON40061_DL_9"},{"name":"MON40061_DL_8","bone":"MON40061_DL_11","attachment":"MON40061_DL_8"},{"name":"MON40060_DL_6","bone":"MON40060_DL_6","attachment":"MON40060_DL_5"},{"name":"MON40061_DL_4","bone":"MON40061_DL_4","attachment":"MON40061_DL_4"},{"name":"MON40061_DL_3","bone":"MON40061_DL_3","attachment":"MON40061_DL_3"},{"name":"MON40061_DL_2","bone":"MON40061_DL_2","attachment":"MON40061_DL_2"},{"name":"MON40061_DL_6","bone":"MON40061_DL_8","attachment":"MON40061_DL_6"},{"name":"MON40061_DL_5","bone":"MON40061_DL_5","attachment":"MON40061_DL_5"},{"name":"MON40060_DL_5","bone":"root"},{"name":"MON40061_DL_0","bone":"MON40061_DL_0"},{"name":"FX_WEAPON","bone":"FX_WEAPON","blend":"additive"},{"name":"fx_yun3","bone":"fx_yun3"},{"name":"fx_yun2","bone":"fx_yun2"},{"name":"fx_yun","bone":"fx_yun"},{"name":"fx_ji","bone":"fx_ji"},{"name":"fx_koushiu","bone":"fx_koushiu"}],"skins":{"default":{"FX_WEAPON":{"hulu":{"x":15.12,"y":3.18,"scaleX":2,"scaleY":2,"rotation":-90,"width":57,"height":99}},"MON40060_DL_6":{"MON40060_DL_5":{"x":29.38,"y":-7.37,"rotation":-62.57,"width":61,"height":55}},"MON40061_DL_0":{"MON40061_DL_0":{"x":4.66,"y":-8.07,"rotation":-90.02,"width":53,"height":14}},"MON40061_DL_10":{"MON40061_DL_10":{"x":10.5,"y":0.81,"rotation":88.12,"width":55,"height":24}},"MON40061_DL_11":{"MON40061_DL_11":{"x":9.48,"y":2.78,"rotation":96.47,"width":54,"height":21}},"MON40061_DL_12":{"MON40061_DL_12":{"x":15.23,"y":1.66,"scaleX":1.089,"scaleY":1.103,"rotation":-114.53,"width":39,"height":41}},"MON40061_DL_13":{"MON40061_DL_13":{"x":20.78,"y":-1.35,"rotation":-143.81,"width":64,"height":60}},"MON40061_DL_14":{"MON40061_DL_14":{"x":23.01,"y":-2.98,"rotation":97.08,"width":45,"height":60}},"MON40061_DL_15":{"MON40061_DL_15":{"type":"weightedmesh","uvs":[0.70489,0.1045,0.69783,0.20136,0.89054,0.26035,1,0.37272,1,0.55188,1,0.95565,0.8851,1,0.49972,1,0.14907,1,0,0.93741,0,0.54274,0.05122,0.50273,0.07967,0.31176,0.35876,0.20836,0.35202,0.11226,0.34415,0,0.53165,0,0.7125,0,0.53948,0.12532,0.53439,0.22382,0.45633,0.26174,0.47584,0.32073,0.54155,0.32989,0.57107,0.32462,0.60874,0.2918,0.39868,0.6246,0.743,0.62644,0.54711,0.62539],"triangles":[20,13,19,24,19,1,21,20,19,19,22,21,24,23,19,23,22,19,26,2,3,13,21,12,21,13,20,25,12,21,11,12,25,27,25,21,27,22,23,27,21,22,2,24,1,4,26,3,26,24,2,23,24,26,27,23,26,25,9,10,25,10,11,26,4,5,8,9,25,7,25,27,8,25,7,6,26,5,7,27,26,6,7,26,1,18,0,13,14,18,19,13,18,19,18,1,0,16,17,14,15,16,18,16,0,14,16,18],"vertices":[2,9,9.95,9.63,0.64976,10,-1.84,9.54,0.35023,2,10,7.74,9.13,0.58705,11,-1.99,9.2,0.41294,1,11,4.17999,20,1,1,11,15.49,25.89,1,1,11,33.22,25.34,1,1,11,73.18,24.09,1,1,11,77.36,17.4,1,1,11,76.67,-4.54,1,1,11,76.05,-24.52,1,1,11,69.58999,-32.82,1,1,11,30.54,-31.6,1,1,11,26.67,-28.56,1,1,11,7.82,-26.34,1,2,10,8.42,-10.18,0.48548,11,-1.9,-10.13,0.5145,2,9,10.26,-10.49,0.59618,10,-1.08,-10.56,0.4038,1,9,-0.85,-10.68,1,1,9,-0.61,0,1,1,9,-0.38,10.3,1,2,9,11.8,0.16,0.5,10,0.2,0.11,0.5,2,10,9.96,-0.17,0.5,11,-0.06,-0.17,0.5,1,11,3.54,-4.73,1,2,10,19.54999,-3.51,0.00906,11,9.42,-3.8,0.99093,1,11,10.43999,-0.09,1,1,11,9.97,1.6,1,1,11,6.79,3.85,1,1,11,39.34999,-9.14,1,1,11,40.14,10.46,1,1,11,39.68999,-0.68,1],"hull":18}},"MON40061_DL_16":{"MON40061_DL_16":{"x":111.01,"y":-0.45,"rotation":-34.03,"width":202,"height":141}},"MON40061_DL_2":{"MON40061_DL_2":{"x":15.45,"y":-5.81,"scaleX":1.061,"scaleY":1.122,"rotation":96.75,"width":42,"height":36}},"MON40061_DL_3":{"MON40061_DL_3":{"x":20.33,"y":-0.68,"rotation":81.6,"width":45,"height":54}},"MON40061_DL_4":{"MON40061_DL_4":{"x":19.44,"y":6.02,"rotation":15.63,"width":59,"height":53}},"MON40061_DL_5":{"MON40061_DL_5":{"x":24.92,"y":6.59,"rotation":-90.05,"width":116,"height":91}},"MON40061_DL_6":{"MON40061_DL_6":{"type":"weightedmesh","uvs":[0.95481,0.05236,1,0.15738,1,0.54093,0.9173,0.59115,0.82413,0.86968,0.78057,0.80347,0.68014,0.89936,0.65352,0.82858,0.59786,1,0.56071,1,0.49017,0.87196,0.4454,1,0.33185,1,0.29052,1,0.24696,0.75325,0.23123,0.86055,0.1066,0.67334,0.02916,0.39025,0.02854,0.0535,0.05336,0,0.11991,0,0.393,0,0.70071,0,0.91972,0,0.38651,0.52522,0.37976,0.6513,0.36646,0.79887,0.62436,0.58283,0.58782,0.71276,0.24575,0.28295,0.31593,0.33317,0.38899,0.32433,0.55067,0.24185,0.29778,0.51125,0.58576,0.42906,0.21792,0.40851,0.77452,0.36057,0.6818,0.39421,0.71644,0.6117,0.55188,0.598,0.29294,0.77608,0.2958,0.61971,0.23036,0.55618],"triangles":[9,10,28,9,7,8,28,7,9,6,7,5,39,28,10,27,39,34,27,37,38,28,39,27,28,27,38,7,28,38,39,10,25,26,25,10,40,26,13,14,40,13,12,13,26,10,12,26,11,12,10,15,16,14,40,14,41,25,40,41,26,40,25,25,41,24,5,38,3,32,21,22,0,36,22,0,22,23,36,0,1,32,22,36,37,32,36,34,32,37,36,1,2,39,24,34,3,36,2,29,20,21,31,29,21,30,29,31,18,19,20,20,29,18,29,35,18,35,29,30,33,35,30,24,30,31,33,30,24,42,35,33,41,33,24,35,42,16,32,31,21,18,35,17,24,31,34,35,16,17,31,32,34,41,42,33,25,24,39,42,14,16,27,34,37,38,37,36,38,36,3,4,5,3,5,7,38,41,14,42],"vertices":[1,18,-0.57,53.51,1,1,18,4.83,58.21,1,1,18,25.15,58.88,1,1,18,28.08,50.71,1,1,18,43.14,41.88,1,1,18,39.78,37.41,1,1,26,7.53,10.94,1,1,26,2.81,8.76,1,1,26,14.54,4.08,1,3,24,15.54,20.59,0.0052,25,5.26,21.31,0.00849,26,15.36,0.46,0.98629,2,25,0.6,12.7,0.77,26,10.29,-7.9,0.23,1,25,8.33,10.18999,1,1,25,11.35,-0.74,1,2,24,19.78,-6.08,0.0052,25,12.45,-4.71999,0.99479,3,24,7.56,-12.44,0.52982,25,1.01,-12.4,0.47,20,24.61,-30.11,1.6E-4,1,25,6.91,-12.41,1,1,18,35.09999,-30.16,1,1,18,20.36,-38.39,1,1,18,2.53,-39.04,1,1,18,-0.38,-36.65,1,1,18,-0.58999,-30,1,1,18,-1.49,-2.71,1,1,18,-2.51,28.03,1,1,18,-3.23,49.92,1,1,18,26.34,-2.44,1,2,19,7.26,-0.23,0.5,24,0.13,-0.18,0.5,2,24,8.06,-0.26,0.5,25,0.16,-0.24,0.5,1,20,0.29,0.12,1,2,20,8.08,-0.23,0.5,26,-0.08,-0.23,0.5,1,18,13.97,-16.93,1,1,18,16.4,-9.83,1,1,18,15.69,-2.54,1,1,18,10.79,13.46,1,1,18,25.89,-11.33,1,1,18,20.59,17.29,1,1,18,20.70999,-19.49,1,1,18,16.34,36.04,1,1,18,18.43,26.83,1,1,20,-2.26,9.09,1,3,19,2.75,16.6,0.24939,24,-5.35,16.36,0.14,20,4.12,-6.08,0.6106,5,18,39.93,-11.35,0.00942,19,14.71,-8.22,0.12426,24,8.03,-7.71,0.3886,25,0.95,-7.65,0.47766,20,23.73,-25.44,2.0E-5,3,19,6.43,-8.75,0.54306,24,-0.19,-8.72999,0.45268,25,-7.11,-9.58,0.00424,1,18,28.49,-17.99,1],"hull":24}},"MON40061_DL_8":{"MON40061_DL_8":{"x":18.23,"y":-1.57,"rotation":145.51,"width":43,"height":43}},"MON40061_DL_9":{"MON40061_DL_9":{"type":"weightedmesh","uvs":[0.89807,0.06433,1,0.21785,1,0.425,1,0.66174,1,0.94657,0.90139,1,0.8367,1,0.5431,1,0.2661,1,0.13008,1,0,1,0,0.86704,0,0.45089,0,0.34917,0.05046,0.27703,0.07534,0.16236,0.21965,0,0.51822,0,0.82343,0,0.15994,0.31772,0.56633,0.34362,0.51656,0.81895,0.07037,0.59146,0.07203,0.75792,0.10209,0.49451,0.54529,0.54452,0.76372,0.73757,0.75708,0.216,0.3153,0.32762,0.25877,0.51219,0.23417,0.78018,0.79855,0.49713],"triangles":[25,28,20,24,19,29,29,19,28,20,27,31,19,24,13,19,13,14,13,24,12,27,1,2,27,20,17,19,16,28,20,28,17,28,16,17,14,15,19,19,15,16,27,0,1,27,18,0,27,17,18,31,27,2,29,28,25,25,20,31,31,2,3,4,5,26,26,5,6,9,11,23,9,23,30,9,10,11,26,3,4,11,22,23,11,12,22,29,23,22,8,21,7,24,29,22,22,12,24,6,7,26,7,21,26,9,30,8,8,30,21,21,25,26,21,30,25,30,23,29,30,29,25,26,31,3,26,25,31],"vertices":[1,3,67.53,-45.18,1,1,3,54.09,-62.07,1,2,2,56.37,-74.12999,0.27649,3,31.47,-68.12,0.7235,1,2,29.62,-73.67,1,1,2,-2.55,-73.12,1,1,2,-8.38,-60.6,1,1,2,-8.24,-52.45,1,1,2,-7.61,-15.46,1,1,2,-7.01,19.43,1,1,2,-6.72,36.56,1,1,2,-6.44,52.95,1,1,2,8.57,52.69,1,2,2,55.59,51.89,0.42429,3,-3.89,52.86,0.5757,1,3,7.21,55.83,1,1,3,16.73,51.79,1,1,3,30.06,52.1,1,1,3,52.48,39.27,1,1,3,62.2,2.93,1,1,3,72.12999,-34.22,1,1,3,15.85,37.27,1,1,3,26.24,-12.95,1,1,2,12.89,-12.47,1,2,2,39.56,43.3,0.65356,3,-16.94,40.18999,0.34643,1,2,20.75,43.41,1,2,2,50.44,39.11,0.51441,3,-5.33,39.16,0.48558,2,2,43.84,-16.62,0.4107,3,3.63,-16.25,0.58929,1,2,21.56,-43.76,1,1,3,46.38,-32.43999,1,1,3,19.82,18.07,1,2,2,48.11,19.41,0.3336,3,-2.16,19.57,0.66639,1,2,17.87999,23.03,1,2,2,48.65,-48.61,0.31363,3,17.04,-45.7,0.68636],"hull":19}},"fx_ji":{"baozi":{"x":2.26,"y":-7.68,"scaleX":1.338,"scaleY":1.338,"rotation":16.48,"width":64,"height":32},"ji":{"scaleX":0.9,"scaleY":0.9,"rotation":16.48,"width":64,"height":58},"tangyuan":{"x":1.51,"y":-5.14,"scaleX":0.809,"scaleY":0.809,"rotation":16.48,"width":73,"height":64}},"fx_koushiu":{"koushui":{"x":11.46,"rotation":89.99,"width":19,"height":28}},"fx_yun":{"cloud01_02_glow":{"rotation":-90,"width":128,"height":128}},"fx_yun2":{"cloud01_02_glow":{"scaleX":-0.532,"scaleY":0.515,"rotation":-80,"width":128,"height":128}},"fx_yun3":{"cloud01_02_glow":{"scaleX":0.232,"scaleY":0.22,"rotation":-60,"width":128,"height":128}},"shadow":{"shadow":{"x":-5.05,"y":0.41,"scaleX":2,"scaleY":2,"rotation":89.32,"width":85,"height":42}}}},"animations":{"wait_DL":{"slots":{"FX_WEAPON":{"attachment":[{"time":0,"name":"hulu"},{"time":0.3333,"name":null},{"time":1.3333,"name":"hulu"},{"time":1.6666,"name":null},{"time":2.6666,"name":null}],"color":[{"time":0,"color":"ffffffff","curve":"stepped"},{"time":0.1,"color":"ffffffff"},{"time":0.3333,"color":"ffffff00","curve":"stepped"},{"time":1.3333,"color":"ffffffff","curve":"stepped"},{"time":1.4333,"color":"ffffffff"},{"time":1.6666,"color":"ffffff00","curve":"stepped"},{"time":2.6666,"color":"ffffffff"}]},"MON40061_DL_0":{"attachment":[{"time":0,"name":null},{"time":0.6666,"name":"MON40061_DL_0"},{"time":0.8666,"name":null},{"time":2.6666,"name":null}]}},"bones":{"root":{"rotate":[{"time":0,"angle":0,"curve":"stepped"},{"time":1.3333,"angle":0,"curve":"stepped"},{"time":2.6666,"angle":0}],"translate":[{"time":0,"x":0,"y":0,"curve":"stepped"},{"time":1.3333,"x":0,"y":0,"curve":"stepped"},{"time":2.6666,"x":0,"y":0}],"scale":[{"time":0,"x":1,"y":1,"curve":"stepped"},{"time":1.3333,"x":1,"y":1,"curve":"stepped"},{"time":2.6666,"x":1,"y":1}]},"bone":{"rotate":[{"time":0,"angle":0,"curve":"stepped"},{"time":1.3333,"angle":0,"curve":"stepped"},{"time":2.6666,"angle":0}],"translate":[{"time":0,"x":0,"y":0,"curve":"stepped"},{"time":1.3333,"x":0,"y":0,"curve":"stepped"},{"time":2.6666,"x":0,"y":0}],"scale":[{"time":0,"x":1,"y":1,"curve":"stepped"},{"time":1.3333,"x":1,"y":1,"curve":"stepped"},{"time":2.6666,"x":1,"y":1}]},"MON40061_DL_9":{"rotate":[{"time":0,"angle":0,"curve":[0.25,0,0.75,1]},{"time":0.6666,"angle":1.32,"curve":[0.25,0,0.75,1]},{"time":1.3333,"angle":0},{"time":2,"angle":1.32,"curve":[0.25,0,0.75,1]},{"time":2.6666,"angle":0}],"translate":[{"time":0,"x":0,"y":0,"curve":[0.25,0,0.75,1]},{"time":0.6666,"x":-1.23,"y":-5.22,"curve":[0.25,0,0.75,1]},{"time":1.3333,"x":0,"y":0},{"time":2,"x":-1.23,"y":-5.22,"curve":[0.25,0,0.75,1]},{"time":2.6666,"x":0,"y":0}],"scale":[{"time":0,"x":1,"y":1,"curve":"stepped"},{"time":1.3333,"x":1,"y":1,"curve":"stepped"},{"time":2.6666,"x":1,"y":1}]},"bone2":{"rotate":[{"time":0,"angle":0,"curve":"stepped"},{"time":1.3333,"angle":0,"curve":"stepped"},{"time":2.6666,"angle":0}],"translate":[{"time":0,"x":0,"y":0},{"time":0.6666,"x":-5.31,"y":0.21},{"time":1.3333,"x":0,"y":0},{"time":2,"x":-5.31,"y":0.21},{"time":2.6666,"x":0,"y":0}],"scale":[{"time":0,"x":1,"y":1,"curve":"stepped"},{"time":1.3333,"x":1,"y":1,"curve":"stepped"},{"time":2.6666,"x":1,"y":1}]},"MON40061_DL_5":{"rotate":[{"time":0,"angle":0},{"time":0.2,"angle":-2.88},{"time":0.8666,"angle":1.59},{"time":1.3333,"angle":0},{"time":1.5333,"angle":-2.88},{"time":2.2,"angle":1.59},{"time":2.6666,"angle":0}],"translate":[{"time":0,"x":0,"y":0},{"time":0.6666,"x":-2.04,"y":-0.49},{"time":1.3333,"x":0,"y":0},{"time":2,"x":-2.04,"y":-0.49},{"time":2.6666,"x":0,"y":0}],"scale":[{"time":0,"x":1,"y":1,"curve":"stepped"},{"time":1.3333,"x":1,"y":1,"curve":"stepped"},{"time":2.6666,"x":1,"y":1}]},"MON40061_DL_0":{"rotate":[{"time":0,"angle":0,"curve":"stepped"},{"time":1.3333,"angle":0,"curve":"stepped"},{"time":2.6666,"angle":0}],"translate":[{"time":0,"x":0,"y":0,"curve":"stepped"},{"time":1.3333,"x":0,"y":0,"curve":"stepped"},{"time":2.6666,"x":0,"y":0}],"scale":[{"time":0,"x":1,"y":1,"curve":"stepped"},{"time":1.3333,"x":1,"y":1,"curve":"stepped"},{"time":2.6666,"x":1,"y":1}]},"MON40061_DL_6":{"rotate":[{"time":0,"angle":0,"curve":"stepped"},{"time":1.3333,"angle":0,"curve":"stepped"},{"time":2.6666,"angle":0}],"translate":[{"time":0,"x":0,"y":0,"curve":"stepped"},{"time":1.3333,"x":0,"y":0,"curve":"stepped"},{"time":2.6666,"x":0,"y":0}],"scale":[{"time":0,"x":1,"y":1,"curve":"stepped"},{"time":1.3333,"x":1,"y":1,"curve":"stepped"},{"time":2.6666,"x":1,"y":1}]},"MON40061_DL_7":{"rotate":[{"time":0,"angle":0},{"time":0.2666,"angle":-2.62},{"time":0.6666,"angle":-1.18},{"time":0.9333,"angle":-3.22},{"time":1.3333,"angle":0},{"time":1.6,"angle":-2.62},{"time":2,"angle":-1.18},{"time":2.2666,"angle":-3.22},{"time":2.6666,"angle":0}],"translate":[{"time":0,"x":0,"y":0,"curve":"stepped"},{"time":1.3333,"x":0,"y":0,"curve":"stepped"},{"time":2.6666,"x":0,"y":0}],"scale":[{"time":0,"x":1,"y":1,"curve":"stepped"},{"time":1.3333,"x":1,"y":1,"curve":"stepped"},{"time":2.6666,"x":1,"y":1}]},"bone3":{"rotate":[{"time":0,"angle":0},{"time":0.2666,"angle":-13.79},{"time":0.6666,"angle":15.8},{"time":0.9333,"angle":14.69},{"time":1.3333,"angle":0},{"time":1.6,"angle":-13.79},{"time":2,"angle":15.8},{"time":2.2666,"angle":14.69},{"time":2.6666,"angle":0}],"translate":[{"time":0,"x":0,"y":0,"curve":"stepped"},{"time":1.3333,"x":0,"y":0,"curve":"stepped"},{"time":2.6666,"x":0,"y":0}],"scale":[{"time":0,"x":1,"y":1,"curve":"stepped"},{"time":1.3333,"x":1,"y":1,"curve":"stepped"},{"time":2.6666,"x":1,"y":1}]},"bone4":{"rotate":[{"time":0,"angle":0},{"time":0.6666,"angle":13.41},{"time":0.9333,"angle":13.28},{"time":1.3333,"angle":0},{"time":2,"angle":13.41},{"time":2.2666,"angle":13.28},{"time":2.6666,"angle":0}],"translate":[{"time":0,"x":0,"y":0,"curve":"stepped"},{"time":1.3333,"x":0,"y":0,"curve":"stepped"},{"time":2.6666,"x":0,"y":0}],"scale":[{"time":0,"x":1,"y":1,"curve":"stepped"},{"time":1.3333,"x":1,"y":1,"curve":"stepped"},{"time":2.6666,"x":1,"y":1}]},"MON40061_DL_8":{"rotate":[{"time":0,"angle":0},{"time":0.2666,"angle":18.26},{"time":0.6666,"angle":18.85},{"time":0.9333,"angle":19.28},{"time":1.3333,"angle":0},{"time":1.6,"angle":18.26},{"time":2,"angle":18.85},{"time":2.2666,"angle":19.28},{"time":2.6666,"angle":0}],"translate":[{"time":0,"x":0,"y":0,"curve":"stepped"},{"time":1.3333,"x":0,"y":0,"curve":"stepped"},{"time":2.6666,"x":0,"y":0}],"scale":[{"time":0,"x":1,"y":1,"curve":"stepped"},{"time":1.3333,"x":1,"y":1,"curve":"stepped"},{"time":2.6666,"x":1,"y":1}]},"bone5":{"rotate":[{"time":0,"angle":0},{"time":0.2666,"angle":-24.89},{"time":0.9333,"angle":-0.22},{"time":1.3333,"angle":0},{"time":1.6,"angle":-24.89},{"time":2.2666,"angle":-0.22},{"time":2.6666,"angle":0}],"translate":[{"time":0,"x":0,"y":0,"curve":"stepped"},{"time":1.3333,"x":0,"y":0,"curve":"stepped"},{"time":2.6666,"x":0,"y":0}],"scale":[{"time":0,"x":1,"y":1,"curve":"stepped"},{"time":1.3333,"x":1,"y":1,"curve":"stepped"},{"time":2.6666,"x":1,"y":1}]},"MON40061_DL_4":{"rotate":[{"time":0,"angle":0},{"time":0.6666,"angle":18.19},{"time":1.3333,"angle":0},{"time":2,"angle":18.19},{"time":2.6666,"angle":0}],"translate":[{"time":0,"x":0,"y":0,"curve":"stepped"},{"time":0.6666,"x":0,"y":0,"curve":"stepped"},{"time":1.3333,"x":0,"y":0,"curve":"stepped"},{"time":2,"x":0,"y":0,"curve":"stepped"},{"time":2.6666,"x":0,"y":0}],"scale":[{"time":0,"x":1,"y":1,"curve":"stepped"},{"time":0.6666,"x":1,"y":1,"curve":"stepped"},{"time":1.3333,"x":1,"y":1,"curve":"stepped"},{"time":2,"x":1,"y":1,"curve":"stepped"},{"time":2.6666,"x":1,"y":1}]},"MON40061_DL_3":{"rotate":[{"time":0,"angle":0},{"time":0.6666,"angle":-30.23},{"time":1.3333,"angle":0},{"time":2,"angle":-30.23},{"time":2.6666,"angle":0}],"translate":[{"time":0,"x":0,"y":0,"curve":"stepped"},{"time":0.6666,"x":0,"y":0,"curve":"stepped"},{"time":1.3333,"x":0,"y":0,"curve":"stepped"},{"time":2,"x":0,"y":0,"curve":"stepped"},{"time":2.6666,"x":0,"y":0}],"scale":[{"time":0,"x":1,"y":1,"curve":"stepped"},{"time":0.6666,"x":1,"y":1,"curve":"stepped"},{"time":1.3333,"x":1,"y":1,"curve":"stepped"},{"time":2,"x":1,"y":1,"curve":"stepped"},{"time":2.6666,"x":1,"y":1}]},"MON40061_DL_2":{"rotate":[{"time":0,"angle":0},{"time":0.6666,"angle":-18},{"time":1.3333,"angle":0},{"time":2,"angle":-18},{"time":2.6666,"angle":0}],"translate":[{"time":0,"x":0,"y":0,"curve":"stepped"},{"time":0.6666,"x":0,"y":0,"curve":"stepped"},{"time":1.3333,"x":0,"y":0,"curve":"stepped"},{"time":2,"x":0,"y":0,"curve":"stepped"},{"time":2.6666,"x":0,"y":0}],"scale":[{"time":0,"x":1,"y":1,"curve":"stepped"},{"time":0.6666,"x":1,"y":1,"curve":"stepped"},{"time":1.3333,"x":1,"y":1,"curve":"stepped"},{"time":2,"x":1,"y":1,"curve":"stepped"},{"time":2.6666,"x":1,"y":1}]},"MON40061_DL_14":{"rotate":[{"time":0,"angle":0},{"time":0.6666,"angle":-18.78},{"time":1.3333,"angle":0},{"time":2,"angle":-18.78},{"time":2.6666,"angle":0}],"translate":[{"time":0,"x":0,"y":0,"curve":"stepped"},{"time":1.3333,"x":0,"y":0,"curve":"stepped"},{"time":2.6666,"x":0,"y":0}],"scale":[{"time":0,"x":1,"y":1,"curve":"stepped"},{"time":1.3333,"x":1,"y":1,"curve":"stepped"},{"time":2.6666,"x":1,"y":1}]},"MON40061_DL_13":{"rotate":[{"time":0,"angle":0},{"time":0.6666,"angle":8.73},{"time":1.3333,"angle":0},{"time":2,"angle":8.73},{"time":2.6666,"angle":0}],"translate":[{"time":0,"x":0,"y":0,"curve":"stepped"},{"time":1.3333,"x":0,"y":0,"curve":"stepped"},{"time":2.6666,"x":0,"y":0}],"scale":[{"time":0,"x":1,"y":1,"curve":"stepped"},{"time":1.3333,"x":1,"y":1,"curve":"stepped"},{"time":2.6666,"x":1,"y":1}]},"MON40061_DL_12":{"rotate":[{"time":0,"angle":0,"curve":"stepped"},{"time":1.3333,"angle":0,"curve":"stepped"},{"time":2.6666,"angle":0}],"translate":[{"time":0,"x":0,"y":0,"curve":"stepped"},{"time":1.3333,"x":0,"y":0,"curve":"stepped"},{"time":2.6666,"x":0,"y":0}],"scale":[{"time":0,"x":1,"y":1,"curve":"stepped"},{"time":1.3333,"x":1,"y":1,"curve":"stepped"},{"time":2.6666,"x":1,"y":1}]},"MON40061_DL_16":{"rotate":[{"time":0,"angle":0,"curve":"stepped"},{"time":1.3333,"angle":0,"curve":"stepped"},{"time":2.6666,"angle":0}],"translate":[{"time":0,"x":0,"y":0,"curve":"stepped"},{"time":1.3333,"x":0,"y":0,"curve":"stepped"},{"time":2.6666,"x":0,"y":0}],"scale":[{"time":0,"x":1,"y":1,"curve":"stepped"},{"time":1.3333,"x":1,"y":1,"curve":"stepped"},{"time":2.6666,"x":1,"y":1}]},"MON40061_DL_11":{"rotate":[{"time":0,"angle":0,"curve":"stepped"},{"time":1.3333,"angle":0,"curve":"stepped"},{"time":2.6666,"angle":0}],"translate":[{"time":0,"x":0,"y":0,"curve":"stepped"},{"time":1.3333,"x":0,"y":0,"curve":"stepped"},{"time":2.6666,"x":0,"y":0}],"scale":[{"time":0,"x":1,"y":1,"curve":"stepped"},{"time":1.3333,"x":1,"y":1,"curve":"stepped"},{"time":2.6666,"x":1,"y":1}]},"MON40061_DL_15":{"rotate":[{"time":0,"angle":0},{"time":0.2333,"angle":-3.1},{"time":0.6666,"angle":39.23},{"time":0.9,"angle":22.08},{"time":1.3333,"angle":0},{"time":1.5666,"angle":-3.1},{"time":2,"angle":39.23},{"time":2.2333,"angle":22.08},{"time":2.6666,"angle":0}],"translate":[{"time":0,"x":0,"y":0,"curve":"stepped"},{"time":0.6666,"x":0,"y":0,"curve":"stepped"},{"time":1.3333,"x":0,"y":0,"curve":"stepped"},{"time":2,"x":0,"y":0,"curve":"stepped"},{"time":2.6666,"x":0,"y":0}],"scale":[{"time":0,"x":1,"y":1,"curve":"stepped"},{"time":0.6666,"x":1,"y":1,"curve":"stepped"},{"time":1.3333,"x":1,"y":1,"curve":"stepped"},{"time":2,"x":1,"y":1,"curve":"stepped"},{"time":2.6666,"x":1,"y":1}]},"bone6":{"rotate":[{"time":0,"angle":0},{"time":0.2333,"angle":-5.84},{"time":0.6666,"angle":-8.88},{"time":0.9,"angle":15.09},{"time":1.3333,"angle":0},{"time":1.5666,"angle":-5.84},{"time":2,"angle":-8.88},{"time":2.2333,"angle":15.09},{"time":2.6666,"angle":0}],"translate":[{"time":0,"x":0,"y":0,"curve":"stepped"},{"time":0.6666,"x":0,"y":0,"curve":"stepped"},{"time":1.3333,"x":0,"y":0,"curve":"stepped"},{"time":2,"x":0,"y":0,"curve":"stepped"},{"time":2.6666,"x":0,"y":0}],"scale":[{"time":0,"x":1,"y":1,"curve":"stepped"},{"time":0.6666,"x":1,"y":1,"curve":"stepped"},{"time":1.3333,"x":1,"y":1,"curve":"stepped"},{"time":2,"x":1,"y":1,"curve":"stepped"},{"time":2.6666,"x":1,"y":1}]},"bone7":{"rotate":[{"time":0,"angle":0},{"time":0.2333,"angle":-9.59},{"time":0.9,"angle":14.68},{"time":1.3333,"angle":0},{"time":1.5666,"angle":-9.59},{"time":2.2333,"angle":14.68},{"time":2.6666,"angle":0}],"translate":[{"time":0,"x":0,"y":0,"curve":"stepped"},{"time":0.6666,"x":0,"y":0,"curve":"stepped"},{"time":1.3333,"x":0,"y":0,"curve":"stepped"},{"time":2,"x":0,"y":0,"curve":"stepped"},{"time":2.6666,"x":0,"y":0}],"scale":[{"time":0,"x":1,"y":1,"curve":"stepped"},{"time":0.6666,"x":1,"y":1,"curve":"stepped"},{"time":1.3333,"x":1,"y":1,"curve":"stepped"},{"time":2,"x":1,"y":1,"curve":"stepped"},{"time":2.6666,"x":1,"y":1}]},"MON40061_DL_17":{"rotate":[{"time":0,"angle":0,"curve":"stepped"},{"time":1.3333,"angle":0,"curve":"stepped"},{"time":2.6666,"angle":0}],"translate":[{"time":0,"x":0,"y":0,"curve":"stepped"},{"time":1.3333,"x":0,"y":0,"curve":"stepped"},{"time":2.6666,"x":0,"y":0}],"scale":[{"time":0,"x":1,"y":1},{"time":0.6666,"x":1,"y":1.097},{"time":1.3333,"x":1,"y":1},{"time":2,"x":1,"y":1.097},{"time":2.6666,"x":1,"y":1}]},"MON40061_DL_18":{"rotate":[{"time":0,"angle":0,"curve":"stepped"},{"time":1.3333,"angle":0,"curve":"stepped"},{"time":2.6666,"angle":0}],"translate":[{"time":0,"x":0,"y":0,"curve":"stepped"},{"time":1.3333,"x":0,"y":0,"curve":"stepped"},{"time":2.6666,"x":0,"y":0}],"scale":[{"time":0,"x":1,"y":1},{"time":0.6666,"x":1,"y":1.076},{"time":1.3333,"x":1,"y":1},{"time":2,"x":1,"y":1.076},{"time":2.6666,"x":1,"y":1}]},"MON40060_DL_6":{"rotate":[{"time":0,"angle":0},{"time":0.2666,"angle":0.21},{"time":0.6666,"angle":9.41},{"time":0.9,"angle":16.66},{"time":1.3333,"angle":0},{"time":1.6,"angle":0.21},{"time":2,"angle":9.41},{"time":2.2333,"angle":16.66},{"time":2.6666,"angle":0}],"translate":[{"time":0,"x":0,"y":0,"curve":"stepped"},{"time":1.3333,"x":0,"y":0,"curve":"stepped"},{"time":2.6666,"x":0,"y":0}],"scale":[{"time":0,"x":1,"y":1,"curve":"stepped"},{"time":1.3333,"x":1,"y":1,"curve":"stepped"},{"time":2.6666,"x":1,"y":1}]},"FX_WEAPON":{"scale":[{"time":0,"x":0.3,"y":0.3},{"time":0.1,"x":1,"y":1},{"time":0.3333,"x":1.1,"y":1.1,"curve":"stepped"},{"time":1.3333,"x":0.3,"y":0.3},{"time":1.4333,"x":1,"y":1},{"time":1.6666,"x":1.1,"y":1.1,"curve":"stepped"},{"time":2.6666,"x":0.3,"y":0.3}]},"shadow":{"rotate":[{"time":0,"angle":0,"curve":"stepped"},{"time":0.6666,"angle":0,"curve":"stepped"},{"time":1.3333,"angle":0,"curve":"stepped"},{"time":2,"angle":0,"curve":"stepped"},{"time":2.6666,"angle":0}],"translate":[{"time":0,"x":0,"y":0,"curve":"stepped"},{"time":0.6666,"x":0,"y":0,"curve":"stepped"},{"time":1.3333,"x":0,"y":0,"curve":"stepped"},{"time":2,"x":0,"y":0,"curve":"stepped"},{"time":2.6666,"x":0,"y":0}],"scale":[{"time":0,"x":1,"y":1},{"time":0.6666,"x":1.079,"y":1.116},{"time":1.3333,"x":1,"y":1},{"time":2,"x":1.079,"y":1.116},{"time":2.6666,"x":1,"y":1}]}},"ffd":{"default":{"MON40061_DL_6":{"MON40061_DL_6":[{"time":0},{"time":0.2666,"offset":4,"vertices":[-1.80829,0.93391,0,0,-0.37103,-0.21606,-1.63916,-1.45137,0,0,0,0,0,0,-0.26293,-0.47274,-0.25444,-0.47738,-0.25053,-0.47945,0,0,0,0,-0.40844,-2.72669,0,0,-1.52061,-1.96355,-1.48532,-1.99041,0.67871,-0.66315,0.69046,-0.65099,0.54329,-0.77793,0.53658,-2.2666,0,0,0,0,0,0,0,0,0,0,0,0,0,0,0,0,0,0,0.4431,0.07874,0.40021,0.20594,0.7316,0.64194,0.72006,0.65487,-0.48454,1.10825,0,0,0,0,0,0,0,0,0,0,0,0,-0.92692,0.39184,0.28033,0.31851,0,0,0,0,0,0,-0.14366,0.48528,0.24294,0.3479,0.12955,0.40412,0.20256,0.37289,-0.86,-0.65614,-0.78118,-0.74831,-0.52584,-0.94545,-0.50879,-0.9548,-0.69263,-0.83095]},{"time":0.6666,"offset":2,"vertices":[-1.65302,0.46882,-2.12505,0.46788,2.12193,1.18423,0.46977,1.18103,0.47068,0.70897,0.25573,2.6791,-2.06169,0.84147,0.11205,0.73797,0,0,0,0,0,0,1.03672,1.19675,0.45668,1.51613,0,0,0,0,0,0,0,0,0,0,0,0,0,0,0,0,0,0,0,0,0,0,-0.70896,0.47067,0,0,0,0,-0.47246,0.23509,0,0,-0.70714,-0.47342,0,0,0,0,0.40813,-0.52833,0.34049,-0.57425,-0.51163,0.12949,0,0,0,0,0,0,0,0,0,0,0,0,0.00185,-0.9441,0.47434,-1.1792,-0.47113,-0.47296,-0.71261,2.35882,1.39754,-0.69535,-0.48044,2.82908,0,0,0,0,0,0,0,0,0,0,0,0,0,0,0,0,0,0,0,0,0,0,0.47436,-1.17919]},{"time":0.9333,"offset":6,"vertices":[0.02521,1.85005,1.44373,2.34365,0,0,0,0,0,0,0,0,0,0,0,0,0,0,0,0,0,0,0,0,0,0,0,0,0,0,0,0,0,0,0,0,0,0,0,0,0,0,0,0,0,0,0,0,0,0,0,0,0,0,0.57769,0.18694,1.05721,0.89433,1.21226,0.66927,1.27635,1.43469,1.43922,1.27127,0.79051,0.94179,0.7528,1.13009,0.97833,0.94163,0,0,0,0,0,0,0,0,0.76803,-0.00674,2.69487,0.74444,0.76124,-0.77478,1.73653,0.94489,1.72809,-0.01519,1.01622,1.77042,0.91016,0.49088,0.98883,0.30255,0.86598,0.5652,-0.17851,1.5378,-0.36569,1.50437,-0.06311,1.54688,0.12287,1.54331,-0.49011,1.46862,0.84455,1.06323,1.03691,0.87664,1.13458,0.74596]},{"time":1.3333},{"time":1.6,"offset":4,"vertices":[-1.80829,0.93391,0,0,-0.37103,-0.21606,-1.63916,-1.45137,0,0,0,0,0,0,-0.26293,-0.47274,-0.25444,-0.47738,-0.25053,-0.47945,0,0,0,0,-0.40844,-2.72669,0,0,-1.52061,-1.96355,-1.48532,-1.99041,0.67871,-0.66315,0.69046,-0.65099,0.54329,-0.77793,0.53658,-2.2666,0,0,0,0,0,0,0,0,0,0,0,0,0,0,0,0,0,0,0.4431,0.07874,0.40021,0.20594,0.7316,0.64194,0.72006,0.65487,-0.48454,1.10825,0,0,0,0,0,0,0,0,0,0,0,0,-0.92692,0.39184,0.28033,0.31851,0,0,0,0,0,0,-0.14366,0.48528,0.24294,0.3479,0.12955,0.40412,0.20256,0.37289,-0.86,-0.65614,-0.78118,-0.74831,-0.52584,-0.94545,-0.50879,-0.9548,-0.69263,-0.83095]},{"time":2,"offset":2,"vertices":[-1.65302,0.46882,-2.12505,0.46788,2.12193,1.18423,0.46977,1.18103,0.47068,0.70897,0.25573,2.6791,-2.06169,0.84147,0.11205,0.73797,0,0,0,0,0,0,1.03672,1.19675,0.45668,1.51613,0,0,0,0,0,0,0,0,0,0,0,0,0,0,0,0,0,0,0,0,0,0,-0.70896,0.47067,0,0,0,0,-0.47246,0.23509,0,0,-0.70714,-0.47342,0,0,0,0,0.40813,-0.52833,0.34049,-0.57425,-0.51163,0.12949,0,0,0,0,0,0,0,0,0,0,0,0,0.00185,-0.9441,0.47434,-1.1792,-0.47113,-0.47296,-0.71261,2.35882,1.39754,-0.69535,-0.48044,2.82908,0,0,0,0,0,0,0,0,0,0,0,0,0,0,0,0,0,0,0,0,0,0,0.47436,-1.17919]},{"time":2.2666,"offset":6,"vertices":[0.02521,1.85005,1.44373,2.34365,0,0,0,0,0,0,0,0,0,0,0,0,0,0,0,0,0,0,0,0,0,0,0,0,0,0,0,0,0,0,0,0,0,0,0,0,0,0,0,0,0,0,0,0,0,0,0,0,0,0,0.57769,0.18694,1.05721,0.89433,1.21226,0.66927,1.27635,1.43469,1.43922,1.27127,0.79051,0.94179,0.7528,1.13009,0.97833,0.94163,0,0,0,0,0,0,0,0,0.76803,-0.00674,2.69487,0.74444,0.76124,-0.77478,1.73653,0.94489,1.72809,-0.01519,1.01622,1.77042,0.91016,0.49088,0.98883,0.30255,0.86598,0.5652,-0.17851,1.5378,-0.36569,1.50437,-0.06311,1.54688,0.12287,1.54331,-0.49011,1.46862,0.84455,1.06323,1.03691,0.87664,1.13458,0.74596]},{"time":2.6666}]},"MON40061_DL_9":{"MON40061_DL_9":[{"time":0},{"time":0.3333,"offset":26,"vertices":[1.35945,-0.72967,1.50774,-0.32823,3.01544,-0.65644,4.09755,0.68716,0,0,0,0,0,0,0,0,3.9273,1.35587,3.7693,-0.82056,2.34404,-2.4839,1.72427,-0.04993,1.67184,0.42564,3.11365,0.25498,2.77879,0.60979,2.50468,1.34975,3.75342,-1.48928,4.01855,-0.40105,2.28411,-4.55303,1.42261,0.00615,2.93034,-0.32207,1.69431,-1.0845,1.92723,-0.57746,1.72427,-0.04993,2.05914,-0.40477,2.09134,0.17641]},{"time":1,"offset":24,"vertices":[-0.77552,-0.97394,-2.0128,-0.68901,-1.7463,-1.2155,-2.16749,-1.57971,0,0,0,0,0,0,0,0,0,0,-0.54409,0.11843,-0.90388,-0.4871,-1.80416,-2.7089,-1.86556,0.45618,-1.9193,-0.0738,-0.75389,-0.22727,-1.67432,1.77422,-2.09747,1.2462,-1.05455,-0.65975,-0.83284,-0.92413,-2.78619,-3.66186,-1.20218,-1.33394,-2.29482,-0.07031,-3.42857,0.78958,-3.51393,-0.18255,-3.78882,-1.07876,-1.37942,0.03995,-1.33747,-0.34051]},{"time":1.3333},{"time":1.6666,"offset":26,"vertices":[1.35945,-0.72967,1.50774,-0.32823,3.01544,-0.65644,4.09755,0.68716,0,0,0,0,0,0,0,0,3.9273,1.35587,3.7693,-0.82056,2.34404,-2.4839,1.72427,-0.04993,1.67184,0.42564,3.11365,0.25498,2.77879,0.60979,2.50468,1.34975,3.75342,-1.48928,4.01855,-0.40105,2.28411,-4.55303,1.42261,0.00615,2.93034,-0.32207,1.69431,-1.0845,1.92723,-0.57746,1.72427,-0.04993,2.05914,-0.40477,2.09134,0.17641]},{"time":2.3333,"offset":24,"vertices":[-0.77552,-0.97394,-2.0128,-0.68901,-1.7463,-1.2155,-2.16749,-1.57971,0,0,0,0,0,0,0,0,0,0,-0.54409,0.11843,-0.90388,-0.4871,-1.80416,-2.7089,-1.86556,0.45618,-1.9193,-0.0738,-0.75389,-0.22727,-1.67432,1.77422,-2.09747,1.2462,-1.05455,-0.65975,-0.83284,-0.92413,-2.78619,-3.66186,-1.20218,-1.33394,-2.29482,-0.07031,-3.42857,0.78958,-3.51393,-0.18255,-3.78882,-1.07876,-1.37942,0.03995,-1.33747,-0.34051]},{"time":2.6666}]}}}},"wait_special_DL":{"slots":{"FX_WEAPON":{"color":[{"time":0,"color":"ffffffff","curve":"stepped"},{"time":0.6666,"color":"ffffffff","curve":"stepped"},{"time":1.3333,"color":"ffffffff","curve":"stepped"},{"time":2,"color":"ffffffff","curve":"stepped"},{"time":2.6666,"color":"ffffffff"}]},"MON40061_DL_0":{"attachment":[{"time":0,"name":null},{"time":1.3333,"name":"MON40061_DL_0"},{"time":1.6666,"name":null},{"time":2,"name":"MON40061_DL_0"},{"time":2.6666,"name":null}]},"fx_ji":{"attachment":[{"time":0,"name":"ji"},{"time":1.1,"name":"baozi"},{"time":1.4,"name":"tangyuan"}],"color":[{"time":1.5666,"color":"ffffffff"},{"time":1.8,"color":"ffffff00"}]},"fx_koushiu":{"attachment":[{"time":0,"name":null},{"time":1,"name":"koushui"},{"time":2.1666,"name":null}]},"fx_yun":{"attachment":[{"time":0,"name":null},{"time":0.6333,"name":"cloud01_02_glow"},{"time":2.6666,"name":"cloud01_02_glow"}],"color":[{"time":0,"color":"ffffffff","curve":"stepped"},{"time":1.6333,"color":"ffffffff"},{"time":2,"color":"ffffff00","curve":"stepped"},{"time":2.6666,"color":"ffffff00"}]},"fx_yun2":{"attachment":[{"time":0,"name":null},{"time":0.5,"name":"cloud01_02_glow"},{"time":2.6666,"name":"cloud01_02_glow"}],"color":[{"time":0,"color":"ffffffff","curve":"stepped"},{"time":1.5666,"color":"ffffffff"},{"time":1.8666,"color":"ffffff00","curve":"stepped"},{"time":2.6666,"color":"ffffff00"}]},"fx_yun3":{"attachment":[{"time":0,"name":null},{"time":0.3666,"name":"cloud01_02_glow"},{"time":2.6666,"name":"cloud01_02_glow"}],"color":[{"time":0,"color":"ffffffff","curve":"stepped"},{"time":1.5,"color":"ffffffff"},{"time":1.8,"color":"ffffff00","curve":"stepped"},{"time":2.6666,"color":"ffffff00"}]},"shadow":{"attachment":[{"time":2.6666,"name":null}]}},"bones":{"MON40061_DL_0":{"rotate":[{"time":0,"angle":0,"curve":"stepped"},{"time":1.3333,"angle":0,"curve":"stepped"},{"time":2,"angle":0,"curve":"stepped"},{"time":2.6666,"angle":0}],"translate":[{"time":0,"x":0,"y":0,"curve":"stepped"},{"time":1.3333,"x":0,"y":0,"curve":"stepped"},{"time":2,"x":0,"y":0,"curve":"stepped"},{"time":2.6666,"x":0,"y":0}],"scale":[{"time":0,"x":1,"y":1,"curve":"stepped"},{"time":1.3333,"x":1,"y":1,"curve":"stepped"},{"time":2,"x":1,"y":1,"curve":"stepped"},{"time":2.6666,"x":1,"y":1}]},"root":{"rotate":[{"time":0,"angle":0,"curve":"stepped"},{"time":1.3333,"angle":0,"curve":"stepped"},{"time":2,"angle":0,"curve":"stepped"},{"time":2.6666,"angle":0}],"translate":[{"time":0,"x":0,"y":0,"curve":"stepped"},{"time":1.3333,"x":0,"y":0,"curve":"stepped"},{"time":2,"x":0,"y":0,"curve":"stepped"},{"time":2.6666,"x":0,"y":0}],"scale":[{"time":0,"x":1,"y":1,"curve":"stepped"},{"time":1.3333,"x":1,"y":1,"curve":"stepped"},{"time":2,"x":1,"y":1,"curve":"stepped"},{"time":2.6666,"x":1,"y":1}]},"bone":{"rotate":[{"time":0,"angle":0,"curve":"stepped"},{"time":1.3333,"angle":0,"curve":"stepped"},{"time":2,"angle":0,"curve":"stepped"},{"time":2.6666,"angle":0}],"translate":[{"time":0,"x":0,"y":0,"curve":"stepped"},{"time":1.3333,"x":0,"y":0,"curve":"stepped"},{"time":2,"x":0,"y":0,"curve":"stepped"},{"time":2.6666,"x":0,"y":0}],"scale":[{"time":0,"x":1,"y":1,"curve":"stepped"},{"time":1.3333,"x":1,"y":1,"curve":"stepped"},{"time":2,"x":1,"y":1,"curve":"stepped"},{"time":2.6666,"x":1,"y":1}]},"MON40061_DL_9":{"rotate":[{"time":0,"angle":0,"curve":[0.25,0,0.75,1]},{"time":0.6666,"angle":1.32,"curve":[0.25,0,0.75,1]},{"time":1.3333,"angle":-7.56},{"time":2,"angle":-4.47},{"time":2.6666,"angle":0}],"translate":[{"time":0,"x":0,"y":0,"curve":[0.25,0,0.75,1]},{"time":0.6666,"x":-1.23,"y":-5.22,"curve":[0.25,0,0.75,1]},{"time":1.3333,"x":0,"y":3.73,"curve":"stepped"},{"time":2,"x":0,"y":3.73},{"time":2.6666,"x":0,"y":0}],"scale":[{"time":0,"x":1,"y":1,"curve":"stepped"},{"time":1.3333,"x":1,"y":1,"curve":"stepped"},{"time":2,"x":1,"y":1,"curve":"stepped"},{"time":2.6666,"x":1,"y":1}]},"bone2":{"rotate":[{"time":0,"angle":0,"curve":"stepped"},{"time":1.3333,"angle":0},{"time":2,"angle":2.71},{"time":2.6666,"angle":0}],"translate":[{"time":0,"x":0,"y":0},{"time":0.6666,"x":-5.31,"y":0.21},{"time":1.3333,"x":0,"y":0,"curve":"stepped"},{"time":2,"x":0,"y":0,"curve":"stepped"},{"time":2.6666,"x":0,"y":0}],"scale":[{"time":0,"x":1,"y":1,"curve":"stepped"},{"time":1.3333,"x":1,"y":1,"curve":"stepped"},{"time":2,"x":1,"y":1,"curve":"stepped"},{"time":2.6666,"x":1,"y":1}]},"MON40061_DL_5":{"rotate":[{"time":0,"angle":0},{"time":0.2,"angle":-2.88},{"time":0.8666,"angle":1.59},{"time":1.3333,"angle":-21.41},{"time":2,"angle":-13.06},{"time":2.6666,"angle":0}],"translate":[{"time":0,"x":0,"y":0},{"time":0.6666,"x":-2.04,"y":-0.49},{"time":1.3333,"x":0,"y":0,"curve":"stepped"},{"time":2,"x":0,"y":0,"curve":"stepped"},{"time":2.6666,"x":0,"y":0}],"scale":[{"time":0,"x":1,"y":1,"curve":"stepped"},{"time":1.3333,"x":1,"y":1,"curve":"stepped"},{"time":2,"x":1,"y":1,"curve":"stepped"},{"time":2.6666,"x":1,"y":1}]},"MON40061_DL_14":{"rotate":[{"time":0,"angle":0},{"time":0.6666,"angle":-18.78},{"time":1.3333,"angle":-14.98},{"time":2,"angle":-23.35},{"time":2.6666,"angle":0}],"translate":[{"time":0,"x":0,"y":0,"curve":"stepped"},{"time":1.3333,"x":0,"y":0,"curve":"stepped"},{"time":2,"x":0,"y":0,"curve":"stepped"},{"time":2.6666,"x":0,"y":0}],"scale":[{"time":0,"x":1,"y":1,"curve":"stepped"},{"time":1.3333,"x":1,"y":1,"curve":"stepped"},{"time":2,"x":1,"y":1,"curve":"stepped"},{"time":2.6666,"x":1,"y":1}]},"MON40061_DL_13":{"rotate":[{"time":0,"angle":0},{"time":0.6666,"angle":8.73},{"time":1.3333,"angle":-2.98},{"time":2,"angle":5.78},{"time":2.6666,"angle":0}],"translate":[{"time":0,"x":0,"y":0,"curve":"stepped"},{"time":1.3333,"x":0,"y":0,"curve":"stepped"},{"time":2,"x":0,"y":0,"curve":"stepped"},{"time":2.6666,"x":0,"y":0}],"scale":[{"time":0,"x":1,"y":1,"curve":"stepped"},{"time":1.3333,"x":1,"y":1,"curve":"stepped"},{"time":2,"x":1,"y":1,"curve":"stepped"},{"time":2.6666,"x":1,"y":1}]},"MON40061_DL_12":{"rotate":[{"time":0,"angle":0},{"time":1.3333,"angle":6.98},{"time":2,"angle":0,"curve":"stepped"},{"time":2.6666,"angle":0}],"translate":[{"time":0,"x":0,"y":0,"curve":"stepped"},{"time":1.3333,"x":0,"y":0,"curve":"stepped"},{"time":2,"x":0,"y":0,"curve":"stepped"},{"time":2.6666,"x":0,"y":0}],"scale":[{"time":0,"x":1,"y":1,"curve":"stepped"},{"time":1.3333,"x":1,"y":1,"curve":"stepped"},{"time":2,"x":1,"y":1,"curve":"stepped"},{"time":2.6666,"x":1,"y":1}]},"MON40061_DL_16":{"rotate":[{"time":0,"angle":0,"curve":"stepped"},{"time":1.3333,"angle":0,"curve":"stepped"},{"time":2,"angle":0,"curve":"stepped"},{"time":2.6666,"angle":0}],"translate":[{"time":0,"x":0,"y":0,"curve":"stepped"},{"time":1.3333,"x":0,"y":0,"curve":"stepped"},{"time":2,"x":0,"y":0,"curve":"stepped"},{"time":2.6666,"x":0,"y":0}],"scale":[{"time":0,"x":1,"y":1,"curve":"stepped"},{"time":1.3333,"x":1,"y":1,"curve":"stepped"},{"time":2,"x":1,"y":1,"curve":"stepped"},{"time":2.6666,"x":1,"y":1}]},"MON40061_DL_15":{"rotate":[{"time":0,"angle":0},{"time":0.2333,"angle":-13.6},{"time":0.6666,"angle":48.33},{"time":1.3333,"angle":0},{"time":2,"angle":50.81},{"time":2.6666,"angle":0}],"translate":[{"time":0,"x":0,"y":0,"curve":"stepped"},{"time":0.6666,"x":0,"y":0,"curve":"stepped"},{"time":1.3333,"x":0,"y":0,"curve":"stepped"},{"time":2,"x":0,"y":0,"curve":"stepped"},{"time":2.6666,"x":0,"y":0}],"scale":[{"time":0,"x":1,"y":1,"curve":"stepped"},{"time":0.6666,"x":1,"y":1,"curve":"stepped"},{"time":1.3333,"x":1,"y":1,"curve":"stepped"},{"time":2,"x":1,"y":1,"curve":"stepped"},{"time":2.6666,"x":1,"y":1}]},"bone6":{"rotate":[{"time":0,"angle":0,"curve":"stepped"},{"time":0.6666,"angle":0},{"time":0.8666,"angle":22.36},{"time":1.3333,"angle":0},{"time":1.5333,"angle":-13.9},{"time":2,"angle":0},{"time":2.2,"angle":11.61},{"time":2.6666,"angle":0}],"translate":[{"time":0,"x":0,"y":0,"curve":"stepped"},{"time":0.6666,"x":0,"y":0,"curve":"stepped"},{"time":1.3333,"x":0,"y":0,"curve":"stepped"},{"time":2,"x":0,"y":0,"curve":"stepped"},{"time":2.6666,"x":0,"y":0}],"scale":[{"time":0,"x":1,"y":1,"curve":"stepped"},{"time":0.6666,"x":1,"y":1,"curve":"stepped"},{"time":1.3333,"x":1,"y":1,"curve":"stepped"},{"time":2,"x":1,"y":1,"curve":"stepped"},{"time":2.6666,"x":1,"y":1}]},"bone7":{"rotate":[{"time":0,"angle":0,"curve":"stepped"},{"time":0.6666,"angle":0},{"time":0.8666,"angle":16.61},{"time":1.3333,"angle":0},{"time":1.5333,"angle":-16.52},{"time":2,"angle":0},{"time":2.2,"angle":17.61},{"time":2.6666,"angle":0}],"translate":[{"time":0,"x":0,"y":0,"curve":"stepped"},{"time":0.6666,"x":0,"y":0,"curve":"stepped"},{"time":1.3333,"x":0,"y":0,"curve":"stepped"},{"time":2,"x":0,"y":0,"curve":"stepped"},{"time":2.6666,"x":0,"y":0}],"scale":[{"time":0,"x":1,"y":1,"curve":"stepped"},{"time":0.6666,"x":1,"y":1,"curve":"stepped"},{"time":1.3333,"x":1,"y":1,"curve":"stepped"},{"time":2,"x":1,"y":1,"curve":"stepped"},{"time":2.6666,"x":1,"y":1}]},"FX_WEAPON":{"rotate":[{"time":0,"angle":0,"curve":"stepped"},{"time":0.6666,"angle":0,"curve":"stepped"},{"time":1.3333,"angle":0,"curve":"stepped"},{"time":2,"angle":0,"curve":"stepped"},{"time":2.6666,"angle":0}],"translate":[{"time":0,"x":0,"y":0,"curve":"stepped"},{"time":0.6666,"x":0,"y":0,"curve":"stepped"},{"time":1.3333,"x":0,"y":0,"curve":"stepped"},{"time":2,"x":0,"y":0,"curve":"stepped"},{"time":2.6666,"x":0,"y":0}],"scale":[{"time":0,"x":0.3,"y":0.3,"curve":"stepped"},{"time":0.6666,"x":0.3,"y":0.3,"curve":"stepped"},{"time":1.3333,"x":0.3,"y":0.3,"curve":"stepped"},{"time":2,"x":0.3,"y":0.3,"curve":"stepped"},{"time":2.6666,"x":0.3,"y":0.3}]},"MON40060_DL_6":{"rotate":[{"time":0,"angle":0},{"time":0.2666,"angle":0.21},{"time":0.6666,"angle":9.41},{"time":0.9,"angle":16.66},{"time":1.3333,"angle":0},{"time":1.6,"angle":-11.27},{"time":2,"angle":3.48},{"time":2.2666,"angle":13.91},{"time":2.6666,"angle":0}],"translate":[{"time":0,"x":0,"y":0,"curve":"stepped"},{"time":1.3333,"x":0,"y":0,"curve":"stepped"},{"time":2,"x":0,"y":0,"curve":"stepped"},{"time":2.6666,"x":0,"y":0}],"scale":[{"time":0,"x":1,"y":1,"curve":"stepped"},{"time":1.3333,"x":1,"y":1,"curve":"stepped"},{"time":2,"x":1,"y":1,"curve":"stepped"},{"time":2.6666,"x":1,"y":1}]},"MON40061_DL_4":{"rotate":[{"time":0,"angle":0},{"time":0.3333,"angle":-33.92},{"time":0.6666,"angle":255.56},{"time":1,"angle":277.19},{"time":1.3333,"angle":255.56},{"time":1.6666,"angle":277.19},{"time":2,"angle":255.56},{"time":2.3333,"angle":277.19},{"time":2.6666,"angle":0}],"translate":[{"time":0,"x":0,"y":0},{"time":0.6666,"x":-5.61,"y":-11.16,"curve":"stepped"},{"time":1,"x":-5.61,"y":-11.16,"curve":"stepped"},{"time":1.3333,"x":-5.61,"y":-11.16,"curve":"stepped"},{"time":1.6666,"x":-5.61,"y":-11.16,"curve":"stepped"},{"time":2,"x":-5.61,"y":-11.16,"curve":"stepped"},{"time":2.3333,"x":-5.61,"y":-11.16},{"time":2.6666,"x":0,"y":0}],"scale":[{"time":0,"x":1,"y":1},{"time":0.6666,"x":1.14,"y":0.967,"curve":"stepped"},{"time":1,"x":1.14,"y":0.967,"curve":"stepped"},{"time":1.3333,"x":1.14,"y":0.967,"curve":"stepped"},{"time":1.6666,"x":1.14,"y":0.967,"curve":"stepped"},{"time":2,"x":1.14,"y":0.967,"curve":"stepped"},{"time":2.3333,"x":1.14,"y":0.967},{"time":2.6666,"x":1,"y":1}]},"MON40061_DL_3":{"rotate":[{"time":0,"angle":0},{"time":0.3333,"angle":-7.28},{"time":0.6666,"angle":12.12},{"time":1,"angle":36.55},{"time":1.3333,"angle":12.12},{"time":1.6666,"angle":36.55},{"time":2,"angle":12.12},{"time":2.3333,"angle":36.55},{"time":2.6666,"angle":0}],"translate":[{"time":0,"x":0,"y":0,"curve":"stepped"},{"time":0.6666,"x":0,"y":0,"curve":"stepped"},{"time":1,"x":0,"y":0,"curve":"stepped"},{"time":1.3333,"x":0,"y":0,"curve":"stepped"},{"time":1.6666,"x":0,"y":0,"curve":"stepped"},{"time":2,"x":0,"y":0,"curve":"stepped"},{"time":2.3333,"x":0,"y":0,"curve":"stepped"},{"time":2.6666,"x":0,"y":0}],"scale":[{"time":0,"x":1,"y":1,"curve":"stepped"},{"time":0.6666,"x":1,"y":1,"curve":"stepped"},{"time":1,"x":1,"y":1,"curve":"stepped"},{"time":1.3333,"x":1,"y":1,"curve":"stepped"},{"time":1.6666,"x":1,"y":1,"curve":"stepped"},{"time":2,"x":1,"y":1,"curve":"stepped"},{"time":2.3333,"x":1,"y":1,"curve":"stepped"},{"time":2.6666,"x":1,"y":1}]},"MON40061_DL_2":{"rotate":[{"time":0,"angle":0},{"time":0.3333,"angle":3.72},{"time":0.6666,"angle":21.45},{"time":0.8,"angle":0.74},{"time":1,"angle":2.55},{"time":1.1333,"angle":23.45},{"time":1.3333,"angle":21.45},{"time":1.4666,"angle":0.74},{"time":1.6666,"angle":2.55},{"time":1.8,"angle":23.45},{"time":2,"angle":21.45},{"time":2.1333,"angle":-2.36},{"time":2.3333,"angle":2.55},{"time":2.6666,"angle":0}],"translate":[{"time":0,"x":0,"y":0,"curve":"stepped"},{"time":0.6666,"x":0,"y":0,"curve":"stepped"},{"time":1,"x":0,"y":0,"curve":"stepped"},{"time":1.3333,"x":0,"y":0,"curve":"stepped"},{"time":1.6666,"x":0,"y":0,"curve":"stepped"},{"time":2,"x":0,"y":0,"curve":"stepped"},{"time":2.3333,"x":0,"y":0,"curve":"stepped"},{"time":2.6666,"x":0,"y":0}],"scale":[{"time":0,"x":1,"y":1,"curve":"stepped"},{"time":0.6666,"x":1,"y":1,"curve":"stepped"},{"time":1,"x":1,"y":1,"curve":"stepped"},{"time":1.3333,"x":1,"y":1,"curve":"stepped"},{"time":1.6666,"x":1,"y":1,"curve":"stepped"},{"time":2,"x":1,"y":1,"curve":"stepped"},{"time":2.3333,"x":1,"y":1,"curve":"stepped"},{"time":2.6666,"x":1,"y":1}]},"MON40061_DL_6":{"rotate":[{"time":0,"angle":0,"curve":"stepped"},{"time":1.3333,"angle":0,"curve":"stepped"},{"time":2,"angle":0,"curve":"stepped"},{"time":2.6666,"angle":0}],"translate":[{"time":0,"x":0,"y":0,"curve":"stepped"},{"time":1.3333,"x":0,"y":0,"curve":"stepped"},{"time":2,"x":0,"y":0,"curve":"stepped"},{"time":2.6666,"x":0,"y":0}],"scale":[{"time":0,"x":1,"y":1,"curve":"stepped"},{"time":1.3333,"x":1,"y":1,"curve":"stepped"},{"time":2,"x":1,"y":1,"curve":"stepped"},{"time":2.6666,"x":1,"y":1}]},"MON40061_DL_7":{"rotate":[{"time":0,"angle":0},{"time":0.2666,"angle":-2.62},{"time":0.6666,"angle":-1.18},{"time":0.9333,"angle":-3.22},{"time":1.3333,"angle":0,"curve":"stepped"},{"time":2,"angle":0,"curve":"stepped"},{"time":2.6666,"angle":0}],"translate":[{"time":0,"x":0,"y":0,"curve":"stepped"},{"time":1.3333,"x":0,"y":0,"curve":"stepped"},{"time":2,"x":0,"y":0,"curve":"stepped"},{"time":2.6666,"x":0,"y":0}],"scale":[{"time":0,"x":1,"y":1,"curve":"stepped"},{"time":1.3333,"x":1,"y":1,"curve":"stepped"},{"time":2,"x":1,"y":1,"curve":"stepped"},{"time":2.6666,"x":1,"y":1}]},"MON40061_DL_8":{"rotate":[{"time":0,"angle":0},{"time":0.2666,"angle":18.26},{"time":0.6666,"angle":18.85},{"time":0.9333,"angle":19.28},{"time":1.3333,"angle":0,"curve":"stepped"},{"time":2,"angle":0,"curve":"stepped"},{"time":2.6666,"angle":0}],"translate":[{"time":0,"x":0,"y":0,"curve":"stepped"},{"time":1.3333,"x":0,"y":0,"curve":"stepped"},{"time":2,"x":0,"y":0,"curve":"stepped"},{"time":2.6666,"x":0,"y":0}],"scale":[{"time":0,"x":1,"y":1,"curve":"stepped"},{"time":1.3333,"x":1,"y":1,"curve":"stepped"},{"time":2,"x":1,"y":1,"curve":"stepped"},{"time":2.6666,"x":1,"y":1}]},"MON40061_DL_11":{"rotate":[{"time":0,"angle":0,"curve":"stepped"},{"time":1.3333,"angle":0,"curve":"stepped"},{"time":2,"angle":0,"curve":"stepped"},{"time":2.6666,"angle":0}],"translate":[{"time":0,"x":0,"y":0,"curve":"stepped"},{"time":1.3333,"x":0,"y":0,"curve":"stepped"},{"time":2,"x":0,"y":0,"curve":"stepped"},{"time":2.6666,"x":0,"y":0}],"scale":[{"time":0,"x":1,"y":1,"curve":"stepped"},{"time":1.3333,"x":1,"y":1,"curve":"stepped"},{"time":2,"x":1,"y":1,"curve":"stepped"},{"time":2.6666,"x":1,"y":1}]},"MON40061_DL_17":{"rotate":[{"time":0,"angle":0,"curve":"stepped"},{"time":1.3333,"angle":0,"curve":"stepped"},{"time":2,"angle":0,"curve":"stepped"},{"time":2.6666,"angle":0}],"translate":[{"time":0,"x":0,"y":0,"curve":"stepped"},{"time":1.3333,"x":0,"y":0,"curve":"stepped"},{"time":2,"x":0,"y":0,"curve":"stepped"},{"time":2.6666,"x":0,"y":0}],"scale":[{"time":0,"x":1,"y":1},{"time":0.6666,"x":1,"y":1.097},{"time":1.3333,"x":1,"y":1,"curve":"stepped"},{"time":2,"x":1,"y":1,"curve":"stepped"},{"time":2.6666,"x":1,"y":1}]},"MON40061_DL_18":{"rotate":[{"time":0,"angle":0},{"time":1.3333,"angle":-14.78},{"time":1.4666,"angle":4.49},{"time":1.6666,"angle":-14.78},{"time":1.8,"angle":4.49},{"time":2,"angle":-14.78},{"time":2.1333,"angle":4.49},{"time":2.3333,"angle":-14.78},{"time":2.4666,"angle":4.49},{"time":2.6666,"angle":0}],"translate":[{"time":0,"x":0,"y":0},{"time":1.3333,"x":-5.96,"y":4.47},{"time":1.4666,"x":-8.95,"y":-2.23},{"time":1.6666,"x":-5.96,"y":4.47},{"time":1.8,"x":-8.95,"y":-2.23},{"time":2,"x":-5.96,"y":4.47},{"time":2.1333,"x":-8.95,"y":-2.23},{"time":2.3333,"x":-5.96,"y":4.47},{"time":2.4666,"x":-8.95,"y":-2.23},{"time":2.6666,"x":0,"y":0}],"scale":[{"time":0,"x":1,"y":1},{"time":0.6666,"x":1,"y":1.076},{"time":1.3333,"x":1,"y":1,"curve":"stepped"},{"time":1.4666,"x":1,"y":1,"curve":"stepped"},{"time":1.6666,"x":1,"y":1,"curve":"stepped"},{"time":1.8,"x":1,"y":1,"curve":"stepped"},{"time":2,"x":1,"y":1,"curve":"stepped"},{"time":2.1333,"x":1,"y":1,"curve":"stepped"},{"time":2.3333,"x":1,"y":1,"curve":"stepped"},{"time":2.4666,"x":1,"y":1,"curve":"stepped"},{"time":2.6666,"x":1,"y":1}]},"bone3":{"rotate":[{"time":0,"angle":0},{"time":0.2666,"angle":-13.79},{"time":0.6666,"angle":15.8},{"time":0.9333,"angle":14.69},{"time":1.3333,"angle":0,"curve":"stepped"},{"time":2,"angle":0,"curve":"stepped"},{"time":2.6666,"angle":0}],"translate":[{"time":0,"x":0,"y":0,"curve":"stepped"},{"time":1.3333,"x":0,"y":0,"curve":"stepped"},{"time":2,"x":0,"y":0,"curve":"stepped"},{"time":2.6666,"x":0,"y":0}],"scale":[{"time":0,"x":1,"y":1,"curve":"stepped"},{"time":1.3333,"x":1,"y":1,"curve":"stepped"},{"time":2,"x":1,"y":1,"curve":"stepped"},{"time":2.6666,"x":1,"y":1}]},"bone4":{"rotate":[{"time":0,"angle":0},{"time":0.6666,"angle":13.41},{"time":0.9333,"angle":13.28},{"time":1.3333,"angle":0,"curve":"stepped"},{"time":2,"angle":0,"curve":"stepped"},{"time":2.6666,"angle":0}],"translate":[{"time":0,"x":0,"y":0,"curve":"stepped"},{"time":1.3333,"x":0,"y":0,"curve":"stepped"},{"time":2,"x":0,"y":0,"curve":"stepped"},{"time":2.6666,"x":0,"y":0}],"scale":[{"time":0,"x":1,"y":1,"curve":"stepped"},{"time":1.3333,"x":1,"y":1,"curve":"stepped"},{"time":2,"x":1,"y":1,"curve":"stepped"},{"time":2.6666,"x":1,"y":1}]},"bone5":{"rotate":[{"time":0,"angle":0},{"time":0.2666,"angle":-24.89},{"time":0.9333,"angle":-0.22},{"time":1.3333,"angle":0,"curve":"stepped"},{"time":2,"angle":0,"curve":"stepped"},{"time":2.6666,"angle":0}],"translate":[{"time":0,"x":0,"y":0,"curve":"stepped"},{"time":1.3333,"x":0,"y":0,"curve":"stepped"},{"time":2,"x":0,"y":0,"curve":"stepped"},{"time":2.6666,"x":0,"y":0}],"scale":[{"time":0,"x":1,"y":1,"curve":"stepped"},{"time":1.3333,"x":1,"y":1,"curve":"stepped"},{"time":2,"x":1,"y":1,"curve":"stepped"},{"time":2.6666,"x":1,"y":1}]},"shadow":{"rotate":[{"time":0,"angle":0,"curve":"stepped"},{"time":0.6666,"angle":0,"curve":"stepped"},{"time":1.3333,"angle":0,"curve":"stepped"},{"time":2,"angle":0,"curve":"stepped"},{"time":2.6666,"angle":0}],"translate":[{"time":0,"x":0,"y":0,"curve":"stepped"},{"time":0.6666,"x":0,"y":0,"curve":"stepped"},{"time":1.3333,"x":0,"y":0,"curve":"stepped"},{"time":2,"x":0,"y":0,"curve":"stepped"},{"time":2.6666,"x":0,"y":0}],"scale":[{"time":0,"x":1,"y":1},{"time":0.6666,"x":1.079,"y":1.116},{"time":1.3333,"x":1,"y":1},{"time":2,"x":1.079,"y":1.116},{"time":2.6666,"x":1,"y":1}]},"fx_yun":{"translate":[{"time":0,"x":0,"y":0,"curve":"stepped"},{"time":0.6333,"x":0,"y":0},{"time":0.9666,"x":0,"y":26.85},{"time":1.3,"x":-3.52,"y":29.63},{"time":1.6333,"x":0,"y":26.85,"curve":"stepped"},{"time":2.6666,"x":0,"y":26.85}],"scale":[{"time":0,"x":0,"y":0,"curve":"stepped"},{"time":0.6333,"x":0,"y":0},{"time":0.8,"x":1,"y":1},{"time":0.8666,"x":0.8,"y":0.8},{"time":0.9666,"x":1,"y":1,"curve":"stepped"},{"time":1.6333,"x":1,"y":1,"curve":[0,0.75,0.75,1]},{"time":2,"x":2,"y":2,"curve":"stepped"},{"time":2.6666,"x":2,"y":2}]},"fx_yun2":{"translate":[{"time":0,"x":0,"y":0,"curve":"stepped"},{"time":0.5,"x":0,"y":0},{"time":0.8333,"x":0,"y":26.85},{"time":1.2,"x":5.69,"y":24.78},{"time":1.5666,"x":0,"y":26.85,"curve":"stepped"},{"time":2.6666,"x":0,"y":26.85}],"scale":[{"time":0,"x":0,"y":0,"curve":"stepped"},{"time":0.5,"x":0,"y":0},{"time":0.6666,"x":1,"y":1},{"time":0.7333,"x":0.8,"y":0.8},{"time":0.8333,"x":1,"y":1,"curve":"stepped"},{"time":1.5666,"x":1,"y":1,"curve":[0,0.75,0.75,1]},{"time":1.8666,"x":2,"y":2,"curve":"stepped"},{"time":2.6666,"x":2,"y":2}]},"fx_yun3":{"translate":[{"time":0,"x":0,"y":0,"curve":"stepped"},{"time":0.3666,"x":0,"y":0},{"time":0.7,"x":0,"y":26.85},{"time":1.1,"x":-3.62,"y":25.63},{"time":1.5,"x":0,"y":26.85,"curve":"stepped"},{"time":2.6666,"x":0,"y":26.85}],"scale":[{"time":0,"x":0,"y":0,"curve":"stepped"},{"time":0.3666,"x":0,"y":0},{"time":0.5333,"x":1,"y":1},{"time":0.6,"x":0.8,"y":0.8},{"time":0.7,"x":1,"y":1,"curve":"stepped"},{"time":1.5,"x":1,"y":1,"curve":[0,0.75,0.75,1]},{"time":1.8,"x":2,"y":2,"curve":"stepped"},{"time":2.6666,"x":2,"y":2}]},"fx_koushiu":{"translate":[{"time":1,"x":1.46,"y":0.74}],"scale":[{"time":1,"x":0.496,"y":0.702,"curve":[0.126,0.73,0.75,1]},{"time":1.6666,"x":1.126,"y":0.835},{"time":1.9,"x":1.358,"y":0.754},{"time":2.1,"x":1.126,"y":0.835},{"time":2.1666,"x":0.244,"y":0.345}]}},"ffd":{"default":{"MON40061_DL_6":{"MON40061_DL_6":[{"time":0},{"time":0.2666,"offset":4,"vertices":[-1.80829,0.93391,0,0,-0.37103,-0.21606,-1.63916,-1.45137,0,0,-3.2317,-3.1943,-4.13162,-1.55212,-1.98083,-1.08662,-1.96121,-1.12183,-1.95193,-1.1379,-2.49801,0.57462,-2.50268,0.55405,-1.7525,0.36646,-1.33207,6.82409,-1.52061,-1.96355,-1.48532,-1.99041,0.67871,-0.66315,0.69046,-0.65099,0.54329,-0.77793,0.53658,-2.2666,0,0,0,0,0,0,0,0,0,0,0,0,0,0,0,0,0,0,0.46131,-1.62457,0.92004,-1.41639,0.7316,0.64194,0.72006,0.65487,-1.38608,-0.24347,-2.2819,-2.86194,-1.6241,-3.28057,0,0,0,0,0,0,0,0,-0.92692,0.39184,0.98255,-0.88734,0,0,0,0,0,0,-0.14366,0.48528,0.60406,-3.28544,1.54638,-2.9614,0.96765,-3.19741,-0.86,-0.65614,-0.78118,-0.74831,-0.52584,-0.94545,-0.50879,-0.9548,-0.69263,-0.83095]},{"time":0.6666,"offset":2,"vertices":[-1.65302,0.46882,-2.12505,0.46788,1.24457,1.38952,-6.85995,-0.0917,-1.08821,-1.52747,0.02992,-2.57323,-2.06169,0.84147,-0.42071,-3.12784,-3.51526,-7.00861,-4.34544,-6.52639,-1.29659,-7.73306,3.98815,-3.12513,4.9177,-1.22101,1.42432,-10.65686,-3.96722,-13.94903,-10.83605,-16.92543,-12.82338,-15.47412,-5.33684,-7.15418,-6.17118,-6.44826,-2.61623,-8.53381,-13.007,-17.12437,-1.86029,-1.45276,0,0,0,0,-0.70896,0.47067,0,0,0,0,-0.47246,0.23509,0,0,0.71749,1.4335,3.22786,1.82589,3.54494,1.08851,1.80484,-2.92301,1.43405,-3.12167,-0.70378,3.37514,0.51574,0.80518,0.55118,0.78135,1.86598,-1.89357,2.84448,-1.00962,2.74199,1.25844,1.01278,1.22007,1.46942,1.53013,1.36727,-0.95414,2.00762,-0.60117,-0.71261,2.35882,1.39754,-0.69535,-0.70203,3.84025,2.4802,0.73087,2.57931,0.18007,2.3682,1.03813,-0.8312,-7.02837,-0.21571,-7.07431,-1.73292,-6.86223,-2.5586,-6.59896,0.67903,-7.0453,1.88185,2.58218,2.39331,2.11674,2.63411,1.80838,1.09396,-0.34993]},{"time":0.9333,"offset":6,"vertices":[0.02521,1.85005,1.44373,2.34365,0,0,0,0,0,0,0,0,-0.81237,-6.52669,-1.58931,-6.38213,-0.39052,-6.56566,0.95304,-1.34438,1.18366,-1.14658,-0.13213,-8.91833,-2.08356,-6.64312,-5.05714,-11.87498,-6.44488,-11.18271,-0.99261,-5.1345,-1.60126,-4.97839,0.4718,-5.20841,-7.02992,-16.88864,0,0,0,0,0,0,0,0,0,0,0,0,0,0,0,0,-2.07721,-0.32944,1.05721,0.89433,1.21226,0.66927,1.47895,-1.19746,1.32465,-1.36618,0.79051,0.94179,0.7528,1.13009,0.97833,0.94163,-0.5688,-0.46075,-2.77135,-0.47501,-1.47155,0.47468,0,0,-2.21284,0.78739,2.69487,0.74444,0.76124,-0.77478,1.73653,0.94489,1.72809,-0.01519,0.98453,3.27732,1.87696,0.91468,2.02005,0.52824,1.79412,1.0683,-0.43096,-1.7059,-0.21859,-1.74599,-0.55715,-1.66902,-0.75336,-1.59012,-0.07195,-1.75815,-0.05157,1.1156,0.16854,1.10403,0.29975,1.07587]},{"time":1.3333,"offset":2,"vertices":[-1.65302,0.46882,-2.12505,0.46788,-7.5E-4,-3.03593,-5.82599,7.02285,0.42404,2.72538,-2.81821,10.26199,-2.59856,6.77302,-6.86006,9.02959,-2.08358,8.58749,-3.02551,8.30323,-3.72619,8.01382,-1.44635,3.97229,-2.25521,4.0686,-1.45819,5.50218,-0.1583,14.91433,-1.70579,7.50702,-2.52993,7.27137,0,0,0,0,0,0,0,0,0,0,0,0,0,0,-0.70896,0.47067,0,0,0,0,-0.47246,0.23509,0,0,1.94705,0.64161,3.187,2.81732,3.28078,2.73966,2.79105,5.91449,1.99243,6.09405,-0.51163,0.12949,-1.29037,3.3903,-0.51662,3.59061,1.86598,-1.89357,2.84448,-1.00962,2.74199,1.25844,1.01278,1.22007,1.75449,-0.45128,0.47434,-1.1792,2.00762,-0.60117,-0.71261,2.35882,1.39754,-0.69535,-1.63408,1.33642,1.5463,0.30808,1.52568,0.39791,1.23301,0.98299,3.73867,2.5148,3.56346,2.75782,3.39619,2.96125,3.04609,3.32086,1.90215,4.08524,2.39469,0.00273,2.59032,-0.24748,2.72279,-0.31038,0.47436,-1.17919]},{"time":1.6,"offset":6,"vertices":[0.02521,1.85005,1.44373,2.34365,-1.15433,-2.75646,0,0,-1.07458,-2.95782,0,0,-0.93321,-1.53694,-0.75656,-1.6312,-0.61404,-1.69017,-0.66321,-2.07092,-0.48333,-2.12032,0,0,-0.61928,4.64804,-2.55252,-1.6055,-2.35829,-1.87936,0,0,0,0,0,0,0,0,0,0,0,0,0,0,0,0,0,0,0,0,0,0,0,0,-2.07721,-0.32944,0.11505,-0.31241,0.34218,-0.59047,0.21686,-0.65667,0.61882,-0.92495,0.79051,0.94179,0.85747,-0.87766,0.64094,-1.04032,-0.5688,-0.46075,-2.77135,-0.47501,-1.47155,0.47468,0,0,-2.21284,0.78739,2.69487,0.74444,0.76124,-0.77478,1.73653,0.94489,1.72809,-0.01519,0.56536,0.37787,0.91016,0.49088,0.98883,0.30255,0.86598,0.5652,-0.76178,-0.06511,-0.84103,-0.13382,-0.44193,-0.11632,-0.06866,-0.15174,-0.16124,-0.20536,-0.56295,-0.09202,-0.11445,-0.10834,0.29685,-0.15854]},{"time":2,"offset":2,"vertices":[-1.65302,0.46882,-2.12505,0.46788,2.12193,1.18423,0.46977,1.18103,0.47068,0.70897,0.25573,2.6791,-2.06169,0.84147,0.11205,0.73797,0,0,0,0,0,0,-0.11534,0.52972,-0.63405,0.75276,0,0,-1.29554,-3.12392,-2.63739,-4.60824,-2.10882,-4.87307,0,0,0,0,0,0,0,0,0,0,0,0,0,0,-0.70896,0.47067,0,0,0,0,-0.47246,0.23509,0,0,0.71749,1.4335,2.55352,2.83916,2.6471,2.7249,1.10591,0.31082,0.94066,0.33735,-0.77915,0.82396,0,0,0,0,1.86598,-1.89357,2.84448,-1.00962,2.74199,1.25844,1.01278,1.22007,1.55446,-0.38233,0.47434,-1.1792,2.00762,-0.60117,-0.71261,2.35882,1.39754,-0.69535,-0.48044,2.82908,0.39278,0.85539,0.3421,0.87691,-0.04324,0.9404,0,0,0,0,0,0,0,0,0,0,1.35893,0.83846,1.50748,0.5264,1.56054,0.33821,0.47436,-1.17919]},{"time":2.2666,"offset":6,"vertices":[-0.23136,1.80208,-0.23964,2.8255,0,0,0,0,0,0,0,0,0,0,0,0,0,0,-0.97816,4.06849,-1.32337,3.97003,0,0,0,0,0,0,0,0,0,0,0,0,0,0,0,0,0,0,0,0,0,0,0,0,0,0,0,0,0,0,0,0,0.57769,0.18694,1.60122,1.45174,1.72276,1.2575,0.88441,2.65866,0.91363,2.44414,0.23564,0.79173,0.62163,2.06225,1.0543,1.8799,0,0,0,0,0,0,0,0,0.76803,-0.00674,2.584,-0.06069,0.76124,-0.77478,1.17543,1.10552,1.84078,0.80258,0.78243,0.87355,1.41581,0.62077,1.48603,0.46176,1.25582,0.91256,-0.17851,1.5378,-0.36569,1.50437,-0.06311,1.54688,0.12287,1.54331,-0.49011,1.46862,1.34245,1.19112,1.52649,1.03341,1.60373,0.9562]},{"time":2.6666}]},"MON40061_DL_9":{"MON40061_DL_9":[{"time":0},{"time":0.3333,"offset":26,"vertices":[1.35945,-0.72967,1.50774,-0.32823,3.01544,-0.65644,4.09755,0.68716,0,0,0,0,0,0,0,0,3.9273,1.35587,3.7693,-0.82056,2.34404,-2.4839,1.72427,-0.04993,1.67184,0.42564,3.11365,0.25498,2.77879,0.60979,2.50468,1.34975,3.75342,-1.48928,4.01855,-0.40105,2.28411,-4.55303,1.42261,0.00615,2.93034,-0.32207,1.69431,-1.0845,1.92723,-0.57746,1.72427,-0.04993,2.05914,-0.40477,2.09134,0.17641]},{"time":1,"offset":24,"vertices":[-0.77552,-0.97394,-2.0128,-0.68901,-1.7463,-1.2155,-2.16749,-1.57971,0,0,0,0,0,0,0,0,0,0,-0.54409,0.11843,-0.90388,-0.4871,-1.80416,-2.7089,-1.86556,0.45618,-1.9193,-0.0738,-0.75389,-0.22727,-1.67432,1.77422,-2.09747,1.2462,-1.05455,-0.65975,-0.83284,-0.92413,-2.78619,-3.66186,-1.20218,-1.33394,-2.29482,-0.07031,-3.42857,0.78958,-3.51393,-0.18255,-3.78882,-1.07876,-1.37942,0.03995,-1.33747,-0.34051]},{"time":1.3333,"offset":14,"vertices":[0.96302,0.44893,-1.56548,1.84927,-4.04401,-0.12675,-1.44684,9.64182,-4.65807,5.21405,-2.22147,-1.27004,0,0,0,0,0,0,0,0,0,0,0,0,0,0,0,0,0,0,0,0,0,0,0,0,0,0,-4.00563,-0.46054,0,0,0,0,0,0,0,0,0,0,0,0,0,0,0,0,0,0,-4.67321,-0.5373]},{"time":1.6666,"offset":18,"vertices":[-1.39765,0.55179,-1.6623,3.56419,0,0,-1.35698,3.92831,1.35945,-0.72967,1.50774,-0.32823,3.01544,-0.65644,4.09755,0.68716,0,0,0,0,0,0,0,0,3.9273,1.35587,3.7693,-0.82056,2.34404,-2.4839,1.72427,-0.04993,1.67184,0.42564,1.46951,-0.22674,2.77879,0.60979,2.50468,1.34975,3.75342,-1.48928,4.01855,-0.40105,2.28411,-4.55303,1.42261,0.00615,2.93034,-0.32207,1.69431,-1.0845,1.92723,-0.57746,-0.64809,0.07893,2.05914,-0.40477,2.09134,0.17641]},{"time":2.3333,"offset":14,"vertices":[0.2033,4.71159,-0.72854,1.99626,0.66226,0.35479,0,0,0,0,-0.77552,-0.97394,-2.0128,-0.68901,-1.7463,-1.2155,-2.16749,-1.57971,0,0,0,0,0,0,0,0,0,0,-0.54409,0.11843,-0.90388,-0.4871,-1.80416,-2.7089,-1.86556,0.45618,-1.9193,-0.0738,-0.75389,-0.22727,-1.67432,1.77422,-2.09747,1.2462,-1.05455,-0.65975,-0.83284,-0.92413,-2.78619,-3.66186,-1.20218,-1.33394,-2.29482,-0.07031,-3.42857,0.78958,-3.51393,-0.18255,-3.78882,-1.07876,-1.37942,0.03995,-1.33747,-0.34051]},{"time":2.6666}]}}}}}}